account_id,last_metric_time,churn_prob,retention_prob
0,2020-05-10,0.010201432897629648,0.9897985671023704
1,2020-05-10,0.01832450281247433,0.9816754971875257
2,2020-05-10,0.012350694954507246,0.9876493050454928
4,2020-05-10,0.005142277899717218,0.9948577221002828
6,2020-05-10,0.033391272350096535,0.9666087276499035
7,2020-05-10,0.025891555158169544,0.9741084448418305
9,2020-05-10,0.03031615266520682,0.9696838473347932
10,2020-05-10,0.014017011079539898,0.9859829889204601
12,2020-05-10,0.027962376144133327,0.9720376238558667
13,2020-05-10,0.016074820719516714,0.9839251792804833
14,2020-05-10,0.029531186379592955,0.970468813620407
15,2020-05-10,0.013606370738259654,0.9863936292617403
16,2020-05-10,0.03677393544442309,0.9632260645555769
17,2020-05-10,0.03351761765350081,0.9664823823464992
18,2020-05-10,0.0068816865750120915,0.9931183134249879
19,2020-05-10,0.009565444324408645,0.9904345556755914
20,2020-05-10,0.05167706419035034,0.9483229358096497
21,2020-05-10,0.022135328557681078,0.9778646714423189
22,2020-05-10,0.007186594338890684,0.9928134056611093
23,2020-05-10,0.09196255461015601,0.908037445389844
25,2020-05-10,0.06727666077800365,0.9327233392219964
26,2020-05-10,0.019560904091979858,0.9804390959080201
27,2020-05-10,0.06939092237044597,0.930609077629554
28,2020-05-10,0.023517500677607828,0.9764824993223922
29,2020-05-10,0.04025990009272562,0.9597400999072744
30,2020-05-10,0.01906336918562357,0.9809366308143764
31,2020-05-10,0.016333820333541804,0.9836661796664582
32,2020-05-10,0.05138810174360797,0.948611898256392
33,2020-05-10,0.005625926193585151,0.9943740738064148
34,2020-05-10,0.024573961936948274,0.9754260380630517
35,2020-05-10,0.0075333354634947725,0.9924666645365052
37,2020-05-10,0.006000109412487631,0.9939998905875124
38,2020-05-10,0.01430640890324053,0.9856935910967595
39,2020-05-10,0.004866792604083181,0.9951332073959168
40,2020-05-10,0.004435499201949855,0.9955645007980501
41,2020-05-10,0.00664794596917373,0.9933520540308263
42,2020-05-10,0.02020037176034095,0.979799628239659
43,2020-05-10,0.013655464451090227,0.9863445355489098
45,2020-05-10,0.0032416434969740893,0.9967583565030259
46,2020-05-10,0.012285422991108463,0.9877145770088915
47,2020-05-10,0.0067846135355743575,0.9932153864644256
48,2020-05-10,0.028034596167088477,0.9719654038329115
49,2020-05-10,0.03432862013390903,0.965671379866091
51,2020-05-10,0.00746547981400747,0.9925345201859925
52,2020-05-10,0.03506435742299285,0.9649356425770071
54,2020-05-10,0.020377133165591088,0.9796228668344089
55,2020-05-10,0.015022384817609424,0.9849776151823906
56,2020-05-10,0.006181840765128621,0.9938181592348714
57,2020-05-10,0.044281252442767594,0.9557187475572324
59,2020-05-10,0.041286120007620886,0.9587138799923791
60,2020-05-10,0.0033659654176244613,0.9966340345823755
61,2020-05-10,0.017351674201511402,0.9826483257984886
62,2020-05-10,0.08037557922832295,0.919624420771677
63,2020-05-10,0.027553259369505145,0.9724467406304949
64,2020-05-10,0.02588827240133973,0.9741117275986603
65,2020-05-10,0.0238494941652041,0.9761505058347959
66,2020-05-10,0.01774636717753253,0.9822536328224675
67,2020-05-10,0.005937763148546216,0.9940622368514538
68,2020-05-10,0.011323637434380363,0.9886763625656196
70,2020-05-10,0.04049517445469619,0.9595048255453038
71,2020-05-10,0.024299329798103453,0.9757006702018965
72,2020-05-10,0.0034658217499494715,0.9965341782500505
73,2020-05-10,0.011528323777754923,0.9884716762222451
74,2020-05-10,0.022090336120432097,0.9779096638795679
75,2020-05-10,0.013477159090450441,0.9865228409095496
77,2020-05-10,0.00509961057535524,0.9949003894246448
78,2020-05-10,0.025699466460633258,0.9743005335393667
79,2020-05-10,0.015421995390664245,0.9845780046093358
80,2020-05-10,0.015461470259670484,0.9845385297403295
81,2020-05-10,0.0074062547358870745,0.9925937452641129
82,2020-05-10,0.00820548770131413,0.9917945122986859
83,2020-05-10,0.03751556413641277,0.9624844358635872
84,2020-05-10,0.019449207682603498,0.9805507923173965
85,2020-05-10,0.029854484561161243,0.9701455154388388
86,2020-05-10,0.046464839846655503,0.9535351601533445
87,2020-05-10,0.02640781262630265,0.9735921873736973
88,2020-05-10,0.022884108255340818,0.9771158917446592
89,2020-05-10,0.029607417378711864,0.9703925826212881
90,2020-05-10,0.00943699505070883,0.9905630049492912
91,2020-05-10,0.014401682391437465,0.9855983176085625
92,2020-05-10,0.019398895456942733,0.9806011045430573
93,2020-05-10,0.001825621709144798,0.9981743782908552
94,2020-05-10,0.017878712361118265,0.9821212876388817
95,2020-05-10,0.013625885699160789,0.9863741143008392
96,2020-05-10,0.04892617463015636,0.9510738253698436
97,2020-05-10,0.004829068874845688,0.9951709311251543
98,2020-05-10,0.041757756668852175,0.9582422433311478
99,2020-05-10,0.002197425568212563,0.9978025744317874
100,2020-05-10,0.04639943539911706,0.9536005646008829
101,2020-05-10,0.016514263145999353,0.9834857368540006
102,2020-05-10,0.004908383116492443,0.9950916168835076
103,2020-05-10,0.009876629910232526,0.9901233700897675
104,2020-05-10,0.037282169048456826,0.9627178309515432
105,2020-05-10,0.014563506353500011,0.9854364936465
106,2020-05-10,0.030374517980401028,0.969625482019599
107,2020-05-10,0.024743596553684077,0.9752564034463159
108,2020-05-10,0.000668337128090335,0.9993316628719097
109,2020-05-10,0.020309152165923106,0.9796908478340769
111,2020-05-10,0.0335606458280554,0.9664393541719446
112,2020-05-10,0.004050882407408363,0.9959491175925916
113,2020-05-10,0.003458456520288644,0.9965415434797114
114,2020-05-10,0.015230682753860747,0.9847693172461393
115,2020-05-10,0.010276604221192809,0.9897233957788072
116,2020-05-10,0.06107226519218234,0.9389277348078177
117,2020-05-10,0.029213337287879004,0.970786662712121
118,2020-05-10,0.0030210148325398034,0.9969789851674602
119,2020-05-10,0.007768009074826998,0.992231990925173
120,2020-05-10,0.007754615951378385,0.9922453840486216
121,2020-05-10,0.003598290443721508,0.9964017095562785
122,2020-05-10,0.02743676369006609,0.9725632363099339
123,2020-05-10,0.041951300758654275,0.9580486992413457
124,2020-05-10,0.01942318090561035,0.9805768190943897
126,2020-05-10,0.04509160633775244,0.9549083936622476
127,2020-05-10,0.01680917000232085,0.9831908299976791
128,2020-05-10,0.005054587622957407,0.9949454123770426
129,2020-05-10,0.01123759867298224,0.9887624013270178
130,2020-05-10,0.007082712572273886,0.9929172874277261
131,2020-05-10,0.009447010186895755,0.9905529898131042
132,2020-05-10,0.033077345499364696,0.9669226545006353
133,2020-05-10,0.02613764674442587,0.9738623532555741
135,2020-05-10,0.013187557879288048,0.986812442120712
136,2020-05-10,0.014315750371322822,0.9856842496286772
137,2020-05-10,0.021204794304746644,0.9787952056952534
138,2020-05-10,0.018307457044066666,0.9816925429559333
139,2020-05-10,0.013593945013958608,0.9864060549860414
140,2020-05-10,0.006233375140107578,0.9937666248598924
141,2020-05-10,0.0024028428535728397,0.9975971571464272
143,2020-05-10,0.00682699489301708,0.9931730051069829
144,2020-05-10,0.052472178757002386,0.9475278212429976
145,2020-05-10,0.018186708950249098,0.9818132910497509
146,2020-05-10,0.05455253724620923,0.9454474627537908
147,2020-05-10,0.006409292025805424,0.9935907079741946
148,2020-05-10,0.008981057225392552,0.9910189427746074
149,2020-05-10,0.015403711104615359,0.9845962888953846
150,2020-05-10,0.09080134417912111,0.9091986558208789
151,2020-05-10,0.013920320956478438,0.9860796790435216
152,2020-05-10,0.004653777495347122,0.9953462225046529
153,2020-05-10,0.04282230783190788,0.9571776921680921
155,2020-05-10,0.006816095020154789,0.9931839049798452
156,2020-05-10,0.023932456998767226,0.9760675430012328
157,2020-05-10,0.008197346545525286,0.9918026534544747
158,2020-05-10,0.03961751435382099,0.960382485646179
159,2020-05-10,0.035452154149058446,0.9645478458509416
160,2020-05-10,0.011641718342082163,0.9883582816579178
161,2020-05-10,0.009653997456626873,0.9903460025433731
162,2020-05-10,0.021357011718024954,0.978642988281975
163,2020-05-10,0.012428496154472501,0.9875715038455275
164,2020-05-10,0.005379303503617039,0.994620696496383
165,2020-05-10,0.0031345430339609903,0.996865456966039
166,2020-05-10,0.008889195217207546,0.9911108047827925
167,2020-05-10,0.006469232997290519,0.9935307670027095
169,2020-05-10,0.00862793223852698,0.991372067761473
170,2020-05-10,0.020656677992370365,0.9793433220076296
171,2020-05-10,0.009297868241175289,0.9907021317588247
172,2020-05-10,0.010245124709706288,0.9897548752902937
174,2020-05-10,0.009391078651187046,0.990608921348813
175,2020-05-10,0.004672977659204269,0.9953270223407957
176,2020-05-10,0.001794931631233898,0.9982050683687661
177,2020-05-10,0.007519221241402807,0.9924807787585972
178,2020-05-10,0.01791644960703942,0.9820835503929606
179,2020-05-10,0.022857365180224187,0.9771426348197758
181,2020-05-10,0.03248052835010817,0.9675194716498918
182,2020-05-10,0.02230670004183488,0.9776932999581651
183,2020-05-10,0.05186897541224089,0.9481310245877591
184,2020-05-10,0.011714962121870176,0.9882850378781298
186,2020-05-10,0.0025230960493823895,0.9974769039506176
187,2020-05-10,0.043020785368130476,0.9569792146318695
188,2020-05-10,0.00805333737960312,0.9919466626203969
190,2020-05-10,0.004358055755575796,0.9956419442444242
191,2020-05-10,0.004365145923974745,0.9956348540760253
192,2020-05-10,0.017338498895954735,0.9826615011040453
193,2020-05-10,0.0032667244993863642,0.9967332755006136
194,2020-05-10,0.02477748714032535,0.9752225128596747
195,2020-05-10,0.021854566138942655,0.9781454338610573
196,2020-05-10,0.017763571325360217,0.9822364286746398
197,2020-05-10,0.012573398783587209,0.9874266012164128
199,2020-05-10,0.03505300739288564,0.9649469926071144
200,2020-05-10,0.019526265073432914,0.9804737349265671
201,2020-05-10,0.02412460691650198,0.975875393083498
202,2020-05-10,0.051502930193599306,0.9484970698064007
203,2020-05-10,0.011962587504738331,0.9880374124952617
204,2020-05-10,0.015591951313387864,0.9844080486866121
205,2020-05-10,0.02263153851165045,0.9773684614883495
206,2020-05-10,0.03193555255345182,0.9680644474465482
207,2020-05-10,0.005895204485543815,0.9941047955144562
208,2020-05-10,0.03303042689559221,0.9669695731044078
209,2020-05-10,0.012464488216351377,0.9875355117836486
211,2020-05-10,0.006805806810872839,0.9931941931891272
212,2020-05-10,0.015425382887795491,0.9845746171122045
213,2020-05-10,0.015373896721948666,0.9846261032780513
214,2020-05-10,0.005226184036792203,0.9947738159632078
215,2020-05-10,0.013032578506891546,0.9869674214931085
216,2020-05-10,0.019327810124540767,0.9806721898754592
217,2020-05-10,0.07046382018763409,0.9295361798123659
218,2020-05-10,0.0014252417152572638,0.9985747582847427
220,2020-05-10,0.013151796235515212,0.9868482037644848
221,2020-05-10,0.08712370013376047,0.9128762998662395
222,2020-05-10,0.013044222857479193,0.9869557771425208
223,2020-05-10,0.060256422739171644,0.9397435772608284
224,2020-05-10,0.058999319657742966,0.941000680342257
225,2020-05-10,0.007757195778159365,0.9922428042218406
226,2020-05-10,0.006781020634775037,0.993218979365225
227,2020-05-10,0.01684342455582588,0.9831565754441741
228,2020-05-10,0.008147108760831245,0.9918528912391688
229,2020-05-10,0.026095314560512506,0.9739046854394875
230,2020-05-10,0.02037840291786841,0.9796215970821316
231,2020-05-10,0.0025959277157989735,0.997404072284201
232,2020-05-10,0.14379365010897116,0.8562063498910288
235,2020-05-10,0.01903527423073692,0.9809647257692631
236,2020-05-10,0.011946829947010684,0.9880531700529893
237,2020-05-10,0.010779663528066918,0.9892203364719331
241,2020-05-10,0.0009935785870275327,0.9990064214129725
242,2020-05-10,0.012164526469958803,0.9878354735300412
243,2020-05-10,0.021334714567019075,0.9786652854329809
244,2020-05-10,0.0172270525841256,0.9827729474158744
245,2020-05-10,0.02467804414057151,0.9753219558594285
246,2020-05-10,0.02750581516184214,0.9724941848381579
247,2020-05-10,0.005120342568885938,0.9948796574311141
248,2020-05-10,0.024908163591035315,0.9750918364089647
249,2020-05-10,0.011343407283353257,0.9886565927166467
250,2020-05-10,0.020396038668742178,0.9796039613312578
252,2020-05-10,0.0091089849285233,0.9908910150714767
253,2020-05-10,0.05424868182066844,0.9457513181793316
254,2020-05-10,0.18608884489574595,0.813911155104254
255,2020-05-10,0.0075493908273005506,0.9924506091726994
257,2020-05-10,0.03839457582734729,0.9616054241726527
258,2020-05-10,0.010201710830975319,0.9897982891690247
259,2020-05-10,0.006834853574036126,0.9931651464259639
260,2020-05-10,0.009792874179715638,0.9902071258202844
261,2020-05-10,0.024505814050857944,0.9754941859491421
262,2020-05-10,0.004528087396269309,0.9954719126037307
263,2020-05-10,0.020485984653339062,0.9795140153466609
264,2020-05-10,0.017151764321668206,0.9828482356783318
265,2020-05-10,0.02489220010379367,0.9751077998962063
266,2020-05-10,0.006485026377031411,0.9935149736229686
267,2020-05-10,0.02027063333668422,0.9797293666633158
268,2020-05-10,0.013108513142204847,0.9868914868577952
269,2020-05-10,0.000640668667228339,0.9993593313327717
270,2020-05-10,0.018974254958078363,0.9810257450419216
271,2020-05-10,0.0011669506015418163,0.9988330493984582
272,2020-05-10,0.006893500421115251,0.9931064995788847
273,2020-05-10,0.0036625863385671975,0.9963374136614328
275,2020-05-10,0.05191572992794091,0.9480842700720591
276,2020-05-10,0.022461837964273923,0.9775381620357261
277,2020-05-10,0.006838702108999839,0.9931612978910002
278,2020-05-10,0.010222091444927028,0.989777908555073
279,2020-05-10,0.008620258107758905,0.9913797418922411
280,2020-05-10,0.01808604378294243,0.9819139562170576
281,2020-05-10,0.014540595997100003,0.9854594040029
282,2020-05-10,0.014148162696424271,0.9858518373035757
283,2020-05-10,0.0017868759464784167,0.9982131240535216
284,2020-05-10,0.02066116357694392,0.9793388364230561
285,2020-05-10,0.058173267420169816,0.9418267325798302
286,2020-05-10,0.020755451130035407,0.9792445488699646
287,2020-05-10,0.03040970084715544,0.9695902991528446
288,2020-05-10,0.026933161433809416,0.9730668385661906
289,2020-05-10,0.0132945425674722,0.9867054574325278
290,2020-05-10,0.026567655313633698,0.9734323446863663
291,2020-05-10,0.01660587111957257,0.9833941288804274
292,2020-05-10,0.019460706528249605,0.9805392934717504
293,2020-05-10,0.002736832093149344,0.9972631679068507
294,2020-05-10,0.026481180563489026,0.973518819436511
295,2020-05-10,0.06693558904061159,0.9330644109593884
296,2020-05-10,0.00748107793016739,0.9925189220698326
297,2020-05-10,0.022779094798919042,0.977220905201081
298,2020-05-10,0.009554382990490384,0.9904456170095096
300,2020-05-10,0.004647041330758439,0.9953529586692416
301,2020-05-10,0.007313943414090418,0.9926860565859096
302,2020-05-10,0.017028662039969,0.982971337960031
303,2020-05-10,0.024956318677350375,0.9750436813226496
304,2020-05-10,0.004757245081975503,0.9952427549180245
305,2020-05-10,0.008734906916277874,0.9912650930837221
306,2020-05-10,0.004649290740793899,0.9953507092592061
307,2020-05-10,0.02370489124507158,0.9762951087549284
308,2020-05-10,0.015528576163211238,0.9844714238367888
309,2020-05-10,0.0252078654901835,0.9747921345098165
310,2020-05-10,0.002763097656989899,0.9972369023430101
311,2020-05-10,0.041661645908467104,0.9583383540915329
312,2020-05-10,0.049333762715085605,0.9506662372849144
313,2020-05-10,0.019722711586684927,0.9802772884133151
315,2020-05-10,0.015853242080647534,0.9841467579193525
317,2020-05-10,0.007803919971068662,0.9921960800289313
319,2020-05-10,0.04571480854982368,0.9542851914501763
320,2020-05-10,0.005647520202587408,0.9943524797974126
321,2020-05-10,0.01070257517226314,0.9892974248277369
322,2020-05-10,0.013798848083571458,0.9862011519164285
323,2020-05-10,0.01104374172292355,0.9889562582770764
324,2020-05-10,0.014498601344997586,0.9855013986550024
325,2020-05-10,0.021047282439206283,0.9789527175607937
326,2020-05-10,0.012384895773006943,0.9876151042269931
327,2020-05-10,0.014222465179165922,0.9857775348208341
328,2020-05-10,0.005401184822027005,0.994598815177973
329,2020-05-10,0.02598359091301483,0.9740164090869852
330,2020-05-10,0.027449368582767808,0.9725506314172322
331,2020-05-10,0.014846793184719376,0.9851532068152806
333,2020-05-10,0.009422364691755392,0.9905776353082446
334,2020-05-10,0.05259066446789351,0.9474093355321065
335,2020-05-10,0.012409473027806817,0.9875905269721932
337,2020-05-10,0.029532795861886063,0.9704672041381139
338,2020-05-10,0.030540529476298595,0.9694594705237014
340,2020-05-10,0.006444632325279476,0.9935553676747205
341,2020-05-10,0.028792355222670984,0.971207644777329
342,2020-05-10,0.014530156539918293,0.9854698434600817
343,2020-05-10,0.00749064859405113,0.9925093514059489
344,2020-05-10,0.007396053729270435,0.9926039462707296
345,2020-05-10,0.00469633838399508,0.9953036616160049
346,2020-05-10,0.006783378249724525,0.9932166217502755
347,2020-05-10,0.03328779173526997,0.96671220826473
348,2020-05-10,0.008687435695506562,0.9913125643044934
349,2020-05-10,0.061949539546489185,0.9380504604535108
350,2020-05-10,0.0035147057122320025,0.996485294287768
351,2020-05-10,0.025591925052305675,0.9744080749476943
352,2020-05-10,0.07379667962353575,0.9262033203764642
354,2020-05-10,0.01576860388108703,0.984231396118913
355,2020-05-10,0.007704967548777253,0.9922950324512227
356,2020-05-10,0.0013217161350173035,0.9986782838649827
357,2020-05-10,0.01876775488311455,0.9812322451168854
358,2020-05-10,0.011562050118130274,0.9884379498818697
359,2020-05-10,0.028764555253429025,0.971235444746571
360,2020-05-10,0.031614993159554405,0.9683850068404456
361,2020-05-10,0.014286780669303223,0.9857132193306968
362,2020-05-10,0.01789278725512289,0.9821072127448771
363,2020-05-10,0.011474148935955997,0.988525851064044
365,2020-05-10,0.013250888395968885,0.9867491116040311
366,2020-05-10,0.037662364195604425,0.9623376358043956
367,2020-05-10,0.007705176298431815,0.9922948237015682
368,2020-05-10,0.007884240588112768,0.9921157594118872
369,2020-05-10,0.013802894020847556,0.9861971059791524
370,2020-05-10,0.037767321924987884,0.9622326780750121
371,2020-05-10,0.006395379765797182,0.9936046202342028
372,2020-05-10,0.014264625953852694,0.9857353740461473
373,2020-05-10,0.00665611548935674,0.9933438845106433
374,2020-05-10,0.003942539532769351,0.9960574604672306
375,2020-05-10,0.002279503430474672,0.9977204965695253
376,2020-05-10,0.0012360162181714873,0.9987639837818285
377,2020-05-10,0.04663988619992654,0.9533601138000735
378,2020-05-10,0.017728680851073708,0.9822713191489263
379,2020-05-10,0.011547233620886832,0.9884527663791132
380,2020-05-10,0.016921020935679043,0.983078979064321
381,2020-05-10,0.03202039967824277,0.9679796003217572
382,2020-05-10,0.005623795585700808,0.9943762044142992
383,2020-05-10,0.009402584383500057,0.9905974156164999
385,2020-05-10,0.028771540885598412,0.9712284591144016
386,2020-05-10,0.02246149004747222,0.9775385099525278
387,2020-05-10,0.02154147103098547,0.9784585289690145
389,2020-05-10,0.007362190523454437,0.9926378094765456
390,2020-05-10,0.007427302363649413,0.9925726976363506
394,2020-05-10,0.0339245340316362,0.9660754659683638
395,2020-05-10,0.010286518090055652,0.9897134819099443
396,2020-05-10,0.009749232351152326,0.9902507676488477
397,2020-05-10,0.00933640255692536,0.9906635974430746
398,2020-05-10,0.007200904101305694,0.9927990958986943
399,2020-05-10,0.01567439240416879,0.9843256075958312
400,2020-05-10,0.04221106149866971,0.9577889385013303
401,2020-05-10,0.012090039425288968,0.987909960574711
402,2020-05-10,0.011485042518208588,0.9885149574817914
403,2020-05-10,0.01873293623294303,0.981267063767057
404,2020-05-10,0.008348586139197867,0.9916514138608021
405,2020-05-10,0.030038525726141962,0.969961474273858
407,2020-05-10,0.016217082050919318,0.9837829179490807
408,2020-05-10,0.009536262283418195,0.9904637377165818
409,2020-05-10,0.006135457831340507,0.9938645421686595
410,2020-05-10,0.005451042817781859,0.9945489571822181
411,2020-05-10,0.03061064219126919,0.9693893578087308
412,2020-05-10,0.03339022166730843,0.9666097783326916
413,2020-05-10,0.006345517099599518,0.9936544829004005
414,2020-05-10,0.023616789264118143,0.9763832107358819
415,2020-05-10,0.00655454486790652,0.9934454551320935
417,2020-05-10,0.02952577436322723,0.9704742256367728
418,2020-05-10,0.008230587115542032,0.991769412884458
419,2020-05-10,0.017883148986132302,0.9821168510138677
420,2020-05-10,0.010540714229361203,0.9894592857706388
421,2020-05-10,0.009597571604679556,0.9904024283953204
422,2020-05-10,0.013519700139178359,0.9864802998608216
423,2020-05-10,0.014653892030198401,0.9853461079698016
424,2020-05-10,0.02433007347447591,0.9756699265255241
425,2020-05-10,0.03768698529918979,0.9623130147008102
426,2020-05-10,0.06333416005532455,0.9366658399446754
427,2020-05-10,0.011422387143072421,0.9885776128569276
428,2020-05-10,0.014645826653877814,0.9853541733461222
430,2020-05-10,0.007815646115301722,0.9921843538846983
432,2020-05-10,0.061526585949301826,0.9384734140506982
433,2020-05-10,0.015000974264572808,0.9849990257354272
434,2020-05-10,0.00371489926084434,0.9962851007391557
435,2020-05-10,0.009656479255743089,0.9903435207442569
436,2020-05-10,0.03027407632446677,0.9697259236755332
437,2020-05-10,0.03625020482199215,0.9637497951780079
438,2020-05-10,0.024891377207203802,0.9751086227927962
439,2020-05-10,0.005318765101216316,0.9946812348987837
440,2020-05-10,0.07432971183873305,0.925670288161267
441,2020-05-10,0.012378920084680112,0.9876210799153199
442,2020-05-10,0.005573707200082545,0.9944262927999175
443,2020-05-10,0.01807983397740487,0.9819201660225951
445,2020-05-10,0.0008358584408826308,0.9991641415591174
446,2020-05-10,0.0033651468359024994,0.9966348531640975
447,2020-05-10,0.015642467149222683,0.9843575328507773
449,2020-05-10,0.03352904617848351,0.9664709538215165
450,2020-05-10,0.00676249784141969,0.9932375021585803
451,2020-05-10,0.015085927456672255,0.9849140725433277
452,2020-05-10,0.0086414262706761,0.9913585737293239
454,2020-05-10,0.058985429284879154,0.9410145707151208
455,2020-05-10,0.09659654916222715,0.9034034508377728
456,2020-05-10,0.0028359726515784223,0.9971640273484216
457,2020-05-10,0.011376955719059056,0.9886230442809409
458,2020-05-10,0.013608818639033737,0.9863911813609663
459,2020-05-10,0.028046970667741977,0.971953029332258
460,2020-05-10,0.006619399651275004,0.993380600348725
461,2020-05-10,0.01086087517532952,0.9891391248246705
462,2020-05-10,0.008249423365522035,0.991750576634478
463,2020-05-10,0.017759437244200593,0.9822405627557994
464,2020-05-10,0.03501865283569128,0.9649813471643087
465,2020-05-10,0.019361301638041284,0.9806386983619587
466,2020-05-10,0.03641684619447172,0.9635831538055283
467,2020-05-10,0.01842919978485691,0.9815708002151431
468,2020-05-10,0.016644947639920082,0.9833550523600799
469,2020-05-10,0.007982223984148717,0.9920177760158513
470,2020-05-10,0.008189342250511933,0.9918106577494881
471,2020-05-10,0.012329674546915914,0.9876703254530841
472,2020-05-10,0.028806962590025686,0.9711930374099743
473,2020-05-10,0.088072502710131,0.911927497289869
475,2020-05-10,0.034834957982960324,0.9651650420170397
476,2020-05-10,0.0028653547930147516,0.9971346452069852
477,2020-05-10,0.010422606152553637,0.9895773938474464
478,2020-05-10,0.01763479157956427,0.9823652084204357
479,2020-05-10,0.001279026907201053,0.998720973092799
480,2020-05-10,0.01951221706387829,0.9804877829361217
481,2020-05-10,0.007704328567516572,0.9922956714324834
482,2020-05-10,0.007655085637453429,0.9923449143625466
483,2020-05-10,0.01460003696131984,0.9853999630386802
484,2020-05-10,0.017157077832039902,0.9828429221679601
485,2020-05-10,0.012301463600749352,0.9876985363992506
486,2020-05-10,0.04382587149092787,0.9561741285090721
487,2020-05-10,0.022748366667430298,0.9772516333325697
488,2020-05-10,0.04951724538776281,0.9504827546122372
489,2020-05-10,0.015512258572231263,0.9844877414277687
490,2020-05-10,0.007049048525397894,0.9929509514746021
491,2020-05-10,0.007490731516718752,0.9925092684832812
492,2020-05-10,0.00566272666712031,0.9943372733328797
493,2020-05-10,0.024529713421230226,0.9754702865787698
494,2020-05-10,0.027187935941623387,0.9728120640583766
495,2020-05-10,0.021389792150811604,0.9786102078491884
496,2020-05-10,0.02272147947299319,0.9772785205270068
497,2020-05-10,0.04031699955171908,0.9596830004482809
498,2020-05-10,0.042743318061560065,0.9572566819384399
499,2020-05-10,0.014287325221451264,0.9857126747785487
500,2020-05-10,0.01233391902441161,0.9876660809755884
501,2020-05-10,0.016830503173124844,0.9831694968268752
502,2020-05-10,0.011059425547700119,0.9889405744522999
503,2020-05-10,0.03577413510109928,0.9642258648989007
504,2020-05-10,0.0020780402643941764,0.9979219597356058
505,2020-05-10,0.013479240005478066,0.9865207599945219
506,2020-05-10,0.06574797728126447,0.9342520227187355
508,2020-05-10,0.006230179543906478,0.9937698204560935
509,2020-05-10,0.015325945904287264,0.9846740540957127
510,2020-05-10,0.025329768134855102,0.9746702318651449
511,2020-05-10,0.003772523897040303,0.9962274761029597
512,2020-05-10,0.0037060600602526472,0.9962939399397474
513,2020-05-10,0.004935099363495454,0.9950649006365045
514,2020-05-10,0.029433514543122263,0.9705664854568777
515,2020-05-10,0.029170729468292134,0.9708292705317079
516,2020-05-10,0.010433871798717798,0.9895661282012822
517,2020-05-10,0.021051944425103608,0.9789480555748964
518,2020-05-10,0.02262995171596016,0.9773700482840398
519,2020-05-10,0.007650614602190298,0.9923493853978097
520,2020-05-10,0.0038632325992383754,0.9961367674007616
521,2020-05-10,0.03936224468560945,0.9606377553143906
522,2020-05-10,0.011227057781076133,0.9887729422189239
523,2020-05-10,0.0184567471680237,0.9815432528319763
524,2020-05-10,0.020245133390204617,0.9797548666097954
525,2020-05-10,0.025624792252900708,0.9743752077470993
526,2020-05-10,0.02080841105570541,0.9791915889442946
527,2020-05-10,0.07087532848686684,0.9291246715131332
528,2020-05-10,0.0351199170147064,0.9648800829852936
529,2020-05-10,0.021493972886473922,0.9785060271135261
530,2020-05-10,0.24746928330149254,0.7525307166985075
531,2020-05-10,0.04497804425093144,0.9550219557490686
533,2020-05-10,0.028600813483561693,0.9713991865164383
535,2020-05-10,0.008569618903818355,0.9914303810961816
537,2020-05-10,0.0043481005194154765,0.9956518994805845
538,2020-05-10,0.0029962759520224536,0.9970037240479775
539,2020-05-10,0.008987541527696319,0.9910124584723037
540,2020-05-10,0.0024757103409278614,0.9975242896590721
541,2020-05-10,0.02618013164437849,0.9738198683556215
542,2020-05-10,0.017137706515094164,0.9828622934849058
543,2020-05-10,0.005739446237080115,0.9942605537629199
544,2020-05-10,0.017377032644151025,0.982622967355849
545,2020-05-10,0.06182120385455392,0.9381787961454461
546,2020-05-10,0.025123496288401825,0.9748765037115982
547,2020-05-10,0.013418561967279308,0.9865814380327207
548,2020-05-10,0.04620332571958752,0.9537966742804125
549,2020-05-10,0.022819765133304415,0.9771802348666956
551,2020-05-10,0.0545412308469746,0.9454587691530254
552,2020-05-10,0.005074753112528585,0.9949252468874714
553,2020-05-10,0.022042336864500967,0.977957663135499
555,2020-05-10,0.005281823416049658,0.9947181765839503
556,2020-05-10,0.01905911749900635,0.9809408825009936
557,2020-05-10,0.015183501473453265,0.9848164985265467
558,2020-05-10,0.004227992514181822,0.9957720074858182
559,2020-05-10,0.006233660097395566,0.9937663399026044
560,2020-05-10,0.019178326014096858,0.9808216739859031
561,2020-05-10,0.02689985224823288,0.9731001477517671
562,2020-05-10,0.023221658212618013,0.976778341787382
564,2020-05-10,0.09166627704050911,0.9083337229594909
565,2020-05-10,0.03918438896474552,0.9608156110352545
568,2020-05-10,0.004687931496472397,0.9953120685035276
569,2020-05-10,0.016671511812014095,0.9833284881879859
570,2020-05-10,0.009683187415007621,0.9903168125849924
571,2020-05-10,0.028029508387043545,0.9719704916129565
572,2020-05-10,0.004450183000036523,0.9955498169999635
573,2020-05-10,0.03318764048753875,0.9668123595124613
574,2020-05-10,0.011171717245915147,0.9888282827540849
575,2020-05-10,0.005515630234646296,0.9944843697653537
578,2020-05-10,0.007972617219720757,0.9920273827802792
579,2020-05-10,0.009205075304446475,0.9907949246955535
580,2020-05-10,0.010042792487761965,0.989957207512238
581,2020-05-10,0.009741609923935246,0.9902583900760648
582,2020-05-10,0.025723062931834795,0.9742769370681652
584,2020-05-10,0.016070684281648817,0.9839293157183512
585,2020-05-10,0.017127440702217944,0.9828725592977821
586,2020-05-10,0.006055185079278047,0.993944814920722
587,2020-05-10,0.01273772815303209,0.9872622718469679
590,2020-05-10,0.030237725483886813,0.9697622745161132
591,2020-05-10,0.0597696206627929,0.9402303793372071
592,2020-05-10,0.01106211865982154,0.9889378813401785
593,2020-05-10,0.0016345276367031314,0.9983654723632969
594,2020-05-10,0.011878681176907824,0.9881213188230922
595,2020-05-10,0.009772345542304217,0.9902276544576958
596,2020-05-10,0.009926950516878419,0.9900730494831216
597,2020-05-10,0.022882494884656213,0.9771175051153438
598,2020-05-10,0.010891857217921852,0.9891081427820781
599,2020-05-10,0.02365582613952244,0.9763441738604776
600,2020-05-10,0.03037937578371197,0.969620624216288
601,2020-05-10,0.012453013707224625,0.9875469862927754
602,2020-05-10,0.1023847347645388,0.8976152652354612
603,2020-05-10,0.009120421470864448,0.9908795785291356
605,2020-05-10,0.013826844816928197,0.9861731551830718
607,2020-05-10,0.02585560106242102,0.974144398937579
608,2020-05-10,0.017545607523141715,0.9824543924768583
609,2020-05-10,0.0019099699183207086,0.9980900300816793
610,2020-05-10,0.005958835311041355,0.9940411646889586
611,2020-05-10,0.016211959322964153,0.9837880406770358
612,2020-05-10,0.0012810757283382435,0.9987189242716618
614,2020-05-10,0.04454224480635416,0.9554577551936458
615,2020-05-10,0.0026644843889060965,0.9973355156110939
616,2020-05-10,0.008702076609978793,0.9912979233900212
617,2020-05-10,0.017786646801082218,0.9822133531989178
618,2020-05-10,0.060479363966016275,0.9395206360339837
619,2020-05-10,0.0038558777809292177,0.9961441222190708
620,2020-05-10,0.012728378600584178,0.9872716213994158
621,2020-05-10,0.02229454507143569,0.9777054549285643
622,2020-05-10,0.024284766796888735,0.9757152332031113
623,2020-05-10,0.013778471357891786,0.9862215286421082
624,2020-05-10,0.0054976971380952255,0.9945023028619048
625,2020-05-10,0.002935784373291672,0.9970642156267083
627,2020-05-10,0.015045096353026088,0.9849549036469739
628,2020-05-10,0.041172379131282244,0.9588276208687178
629,2020-05-10,0.04745465491759271,0.9525453450824073
630,2020-05-10,0.017927393125681812,0.9820726068743182
633,2020-05-10,0.01703326226588331,0.9829667377341167
634,2020-05-10,0.010349442323672298,0.9896505576763277
636,2020-05-10,0.06182677148135374,0.9381732285186463
637,2020-05-10,0.043440646521219595,0.9565593534787804
638,2020-05-10,0.07855931316508624,0.9214406868349138
639,2020-05-10,0.013619937440984886,0.9863800625590151
640,2020-05-10,0.027844580316436218,0.9721554196835638
641,2020-05-10,0.005878236189027053,0.994121763810973
642,2020-05-10,0.008238283232696264,0.9917617167673037
643,2020-05-10,0.014857921587379752,0.9851420784126202
644,2020-05-10,0.010528676706928475,0.9894713232930715
645,2020-05-10,0.026003313023524655,0.9739966869764753
646,2020-05-10,0.010748422345771558,0.9892515776542284
647,2020-05-10,0.022448277479721,0.977551722520279
648,2020-05-10,0.009580350204482668,0.9904196497955173
649,2020-05-10,0.016994285992727898,0.9830057140072721
650,2020-05-10,0.001618248205001671,0.9983817517949983
651,2020-05-10,0.013806770323096518,0.9861932296769035
652,2020-05-10,0.007841970041535862,0.9921580299584641
653,2020-05-10,0.011895028225243576,0.9881049717747564
654,2020-05-10,0.04197685441187604,0.958023145588124
655,2020-05-10,0.019284570679911517,0.9807154293200885
656,2020-05-10,0.007047676197433628,0.9929523238025664
658,2020-05-10,0.01463720258835799,0.985362797411642
660,2020-05-10,0.012944296420469792,0.9870557035795302
661,2020-05-10,0.0191937467365475,0.9808062532634525
662,2020-05-10,0.005678528495374646,0.9943214715046254
663,2020-05-10,0.004780390913121435,0.9952196090868786
664,2020-05-10,0.00675689077457875,0.9932431092254213
665,2020-05-10,0.04972592297537526,0.9502740770246247
666,2020-05-10,0.024624598886336613,0.9753754011136634
667,2020-05-10,0.009055919292962122,0.9909440807070379
668,2020-05-10,0.008143918504003644,0.9918560814959964
669,2020-05-10,0.02053918044562153,0.9794608195543785
670,2020-05-10,0.0033063925166968433,0.9966936074833032
671,2020-05-10,0.008505535872402992,0.991494464127597
673,2020-05-10,0.0044420958230658725,0.9955579041769341
674,2020-05-10,0.004458350305584724,0.9955416496944153
675,2020-05-10,0.06842073923990899,0.931579260760091
676,2020-05-10,0.007068399340985576,0.9929316006590144
677,2020-05-10,0.008129983995367351,0.9918700160046326
678,2020-05-10,0.0022808728738706874,0.9977191271261293
679,2020-05-10,0.01273153852588671,0.9872684614741133
680,2020-05-10,0.02233923906426305,0.977660760935737
681,2020-05-10,0.008519285382142194,0.9914807146178578
682,2020-05-10,0.003443422558129905,0.9965565774418701
683,2020-05-10,0.03212332416258468,0.9678766758374153
684,2020-05-10,0.020431817203474423,0.9795681827965256
685,2020-05-10,0.010904336992394792,0.9890956630076052
687,2020-05-10,0.01696356075720551,0.9830364392427945
688,2020-05-10,0.016267588071829375,0.9837324119281706
689,2020-05-10,0.029048428611755717,0.9709515713882443
690,2020-05-10,0.004466534867881067,0.9955334651321189
691,2020-05-10,0.0049586299145000234,0.9950413700855
692,2020-05-10,0.005992192995102563,0.9940078070048974
693,2020-05-10,0.006838700119974117,0.9931612998800259
694,2020-05-10,0.014469938123645498,0.9855300618763545
695,2020-05-10,0.007973945150301809,0.9920260548496982
696,2020-05-10,0.023141544707482864,0.9768584552925171
697,2020-05-10,0.012594712041384182,0.9874052879586158
698,2020-05-10,0.0075334900776818925,0.9924665099223181
699,2020-05-10,0.042080446497566926,0.9579195535024331
700,2020-05-10,0.04774920592817433,0.9522507940718257
701,2020-05-10,0.02032134259644669,0.9796786574035533
703,2020-05-10,0.0056175578940452775,0.9943824421059547
704,2020-05-10,0.0014141179865015951,0.9985858820134984
705,2020-05-10,0.035217239219257346,0.9647827607807427
706,2020-05-10,0.06250013104971519,0.9374998689502848
707,2020-05-10,0.005316613733761799,0.9946833862662382
708,2020-05-10,0.014262693982861396,0.9857373060171386
709,2020-05-10,0.029180287269509164,0.9708197127304908
710,2020-05-10,0.06757212653112643,0.9324278734688736
711,2020-05-10,0.002987673057002427,0.9970123269429976
712,2020-05-10,0.0033258066462478197,0.9966741933537522
713,2020-05-10,0.03965805706309733,0.9603419429369027
714,2020-05-10,0.014427025797253967,0.985572974202746
715,2020-05-10,0.0032196332913179138,0.9967803667086821
716,2020-05-10,0.006981353347259467,0.9930186466527405
717,2020-05-10,0.02286017679439245,0.9771398232056075
718,2020-05-10,0.055212742451024255,0.9447872575489757
719,2020-05-10,0.0036199078923919714,0.996380092107608
720,2020-05-10,0.007212552941791905,0.9927874470582081
721,2020-05-10,0.019195483429497395,0.9808045165705026
722,2020-05-10,0.0057878874686218,0.9942121125313782
723,2020-05-10,0.03221168318428769,0.9677883168157123
724,2020-05-10,0.08398716894856517,0.9160128310514348
725,2020-05-10,0.07223595905381563,0.9277640409461844
726,2020-05-10,0.020678315749712683,0.9793216842502873
727,2020-05-10,0.008508311495565635,0.9914916885044344
728,2020-05-10,0.0025196345507371154,0.9974803654492629
729,2020-05-10,0.009362165669420719,0.9906378343305793
730,2020-05-10,0.003390130175344952,0.996609869824655
731,2020-05-10,0.008739246107297705,0.9912607538927023
732,2020-05-10,0.014460912966972161,0.9855390870330278
733,2020-05-10,0.03956386438867554,0.9604361356113245
734,2020-05-10,0.020980295428272955,0.979019704571727
735,2020-05-10,0.02942030885781599,0.970579691142184
736,2020-05-10,0.0076927047048533925,0.9923072952951466
737,2020-05-10,0.006960820937032319,0.9930391790629677
738,2020-05-10,0.026875343881876623,0.9731246561181234
739,2020-05-10,0.06317950044310516,0.9368204995568948
740,2020-05-10,0.006356619050927881,0.9936433809490721
741,2020-05-10,0.05302261461690383,0.9469773853830962
742,2020-05-10,0.029297904564295818,0.9707020954357042
744,2020-05-10,0.0029984301748001707,0.9970015698251998
745,2020-05-10,0.015615109947637706,0.9843848900523623
746,2020-05-10,0.019476784919264634,0.9805232150807354
747,2020-05-10,0.021590374568955184,0.9784096254310448
748,2020-05-10,0.010246946186890815,0.9897530538131092
749,2020-05-10,0.0029137684497101413,0.9970862315502899
750,2020-05-10,0.02485854440590396,0.975141455594096
751,2020-05-10,0.019817167789319634,0.9801828322106804
752,2020-05-10,0.0841463317934148,0.9158536682065852
753,2020-05-10,0.012613646154194247,0.9873863538458058
754,2020-05-10,0.0036051871358090404,0.996394812864191
755,2020-05-10,0.003583488951445335,0.9964165110485547
756,2020-05-10,0.04088897102540079,0.9591110289745992
757,2020-05-10,0.008714044507607932,0.9912859554923921
760,2020-05-10,0.0037622977358342524,0.9962377022641657
761,2020-05-10,0.026364314375416087,0.9736356856245839
762,2020-05-10,0.020748822024819313,0.9792511779751807
763,2020-05-10,0.06412465380568722,0.9358753461943128
764,2020-05-10,0.013771571872733035,0.986228428127267
765,2020-05-10,0.008225278253240154,0.9917747217467598
766,2020-05-10,0.008265316297046965,0.991734683702953
767,2020-05-10,0.035505746352658796,0.9644942536473412
768,2020-05-10,0.14074224759865073,0.8592577524013493
769,2020-05-10,0.0026990046476558227,0.9973009953523442
770,2020-05-10,0.024932109593811536,0.9750678904061885
771,2020-05-10,0.012930960547781756,0.9870690394522182
772,2020-05-10,0.023295380078201644,0.9767046199217984
773,2020-05-10,0.009907530589986502,0.9900924694100135
774,2020-05-10,0.006624055232293591,0.9933759447677064
775,2020-05-10,0.004713795364345907,0.9952862046356541
777,2020-05-10,0.014969665747411098,0.9850303342525889
778,2020-05-10,0.033867233091790405,0.9661327669082096
779,2020-05-10,0.003821791754713866,0.9961782082452861
780,2020-05-10,0.007189060122900992,0.992810939877099
781,2020-05-10,0.010591283151811015,0.989408716848189
782,2020-05-10,0.051413922463345085,0.9485860775366549
783,2020-05-10,0.010936186466131259,0.9890638135338687
784,2020-05-10,0.010159399109975764,0.9898406008900242
785,2020-05-10,0.012083388834561837,0.9879166111654382
786,2020-05-10,0.008303633674691002,0.991696366325309
787,2020-05-10,0.04359239697705242,0.9564076030229476
788,2020-05-10,0.003574475450676906,0.9964255245493231
789,2020-05-10,0.012491076696527825,0.9875089233034722
790,2020-05-10,0.00791792052658391,0.9920820794734161
793,2020-05-10,0.033642526840092946,0.966357473159907
794,2020-05-10,0.011003118418807634,0.9889968815811924
795,2020-05-10,0.009343051328609353,0.9906569486713906
796,2020-05-10,0.01651768987746627,0.9834823101225337
797,2020-05-10,0.051461432330458634,0.9485385676695414
798,2020-05-10,0.018207012581578308,0.9817929874184217
799,2020-05-10,0.0073157239437485755,0.9926842760562514
800,2020-05-10,0.016461626809755936,0.9835383731902441
801,2020-05-10,0.05859056678733643,0.9414094332126636
802,2020-05-10,0.006187618612896628,0.9938123813871034
803,2020-05-10,0.013374612639448613,0.9866253873605514
804,2020-05-10,0.014725509039915985,0.985274490960084
805,2020-05-10,0.012370740986318851,0.9876292590136811
806,2020-05-10,0.06081011997557639,0.9391898800244236
807,2020-05-10,0.0073461404168922995,0.9926538595831077
808,2020-05-10,0.014003629364064185,0.9859963706359358
809,2020-05-10,0.01381883912213644,0.9861811608778636
810,2020-05-10,0.037685721244353876,0.9623142787556461
811,2020-05-10,0.0031086582599120227,0.996891341740088
812,2020-05-10,0.018889598249773543,0.9811104017502265
814,2020-05-10,0.0030749497703134177,0.9969250502296866
816,2020-05-10,0.01366560660644689,0.9863343933935531
817,2020-05-10,0.009863285703329616,0.9901367142966704
818,2020-05-10,0.005130389062367069,0.9948696109376329
819,2020-05-10,0.03135458128602997,0.96864541871397
820,2020-05-10,0.021270002636126217,0.9787299973638738
822,2020-05-10,0.01624143492912644,0.9837585650708736
823,2020-05-10,0.0453786230749722,0.9546213769250278
824,2020-05-10,0.09520186358028337,0.9047981364197166
825,2020-05-10,0.026602996669822798,0.9733970033301772
826,2020-05-10,0.009614478361443357,0.9903855216385566
827,2020-05-10,0.005484762721898795,0.9945152372781012
828,2020-05-10,0.003917404592446605,0.9960825954075534
829,2020-05-10,0.018337175321200716,0.9816628246787993
830,2020-05-10,0.005412905965268444,0.9945870940347316
831,2020-05-10,0.001889054523212641,0.9981109454767874
832,2020-05-10,0.0038994543867141296,0.9961005456132859
833,2020-05-10,0.012239917811341261,0.9877600821886587
834,2020-05-10,0.022670218979220613,0.9773297810207794
835,2020-05-10,0.006305074852944181,0.9936949251470558
836,2020-05-10,0.035561812669314574,0.9644381873306854
837,2020-05-10,0.006532432142654421,0.9934675678573456
838,2020-05-10,0.033555193808484485,0.9664448061915155
839,2020-05-10,0.0034980425891494304,0.9965019574108506
840,2020-05-10,0.02199736880195602,0.978002631198044
841,2020-05-10,0.008214625225593242,0.9917853747744068
842,2020-05-10,0.012019150180740845,0.9879808498192592
843,2020-05-10,0.03805797535003719,0.9619420246499628
844,2020-05-10,0.009248017797424124,0.9907519822025759
845,2020-05-10,0.03699425205242679,0.9630057479475732
846,2020-05-10,0.003845673402581129,0.9961543265974189
847,2020-05-10,0.03893313410896193,0.9610668658910381
848,2020-05-10,0.018411474436288988,0.981588525563711
849,2020-05-10,0.021028174914106024,0.978971825085894
851,2020-05-10,0.005858606210872086,0.9941413937891279
852,2020-05-10,0.018381893084889356,0.9816181069151106
853,2020-05-10,0.0029744070465146377,0.9970255929534854
854,2020-05-10,0.007613229220320039,0.99238677077968
855,2020-05-10,0.008920355728429863,0.9910796442715701
856,2020-05-10,0.012780758436829354,0.9872192415631706
857,2020-05-10,0.0005723638482189042,0.9994276361517811
858,2020-05-10,0.02212249501205099,0.977877504987949
859,2020-05-10,0.041390417533058055,0.958609582466942
860,2020-05-10,0.01873432364648353,0.9812656763535165
861,2020-05-10,0.01676958447631205,0.983230415523688
862,2020-05-10,0.040535296544406796,0.9594647034555932
863,2020-05-10,0.012564201854677215,0.9874357981453228
864,2020-05-10,0.00901764595866228,0.9909823540413377
866,2020-05-10,0.028989144698528868,0.9710108553014711
867,2020-05-10,0.011675174676163969,0.988324825323836
868,2020-05-10,0.02015488111872732,0.9798451188812727
869,2020-05-10,0.01651684972036649,0.9834831502796335
870,2020-05-10,0.06649388843705484,0.9335061115629452
871,2020-05-10,0.005796821230227178,0.9942031787697728
872,2020-05-10,0.016704553715202186,0.9832954462847978
873,2020-05-10,0.007908304522203369,0.9920916954777966
874,2020-05-10,0.012120149989405471,0.9878798500105945
875,2020-05-10,0.0087859891408828,0.9912140108591172
876,2020-05-10,0.024644478129398295,0.9753555218706017
877,2020-05-10,0.018488058039694777,0.9815119419603052
878,2020-05-10,0.02523285971162681,0.9747671402883732
879,2020-05-10,0.006400833417936513,0.9935991665820635
880,2020-05-10,0.004949960638431561,0.9950500393615684
881,2020-05-10,0.010944070864453481,0.9890559291355465
882,2020-05-10,0.009214773522260189,0.9907852264777398
883,2020-05-10,0.023999741034270827,0.9760002589657292
884,2020-05-10,0.042976120133312756,0.9570238798666872
885,2020-05-10,0.010063469560804283,0.9899365304391957
886,2020-05-10,0.015029492390201904,0.9849705076097981
887,2020-05-10,0.010465622753708659,0.9895343772462913
888,2020-05-10,0.03930649242268025,0.9606935075773197
889,2020-05-10,0.027201505877003873,0.9727984941229961
890,2020-05-10,0.01089161234175573,0.9891083876582443
891,2020-05-10,0.004879029798222856,0.9951209702017771
892,2020-05-10,0.017112228209317237,0.9828877717906828
893,2020-05-10,0.01807471683578099,0.981925283164219
894,2020-05-10,0.008956701751108409,0.9910432982488916
895,2020-05-10,0.011359679237744835,0.9886403207622552
896,2020-05-10,0.00453995783476846,0.9954600421652315
898,2020-05-10,0.02509792335316141,0.9749020766468386
899,2020-05-10,0.023300563307595223,0.9766994366924048
900,2020-05-10,0.01143070035243332,0.9885692996475667
901,2020-05-10,0.024470463749141524,0.9755295362508585
902,2020-05-10,0.005977862867281192,0.9940221371327188
904,2020-05-10,0.013151499942530842,0.9868485000574692
905,2020-05-10,0.0066687723876242,0.9933312276123758
906,2020-05-10,0.07386632413236238,0.9261336758676376
907,2020-05-10,0.0380690210201724,0.9619309789798276
908,2020-05-10,0.012034272059390005,0.98796572794061
909,2020-05-10,0.00630168378175211,0.9936983162182479
910,2020-05-10,0.0011849846862999058,0.9988150153137001
911,2020-05-10,0.010133140573364119,0.9898668594266359
912,2020-05-10,0.008290783834547844,0.9917092161654522
913,2020-05-10,0.040157021710201524,0.9598429782897985
914,2020-05-10,0.01901892830037788,0.9809810716996221
915,2020-05-10,0.0049612611911381554,0.9950387388088618
916,2020-05-10,0.012738534305063554,0.9872614656949364
917,2020-05-10,0.0019297382376951555,0.9980702617623048
918,2020-05-10,0.004547819150559795,0.9954521808494402
920,2020-05-10,0.028108347296004088,0.9718916527039959
921,2020-05-10,0.02511965924282389,0.9748803407571761
922,2020-05-10,0.009951149052314645,0.9900488509476854
923,2020-05-10,0.06919530393839812,0.9308046960616019
924,2020-05-10,0.010213733939152703,0.9897862660608473
925,2020-05-10,0.034242943146724825,0.9657570568532752
926,2020-05-10,0.010465220486443938,0.9895347795135561
928,2020-05-10,0.0055930563850151715,0.9944069436149848
929,2020-05-10,0.04131848895126611,0.9586815110487339
930,2020-05-10,0.012051187116167705,0.9879488128838323
931,2020-05-10,0.03045297979933337,0.9695470202006666
932,2020-05-10,0.02808211112171044,0.9719178888782896
933,2020-05-10,0.001286532262310125,0.9987134677376899
935,2020-05-10,0.009584456603964897,0.9904155433960351
936,2020-05-10,0.009359972973236874,0.9906400270267631
937,2020-05-10,0.005285200020172964,0.994714799979827
938,2020-05-10,0.0021981028392380475,0.997801897160762
939,2020-05-10,0.012371029784183363,0.9876289702158166
940,2020-05-10,0.044509099410398156,0.9554909005896018
941,2020-05-10,0.028450050347603506,0.9715499496523965
942,2020-05-10,0.007427090770018907,0.9925729092299811
943,2020-05-10,0.0034816879235792797,0.9965183120764207
944,2020-05-10,0.022427088183981758,0.9775729118160182
945,2020-05-10,0.011856388546058305,0.9881436114539417
946,2020-05-10,0.0069516625460891435,0.9930483374539109
947,2020-05-10,0.014276046036729273,0.9857239539632707
948,2020-05-10,0.013175847681043074,0.9868241523189569
949,2020-05-10,0.010388584251940447,0.9896114157480596
950,2020-05-10,0.009260109191945087,0.9907398908080549
951,2020-05-10,0.0071070539743530725,0.9928929460256469
952,2020-05-10,0.004789016013133307,0.9952109839868667
953,2020-05-10,0.019940370156410703,0.9800596298435893
955,2020-05-10,0.005208967316830404,0.9947910326831696
956,2020-05-10,0.028475572770190305,0.9715244272298097
957,2020-05-10,0.022206407671085615,0.9777935923289144
958,2020-05-10,0.001187862808376794,0.9988121371916232
959,2020-05-10,0.04142913338933951,0.9585708666106605
961,2020-05-10,0.008187063001330541,0.9918129369986695
962,2020-05-10,0.002104634208138112,0.9978953657918619
963,2020-05-10,0.03244669036665715,0.9675533096333429
964,2020-05-10,0.0020243430412291152,0.9979756569587709
965,2020-05-10,0.013165208670869233,0.9868347913291308
966,2020-05-10,0.01974715091202628,0.9802528490879737
967,2020-05-10,0.02535227156433084,0.9746477284356692
968,2020-05-10,0.008262657813961516,0.9917373421860385
969,2020-05-10,0.009838057546456613,0.9901619424535434
970,2020-05-10,0.00471517012316347,0.9952848298768365
971,2020-05-10,0.01913975384543687,0.9808602461545631
972,2020-05-10,0.0024199854855393443,0.9975800145144607
973,2020-05-10,0.03855994002549712,0.9614400599745029
975,2020-05-10,0.002649146411921821,0.9973508535880782
976,2020-05-10,0.011078071025227176,0.9889219289747728
977,2020-05-10,0.008713710066857616,0.9912862899331424
978,2020-05-10,0.004436556849145679,0.9955634431508543
979,2020-05-10,0.024073451538438873,0.9759265484615611
980,2020-05-10,0.04159521883171202,0.958404781168288
981,2020-05-10,0.01828776870788351,0.9817122312921165
982,2020-05-10,0.009145952365783638,0.9908540476342164
983,2020-05-10,0.016975042566434118,0.9830249574335659
984,2020-05-10,0.0031920641653465642,0.9968079358346534
986,2020-05-10,0.01044147653696137,0.9895585234630386
987,2020-05-10,0.03655575750511564,0.9634442424948844
988,2020-05-10,0.025762836650506382,0.9742371633494936
989,2020-05-10,0.013485123654071618,0.9865148763459284
990,2020-05-10,0.005773408588561457,0.9942265914114385
991,2020-05-10,0.003904329709092047,0.996095670290908
992,2020-05-10,0.001786968942172229,0.9982130310578278
993,2020-05-10,0.0033786935042386945,0.9966213064957613
994,2020-05-10,0.01285520913577809,0.9871447908642219
995,2020-05-10,0.01520372907238099,0.984796270927619
996,2020-05-10,0.016386046654223607,0.9836139533457764
997,2020-05-10,0.02040251263688042,0.9795974873631196
1000,2020-05-10,0.010970016059083765,0.9890299839409162
1001,2020-05-10,0.0173092086023251,0.9826907913976749
1002,2020-05-10,0.015024820107010783,0.9849751798929892
1003,2020-05-10,0.006971283820422558,0.9930287161795774
1004,2020-05-10,0.00747334963122559,0.9925266503687744
1005,2020-05-10,0.019752064339395692,0.9802479356606043
1006,2020-05-10,0.013013104986882684,0.9869868950131173
1008,2020-05-10,0.033106087859043454,0.9668939121409565
1009,2020-05-10,0.02910015197298188,0.9708998480270181
1011,2020-05-10,0.04632725411983629,0.9536727458801637
1012,2020-05-10,0.04182541338160939,0.9581745866183906
1013,2020-05-10,0.016984405419238735,0.9830155945807613
1014,2020-05-10,0.008104548249044385,0.9918954517509556
1015,2020-05-10,0.08061020995964807,0.9193897900403519
1017,2020-05-10,0.0022488503607603905,0.9977511496392396
1018,2020-05-10,0.024344141174203804,0.9756558588257962
1019,2020-05-10,0.01300154879926707,0.9869984512007329
1020,2020-05-10,0.013712508621945063,0.9862874913780549
1021,2020-05-10,0.045890460370487385,0.9541095396295126
1022,2020-05-10,0.017260532852243937,0.9827394671477561
1023,2020-05-10,0.009630777436768323,0.9903692225632317
1024,2020-05-10,0.007066697951624845,0.9929333020483752
1025,2020-05-10,0.04143453494987348,0.9585654650501265
1026,2020-05-10,0.026450539506361226,0.9735494604936388
1027,2020-05-10,0.004831707637410032,0.99516829236259
1028,2020-05-10,0.010502952057266146,0.9894970479427339
1029,2020-05-10,0.015278513749424905,0.9847214862505751
1030,2020-05-10,0.030344967118326016,0.969655032881674
1032,2020-05-10,0.018556538403180722,0.9814434615968193
1034,2020-05-10,0.006076529244434248,0.9939234707555658
1035,2020-05-10,0.06298765311025456,0.9370123468897454
1036,2020-05-10,0.01375714973710318,0.9862428502628968
1037,2020-05-10,0.01429308761581316,0.9857069123841868
1038,2020-05-10,0.024620296158868626,0.9753797038411314
1039,2020-05-10,0.04713073604339246,0.9528692639566075
1042,2020-05-10,0.07752210520671943,0.9224778947932806
1043,2020-05-10,0.01604903117136225,0.9839509688286378
1044,2020-05-10,0.013368317077066316,0.9866316829229337
1045,2020-05-10,0.008822225379213844,0.9911777746207862
1046,2020-05-10,0.004569024404065258,0.9954309755959347
1047,2020-05-10,0.013362367404070596,0.9866376325959294
1048,2020-05-10,0.006003376550992923,0.9939966234490071
1049,2020-05-10,0.004194681888615603,0.9958053181113844
1050,2020-05-10,0.0030556573612118276,0.9969443426387882
1051,2020-05-10,0.12412475343384166,0.8758752465661583
1052,2020-05-10,0.017839376801615736,0.9821606231983843
1053,2020-05-10,0.025689093464040025,0.97431090653596
1054,2020-05-10,0.046557434483674,0.953442565516326
1056,2020-05-10,0.004039300674445023,0.995960699325555
1057,2020-05-10,0.022786857188327514,0.9772131428116725
1058,2020-05-10,0.014330413337108494,0.9856695866628915
1059,2020-05-10,0.02481207738896174,0.9751879226110383
1060,2020-05-10,0.01094248502010664,0.9890575149798934
1061,2020-05-10,0.006940284173486355,0.9930597158265136
1062,2020-05-10,0.005869011662081314,0.9941309883379187
1063,2020-05-10,0.0020922459356881307,0.9979077540643119
1064,2020-05-10,0.0106236344376609,0.9893763655623391
1065,2020-05-10,0.014552753645953653,0.9854472463540463
1066,2020-05-10,0.01479443488104415,0.9852055651189559
1067,2020-05-10,0.013566336060527706,0.9864336639394723
1068,2020-05-10,0.011689175137311603,0.9883108248626884
1069,2020-05-10,0.056177389535422284,0.9438226104645777
1070,2020-05-10,0.019652933460010957,0.980347066539989
1071,2020-05-10,0.019823872317983215,0.9801761276820168
1072,2020-05-10,0.01174585476797474,0.9882541452320253
1073,2020-05-10,0.05242697465391355,0.9475730253460865
1074,2020-05-10,0.043809656168438016,0.956190343831562
1075,2020-05-10,0.012636498910785443,0.9873635010892146
1076,2020-05-10,0.04626690715580295,0.953733092844197
1077,2020-05-10,0.003778457385639755,0.9962215426143602
1078,2020-05-10,0.012601857018979423,0.9873981429810206
1079,2020-05-10,0.024873595204973564,0.9751264047950264
1081,2020-05-10,0.011447876241076904,0.9885521237589231
1082,2020-05-10,0.006745925024248756,0.9932540749757512
1083,2020-05-10,0.014942180700976526,0.9850578192990235
1085,2020-05-10,0.005306479225689942,0.9946935207743101
1086,2020-05-10,0.020270157418299628,0.9797298425817004
1087,2020-05-10,0.012528454021987323,0.9874715459780127
1088,2020-05-10,0.04178978250474796,0.958210217495252
1089,2020-05-10,0.003416083948301618,0.9965839160516984
1090,2020-05-10,0.09513961441602303,0.904860385583977
1091,2020-05-10,0.004362385913735389,0.9956376140862646
1094,2020-05-10,0.006444384563592198,0.9935556154364078
1095,2020-05-10,0.011072213983576051,0.988927786016424
1096,2020-05-10,0.005090223872231792,0.9949097761277682
1097,2020-05-10,0.011492452658935282,0.9885075473410647
1098,2020-05-10,0.026651861562803192,0.9733481384371968
1099,2020-05-10,0.012518011226317127,0.9874819887736829
1100,2020-05-10,0.003911060630398477,0.9960889393696015
1101,2020-05-10,0.024439344446731237,0.9755606555532688
1102,2020-05-10,0.007012041915640754,0.9929879580843592
1103,2020-05-10,0.01903536546431106,0.9809646345356889
1104,2020-05-10,0.013525327257353337,0.9864746727426467
1105,2020-05-10,0.007967525734365655,0.9920324742656343
1106,2020-05-10,0.015257987697455011,0.984742012302545
1107,2020-05-10,0.0054179306979162956,0.9945820693020837
1108,2020-05-10,0.014127142611794374,0.9858728573882056
1109,2020-05-10,0.0353933693096643,0.9646066306903357
1110,2020-05-10,0.016610425769179815,0.9833895742308202
1111,2020-05-10,0.010192441961690113,0.9898075580383099
1112,2020-05-10,0.012655539723077092,0.9873444602769229
1113,2020-05-10,0.010073185973070609,0.9899268140269294
1114,2020-05-10,0.02066850388670205,0.979331496113298
1115,2020-05-10,0.026755847294172685,0.9732441527058273
1116,2020-05-10,0.005783518912816588,0.9942164810871834
1117,2020-05-10,0.00552156106019519,0.9944784389398048
1119,2020-05-10,0.06348139673539521,0.9365186032646048
1120,2020-05-10,0.02431866107690006,0.9756813389230999
1121,2020-05-10,0.02796170870853576,0.9720382912914642
1122,2020-05-10,0.020475662643138715,0.9795243373568613
1123,2020-05-10,0.019749440598961443,0.9802505594010386
1124,2020-05-10,0.007383876864162753,0.9926161231358372
1125,2020-05-10,0.042739379433106794,0.9572606205668932
1126,2020-05-10,0.0026414287873126607,0.9973585712126873
1127,2020-05-10,0.01025016287410907,0.9897498371258909
1128,2020-05-10,0.021475201873415117,0.9785247981265849
1129,2020-05-10,0.01771340600232696,0.982286593997673
1130,2020-05-10,0.008481815311495278,0.9915181846885047
1131,2020-05-10,0.007510541657296477,0.9924894583427035
1132,2020-05-10,0.0374944279935453,0.9625055720064547
1133,2020-05-10,0.006816922542295489,0.9931830774577045
1134,2020-05-10,0.020370655926527537,0.9796293440734725
1135,2020-05-10,0.0027189848337917377,0.9972810151662083
1136,2020-05-10,0.009292057583496383,0.9907079424165036
1137,2020-05-10,0.0340614514664761,0.9659385485335239
1138,2020-05-10,0.029652154074505832,0.9703478459254942
1139,2020-05-10,0.00943934797788848,0.9905606520221115
1140,2020-05-10,0.021232515268805652,0.9787674847311943
1141,2020-05-10,0.00270815019849302,0.997291849801507
1142,2020-05-10,0.05009207069305255,0.9499079293069475
1144,2020-05-10,0.004533934373706527,0.9954660656262935
1145,2020-05-10,0.06855074586564647,0.9314492541343535
1146,2020-05-10,0.024824468692866253,0.9751755313071337
1147,2020-05-10,0.00897896506241913,0.9910210349375809
1148,2020-05-10,0.0068559506006264925,0.9931440493993735
1149,2020-05-10,0.004152742075024363,0.9958472579249756
1150,2020-05-10,0.03804137689458964,0.9619586231054104
1151,2020-05-10,0.008845535687521777,0.9911544643124782
1152,2020-05-10,0.021478609348182243,0.9785213906518178
1153,2020-05-10,0.039594078768821483,0.9604059212311785
1154,2020-05-10,0.003798673512109496,0.9962013264878905
1155,2020-05-10,0.007092138180402774,0.9929078618195972
1156,2020-05-10,0.02397076576981494,0.9760292342301851
1157,2020-05-10,0.056462706628191084,0.9435372933718089
1158,2020-05-10,0.004478139006785398,0.9955218609932146
1159,2020-05-10,0.015163421117400322,0.9848365788825997
1160,2020-05-10,0.03216621514820539,0.9678337848517946
1161,2020-05-10,0.03796217176279815,0.9620378282372019
1162,2020-05-10,0.0074107065893881385,0.9925892934106119
1163,2020-05-10,0.013152253202161623,0.9868477467978384
1164,2020-05-10,0.012894036059470704,0.9871059639405293
1165,2020-05-10,0.032099579315404636,0.9679004206845954
1166,2020-05-10,0.018572926251642974,0.981427073748357
1167,2020-05-10,0.011261020388511733,0.9887389796114883
1168,2020-05-10,0.003274105884864431,0.9967258941151356
1169,2020-05-10,0.00872861280253201,0.991271387197468
1170,2020-05-10,0.034840176699632686,0.9651598233003673
1171,2020-05-10,0.006312334142485776,0.9936876658575142
1172,2020-05-10,0.009500067471289064,0.9904999325287109
1173,2020-05-10,0.037071169410831106,0.9629288305891689
1174,2020-05-10,0.019387985956192177,0.9806120140438078
1175,2020-05-10,0.003902921229942069,0.9960970787700579
1177,2020-05-10,0.006292840773474584,0.9937071592265254
1178,2020-05-10,0.020525768681065815,0.9794742313189342
1179,2020-05-10,0.008122826288356588,0.9918771737116434
1180,2020-05-10,0.00907752628090941,0.9909224737190906
1181,2020-05-10,0.023382129429973753,0.9766178705700262
1182,2020-05-10,0.053276539847966986,0.946723460152033
1183,2020-05-10,0.02069231147226147,0.9793076885277385
1184,2020-05-10,0.0024410895081556916,0.9975589104918443
1185,2020-05-10,0.03955468120122818,0.9604453187987718
1186,2020-05-10,0.022886624897897945,0.977113375102102
1188,2020-05-10,0.030066734282047203,0.9699332657179528
1189,2020-05-10,0.05410359396974307,0.9458964060302569
1190,2020-05-10,0.03972712892306052,0.9602728710769395
1191,2020-05-10,0.012847147330445341,0.9871528526695547
1193,2020-05-10,0.012600190577902515,0.9873998094220975
1195,2020-05-10,0.021187100244992596,0.9788128997550074
1196,2020-05-10,0.004876347236527634,0.9951236527634724
1197,2020-05-10,0.01361030349078951,0.9863896965092105
1198,2020-05-10,0.05613495477121566,0.9438650452287843
1199,2020-05-10,0.020212530348540314,0.9797874696514597
1200,2020-05-10,0.008758638974325494,0.9912413610256745
1201,2020-05-10,0.0372571838964425,0.9627428161035575
1202,2020-05-10,0.009508203872709786,0.9904917961272902
1203,2020-05-10,0.009344544586089909,0.9906554554139101
1204,2020-05-10,0.029051256353454402,0.9709487436465456
1205,2020-05-10,0.02648383906184837,0.9735161609381516
1206,2020-05-10,0.08098554602343766,0.9190144539765623
1207,2020-05-10,0.0204632535331718,0.9795367464668282
1208,2020-05-10,0.022121565772813656,0.9778784342271863
1209,2020-05-10,0.011110099156599773,0.9888899008434002
1210,2020-05-10,0.0020822469354170314,0.997917753064583
1211,2020-05-10,0.013920458291377225,0.9860795417086228
1214,2020-05-10,0.01500073333457319,0.9849992666654268
1215,2020-05-10,0.0007362235341860091,0.999263776465814
1216,2020-05-10,0.04086775170955348,0.9591322482904465
1217,2020-05-10,0.007304562968862283,0.9926954370311377
1218,2020-05-10,0.005357026016709954,0.99464297398329
1219,2020-05-10,0.022104993298410647,0.9778950067015894
1220,2020-05-10,0.021866740084484526,0.9781332599155155
1221,2020-05-10,0.002828344897724766,0.9971716551022752
1222,2020-05-10,0.0186278923360208,0.9813721076639792
1223,2020-05-10,0.05168862024054144,0.9483113797594586
1225,2020-05-10,0.0169935925796334,0.9830064074203666
1226,2020-05-10,0.01609343337566449,0.9839065666243355
1227,2020-05-10,0.0010933128646435364,0.9989066871353565
1228,2020-05-10,0.014178055630156283,0.9858219443698437
1229,2020-05-10,0.017977950117360253,0.9820220498826397
1230,2020-05-10,0.01185281833710461,0.9881471816628954
1231,2020-05-10,0.025427808715007827,0.9745721912849922
1232,2020-05-10,0.025997091080012358,0.9740029089199876
1234,2020-05-10,0.004334701641194427,0.9956652983588056
1235,2020-05-10,0.007519794965989757,0.9924802050340102
1236,2020-05-10,0.00907006634433194,0.9909299336556681
1237,2020-05-10,0.03631405395829845,0.9636859460417015
1238,2020-05-10,0.052856913614313994,0.947143086385686
1239,2020-05-10,0.01772402611758983,0.9822759738824102
1240,2020-05-10,0.01217357090569271,0.9878264290943073
1241,2020-05-10,0.012600550955573109,0.9873994490444269
1242,2020-05-10,0.03271645800994094,0.9672835419900591
1243,2020-05-10,0.017063613331018246,0.9829363866689818
1244,2020-05-10,0.07942718561338757,0.9205728143866124
1245,2020-05-10,0.016172874344289268,0.9838271256557107
1246,2020-05-10,0.020059672738356515,0.9799403272616435
1247,2020-05-10,0.04135796651047474,0.9586420334895253
1248,2020-05-10,0.00731564950539465,0.9926843504946053
1249,2020-05-10,0.02336914673703805,0.976630853262962
1250,2020-05-10,0.025124761183357824,0.9748752388166422
1251,2020-05-10,0.016027155736396015,0.983972844263604
1252,2020-05-10,0.00959547243114467,0.9904045275688553
1253,2020-05-10,0.01023046122912008,0.9897695387708799
1254,2020-05-10,0.02169050324391142,0.9783094967560886
1255,2020-05-10,0.01023552156921037,0.9897644784307896
1256,2020-05-10,0.026924443425093036,0.973075556574907
1257,2020-05-10,0.00871134710082111,0.9912886528991789
1258,2020-05-10,0.02606778837933088,0.9739322116206691
1259,2020-05-10,0.012722656900397977,0.987277343099602
1260,2020-05-10,0.018032065681826803,0.9819679343181732
1261,2020-05-10,0.018726061729871457,0.9812739382701285
1262,2020-05-10,0.008375628420940973,0.991624371579059
1263,2020-05-10,0.013519210505895662,0.9864807894941043
1264,2020-05-10,0.016234538081165373,0.9837654619188346
1265,2020-05-10,0.028087835912109838,0.9719121640878902
1268,2020-05-10,0.024279243251987825,0.9757207567480122
1269,2020-05-10,0.022801843494938967,0.977198156505061
1270,2020-05-10,0.013074012281253045,0.986925987718747
1271,2020-05-10,0.02361484499209432,0.9763851550079057
1272,2020-05-10,0.024716964518099127,0.9752830354819009
1273,2020-05-10,0.03517515127449411,0.9648248487255059
1274,2020-05-10,0.006005222991183667,0.9939947770088163
1275,2020-05-10,0.013350804377692649,0.9866491956223074
1276,2020-05-10,0.01695445932333184,0.9830455406766682
1278,2020-05-10,0.017107609278303793,0.9828923907216962
1279,2020-05-10,0.017058464847955035,0.982941535152045
1281,2020-05-10,0.01369842579909164,0.9863015742009084
1283,2020-05-10,0.0007310524854751144,0.9992689475145249
1284,2020-05-10,0.006608235639104398,0.9933917643608956
1285,2020-05-10,0.01445320656432969,0.9855467934356703
1287,2020-05-10,0.008389998453199654,0.9916100015468003
1288,2020-05-10,0.0016990857413881066,0.9983009142586119
1289,2020-05-10,0.0074206301156166665,0.9925793698843833
1290,2020-05-10,0.026094830621054554,0.9739051693789454
1292,2020-05-10,0.009954017361894718,0.9900459826381053
1293,2020-05-10,0.014500802537306567,0.9854991974626934
1294,2020-05-10,0.002906578350763689,0.9970934216492363
1295,2020-05-10,0.036372646247123885,0.9636273537528761
1296,2020-05-10,0.027186414923986102,0.9728135850760139
1297,2020-05-10,0.004578220126293053,0.995421779873707
1298,2020-05-10,0.01959119587163849,0.9804088041283615
1299,2020-05-10,0.010263340791225484,0.9897366592087745
1300,2020-05-10,0.03303358060357675,0.9669664193964232
1301,2020-05-10,0.012942090269535078,0.9870579097304649
1302,2020-05-10,0.01201885196916086,0.9879811480308391
1303,2020-05-10,0.026405723048173457,0.9735942769518265
1304,2020-05-10,0.02967202146970116,0.9703279785302988
1305,2020-05-10,0.06744468965519212,0.9325553103448079
1306,2020-05-10,0.003953384362529899,0.9960466156374701
1307,2020-05-10,0.019980859597582334,0.9800191404024177
1308,2020-05-10,0.010054277495311958,0.989945722504688
1309,2020-05-10,0.0037526711780416777,0.9962473288219583
1312,2020-05-10,0.025398477444933842,0.9746015225550662
1313,2020-05-10,0.00814079658053668,0.9918592034194633
1314,2020-05-10,0.011416126050291187,0.9885838739497088
1315,2020-05-10,0.03153607832317529,0.9684639216768247
1316,2020-05-10,0.07306904472900322,0.9269309552709968
1317,2020-05-10,0.008527912110325109,0.9914720878896749
1318,2020-05-10,0.012655882107277416,0.9873441178927226
1319,2020-05-10,0.018726814787892843,0.9812731852121072
1320,2020-05-10,0.004969346862820134,0.9950306531371799
1321,2020-05-10,0.0213635943082775,0.9786364056917225
1322,2020-05-10,0.03575193983748559,0.9642480601625144
1323,2020-05-10,0.005728414026189177,0.9942715859738108
1326,2020-05-10,0.015064087571840634,0.9849359124281594
1327,2020-05-10,0.013170016193444045,0.986829983806556
1328,2020-05-10,0.04006207186540034,0.9599379281345997
1329,2020-05-10,0.04583688922967821,0.9541631107703218
1330,2020-05-10,0.025229194903852337,0.9747708050961477
1331,2020-05-10,0.006446158516180023,0.99355384148382
1333,2020-05-10,0.015583275058541846,0.9844167249414582
1334,2020-05-10,0.00919594951395919,0.9908040504860408
1335,2020-05-10,0.008101872321167325,0.9918981276788327
1336,2020-05-10,0.022199926209609755,0.9778000737903902
1337,2020-05-10,0.029810299644892013,0.970189700355108
1338,2020-05-10,0.004972073092948892,0.9950279269070511
1339,2020-05-10,0.012640000152065567,0.9873599998479344
1340,2020-05-10,0.013662086322765665,0.9863379136772343
1341,2020-05-10,0.01205233181589993,0.9879476681841001
1342,2020-05-10,0.02672467658383826,0.9732753234161617
1343,2020-05-10,0.01706644790561007,0.9829335520943899
1344,2020-05-10,0.014457059901428981,0.985542940098571
1345,2020-05-10,0.03482096437701765,0.9651790356229824
1346,2020-05-10,0.008519937068857009,0.991480062931143
1347,2020-05-10,0.05294066759811478,0.9470593324018852
1348,2020-05-10,0.043718285814773994,0.956281714185226
1351,2020-05-10,0.03634612678904259,0.9636538732109574
1352,2020-05-10,0.06223986679776128,0.9377601332022387
1353,2020-05-10,0.020631465583341835,0.9793685344166582
1354,2020-05-10,0.009231754527320502,0.9907682454726795
1355,2020-05-10,0.026558237331824275,0.9734417626681757
1356,2020-05-10,0.02863821908541242,0.9713617809145876
1357,2020-05-10,0.04487721537482836,0.9551227846251716
1358,2020-05-10,0.015611054854280715,0.9843889451457193
1359,2020-05-10,0.10933022631259559,0.8906697736874044
1360,2020-05-10,0.006499304445066634,0.9935006955549334
1361,2020-05-10,0.0029107627568141226,0.9970892372431859
1362,2020-05-10,0.016874169842172826,0.9831258301578272
1363,2020-05-10,0.008485727721527891,0.9915142722784721
1364,2020-05-10,0.008053192335788828,0.9919468076642112
1365,2020-05-10,0.015687849386814334,0.9843121506131857
1366,2020-05-10,0.00932653052666177,0.9906734694733382
1367,2020-05-10,0.009745183735813456,0.9902548162641865
1368,2020-05-10,0.011464949480582187,0.9885350505194178
1369,2020-05-10,0.00941215400246953,0.9905878459975305
1370,2020-05-10,0.07631146576767445,0.9236885342323256
1371,2020-05-10,0.015542995023590467,0.9844570049764095
1372,2020-05-10,0.017853110375872783,0.9821468896241272
1373,2020-05-10,0.008181815126490188,0.9918181848735098
1374,2020-05-10,0.01632962993207232,0.9836703700679277
1375,2020-05-10,0.024821216081650666,0.9751787839183493
1376,2020-05-10,0.033644711791206316,0.9663552882087937
1377,2020-05-10,0.005226044907458149,0.9947739550925419
1378,2020-05-10,0.010365617338207955,0.989634382661792
1379,2020-05-10,0.004033614399399865,0.9959663856006001
1380,2020-05-10,0.017521583745490288,0.9824784162545097
1381,2020-05-10,0.02332951842704667,0.9766704815729533
1382,2020-05-10,0.014513812259192238,0.9854861877408078
1383,2020-05-10,0.007939732481733963,0.992060267518266
1384,2020-05-10,0.008124833948936483,0.9918751660510635
1386,2020-05-10,0.015506344399641825,0.9844936556003582
1387,2020-05-10,0.004982461801545379,0.9950175381984546
1388,2020-05-10,0.003817849584352939,0.9961821504156471
1389,2020-05-10,0.004299149263793822,0.9957008507362062
1390,2020-05-10,0.03370937462003243,0.9662906253799676
1391,2020-05-10,0.0060053158105798365,0.9939946841894202
1393,2020-05-10,0.0343697914302058,0.9656302085697942
1394,2020-05-10,0.005783757398970191,0.9942162426010298
1395,2020-05-10,0.004565668146684687,0.9954343318533153
1396,2020-05-10,0.01401212836512511,0.9859878716348749
1397,2020-05-10,0.01357494373290713,0.9864250562670929
1398,2020-05-10,0.020770519460229675,0.9792294805397703
1399,2020-05-10,0.007139426360986523,0.9928605736390135
1400,2020-05-10,0.01612131400717587,0.9838786859928241
1401,2020-05-10,0.006379712512182278,0.9936202874878177
1402,2020-05-10,0.014898104919086164,0.9851018950809138
1403,2020-05-10,0.002527028125466124,0.9974729718745339
1404,2020-05-10,0.0021816674348371645,0.9978183325651628
1405,2020-05-10,0.02164232981630765,0.9783576701836924
1406,2020-05-10,0.01064420755877138,0.9893557924412286
1407,2020-05-10,0.005591675740527435,0.9944083242594726
1408,2020-05-10,0.008588598050473295,0.9914114019495267
1409,2020-05-10,0.012140877575916975,0.987859122424083
1410,2020-05-10,0.010177502563407548,0.9898224974365925
1411,2020-05-10,0.006212082618014425,0.9937879173819856
1412,2020-05-10,0.023835814695508883,0.9761641853044911
1413,2020-05-10,0.031835137175597716,0.9681648628244023
1414,2020-05-10,0.1498214186521688,0.8501785813478312
1415,2020-05-10,0.01035384586502619,0.9896461541349738
1416,2020-05-10,0.015560904580613544,0.9844390954193865
1417,2020-05-10,0.03550964823138669,0.9644903517686133
1418,2020-05-10,0.004484894632988956,0.995515105367011
1419,2020-05-10,0.02640210498703588,0.9735978950129641
1420,2020-05-10,0.004213562420556927,0.9957864375794431
1421,2020-05-10,0.0056199946506055865,0.9943800053493944
1422,2020-05-10,0.0076083353501289475,0.992391664649871
1423,2020-05-10,0.01798842281897295,0.982011577181027
1424,2020-05-10,0.04598100446074582,0.9540189955392542
1425,2020-05-10,0.012678276309703085,0.9873217236902969
1426,2020-05-10,0.00725037743849688,0.9927496225615031
1427,2020-05-10,0.040499489582379145,0.9595005104176209
1428,2020-05-10,0.01547248572048221,0.9845275142795178
1429,2020-05-10,0.022631818215671062,0.9773681817843289
1430,2020-05-10,0.0856544521436452,0.9143455478563548
1431,2020-05-10,0.01952178270447158,0.9804782172955284
1432,2020-05-10,0.00110504638742992,0.9988949536125701
1433,2020-05-10,0.0057122380013233665,0.9942877619986766
1434,2020-05-10,0.007486728680901056,0.9925132713190989
1435,2020-05-10,0.013293794080928012,0.986706205919072
1436,2020-05-10,0.0032993625426737117,0.9967006374573263
1437,2020-05-10,0.03180590099091929,0.9681940990090807
1438,2020-05-10,0.032250406165481804,0.9677495938345182
1439,2020-05-10,0.023636306016658337,0.9763636939833417
1440,2020-05-10,0.016247324229675897,0.9837526757703241
1441,2020-05-10,0.01719461636024866,0.9828053836397513
1442,2020-05-10,0.034484026582375815,0.9655159734176242
1443,2020-05-10,0.22259264193476958,0.7774073580652304
1444,2020-05-10,0.03161120022687802,0.968388799773122
1445,2020-05-10,0.015954140918146065,0.9840458590818539
1446,2020-05-10,0.051941231229564955,0.948058768770435
1447,2020-05-10,0.020133372199315214,0.9798666278006848
1448,2020-05-10,0.0026967214116723204,0.9973032785883277
1449,2020-05-10,0.019638580751304313,0.9803614192486957
1450,2020-05-10,0.010159028221448096,0.9898409717785519
1451,2020-05-10,0.00529026622804496,0.994709733771955
1452,2020-05-10,0.030503654600148478,0.9694963453998515
1453,2020-05-10,0.008602354896663167,0.9913976451033368
1454,2020-05-10,0.0020448940735452448,0.9979551059264548
1455,2020-05-10,0.017126928490304172,0.9828730715096958
1456,2020-05-10,0.00797160095083893,0.9920283990491611
1457,2020-05-10,0.032386970962302475,0.9676130290376975
1458,2020-05-10,0.034281236649846614,0.9657187633501534
1459,2020-05-10,0.008993177071254688,0.9910068229287453
1460,2020-05-10,0.005219992725827516,0.9947800072741725
1461,2020-05-10,0.02572813948680064,0.9742718605131994
1462,2020-05-10,0.008408578265595934,0.9915914217344041
1463,2020-05-10,0.012862096333501771,0.9871379036664982
1464,2020-05-10,0.008513203892003718,0.9914867961079963
1465,2020-05-10,0.020528476504364512,0.9794715234956355
1466,2020-05-10,0.016851690614515413,0.9831483093854846
1467,2020-05-10,0.03698286093328407,0.9630171390667159
1468,2020-05-10,0.06347238587542547,0.9365276141245745
1469,2020-05-10,0.026735761512057477,0.9732642384879425
1470,2020-05-10,0.011208028677450299,0.9887919713225497
1471,2020-05-10,0.0017953545440138052,0.9982046454559862
1472,2020-05-10,0.005484128365634722,0.9945158716343653
1473,2020-05-10,0.014600221938807723,0.9853997780611923
1474,2020-05-10,0.05053436063031269,0.9494656393696873
1475,2020-05-10,0.046138634234572096,0.9538613657654279
1476,2020-05-10,0.0074649285138354005,0.9925350714861646
1477,2020-05-10,0.009082324483333015,0.990917675516667
1478,2020-05-10,0.039237463027331,0.960762536972669
1479,2020-05-10,0.017361908764983114,0.9826380912350169
1480,2020-05-10,0.00720247590113654,0.9927975240988635
1481,2020-05-10,0.009144279156409807,0.9908557208435902
1482,2020-05-10,0.006355676664422272,0.9936443233355777
1483,2020-05-10,0.019755227655872343,0.9802447723441277
1484,2020-05-10,0.03367194235539994,0.9663280576446001
1486,2020-05-10,0.052658703468729695,0.9473412965312703
1487,2020-05-10,0.016920413829769054,0.983079586170231
1488,2020-05-10,0.02780212207104238,0.9721978779289576
1490,2020-05-10,0.010669079250285707,0.9893309207497143
1491,2020-05-10,0.0059062160632327165,0.9940937839367673
1492,2020-05-10,0.011651987252874196,0.9883480127471258
1493,2020-05-10,0.025850477305011887,0.9741495226949881
1494,2020-05-10,0.015923213025107796,0.9840767869748922
1495,2020-05-10,0.009241642889381563,0.9907583571106184
1496,2020-05-10,0.06329693694333882,0.9367030630566612
1497,2020-05-10,0.009991916037624171,0.9900080839623758
1498,2020-05-10,0.0024827960672987315,0.9975172039327013
1499,2020-05-10,0.05969822255686785,0.9403017774431321
1500,2020-05-10,0.009384565102277032,0.990615434897723
1501,2020-05-10,0.0035525602450924287,0.9964474397549076
1502,2020-05-10,0.003495801854899949,0.9965041981451
1503,2020-05-10,0.0029046027856837187,0.9970953972143163
1504,2020-05-10,0.02934827064245482,0.9706517293575452
1505,2020-05-10,0.009869485651087473,0.9901305143489125
1506,2020-05-10,0.006640390637251525,0.9933596093627485
1507,2020-05-10,0.021172415978975345,0.9788275840210247
1508,2020-05-10,0.04048376119626451,0.9595162388037355
1509,2020-05-10,0.007602328185785989,0.992397671814214
1511,2020-05-10,0.009383715048942975,0.990616284951057
1512,2020-05-10,0.004608485049134248,0.9953915149508658
1513,2020-05-10,0.0011592576873226124,0.9988407423126774
1514,2020-05-10,0.005813264675622598,0.9941867353243774
1515,2020-05-10,0.005864339939836927,0.9941356600601631
1516,2020-05-10,0.007745665104250121,0.9922543348957499
1517,2020-05-10,0.014445647445562204,0.9855543525544378
1518,2020-05-10,0.01752191062844677,0.9824780893715532
1520,2020-05-10,0.018319159268322616,0.9816808407316774
1522,2020-05-10,0.06106734903446265,0.9389326509655374
1523,2020-05-10,0.030023989422753417,0.9699760105772466
1524,2020-05-10,0.008227894908513389,0.9917721050914866
1525,2020-05-10,0.01963545320176341,0.9803645467982366
1526,2020-05-10,0.030382049107461673,0.9696179508925383
1527,2020-05-10,0.0021832396589401837,0.9978167603410598
1528,2020-05-10,0.008288425006149014,0.991711574993851
1529,2020-05-10,0.014356308660926964,0.985643691339073
1530,2020-05-10,0.009289005567379771,0.9907109944326202
1531,2020-05-10,0.012187710096828508,0.9878122899031715
1532,2020-05-10,0.011698414747097319,0.9883015852529027
1533,2020-05-10,0.018504291869963496,0.9814957081300365
1534,2020-05-10,0.009806808948977341,0.9901931910510227
1535,2020-05-10,0.003285240618369545,0.9967147593816305
1536,2020-05-10,0.0195191939474193,0.9804808060525807
1537,2020-05-10,0.016273254123414738,0.9837267458765853
1538,2020-05-10,0.026828044352885105,0.9731719556471149
1539,2020-05-10,0.0033152263168512164,0.9966847736831488
1540,2020-05-10,0.006133930892759487,0.9938660691072405
1541,2020-05-10,0.013833195807453125,0.9861668041925469
1544,2020-05-10,0.010290935851669736,0.9897090641483303
1545,2020-05-10,0.023378516139253458,0.9766214838607465
1546,2020-05-10,0.011057035793806569,0.9889429642061934
1547,2020-05-10,0.00747005489834951,0.9925299451016505
1548,2020-05-10,0.004482018307869651,0.9955179816921303
1549,2020-05-10,0.009564890160548623,0.9904351098394514
1550,2020-05-10,0.009880699094449441,0.9901193009055506
1551,2020-05-10,0.016293280132188226,0.9837067198678118
1552,2020-05-10,0.02054545675095143,0.9794545432490486
1553,2020-05-10,0.014603440979439553,0.9853965590205604
1554,2020-05-10,0.013273810398377606,0.9867261896016224
1556,2020-05-10,0.021212905489639722,0.9787870945103603
1557,2020-05-10,0.011515183160804021,0.988484816839196
1558,2020-05-10,0.02915114847081468,0.9708488515291853
1559,2020-05-10,0.015790951018319066,0.9842090489816809
1560,2020-05-10,0.027027051358472942,0.9729729486415271
1561,2020-05-10,0.07409249383477301,0.925907506165227
1562,2020-05-10,0.04314198137873637,0.9568580186212636
1563,2020-05-10,0.005290125553797931,0.9947098744462021
1564,2020-05-10,0.04976871591854781,0.9502312840814522
1565,2020-05-10,0.008607520701927718,0.9913924792980723
1566,2020-05-10,0.024151120028641948,0.975848879971358
1567,2020-05-10,0.0065688781943062935,0.9934311218056937
1569,2020-05-10,0.016062655024786987,0.983937344975213
1570,2020-05-10,0.00450268382505159,0.9954973161749484
1571,2020-05-10,0.007460799271848728,0.9925392007281513
1572,2020-05-10,0.020887752370945867,0.9791122476290541
1573,2020-05-10,0.038584846552934704,0.9614151534470653
1574,2020-05-10,0.04008243054109217,0.9599175694589078
1575,2020-05-10,0.04169488833155799,0.958305111668442
1576,2020-05-10,0.020438982496107094,0.9795610175038929
1577,2020-05-10,0.02006364465130761,0.9799363553486924
1578,2020-05-10,0.007530203096046906,0.9924697969039531
1579,2020-05-10,0.02523562476809038,0.9747643752319096
1580,2020-05-10,0.008550186664025183,0.9914498133359748
1581,2020-05-10,0.007540803502567028,0.992459196497433
1582,2020-05-10,0.030754311651176702,0.9692456883488233
1583,2020-05-10,0.009450926678108984,0.990549073321891
1584,2020-05-10,0.07207072300904849,0.9279292769909515
1585,2020-05-10,0.009009422794010957,0.990990577205989
1586,2020-05-10,0.053082713577208174,0.9469172864227918
1588,2020-05-10,0.004387448057231902,0.9956125519427681
1589,2020-05-10,0.0020249678518438063,0.9979750321481562
1590,2020-05-10,0.016562460302459336,0.9834375396975407
1591,2020-05-10,0.03296963347882964,0.9670303665211704
1592,2020-05-10,0.07158323105954412,0.9284167689404559
1593,2020-05-10,0.02797372847343471,0.9720262715265653
1594,2020-05-10,0.01215343176303496,0.987846568236965
1595,2020-05-10,0.0668914672679427,0.9331085327320573
1596,2020-05-10,0.00588553847797102,0.994114461522029
1599,2020-05-10,0.010717130105346251,0.9892828698946537
1601,2020-05-10,0.008577372230723634,0.9914226277692764
1602,2020-05-10,0.008621960118717076,0.9913780398812829
1603,2020-05-10,0.06663237670467226,0.9333676232953277
1604,2020-05-10,0.004744071374083281,0.9952559286259167
1605,2020-05-10,0.018758085060323837,0.9812419149396762
1606,2020-05-10,0.010631035554941715,0.9893689644450583
1607,2020-05-10,0.014343243636413705,0.9856567563635863
1608,2020-05-10,0.0021192303391097678,0.9978807696608902
1609,2020-05-10,0.01834412418893261,0.9816558758110674
1610,2020-05-10,0.0035696930710645836,0.9964303069289354
1611,2020-05-10,0.022788380410855957,0.977211619589144
1612,2020-05-10,0.01738551603034244,0.9826144839696576
1613,2020-05-10,0.03015971909981785,0.9698402809001822
1614,2020-05-10,0.01140954512161596,0.988590454878384
1615,2020-05-10,0.009521724902631257,0.9904782750973687
1616,2020-05-10,0.012492417721451932,0.9875075822785481
1617,2020-05-10,0.014244080187542751,0.9857559198124572
1619,2020-05-10,0.0063831073991210685,0.9936168926008789
1620,2020-05-10,0.00374605484022994,0.9962539451597701
1621,2020-05-10,0.02578474184723334,0.9742152581527667
1622,2020-05-10,0.02498004335641313,0.9750199566435869
1623,2020-05-10,0.008684833334740572,0.9913151666652594
1624,2020-05-10,0.01324378209672783,0.9867562179032722
1625,2020-05-10,0.01055103915343203,0.989448960846568
1627,2020-05-10,0.01488395346051874,0.9851160465394813
1628,2020-05-10,0.014281296165158941,0.9857187038348411
1630,2020-05-10,0.02422315451194812,0.9757768454880519
1631,2020-05-10,0.02496625821956666,0.9750337417804333
1634,2020-05-10,0.038161849012917415,0.9618381509870826
1635,2020-05-10,0.021212333354221236,0.9787876666457788
1636,2020-05-10,0.012898580843868634,0.9871014191561314
1637,2020-05-10,0.049682904657209925,0.9503170953427901
1638,2020-05-10,0.007151952692261987,0.992848047307738
1639,2020-05-10,0.06063246124036037,0.9393675387596396
1640,2020-05-10,0.005797195992581994,0.994202804007418
1641,2020-05-10,0.0021375565527937956,0.9978624434472062
1642,2020-05-10,0.056342389393531755,0.9436576106064682
1643,2020-05-10,0.02073776743678546,0.9792622325632145
1644,2020-05-10,0.0277930112137591,0.9722069887862409
1645,2020-05-10,0.023113332137391973,0.976886667862608
1646,2020-05-10,0.016537147671510488,0.9834628523284895
1647,2020-05-10,0.0030075417732684517,0.9969924582267315
1648,2020-05-10,0.0065339105212340876,0.9934660894787659
1649,2020-05-10,0.016788487464293955,0.983211512535706
1651,2020-05-10,0.025021393161495098,0.9749786068385049
1652,2020-05-10,0.005316308259129432,0.9946836917408706
1654,2020-05-10,0.0069930563669257095,0.9930069436330743
1655,2020-05-10,0.0697786408880442,0.9302213591119558
1656,2020-05-10,0.02260839694287675,0.9773916030571232
1657,2020-05-10,0.03929856933643505,0.960701430663565
1659,2020-05-10,0.015392934339768516,0.9846070656602315
1660,2020-05-10,0.008626398330547125,0.9913736016694529
1661,2020-05-10,0.008271805403309851,0.9917281945966901
1662,2020-05-10,0.007325563123659062,0.9926744368763409
1663,2020-05-10,0.009561440106221175,0.9904385598937788
1664,2020-05-10,0.028587281509304008,0.971412718490696
1665,2020-05-10,0.005821455358631211,0.9941785446413688
1666,2020-05-10,0.023145386339738394,0.9768546136602616
1667,2020-05-10,0.08857841561117008,0.9114215843888299
1669,2020-05-10,0.08112174532681837,0.9188782546731816
1670,2020-05-10,0.0040227682592896,0.9959772317407104
1671,2020-05-10,0.010835186306900613,0.9891648136930994
1672,2020-05-10,0.04040738206764527,0.9595926179323547
1673,2020-05-10,0.04544087035113431,0.9545591296488657
1674,2020-05-10,0.009221900098394964,0.990778099901605
1677,2020-05-10,0.020938284121367223,0.9790617158786328
1678,2020-05-10,0.005009677309507077,0.9949903226904929
1679,2020-05-10,0.011628843809706524,0.9883711561902935
1680,2020-05-10,0.03583250362870394,0.9641674963712961
1681,2020-05-10,0.019010367546386076,0.9809896324536139
1682,2020-05-10,0.002827147995777879,0.9971728520042221
1683,2020-05-10,0.04295576515950683,0.9570442348404932
1684,2020-05-10,0.009688162820299828,0.9903118371797002
1685,2020-05-10,0.01592357868395078,0.9840764213160492
1687,2020-05-10,0.012377954749309583,0.9876220452506904
1688,2020-05-10,0.02398657025869111,0.9760134297413089
1689,2020-05-10,0.015501943034689769,0.9844980569653102
1690,2020-05-10,0.008247391953586147,0.9917526080464139
1691,2020-05-10,0.01904988740168756,0.9809501125983124
1692,2020-05-10,0.005464238289181411,0.9945357617108186
1693,2020-05-10,0.014414602783604735,0.9855853972163953
1694,2020-05-10,0.016519999679151853,0.9834800003208481
1695,2020-05-10,0.013253068866295514,0.9867469311337045
1696,2020-05-10,0.004088625417915215,0.9959113745820848
1697,2020-05-10,0.02710348921647021,0.9728965107835298
1698,2020-05-10,0.007897967294452357,0.9921020327055476
1699,2020-05-10,0.041993646393958195,0.9580063536060418
1700,2020-05-10,0.01522285719761296,0.984777142802387
1702,2020-05-10,0.005676215129509221,0.9943237848704908
1703,2020-05-10,0.00922846377836739,0.9907715362216326
1704,2020-05-10,0.009177648373392966,0.990822351626607
1705,2020-05-10,0.004375125588067963,0.995624874411932
1706,2020-05-10,0.009478089757851915,0.9905219102421481
1707,2020-05-10,0.009214517617258666,0.9907854823827413
1709,2020-05-10,0.022215170760895186,0.9777848292391048
1710,2020-05-10,0.006392352027852821,0.9936076479721472
1711,2020-05-10,0.014250772836927772,0.9857492271630722
1712,2020-05-10,0.07261033557321395,0.927389664426786
1713,2020-05-10,0.05908402375562938,0.9409159762443706
1714,2020-05-10,0.013784432720030493,0.9862155672799695
1715,2020-05-10,0.03303791807539436,0.9669620819246056
1716,2020-05-10,0.0017761897958318285,0.9982238102041682
1717,2020-05-10,0.03157186443404236,0.9684281355659576
1718,2020-05-10,0.010272925626503837,0.9897270743734962
1719,2020-05-10,0.02491487139842008,0.9750851286015799
1720,2020-05-10,0.018540888314368398,0.9814591116856316
1721,2020-05-10,0.005065856874660324,0.9949341431253397
1722,2020-05-10,0.00405728358172075,0.9959427164182793
1723,2020-05-10,0.012176946772976205,0.9878230532270238
1724,2020-05-10,0.006163767240469076,0.9938362327595309
1726,2020-05-10,0.007283928033327225,0.9927160719666728
1727,2020-05-10,0.0013063716549331916,0.9986936283450668
1728,2020-05-10,0.0026108679608876084,0.9973891320391124
1729,2020-05-10,0.008381243073056766,0.9916187569269432
1730,2020-05-10,0.029994951623633637,0.9700050483763664
1731,2020-05-10,0.0019317175907358486,0.9980682824092642
1732,2020-05-10,0.007633113184026263,0.9923668868159737
1733,2020-05-10,0.001700960313817057,0.9982990396861829
1734,2020-05-10,0.014679788650205361,0.9853202113497946
1735,2020-05-10,0.029504272986531133,0.9704957270134689
1736,2020-05-10,0.017758357904152478,0.9822416420958475
1737,2020-05-10,0.03272867106582589,0.9672713289341741
1738,2020-05-10,0.05415855405983161,0.9458414459401684
1739,2020-05-10,0.01843398906494842,0.9815660109350516
1740,2020-05-10,0.0009118665841925111,0.9990881334158075
1741,2020-05-10,0.006660996202709657,0.9933390037972903
1743,2020-05-10,0.04130726589865519,0.9586927341013448
1744,2020-05-10,0.00920506898596285,0.9907949310140372
1745,2020-05-10,0.03174669501367433,0.9682533049863257
1746,2020-05-10,0.001982009904776816,0.9980179900952232
1747,2020-05-10,0.014129548474326792,0.9858704515256732
1748,2020-05-10,0.01343517877353817,0.9865648212264618
1749,2020-05-10,0.023361197002775502,0.9766388029972245
1750,2020-05-10,0.008950953683428575,0.9910490463165714
1751,2020-05-10,0.01666769110118682,0.9833323088988132
1752,2020-05-10,0.0042829921211626765,0.9957170078788373
1754,2020-05-10,0.004685747474199475,0.9953142525258005
1755,2020-05-10,0.03161514414256894,0.9683848558574311
1756,2020-05-10,0.019514969097621404,0.9804850309023786
1757,2020-05-10,0.0025505954478369786,0.997449404552163
1759,2020-05-10,0.006823292527383784,0.9931767074726162
1760,2020-05-10,0.004040465013434802,0.9959595349865652
1761,2020-05-10,0.010943716657128455,0.9890562833428715
1762,2020-05-10,0.010067993239963435,0.9899320067600366
1763,2020-05-10,0.0036807946954526827,0.9963192053045473
1764,2020-05-10,0.015760151418203305,0.9842398485817967
1765,2020-05-10,0.009359759620904184,0.9906402403790958
1766,2020-05-10,0.068837613525905,0.931162386474095
1767,2020-05-10,0.010143506329361451,0.9898564936706385
1768,2020-05-10,0.010274221262339123,0.9897257787376609
1769,2020-05-10,0.020976627145230853,0.9790233728547691
1771,2020-05-10,0.012906330108090724,0.9870936698919093
1772,2020-05-10,0.017831672103181373,0.9821683278968186
1773,2020-05-10,0.005890253648317523,0.9941097463516825
1774,2020-05-10,0.005943499391581453,0.9940565006084185
1775,2020-05-10,0.017342008710838352,0.9826579912891616
1776,2020-05-10,0.0026631146778398618,0.9973368853221601
1777,2020-05-10,0.003524978050476135,0.9964750219495239
1779,2020-05-10,0.007102357215444277,0.9928976427845557
1780,2020-05-10,0.03418376914007193,0.9658162308599281
1781,2020-05-10,0.014489435351258462,0.9855105646487415
1782,2020-05-10,0.013539822939045432,0.9864601770609546
1783,2020-05-10,0.04582517690063004,0.95417482309937
1784,2020-05-10,0.0677156245150331,0.9322843754849669
1785,2020-05-10,0.02863989178192783,0.9713601082180722
1786,2020-05-10,0.034425306529333066,0.9655746934706669
1787,2020-05-10,0.0033400872811444327,0.9966599127188556
1788,2020-05-10,0.023409923150458867,0.9765900768495411
1789,2020-05-10,0.004702939850005028,0.995297060149995
1790,2020-05-10,0.011406760760196422,0.9885932392398036
1791,2020-05-10,0.030286464577435446,0.9697135354225646
1792,2020-05-10,0.015135776879400709,0.9848642231205993
1793,2020-05-10,0.002696658636315852,0.9973033413636841
1794,2020-05-10,0.025898614458117475,0.9741013855418825
1795,2020-05-10,0.019789446947152678,0.9802105530528473
1796,2020-05-10,0.005913618697335754,0.9940863813026642
1797,2020-05-10,0.007872769231006882,0.9921272307689931
1798,2020-05-10,0.01704618394568924,0.9829538160543108
1799,2020-05-10,0.04369765500212286,0.9563023449978771
1800,2020-05-10,0.029323153400806712,0.9706768465991933
1801,2020-05-10,0.01844050358675342,0.9815594964132466
1802,2020-05-10,0.005901811699812631,0.9940981883001874
1803,2020-05-10,0.010967582596676184,0.9890324174033238
1804,2020-05-10,0.010712116886722689,0.9892878831132773
1805,2020-05-10,0.013348825292124111,0.9866511747078759
1806,2020-05-10,0.005732215634208893,0.9942677843657911
1807,2020-05-10,0.012275826866326556,0.9877241731336734
1808,2020-05-10,0.01648692900319848,0.9835130709968015
1809,2020-05-10,0.008341605610878933,0.9916583943891211
1810,2020-05-10,0.013622701629003031,0.986377298370997
1811,2020-05-10,0.009209370435614317,0.9907906295643857
1812,2020-05-10,0.011131273416062237,0.9888687265839378
1813,2020-05-10,0.01329796958598961,0.9867020304140104
1814,2020-05-10,0.016691357805714735,0.9833086421942853
1815,2020-05-10,0.009118756081822554,0.9908812439181774
1816,2020-05-10,0.0056977638867120595,0.9943022361132879
1817,2020-05-10,0.015804704965324823,0.9841952950346752
1818,2020-05-10,0.04279248821423398,0.957207511785766
1819,2020-05-10,0.0014016219005370534,0.998598378099463
1820,2020-05-10,0.04101732238383349,0.9589826776161665
1821,2020-05-10,0.02098385860081764,0.9790161413991824
1822,2020-05-10,0.0033312630296346013,0.9966687369703654
1823,2020-05-10,0.0356825356663133,0.9643174643336867
1824,2020-05-10,0.014831269979204031,0.985168730020796
1826,2020-05-10,0.003995775179219896,0.9960042248207801
1827,2020-05-10,0.04457376278383374,0.9554262372161663
1828,2020-05-10,0.03288496278606856,0.9671150372139314
1829,2020-05-10,0.003646071459936784,0.9963539285400632
1831,2020-05-10,0.015096011079813731,0.9849039889201863
1832,2020-05-10,0.009270566681500725,0.9907294333184993
1833,2020-05-10,0.036647307793799655,0.9633526922062003
1835,2020-05-10,0.014903385987954154,0.9850966140120458
1836,2020-05-10,0.024279362237877744,0.9757206377621223
1837,2020-05-10,0.017224819773500544,0.9827751802264995
1838,2020-05-10,0.00489801067691753,0.9951019893230825
1839,2020-05-10,0.009509541410712363,0.9904904585892876
1841,2020-05-10,0.01360855163665975,0.9863914483633403
1842,2020-05-10,0.008076596570888772,0.9919234034291112
1843,2020-05-10,0.0646191051529641,0.9353808948470359
1844,2020-05-10,0.004609304436190564,0.9953906955638094
1845,2020-05-10,0.002949021713169353,0.9970509782868306
1846,2020-05-10,0.04303213473847978,0.9569678652615202
1847,2020-05-10,0.024198225938006912,0.9758017740619931
1848,2020-05-10,0.009648015259428488,0.9903519847405715
1849,2020-05-10,0.0658716813817225,0.9341283186182775
1850,2020-05-10,0.012217525619880543,0.9877824743801195
1851,2020-05-10,0.0024593394755231257,0.9975406605244769
1852,2020-05-10,0.014595964042442455,0.9854040359575575
1853,2020-05-10,0.025085299609614142,0.9749147003903859
1854,2020-05-10,0.004412771492015799,0.9955872285079842
1855,2020-05-10,0.017173047740875913,0.9828269522591241
1857,2020-05-10,0.011864469816982859,0.9881355301830171
1858,2020-05-10,0.0013006785390664577,0.9986993214609335
1859,2020-05-10,0.014774998446557053,0.985225001553443
1860,2020-05-10,0.013912756432650664,0.9860872435673493
1861,2020-05-10,0.010898898020291092,0.9891011019797089
1862,2020-05-10,0.006050987255462492,0.9939490127445375
1863,2020-05-10,0.012967101903286538,0.9870328980967135
1864,2020-05-10,0.009399499923799848,0.9906005000762002
1865,2020-05-10,0.010318773459210062,0.9896812265407899
1866,2020-05-10,0.004442763701917873,0.9955572362980821
1867,2020-05-10,0.007865638748533965,0.992134361251466
1868,2020-05-10,0.019070667493956694,0.9809293325060433
1869,2020-05-10,0.013240616683804052,0.986759383316196
1870,2020-05-10,0.013844958506618932,0.9861550414933811
1871,2020-05-10,0.014737409086811204,0.9852625909131888
1872,2020-05-10,0.00636144460783894,0.9936385553921611
1873,2020-05-10,0.0032682570789016596,0.9967317429210983
1874,2020-05-10,0.00629838847069597,0.993701611529304
1875,2020-05-10,0.011576557431435042,0.988423442568565
1876,2020-05-10,0.04016240917774205,0.959837590822258
1878,2020-05-10,0.05055075762442529,0.9494492423755747
1880,2020-05-10,0.014112772785721872,0.9858872272142781
1882,2020-05-10,0.002626546284288156,0.9973734537157118
1883,2020-05-10,0.0184672402457976,0.9815327597542024
1884,2020-05-10,0.02513963852271217,0.9748603614772878
1885,2020-05-10,0.05810221577435426,0.9418977842256457
1886,2020-05-10,0.05994195091486987,0.9400580490851301
1887,2020-05-10,0.025208213237539967,0.97479178676246
1888,2020-05-10,0.03581247794766507,0.9641875220523349
1889,2020-05-10,0.04697613102611908,0.9530238689738809
1890,2020-05-10,0.0459883659341791,0.9540116340658209
1891,2020-05-10,0.006532658321336315,0.9934673416786637
1892,2020-05-10,0.014688010677445407,0.9853119893225546
1893,2020-05-10,0.04897895611028169,0.9510210438897183
1894,2020-05-10,0.003500591619529203,0.9964994083804708
1896,2020-05-10,0.017474192728509363,0.9825258072714906
1897,2020-05-10,0.0030091692363211076,0.9969908307636789
1898,2020-05-10,0.005832766285592039,0.994167233714408
1899,2020-05-10,0.03131160647046105,0.968688393529539
1900,2020-05-10,0.03216426731834077,0.9678357326816592
1901,2020-05-10,0.019762750150095876,0.9802372498499041
1902,2020-05-10,0.006240703761328792,0.9937592962386712
1903,2020-05-10,0.009745419126785615,0.9902545808732144
1904,2020-05-10,0.005298793574113225,0.9947012064258868
1905,2020-05-10,0.011075733657574749,0.9889242663424253
1906,2020-05-10,0.011433526048923337,0.9885664739510767
1907,2020-05-10,0.0081433606184097,0.9918566393815903
1908,2020-05-10,0.006637805850245648,0.9933621941497544
1909,2020-05-10,0.025189378444097077,0.9748106215559029
1910,2020-05-10,0.011415957688094669,0.9885840423119053
1911,2020-05-10,0.012168299570968766,0.9878317004290312
1912,2020-05-10,0.008453059474088698,0.9915469405259113
1913,2020-05-10,0.06904750749133715,0.9309524925086629
1914,2020-05-10,0.0011786448157751206,0.9988213551842249
1915,2020-05-10,0.008764799660774258,0.9912352003392257
1916,2020-05-10,0.014717673152012556,0.9852823268479874
1917,2020-05-10,0.054022770457089586,0.9459772295429104
1918,2020-05-10,0.024842320598407075,0.9751576794015929
1920,2020-05-10,0.03284258867674683,0.9671574113232532
1921,2020-05-10,0.008989531267290962,0.991010468732709
1922,2020-05-10,0.005668064340826562,0.9943319356591734
1924,2020-05-10,0.003306791915770546,0.9966932080842295
1925,2020-05-10,0.03901224648766566,0.9609877535123343
1926,2020-05-10,0.03867263427451528,0.9613273657254847
1927,2020-05-10,0.012248622928405228,0.9877513770715948
1928,2020-05-10,0.010826498497471415,0.9891735015025286
1929,2020-05-10,0.02769236665340924,0.9723076333465908
1930,2020-05-10,0.0072853554212239935,0.992714644578776
1931,2020-05-10,0.010311777450276227,0.9896882225497238
1932,2020-05-10,0.01446106616190923,0.9855389338380908
1933,2020-05-10,0.0026653409065431344,0.9973346590934569
1934,2020-05-10,0.01407124011568106,0.9859287598843189
1935,2020-05-10,0.02490476649417095,0.975095233505829
1936,2020-05-10,0.02890858884528935,0.9710914111547106
1937,2020-05-10,0.004120218221147387,0.9958797817788526
1938,2020-05-10,0.023456298955029875,0.9765437010449701
1939,2020-05-10,0.018170262225949974,0.98182973777405
1940,2020-05-10,0.004907796763042982,0.995092203236957
1941,2020-05-10,0.055434083885754104,0.9445659161142459
1942,2020-05-10,0.03113029988255822,0.9688697001174418
1943,2020-05-10,0.006603718117405899,0.9933962818825941
1944,2020-05-10,0.002514825737830906,0.9974851742621691
1945,2020-05-10,0.011480738566636672,0.9885192614333633
1946,2020-05-10,0.016789385968156267,0.9832106140318437
1947,2020-05-10,0.01273398248449742,0.9872660175155026
1948,2020-05-10,0.03581324666922636,0.9641867533307736
1949,2020-05-10,0.0013755690617791583,0.9986244309382208
1950,2020-05-10,0.00884106834648235,0.9911589316535176
1951,2020-05-10,0.004129697557688217,0.9958703024423118
1952,2020-05-10,0.0537967030953872,0.9462032969046128
1953,2020-05-10,0.028009150422375284,0.9719908495776247
1954,2020-05-10,0.02307962737386038,0.9769203726261396
1955,2020-05-10,0.003581053692440439,0.9964189463075596
1956,2020-05-10,0.016717869895434445,0.9832821301045656
1957,2020-05-10,0.010839447016368187,0.9891605529836318
1958,2020-05-10,0.007282344309520239,0.9927176556904798
1959,2020-05-10,0.007653614471123227,0.9923463855288768
1960,2020-05-10,0.007298632843386166,0.9927013671566138
1961,2020-05-10,0.027893468723379056,0.9721065312766209
1962,2020-05-10,0.019831310587480666,0.9801686894125193
1963,2020-05-10,0.012819953470378675,0.9871800465296213
1965,2020-05-10,0.015025671319487843,0.9849743286805122
1966,2020-05-10,0.04728834593165743,0.9527116540683426
1967,2020-05-10,0.015983156141005872,0.9840168438589941
1968,2020-05-10,0.015457632870787275,0.9845423671292127
1969,2020-05-10,0.06661823277785439,0.9333817672221456
1970,2020-05-10,0.009662358005665506,0.9903376419943345
1971,2020-05-10,0.0721089067924433,0.9278910932075567
1972,2020-05-10,0.004700887074971627,0.9952991129250284
1973,2020-05-10,0.02053689020356786,0.9794631097964321
1975,2020-05-10,0.01007475286727788,0.9899252471327221
1976,2020-05-10,0.03938676036363242,0.9606132396363676
1977,2020-05-10,0.022381081602423913,0.9776189183975761
1978,2020-05-10,0.023595915064052786,0.9764040849359472
1979,2020-05-10,0.008821590537430923,0.9911784094625691
1980,2020-05-10,0.017918846789453435,0.9820811532105466
1981,2020-05-10,0.01911095814428221,0.9808890418557178
1982,2020-05-10,0.007247476597932012,0.992752523402068
1983,2020-05-10,0.014920267810432986,0.985079732189567
1984,2020-05-10,0.006363124791212926,0.9936368752087871
1985,2020-05-10,0.059299029103551115,0.9407009708964489
1986,2020-05-10,0.011319410737364866,0.9886805892626351
1988,2020-05-10,0.036235266470603045,0.963764733529397
1989,2020-05-10,0.019308706760675087,0.9806912932393249
1990,2020-05-10,0.02003503942940621,0.9799649605705938
1991,2020-05-10,0.038734340565087844,0.9612656594349122
1992,2020-05-10,0.005531971256807933,0.9944680287431921
1993,2020-05-10,0.044920255473313575,0.9550797445266864
1994,2020-05-10,0.0014337616778495876,0.9985662383221504
1996,2020-05-10,0.02030263993293513,0.9796973600670649
1997,2020-05-10,0.012535726984033602,0.9874642730159664
1998,2020-05-10,0.04800072521064347,0.9519992747893565
1999,2020-05-10,0.02015638113441831,0.9798436188655817
2000,2020-05-10,0.011534780528008826,0.9884652194719912
2001,2020-05-10,0.006056943383826452,0.9939430566161735
2002,2020-05-10,0.0029108288818825434,0.9970891711181175
2003,2020-05-10,0.00839418228153499,0.991605817718465
2004,2020-05-10,0.004771655046819312,0.9952283449531807
2005,2020-05-10,0.03683377303291702,0.963166226967083
2006,2020-05-10,0.009654742384780368,0.9903452576152196
2007,2020-05-10,0.0014148241613479717,0.998585175838652
2008,2020-05-10,0.02613382420556354,0.9738661757944365
2009,2020-05-10,0.007933524195280484,0.9920664758047195
2010,2020-05-10,0.005309834227700372,0.9946901657722996
2011,2020-05-10,0.00522725437956717,0.9947727456204328
2012,2020-05-10,0.044453543434884724,0.9555464565651153
2014,2020-05-10,0.036283731159194255,0.9637162688408057
2016,2020-05-10,0.00878880755753364,0.9912111924424664
2018,2020-05-10,0.07244006710612783,0.9275599328938722
2019,2020-05-10,0.0078032418252563795,0.9921967581747436
2020,2020-05-10,0.01890219452498243,0.9810978054750176
2021,2020-05-10,0.04660761009216852,0.9533923899078315
2022,2020-05-10,0.02042170366958751,0.9795782963304125
2023,2020-05-10,0.012359715713502695,0.9876402842864973
2024,2020-05-10,0.010444797522667804,0.9895552024773322
2025,2020-05-10,0.039445482666639164,0.9605545173333608
2026,2020-05-10,0.008462469259479133,0.9915375307405209
2027,2020-05-10,0.016928757764192892,0.9830712422358071
2028,2020-05-10,0.0094863789426477,0.9905136210573523
2029,2020-05-10,0.028861307127015956,0.971138692872984
2030,2020-05-10,0.007132342327207386,0.9928676576727926
2031,2020-05-10,0.015581282187459355,0.9844187178125406
2032,2020-05-10,0.06979472230804029,0.9302052776919597
2033,2020-05-10,0.030902745547019106,0.9690972544529809
2034,2020-05-10,0.009596464329523657,0.9904035356704763
2035,2020-05-10,0.007167159421157088,0.9928328405788429
2036,2020-05-10,0.03993500665268768,0.9600649933473123
2037,2020-05-10,0.01361723213342303,0.986382767866577
2038,2020-05-10,0.008119726100025981,0.991880273899974
2039,2020-05-10,0.0033668942140823166,0.9966331057859177
2040,2020-05-10,0.01083447191373399,0.989165528086266
2041,2020-05-10,0.01141938048493385,0.9885806195150662
2042,2020-05-10,0.009988054985065276,0.9900119450149347
2043,2020-05-10,0.01764154718222155,0.9823584528177784
2044,2020-05-10,0.04762577209741359,0.9523742279025864
2045,2020-05-10,0.00882643759784485,0.9911735624021552
2046,2020-05-10,0.036354146306518675,0.9636458536934813
2047,2020-05-10,0.005421166674512756,0.9945788333254872
2048,2020-05-10,0.008165899938262666,0.9918341000617373
2049,2020-05-10,0.014952902564994708,0.9850470974350053
2052,2020-05-10,0.01057079561169827,0.9894292043883017
2053,2020-05-10,0.001977279114670605,0.9980227208853294
2054,2020-05-10,0.014211330227419605,0.9857886697725804
2055,2020-05-10,0.013956174096945717,0.9860438259030543
2056,2020-05-10,0.05704917592574277,0.9429508240742572
2059,2020-05-10,0.043853273831870654,0.9561467261681293
2060,2020-05-10,0.03646986069339142,0.9635301393066086
2061,2020-05-10,0.01583423429818598,0.984165765701814
2062,2020-05-10,0.010994203117307033,0.989005796882693
2063,2020-05-10,0.007447579356508416,0.9925524206434916
2064,2020-05-10,0.015815178621675807,0.9841848213783242
2065,2020-05-10,0.021200523320741183,0.9787994766792588
2066,2020-05-10,0.008377729544108092,0.9916222704558919
2067,2020-05-10,0.01946249589615856,0.9805375041038414
2068,2020-05-10,0.012311624937616839,0.9876883750623832
2069,2020-05-10,0.005123049404883506,0.9948769505951165
2070,2020-05-10,0.011669568972166866,0.9883304310278331
2072,2020-05-10,0.020638842763728626,0.9793611572362714
2073,2020-05-10,0.023412161177685076,0.9765878388223149
2074,2020-05-10,0.016334304611712813,0.9836656953882872
2075,2020-05-10,0.019463856979349714,0.9805361430206503
2076,2020-05-10,0.020719322454319178,0.9792806775456808
2077,2020-05-10,0.009685141114342488,0.9903148588856575
2078,2020-05-10,0.003920925295390898,0.9960790747046091
2079,2020-05-10,0.029581059960299028,0.970418940039701
2080,2020-05-10,0.004825989037082423,0.9951740109629176
2081,2020-05-10,0.03296692669919765,0.9670330733008023
2082,2020-05-10,0.008236003084384214,0.9917639969156158
2083,2020-05-10,0.010451996472893632,0.9895480035271064
2084,2020-05-10,0.007038158495291658,0.9929618415047083
2085,2020-05-10,0.007626218644825267,0.9923737813551747
2086,2020-05-10,0.012916272809009754,0.9870837271909902
2087,2020-05-10,0.03186894488261527,0.9681310551173847
2088,2020-05-10,0.003613092201515733,0.9963869077984843
2089,2020-05-10,0.031503321606140555,0.9684966783938594
2090,2020-05-10,0.05579121361030692,0.9442087863896931
2091,2020-05-10,0.01664588356970731,0.9833541164302927
2092,2020-05-10,0.07257158276174835,0.9274284172382516
2094,2020-05-10,0.008852981813898486,0.9911470181861015
2095,2020-05-10,0.006386513855754283,0.9936134861442457
2096,2020-05-10,0.010090853027177604,0.9899091469728224
2097,2020-05-10,0.01078550354777108,0.9892144964522289
2098,2020-05-10,0.024410377246467663,0.9755896227535323
2099,2020-05-10,0.01739352453366161,0.9826064754663384
2100,2020-05-10,0.02638086738118406,0.9736191326188159
2101,2020-05-10,0.0023879823988971483,0.9976120176011029
2102,2020-05-10,0.004839217038027477,0.9951607829619725
2103,2020-05-10,0.025889962757309593,0.9741100372426904
2104,2020-05-10,0.010680332656482272,0.9893196673435177
2105,2020-05-10,0.006310349900557788,0.9936896500994422
2106,2020-05-10,0.029608046387324727,0.9703919536126753
2107,2020-05-10,0.023471531878623053,0.976528468121377
2108,2020-05-10,0.020859493721826605,0.9791405062781734
2110,2020-05-10,0.012401802792554428,0.9875981972074456
2111,2020-05-10,0.03160575044099789,0.9683942495590021
2113,2020-05-10,0.010210828359592972,0.989789171640407
2114,2020-05-10,0.019465052670373684,0.9805349473296263
2115,2020-05-10,0.005722211371885999,0.994277788628114
2116,2020-05-10,0.020526153692779325,0.9794738463072207
2117,2020-05-10,0.023410741317902994,0.976589258682097
2120,2020-05-10,0.013346160435617538,0.9866538395643825
2121,2020-05-10,0.02308080071118057,0.9769191992888194
2122,2020-05-10,0.015589630163452162,0.9844103698365478
2123,2020-05-10,0.07510253295888014,0.9248974670411199
2124,2020-05-10,0.014456226467200683,0.9855437735327993
2126,2020-05-10,0.012453249494473795,0.9875467505055262
2127,2020-05-10,0.008325922120868468,0.9916740778791315
2128,2020-05-10,0.002135025890010578,0.9978649741099894
2129,2020-05-10,0.016636669360959866,0.9833633306390401
2130,2020-05-10,0.01947057357624693,0.9805294264237531
2131,2020-05-10,0.019746212150990816,0.9802537878490092
2132,2020-05-10,0.004997156898367328,0.9950028431016327
2133,2020-05-10,0.010077006852209358,0.9899229931477906
2134,2020-05-10,0.047336830508280525,0.9526631694917195
2135,2020-05-10,0.010658750516901683,0.9893412494830983
2136,2020-05-10,0.015232612173273208,0.9847673878267268
2137,2020-05-10,0.023715387150182954,0.976284612849817
2138,2020-05-10,0.006672285471855055,0.993327714528145
2139,2020-05-10,0.020106433293397674,0.9798935667066023
2140,2020-05-10,0.02770175396110286,0.9722982460388971
2141,2020-05-10,0.007968460785761411,0.9920315392142386
2142,2020-05-10,0.021192614186561043,0.978807385813439
2143,2020-05-10,0.09239781366305388,0.9076021863369461
2144,2020-05-10,0.004137973697070696,0.9958620263029293
2146,2020-05-10,0.01673881309298131,0.9832611869070187
2147,2020-05-10,0.01715142302907391,0.9828485769709261
2149,2020-05-10,0.005308916511623463,0.9946910834883765
2151,2020-05-10,0.031471994247556534,0.9685280057524435
2153,2020-05-10,0.009521778355547683,0.9904782216444523
2154,2020-05-10,0.013078339996475563,0.9869216600035244
2155,2020-05-10,0.022818858264124775,0.9771811417358752
2156,2020-05-10,0.02163379032080459,0.9783662096791954
2157,2020-05-10,0.005543413723171686,0.9944565862768283
2158,2020-05-10,0.0031699916823820784,0.9968300083176179
2159,2020-05-10,0.06466483347051522,0.9353351665294848
2160,2020-05-10,0.02965052376792887,0.9703494762320711
2161,2020-05-10,0.011879240951633174,0.9881207590483668
2162,2020-05-10,0.015996944593039242,0.9840030554069608
2163,2020-05-10,0.018834890210896127,0.9811651097891039
2165,2020-05-10,0.004746921342842603,0.9952530786571574
2166,2020-05-10,0.016687633362257648,0.9833123666377424
2168,2020-05-10,0.028689818906361908,0.9713101810936381
2169,2020-05-10,0.02473584076407953,0.9752641592359205
2170,2020-05-10,0.008011365287923344,0.9919886347120767
2171,2020-05-10,0.030513669190501025,0.969486330809499
2172,2020-05-10,0.02320069294278837,0.9767993070572116
2173,2020-05-10,0.026492586063221357,0.9735074139367786
2174,2020-05-10,0.009039625201179957,0.99096037479882
2175,2020-05-10,0.009390398769713815,0.9906096012302862
2176,2020-05-10,0.002093209579986488,0.9979067904200135
2177,2020-05-10,0.022087867367293623,0.9779121326327064
2178,2020-05-10,0.0405771042856381,0.9594228957143619
2179,2020-05-10,0.007413046311934179,0.9925869536880658
2180,2020-05-10,0.017432694406391724,0.9825673055936083
2181,2020-05-10,0.01827389847578742,0.9817261015242126
2182,2020-05-10,0.005832211798536546,0.9941677882014635
2183,2020-05-10,0.03762937287505641,0.9623706271249436
2184,2020-05-10,0.06371934168396065,0.9362806583160393
2185,2020-05-10,0.008246076258710322,0.9917539237412897
2186,2020-05-10,0.009446187911572812,0.9905538120884272
2187,2020-05-10,0.006182947859075472,0.9938170521409245
2188,2020-05-10,0.024715952829171717,0.9752840471708283
2189,2020-05-10,0.010829933319047247,0.9891700666809528
2190,2020-05-10,0.022779414138745402,0.9772205858612546
2191,2020-05-10,0.04537604833210018,0.9546239516678998
2192,2020-05-10,0.010053211351316649,0.9899467886486834
2193,2020-05-10,0.01765594162270845,0.9823440583772916
2194,2020-05-10,0.021833606810691242,0.9781663931893088
2196,2020-05-10,0.0023084417671366264,0.9976915582328634
2197,2020-05-10,0.007383005042656099,0.9926169949573439
2198,2020-05-10,0.02373468772203502,0.976265312277965
2199,2020-05-10,0.05716768920248927,0.9428323107975107
2200,2020-05-10,0.014026131186510193,0.9859738688134898
2201,2020-05-10,0.004305426784256383,0.9956945732157436
2203,2020-05-10,0.002818992287778488,0.9971810077122215
2205,2020-05-10,0.0019198023261456365,0.9980801976738544
2206,2020-05-10,0.019519985056426936,0.9804800149435731
2207,2020-05-10,0.06935286012525876,0.9306471398747412
2208,2020-05-10,0.009117101201015831,0.9908828987989842
2209,2020-05-10,0.01096545089860268,0.9890345491013973
2210,2020-05-10,0.014600459396972965,0.985399540603027
2211,2020-05-10,0.030028874087992152,0.9699711259120078
2212,2020-05-10,0.0074939756655221235,0.9925060243344779
2213,2020-05-10,0.045304716119112576,0.9546952838808874
2214,2020-05-10,0.03361067485152702,0.966389325148473
2215,2020-05-10,0.02272695372223532,0.9772730462777647
2216,2020-05-10,0.01856242373118233,0.9814375762688177
2218,2020-05-10,0.011062316267960615,0.9889376837320394
2219,2020-05-10,0.011971088824895948,0.988028911175104
2220,2020-05-10,0.005558464106750427,0.9944415358932496
2221,2020-05-10,0.024152859625902523,0.9758471403740975
2222,2020-05-10,0.0036206833661717175,0.9963793166338283
2224,2020-05-10,0.019698264284974232,0.9803017357150258
2225,2020-05-10,0.008515785211071436,0.9914842147889286
2226,2020-05-10,0.018210932964362603,0.9817890670356374
2227,2020-05-10,0.012567650021052201,0.9874323499789478
2228,2020-05-10,0.011640958714772776,0.9883590412852272
2229,2020-05-10,0.005859164168002029,0.994140835831998
2230,2020-05-10,0.011455335258545807,0.9885446647414542
2231,2020-05-10,0.011309744439390812,0.9886902555606092
2232,2020-05-10,0.01602171871370839,0.9839782812862916
2233,2020-05-10,0.008174108475804243,0.9918258915241958
2234,2020-05-10,0.0057135426086789565,0.994286457391321
2236,2020-05-10,0.02923918555202909,0.9707608144479709
2237,2020-05-10,0.033389611584834444,0.9666103884151656
2238,2020-05-10,0.014704486586429644,0.9852955134135704
2239,2020-05-10,0.00926471548168728,0.9907352845183127
2240,2020-05-10,0.019700683246969386,0.9802993167530306
2241,2020-05-10,0.012971454201774368,0.9870285457982256
2242,2020-05-10,0.0039200777984318425,0.9960799222015682
2243,2020-05-10,0.010823465274079513,0.9891765347259205
2244,2020-05-10,0.004183406801321454,0.9958165931986785
2245,2020-05-10,0.025164941426124687,0.9748350585738753
2246,2020-05-10,0.021852203001293202,0.9781477969987068
2247,2020-05-10,0.010617830376010828,0.9893821696239892
2248,2020-05-10,0.02875514044695693,0.9712448595530431
2249,2020-05-10,0.010655084787983715,0.9893449152120163
2250,2020-05-10,0.03588643233846589,0.9641135676615341
2251,2020-05-10,0.007327753002124626,0.9926722469978754
2252,2020-05-10,0.015775170161387075,0.9842248298386129
2253,2020-05-10,0.0074684809606894165,0.9925315190393106
2254,2020-05-10,0.011163528724004168,0.9888364712759958
2255,2020-05-10,0.006365893359541963,0.993634106640458
2256,2020-05-10,0.05172875472644145,0.9482712452735585
2257,2020-05-10,0.005671754093600545,0.9943282459063995
2258,2020-05-10,0.04421301570539926,0.9557869842946007
2259,2020-05-10,0.010947246338557592,0.9890527536614424
2260,2020-05-10,0.024555333767588894,0.9754446662324111
2261,2020-05-10,0.038927444903139485,0.9610725550968605
2262,2020-05-10,0.02718610571185265,0.9728138942881474
2263,2020-05-10,0.019163493099914386,0.9808365069000856
2264,2020-05-10,0.007137896213394557,0.9928621037866054
2265,2020-05-10,0.023609908922003653,0.9763900910779963
2266,2020-05-10,0.011939181762153694,0.9880608182378463
2268,2020-05-10,0.018115649507140397,0.9818843504928596
2269,2020-05-10,0.019297942753816133,0.9807020572461839
2270,2020-05-10,0.010771554210356027,0.989228445789644
2271,2020-05-10,0.013328250528045982,0.986671749471954
2272,2020-05-10,0.005053544472284899,0.9949464555277151
2273,2020-05-10,0.012059882511303965,0.987940117488696
2274,2020-05-10,0.05067060043704741,0.9493293995629526
2275,2020-05-10,0.045169997208038826,0.9548300027919612
2276,2020-05-10,0.021699370153301478,0.9783006298466985
2277,2020-05-10,0.01569730882629994,0.9843026911737001
2278,2020-05-10,0.013782312296623411,0.9862176877033766
2279,2020-05-10,0.00752770243218881,0.9924722975678112
2280,2020-05-10,0.025839728480601787,0.9741602715193982
2281,2020-05-10,0.015730895086704888,0.9842691049132951
2282,2020-05-10,0.014455041352448572,0.9855449586475514
2284,2020-05-10,0.03360398159976852,0.9663960184002315
2285,2020-05-10,0.004049124304183027,0.995950875695817
2287,2020-05-10,0.016091330295878836,0.9839086697041212
2288,2020-05-10,0.005096175538400138,0.9949038244615999
2289,2020-05-10,0.006895184838546342,0.9931048151614537
2290,2020-05-10,0.01171960705700148,0.9882803929429985
2291,2020-05-10,0.008968464037584778,0.9910315359624152
2292,2020-05-10,0.003545204140644076,0.9964547958593559
2293,2020-05-10,0.008089911633787805,0.9919100883662122
2294,2020-05-10,0.0036078771455465564,0.9963921228544534
2295,2020-05-10,0.007168863261312053,0.992831136738688
2296,2020-05-10,0.053931929548919344,0.9460680704510807
2297,2020-05-10,0.005153381165727944,0.9948466188342721
2298,2020-05-10,0.033417439530615156,0.9665825604693848
2299,2020-05-10,0.022755308129897234,0.9772446918701028
2300,2020-05-10,0.006184928524496036,0.993815071475504
2301,2020-05-10,0.010202103102941673,0.9897978968970583
2302,2020-05-10,0.0056528869218006594,0.9943471130781993
2303,2020-05-10,0.004045583065143243,0.9959544169348568
2304,2020-05-10,0.032353342745576996,0.967646657254423
2305,2020-05-10,0.005535620067654956,0.994464379932345
2306,2020-05-10,0.0025402078407331663,0.9974597921592668
2307,2020-05-10,0.007617529377887289,0.9923824706221127
2308,2020-05-10,0.00449966286279091,0.9955003371372091
2310,2020-05-10,0.005329628010783627,0.9946703719892164
2312,2020-05-10,0.025101849259636877,0.9748981507403631
2313,2020-05-10,0.031226488407824715,0.9687735115921753
2314,2020-05-10,0.004773867331582249,0.9952261326684178
2315,2020-05-10,0.026447389580958935,0.9735526104190411
2316,2020-05-10,0.030498944493406843,0.9695010555065932
2317,2020-05-10,0.021856907360370492,0.9781430926396295
2319,2020-05-10,0.004853962883509366,0.9951460371164906
2320,2020-05-10,0.027670801388276822,0.9723291986117232
2321,2020-05-10,0.024880091006786564,0.9751199089932134
2322,2020-05-10,0.003739241602717769,0.9962607583972822
2323,2020-05-10,0.0018584535110754974,0.9981415464889245
2324,2020-05-10,0.05412240624667808,0.9458775937533219
2325,2020-05-10,0.022756754885530417,0.9772432451144696
2326,2020-05-10,0.018596752186785137,0.9814032478132149
2328,2020-05-10,0.029176076593942724,0.9708239234060573
2329,2020-05-10,0.030245448550455523,0.9697545514495445
2331,2020-05-10,0.028761044835893257,0.9712389551641067
2332,2020-05-10,0.010178048966644426,0.9898219510333556
2333,2020-05-10,0.0034216547526466634,0.9965783452473533
2334,2020-05-10,0.021359204623805805,0.9786407953761942
2335,2020-05-10,0.03277077089818359,0.9672292291018164
2336,2020-05-10,0.026160015786818813,0.9738399842131812
2337,2020-05-10,0.03908640384430362,0.9609135961556964
2338,2020-05-10,0.013440873909177586,0.9865591260908224
2339,2020-05-10,0.050186365764606555,0.9498136342353934
2340,2020-05-10,0.0014934036578632126,0.9985065963421368
2342,2020-05-10,0.008181205128345082,0.9918187948716549
2343,2020-05-10,0.03283759003065989,0.9671624099693401
2344,2020-05-10,0.04143159968354704,0.958568400316453
2345,2020-05-10,0.009926121515453468,0.9900738784845465
2346,2020-05-10,0.009612585260799666,0.9903874147392003
2347,2020-05-10,0.031772027142840775,0.9682279728571592
2348,2020-05-10,0.02510251918905093,0.9748974808109491
2349,2020-05-10,0.012666459792239904,0.9873335402077601
2350,2020-05-10,0.0036082489004375384,0.9963917510995625
2352,2020-05-10,0.018840460891608957,0.981159539108391
2355,2020-05-10,0.022442960767486864,0.9775570392325131
2356,2020-05-10,0.0022009814607690803,0.9977990185392309
2357,2020-05-10,0.012988655502569557,0.9870113444974304
2358,2020-05-10,0.014172656015822405,0.9858273439841776
2359,2020-05-10,0.014218210712517831,0.9857817892874822
2361,2020-05-10,0.030378318049389508,0.9696216819506105
2362,2020-05-10,0.01374002661550322,0.9862599733844968
2363,2020-05-10,0.007138573099465861,0.9928614269005341
2364,2020-05-10,0.023663399896426407,0.9763366001035736
2365,2020-05-10,0.0028172711747080914,0.9971827288252919
2366,2020-05-10,0.027885234590835917,0.9721147654091641
2367,2020-05-10,0.004292597263235942,0.9957074027367641
2368,2020-05-10,0.024501787877700965,0.975498212122299
2369,2020-05-10,0.0058605166084377824,0.9941394833915622
2370,2020-05-10,0.005942796809806028,0.994057203190194
2371,2020-05-10,0.012986087593309548,0.9870139124066905
2372,2020-05-10,0.007623558771425065,0.9923764412285749
2373,2020-05-10,0.013400740644366249,0.9865992593556338
2374,2020-05-10,0.022378670523122923,0.9776213294768771
2375,2020-05-10,0.013254426908847261,0.9867455730911527
2376,2020-05-10,0.021133923375046937,0.9788660766249531
2378,2020-05-10,0.006733161095404339,0.9932668389045957
2379,2020-05-10,0.0021010526433470345,0.997898947356653
2380,2020-05-10,0.03108068183952406,0.9689193181604759
2381,2020-05-10,0.0186574034413034,0.9813425965586966
2382,2020-05-10,0.004316705515535091,0.9956832944844649
2383,2020-05-10,0.03270981605600931,0.9672901839439907
2384,2020-05-10,0.06761494624950926,0.9323850537504907
2385,2020-05-10,0.006015594867992746,0.9939844051320073
2386,2020-05-10,0.006796528895683718,0.9932034711043163
2387,2020-05-10,0.005468278305064356,0.9945317216949356
2388,2020-05-10,0.018112683408833652,0.9818873165911663
2389,2020-05-10,0.010308254153638896,0.9896917458463611
2390,2020-05-10,0.0059100994187266664,0.9940899005812733
2391,2020-05-10,0.021527754417087097,0.9784722455829129
2393,2020-05-10,0.017082917541072717,0.9829170824589273
2394,2020-05-10,0.0096692718336856,0.9903307281663144
2395,2020-05-10,0.027800083860952673,0.9721999161390473
2396,2020-05-10,0.008359205860328567,0.9916407941396714
2397,2020-05-10,0.024595382388789666,0.9754046176112103
2398,2020-05-10,0.005133855113087615,0.9948661448869124
2399,2020-05-10,0.04101048907193505,0.958989510928065
2401,2020-05-10,0.006314364439513942,0.9936856355604861
2402,2020-05-10,0.021758875435063385,0.9782411245649366
2404,2020-05-10,0.011793440726106885,0.9882065592738931
2405,2020-05-10,0.015841229775170773,0.9841587702248292
2406,2020-05-10,0.014976427675490012,0.98502357232451
2407,2020-05-10,0.02966018884602517,0.9703398111539748
2409,2020-05-10,0.00871933074059228,0.9912806692594077
2410,2020-05-10,0.00672748640018328,0.9932725135998167
2411,2020-05-10,0.026068916121678387,0.9739310838783216
2412,2020-05-10,0.0013576514781830085,0.998642348521817
2413,2020-05-10,0.0038952767535642696,0.9961047232464357
2414,2020-05-10,0.01675104432309571,0.9832489556769043
2415,2020-05-10,0.03998490209092653,0.9600150979090735
2416,2020-05-10,0.007423110251625342,0.9925768897483747
2417,2020-05-10,0.003437798781410595,0.9965622012185894
2418,2020-05-10,0.013211186991256785,0.9867888130087432
2419,2020-05-10,0.0027868424222122767,0.9972131575777877
2420,2020-05-10,0.005769925816025756,0.9942300741839742
2421,2020-05-10,0.017336223101143022,0.982663776898857
2423,2020-05-10,0.01130978044547104,0.988690219554529
2424,2020-05-10,0.01751581708544725,0.9824841829145528
2425,2020-05-10,0.00858860891813007,0.9914113910818699
2426,2020-05-10,0.0058988841845298845,0.9941011158154701
2428,2020-05-10,0.01385769563017003,0.98614230436983
2429,2020-05-10,0.006386617374447123,0.9936133826255529
2430,2020-05-10,0.032227044105558766,0.9677729558944412
2431,2020-05-10,0.02432883472011982,0.9756711652798802
2432,2020-05-10,0.055729401086311414,0.9442705989136886
2433,2020-05-10,0.021927196433636942,0.9780728035663631
2434,2020-05-10,0.03297805051854108,0.9670219494814589
2435,2020-05-10,0.020910203589815546,0.9790897964101845
2436,2020-05-10,0.0094324858847733,0.9905675141152267
2437,2020-05-10,0.0020114065956950977,0.9979885934043049
2440,2020-05-10,0.00278247657242503,0.997217523427575
2441,2020-05-10,0.06087793151216314,0.9391220684878369
2442,2020-05-10,0.013051180292901199,0.9869488197070988
2443,2020-05-10,0.016799543543525752,0.9832004564564742
2444,2020-05-10,0.03196501305557775,0.9680349869444222
2445,2020-05-10,0.0073135051264473505,0.9926864948735526
2446,2020-05-10,0.010887612884649567,0.9891123871153504
2447,2020-05-10,0.015455807971057278,0.9845441920289427
2448,2020-05-10,0.03743779942111358,0.9625622005788864
2449,2020-05-10,0.0034986279714861457,0.9965013720285139
2450,2020-05-10,0.034078392531504464,0.9659216074684955
2451,2020-05-10,0.03936225445762609,0.9606377455423739
2452,2020-05-10,0.05680431341263259,0.9431956865873674
2453,2020-05-10,0.03485674511011205,0.965143254889888
2454,2020-05-10,0.041184142224185205,0.9588158577758148
2455,2020-05-10,0.053823852065751576,0.9461761479342484
2456,2020-05-10,0.009101101606381334,0.9908988983936187
2457,2020-05-10,0.0530499795451409,0.9469500204548591
2458,2020-05-10,0.017039885263929633,0.9829601147360704
2459,2020-05-10,0.005298149154620901,0.9947018508453791
2460,2020-05-10,0.03500342811615953,0.9649965718838405
2461,2020-05-10,0.00610666200300336,0.9938933379969966
2463,2020-05-10,0.016798256394671696,0.9832017436053283
2464,2020-05-10,0.022824715624773395,0.9771752843752266
2466,2020-05-10,0.021939999909464825,0.9780600000905352
2467,2020-05-10,0.009307469072479146,0.9906925309275209
2468,2020-05-10,0.013683520563045781,0.9863164794369542
2469,2020-05-10,0.004059963125654487,0.9959400368743455
2472,2020-05-10,0.008464249903923693,0.9915357500960763
2473,2020-05-10,0.007529921492779201,0.9924700785072208
2474,2020-05-10,0.0032572913893742506,0.9967427086106257
2475,2020-05-10,0.019006071638242417,0.9809939283617576
2476,2020-05-10,0.007427053643366044,0.992572946356634
2477,2020-05-10,0.01721518148044887,0.9827848185195511
2478,2020-05-10,0.007578740132540118,0.9924212598674599
2479,2020-05-10,0.018648548189470482,0.9813514518105295
2480,2020-05-10,0.02075993742556903,0.979240062574431
2481,2020-05-10,0.010062262775241249,0.9899377372247588
2483,2020-05-10,0.04915987001686395,0.950840129983136
2484,2020-05-10,0.0067331779412515,0.9932668220587485
2485,2020-05-10,0.011941935312912877,0.9880580646870871
2486,2020-05-10,0.04525773169543601,0.954742268304564
2487,2020-05-10,0.01276409920806465,0.9872359007919354
2488,2020-05-10,0.041043071634377926,0.9589569283656221
2489,2020-05-10,0.006185504480473281,0.9938144955195267
2490,2020-05-10,0.013891044553036247,0.9861089554469638
2491,2020-05-10,0.003294522622010465,0.9967054773779895
2492,2020-05-10,0.004201991000861716,0.9957980089991383
2493,2020-05-10,0.012173656600025895,0.9878263433999741
2494,2020-05-10,0.03173029726380072,0.9682697027361993
2495,2020-05-10,0.017600967819937696,0.9823990321800623
2496,2020-05-10,0.009216597256935355,0.9907834027430646
2497,2020-05-10,0.004374308293508267,0.9956256917064917
2499,2020-05-10,0.01014655675496079,0.9898534432450392
2500,2020-05-10,0.024559100233130127,0.9754408997668699
2501,2020-05-10,0.003837769415008352,0.9961622305849916
2502,2020-05-10,0.020442452750191187,0.9795575472498088
2503,2020-05-10,0.021165053155350888,0.9788349468446491
2504,2020-05-10,0.014018122845494974,0.985981877154505
2505,2020-05-10,0.0116819646228431,0.9883180353771569
2507,2020-05-10,0.004004945990994768,0.9959950540090052
2509,2020-05-10,0.02061715835193023,0.9793828416480698
2510,2020-05-10,0.06799250498193288,0.9320074950180671
2511,2020-05-10,0.01577722232974954,0.9842227776702505
2512,2020-05-10,0.04875652252550078,0.9512434774744992
2513,2020-05-10,0.008278610102500195,0.9917213898974998
2514,2020-05-10,0.0025116091779868732,0.9974883908220131
2515,2020-05-10,0.001454580474580025,0.99854541952542
2517,2020-05-10,0.00697535769522073,0.9930246423047793
2518,2020-05-10,0.004130906832103598,0.9958690931678964
2519,2020-05-10,0.019068460904061224,0.9809315390959388
2520,2020-05-10,0.020265081947558494,0.9797349180524415
2521,2020-05-10,0.024065096113242146,0.9759349038867579
2523,2020-05-10,0.0072945952555830695,0.9927054047444169
2524,2020-05-10,0.025308635128708623,0.9746913648712914
2525,2020-05-10,0.0015393888115053933,0.9984606111884946
2526,2020-05-10,0.058910642674193436,0.9410893573258066
2527,2020-05-10,0.0019676940183006586,0.9980323059816993
2528,2020-05-10,0.05218854678613183,0.9478114532138682
2529,2020-05-10,0.031941704080224564,0.9680582959197754
2530,2020-05-10,0.0322921396380208,0.9677078603619792
2531,2020-05-10,0.013756173029990548,0.9862438269700095
2532,2020-05-10,0.005442530284125224,0.9945574697158748
2533,2020-05-10,0.015357650643702092,0.9846423493562979
2534,2020-05-10,0.019211329068247296,0.9807886709317527
2535,2020-05-10,0.0037426291964280933,0.9962573708035719
2536,2020-05-10,0.027781163756772753,0.9722188362432272
2537,2020-05-10,0.004270279719196801,0.9957297202808032
2538,2020-05-10,0.016010944147624384,0.9839890558523756
2539,2020-05-10,0.010337093943890152,0.9896629060561098
2540,2020-05-10,0.011199615516974792,0.9888003844830252
2541,2020-05-10,0.012211855271743288,0.9877881447282567
2542,2020-05-10,0.035658247908269325,0.9643417520917307
2543,2020-05-10,0.005977010724815268,0.9940229892751847
2544,2020-05-10,0.07185840802478527,0.9281415919752147
2545,2020-05-10,0.003991348098565051,0.996008651901435
2546,2020-05-10,0.011491437010626826,0.9885085629893732
2547,2020-05-10,0.014659812218870472,0.9853401877811295
2548,2020-05-10,0.05626465965466265,0.9437353403453373
2549,2020-05-10,0.011926063623267424,0.9880739363767326
2550,2020-05-10,0.005928244405212002,0.994071755594788
2551,2020-05-10,0.011454897746820514,0.9885451022531795
2552,2020-05-10,0.011424105450527189,0.9885758945494728
2553,2020-05-10,0.012835435268780393,0.9871645647312196
2555,2020-05-10,0.02372228304751345,0.9762777169524866
2556,2020-05-10,0.04892889746507578,0.9510711025349242
2557,2020-05-10,0.01307514108024399,0.986924858919756
2559,2020-05-10,0.005901386614782789,0.9940986133852172
2560,2020-05-10,0.005080538448446914,0.9949194615515531
2561,2020-05-10,0.03551013934892977,0.9644898606510702
2563,2020-05-10,0.005457737494171999,0.994542262505828
2564,2020-05-10,0.07312040627858762,0.9268795937214124
2566,2020-05-10,0.0473545966489376,0.9526454033510624
2567,2020-05-10,0.014386495102064356,0.9856135048979356
2568,2020-05-10,0.011965642127861442,0.9880343578721386
2569,2020-05-10,0.01244268244330693,0.9875573175566931
2570,2020-05-10,0.007208518307694312,0.9927914816923057
2571,2020-05-10,0.007627881682122362,0.9923721183178776
2572,2020-05-10,0.005420444425002668,0.9945795555749973
2573,2020-05-10,0.01602499623964171,0.9839750037603583
2574,2020-05-10,0.007001222238883664,0.9929987777611163
2575,2020-05-10,0.001961474077334713,0.9980385259226653
2576,2020-05-10,0.022686500155849942,0.9773134998441501
2578,2020-05-10,0.03143943692314877,0.9685605630768512
2579,2020-05-10,0.007126187426556352,0.9928738125734436
2580,2020-05-10,0.035483583063956936,0.9645164169360431
2581,2020-05-10,0.022751861579005217,0.9772481384209948
2582,2020-05-10,0.014482319077907091,0.9855176809220929
2583,2020-05-10,0.07139795053653042,0.9286020494634696
2584,2020-05-10,0.015818432518328818,0.9841815674816712
2585,2020-05-10,0.044248832425000995,0.955751167574999
2586,2020-05-10,0.01231013417663751,0.9876898658233625
2587,2020-05-10,0.03390145090920027,0.9660985490907997
2589,2020-05-10,0.0778553937160168,0.9221446062839832
2590,2020-05-10,0.007675814292484429,0.9923241857075156
2591,2020-05-10,0.021392882781167133,0.9786071172188329
2592,2020-05-10,0.09442289110021262,0.9055771088997874
2593,2020-05-10,0.025763461964017575,0.9742365380359824
2594,2020-05-10,0.029119712491925798,0.9708802875080742
2595,2020-05-10,0.03013629086777525,0.9698637091322247
2596,2020-05-10,0.03209745668945607,0.9679025433105439
2597,2020-05-10,0.04364482440002482,0.9563551755999752
2598,2020-05-10,0.005254878475888458,0.9947451215241115
2599,2020-05-10,0.003571952160307368,0.9964280478396926
2600,2020-05-10,0.033137259340630165,0.9668627406593698
2601,2020-05-10,0.02977617248789377,0.9702238275121062
2603,2020-05-10,0.020251138554815973,0.979748861445184
2604,2020-05-10,0.011446537748354468,0.9885534622516455
2605,2020-05-10,0.01570568685509166,0.9842943131449083
2607,2020-05-10,0.02990606792002659,0.9700939320799734
2608,2020-05-10,0.011133063305092561,0.9888669366949074
2609,2020-05-10,0.024811074173180403,0.9751889258268196
2610,2020-05-10,0.011317404545866383,0.9886825954541336
2611,2020-05-10,0.04787197332338411,0.9521280266766159
2612,2020-05-10,0.02184613987606887,0.9781538601239311
2613,2020-05-10,0.001297568726181586,0.9987024312738184
2614,2020-05-10,0.021493746836888206,0.9785062531631118
2615,2020-05-10,0.014294848311793618,0.9857051516882064
2616,2020-05-10,0.02714879215761201,0.972851207842388
2617,2020-05-10,0.0033116781813934404,0.9966883218186066
2619,2020-05-10,0.013350851633767813,0.9866491483662322
2620,2020-05-10,0.021382686606648105,0.9786173133933519
2621,2020-05-10,0.019775267077771774,0.9802247329222282
2622,2020-05-10,0.0059018953991217815,0.9940981046008782
2623,2020-05-10,0.006068057144060557,0.9939319428559394
2624,2020-05-10,0.019204126441027758,0.9807958735589722
2625,2020-05-10,0.003471274367406685,0.9965287256325933
2626,2020-05-10,0.013645152556764018,0.986354847443236
2627,2020-05-10,0.006062267881818739,0.9939377321181813
2628,2020-05-10,0.023093926444695212,0.9769060735553048
2629,2020-05-10,0.00523294135259833,0.9947670586474017
2630,2020-05-10,0.028550559485691296,0.9714494405143087
2631,2020-05-10,0.029131734728483738,0.9708682652715163
2632,2020-05-10,0.0008793654939897033,0.9991206345060103
2633,2020-05-10,0.0011221126916060031,0.998877887308394
2634,2020-05-10,0.01797931215615789,0.9820206878438421
2635,2020-05-10,0.010172953361972215,0.9898270466380278
2636,2020-05-10,0.0015017081377162178,0.9984982918622838
2637,2020-05-10,0.006291333827306622,0.9937086661726934
2638,2020-05-10,0.00587063096439322,0.9941293690356068
2639,2020-05-10,0.03375555953792375,0.9662444404620762
2640,2020-05-10,0.0027933091393369525,0.997206690860663
2641,2020-05-10,0.00767819919672752,0.9923218008032725
2642,2020-05-10,0.0016939421840020952,0.9983060578159979
2643,2020-05-10,0.00965700601997499,0.990342993980025
2645,2020-05-10,0.003158530238115742,0.9968414697618843
2646,2020-05-10,0.009830165286092374,0.9901698347139076
2647,2020-05-10,0.006279714616837295,0.9937202853831627
2648,2020-05-10,0.027942525116075423,0.9720574748839246
2649,2020-05-10,0.025378294437317095,0.9746217055626829
2650,2020-05-10,0.031469548616990806,0.9685304513830092
2651,2020-05-10,0.007267520843203035,0.992732479156797
2652,2020-05-10,0.013095199954582859,0.9869048000454171
2653,2020-05-10,0.0037555127316465375,0.9962444872683535
2654,2020-05-10,0.02427462280506798,0.975725377194932
2655,2020-05-10,0.0255653875119225,0.9744346124880775
2656,2020-05-10,0.011921267454458984,0.988078732545541
2657,2020-05-10,0.007906242859156754,0.9920937571408432
2658,2020-05-10,0.0058020833259393445,0.9941979166740607
2659,2020-05-10,0.01358769867357501,0.986412301326425
2661,2020-05-10,0.02366450609980575,0.9763354939001943
2662,2020-05-10,0.01551181914170141,0.9844881808582986
2663,2020-05-10,0.012163591745483204,0.9878364082545168
2664,2020-05-10,0.009498032207992502,0.9905019677920075
2666,2020-05-10,0.008763862163310598,0.9912361378366894
2667,2020-05-10,0.08386331984832585,0.9161366801516742
2669,2020-05-10,0.03432663013930082,0.9656733698606992
2670,2020-05-10,0.004545169464915677,0.9954548305350843
2671,2020-05-10,0.0184470885300958,0.9815529114699042
2672,2020-05-10,0.00622159270676359,0.9937784072932364
2674,2020-05-10,0.008108855088648115,0.9918911449113519
2675,2020-05-10,0.024359966146161982,0.975640033853838
2676,2020-05-10,0.003211388246288971,0.996788611753711
2677,2020-05-10,0.002826581352824764,0.9971734186471752
2678,2020-05-10,0.019858892735035938,0.9801411072649641
2679,2020-05-10,0.06133272070745599,0.938667279292544
2680,2020-05-10,0.02675995598787617,0.9732400440121238
2681,2020-05-10,0.011180137970737025,0.988819862029263
2682,2020-05-10,0.024110376998474847,0.9758896230015252
2683,2020-05-10,0.019171366094874576,0.9808286339051254
2684,2020-05-10,0.0029257029975769955,0.997074297002423
2685,2020-05-10,0.02313600439549157,0.9768639956045084
2686,2020-05-10,0.006998584637047389,0.9930014153629526
2687,2020-05-10,0.011915062525628906,0.9880849374743711
2688,2020-05-10,0.06218899963318292,0.9378110003668171
2689,2020-05-10,0.05226639894088847,0.9477336010591115
2690,2020-05-10,0.009617686372372924,0.9903823136276271
2691,2020-05-10,0.013132391397991938,0.9868676086020081
2692,2020-05-10,0.010831100885490774,0.9891688991145092
2693,2020-05-10,0.01552133679690848,0.9844786632030915
2695,2020-05-10,0.022765542213734613,0.9772344577862654
2696,2020-05-10,0.005380279162535806,0.9946197208374642
2697,2020-05-10,0.019759149584689606,0.9802408504153104
2698,2020-05-10,0.03423789210986472,0.9657621078901353
2699,2020-05-10,0.00828562882046946,0.9917143711795305
2700,2020-05-10,0.029312268886012127,0.9706877311139879
2701,2020-05-10,0.038612047322446164,0.9613879526775538
2702,2020-05-10,0.06042579641280299,0.939574203587197
2704,2020-05-10,0.038291043943481484,0.9617089560565185
2705,2020-05-10,0.004785036356097172,0.9952149636439028
2706,2020-05-10,0.01286545786398785,0.9871345421360121
2708,2020-05-10,0.005727520403863373,0.9942724795961366
2709,2020-05-10,0.0009090871334750394,0.999090912866525
2710,2020-05-10,0.0032986454729796444,0.9967013545270204
2711,2020-05-10,0.006060922409328651,0.9939390775906713
2713,2020-05-10,0.003904511196406113,0.9960954888035939
2714,2020-05-10,0.015263901027931515,0.9847360989720685
2715,2020-05-10,0.008308311959112302,0.9916916880408877
2716,2020-05-10,0.01348057420717863,0.9865194257928214
2717,2020-05-10,0.0072614619738416986,0.9927385380261583
2718,2020-05-10,0.03831051326320234,0.9616894867367977
2719,2020-05-10,0.012433844840786357,0.9875661551592136
2720,2020-05-10,0.011746909583284615,0.9882530904167154
2721,2020-05-10,0.02217495214430132,0.9778250478556987
2722,2020-05-10,0.007012415414233697,0.9929875845857663
2723,2020-05-10,0.04867824738434989,0.9513217526156501
2724,2020-05-10,0.017238305887577465,0.9827616941124225
2725,2020-05-10,0.033515597934229646,0.9664844020657704
2726,2020-05-10,0.004747708153348129,0.9952522918466519
2728,2020-05-10,0.004245691278996544,0.9957543087210035
2729,2020-05-10,0.006201086030735881,0.9937989139692641
2731,2020-05-10,0.011621756648357628,0.9883782433516424
2732,2020-05-10,0.012054643750022964,0.987945356249977
2733,2020-05-10,0.006732701842967925,0.9932672981570321
2734,2020-05-10,0.004275915558468513,0.9957240844415315
2735,2020-05-10,0.0037932337757474732,0.9962067662242525
2736,2020-05-10,0.06260472012018947,0.9373952798798105
2737,2020-05-10,0.019492165001803063,0.9805078349981969
2738,2020-05-10,0.003489122996658045,0.996510877003342
2739,2020-05-10,0.011198695322893859,0.9888013046771061
2740,2020-05-10,0.021510606144946043,0.978489393855054
2741,2020-05-10,0.00885535008367544,0.9911446499163246
2742,2020-05-10,0.03730469293756944,0.9626953070624306
2743,2020-05-10,0.0031745121350538197,0.9968254878649462
2744,2020-05-10,0.02100174787458453,0.9789982521254155
2745,2020-05-10,0.059051656234351935,0.9409483437656481
2747,2020-05-10,0.035764802793874506,0.9642351972061255
2748,2020-05-10,0.00970854568841062,0.9902914543115894
2749,2020-05-10,0.010812323249061229,0.9891876767509388
2750,2020-05-10,0.021747537418658536,0.9782524625813415
2751,2020-05-10,0.06216283427267555,0.9378371657273245
2752,2020-05-10,0.162836027016669,0.837163972983331
2754,2020-05-10,0.013697654700131179,0.9863023452998688
2755,2020-05-10,0.016734241021204133,0.9832657589787959
2756,2020-05-10,0.019001582655068794,0.9809984173449312
2757,2020-05-10,0.005070380667687391,0.9949296193323126
2759,2020-05-10,0.02301001870787367,0.9769899812921263
2760,2020-05-10,0.012250778706351162,0.9877492212936488
2762,2020-05-10,0.020010873430141296,0.9799891265698587
2763,2020-05-10,0.02942443628532565,0.9705755637146743
2764,2020-05-10,0.000524693496461448,0.9994753065035386
2765,2020-05-10,0.01151215619865642,0.9884878438013436
2766,2020-05-10,0.07152429991970177,0.9284757000802982
2767,2020-05-10,0.040558292913347116,0.9594417070866529
2768,2020-05-10,0.002532543513793506,0.9974674564862065
2769,2020-05-10,0.006558644459748519,0.9934413555402515
2771,2020-05-10,0.009798222275547053,0.990201777724453
2772,2020-05-10,0.00836932065470919,0.9916306793452908
2773,2020-05-10,0.0018908060258444603,0.9981091939741555
2774,2020-05-10,0.05833231254534765,0.9416676874546523
2775,2020-05-10,0.003990154262039858,0.9960098457379601
2776,2020-05-10,0.010551817992522139,0.9894481820074779
2777,2020-05-10,0.025679142966711255,0.9743208570332887
2778,2020-05-10,0.007705509148332457,0.9922944908516675
2779,2020-05-10,0.002814079231089006,0.997185920768911
2780,2020-05-10,0.037262547714501326,0.9627374522854987
2781,2020-05-10,0.028108775868905145,0.9718912241310949
2782,2020-05-10,0.03282909472418827,0.9671709052758117
2783,2020-05-10,0.008223722227270747,0.9917762777727293
2784,2020-05-10,0.011782750109553763,0.9882172498904462
2785,2020-05-10,0.018873382625094193,0.9811266173749058
2786,2020-05-10,0.006200297142905931,0.9937997028570941
2787,2020-05-10,0.008123802002511837,0.9918761979974882
2790,2020-05-10,0.02783001198975399,0.972169988010246
2791,2020-05-10,0.009465006863384917,0.9905349931366151
2792,2020-05-10,0.01837277428514883,0.9816272257148512
2793,2020-05-10,0.003144989823214428,0.9968550101767856
2794,2020-05-10,0.02197711155670068,0.9780228884432993
2795,2020-05-10,0.015183994255374533,0.9848160057446255
2796,2020-05-10,0.016548299125460186,0.9834517008745398
2797,2020-05-10,0.015511646190606299,0.9844883538093937
2798,2020-05-10,0.018512377637662558,0.9814876223623374
2799,2020-05-10,0.016604728208057362,0.9833952717919426
2800,2020-05-10,0.02971654019079195,0.970283459809208
2801,2020-05-10,0.010778964728984985,0.989221035271015
2802,2020-05-10,0.01043134769118581,0.9895686523088142
2803,2020-05-10,0.0048671099991447475,0.9951328900008553
2804,2020-05-10,0.04559073723080276,0.9544092627691972
2805,2020-05-10,0.014178488771541597,0.9858215112284584
2806,2020-05-10,0.01485640618665518,0.9851435938133448
2807,2020-05-10,0.01681684477487666,0.9831831552251233
2808,2020-05-10,0.0078042207346828985,0.9921957792653171
2809,2020-05-10,0.1322528179149015,0.8677471820850985
2810,2020-05-10,0.059632411102827465,0.9403675888971725
2811,2020-05-10,0.02323608950608147,0.9767639104939185
2812,2020-05-10,0.02804492806803116,0.9719550719319688
2813,2020-05-10,0.014333606194497639,0.9856663938055024
2814,2020-05-10,0.015604852169351147,0.9843951478306489
2816,2020-05-10,0.013095863480151348,0.9869041365198487
2817,2020-05-10,0.011994362498643718,0.9880056375013563
2818,2020-05-10,0.02519188244451298,0.974808117555487
2819,2020-05-10,0.013449507295426488,0.9865504927045735
2820,2020-05-10,0.060535775065401976,0.939464224934598
2821,2020-05-10,0.0087733767095024,0.9912266232904976
2822,2020-05-10,0.00996372116684996,0.99003627883315
2823,2020-05-10,0.016489765971553716,0.9835102340284463
2824,2020-05-10,0.009308053107707992,0.990691946892292
2825,2020-05-10,0.0071886820657631745,0.9928113179342368
2827,2020-05-10,0.027313781539391457,0.9726862184606085
2828,2020-05-10,0.01853259582076794,0.9814674041792321
2829,2020-05-10,0.02289199024217481,0.9771080097578252
2830,2020-05-10,0.03393455897786335,0.9660654410221367
2832,2020-05-10,0.026994322485138333,0.9730056775148617
2833,2020-05-10,0.06206316898943265,0.9379368310105674
2834,2020-05-10,0.0591320510832789,0.9408679489167211
2835,2020-05-10,0.005670797049591947,0.994329202950408
2836,2020-05-10,0.03964292961560123,0.9603570703843988
2837,2020-05-10,0.01682831411564545,0.9831716858843546
2838,2020-05-10,0.014951865203177817,0.9850481347968222
2839,2020-05-10,0.016797535578969902,0.9832024644210301
2840,2020-05-10,0.016224127917466635,0.9837758720825334
2842,2020-05-10,0.020023472722698332,0.9799765272773017
2843,2020-05-10,0.02723039638571212,0.9727696036142879
2844,2020-05-10,0.0008256394753980434,0.999174360524602
2845,2020-05-10,0.011189147608323458,0.9888108523916765
2846,2020-05-10,0.01973445089823067,0.9802655491017693
2847,2020-05-10,0.040316879107564985,0.959683120892435
2848,2020-05-10,0.013509482211379265,0.9864905177886207
2849,2020-05-10,0.015110609080434934,0.9848893909195651
2850,2020-05-10,0.016188082994441078,0.9838119170055589
2852,2020-05-10,0.007284914785628094,0.9927150852143719
2853,2020-05-10,0.008521928504298781,0.9914780714957012
2854,2020-05-10,0.01498955818160641,0.9850104418183936
2855,2020-05-10,0.029203561207435946,0.970796438792564
2856,2020-05-10,0.028801887414708238,0.9711981125852918
2857,2020-05-10,0.021870364518016605,0.9781296354819834
2858,2020-05-10,0.016780081915344636,0.9832199180846554
2859,2020-05-10,0.040905156398471365,0.9590948436015286
2860,2020-05-10,0.019579601930899915,0.9804203980691001
2861,2020-05-10,0.00767801379522981,0.9923219862047702
2862,2020-05-10,0.05517673311748561,0.9448232668825144
2863,2020-05-10,0.038841274893763544,0.9611587251062365
2864,2020-05-10,0.0043978046055141995,0.9956021953944858
2865,2020-05-10,0.02111024302101283,0.9788897569789872
2866,2020-05-10,0.011843294566995954,0.988156705433004
2867,2020-05-10,0.014504710518378205,0.9854952894816218
2868,2020-05-10,0.05791235071847001,0.94208764928153
2869,2020-05-10,0.08316732931936743,0.9168326706806326
2870,2020-05-10,0.025700198971860377,0.9742998010281396
2871,2020-05-10,0.02863142227610116,0.9713685777238988
2872,2020-05-10,0.007046346127251524,0.9929536538727485
2873,2020-05-10,0.020695947746700916,0.9793040522532991
2874,2020-05-10,0.017082908924017315,0.9829170910759827
2875,2020-05-10,0.045406050433538514,0.9545939495664615
2876,2020-05-10,0.0033317508367899373,0.9966682491632101
2877,2020-05-10,0.016728829473379503,0.9832711705266205
2878,2020-05-10,0.015018583925869189,0.9849814160741308
2880,2020-05-10,0.02057136793977621,0.9794286320602238
2881,2020-05-10,0.005363733797050574,0.9946362662029494
2883,2020-05-10,0.017039514011704116,0.9829604859882959
2884,2020-05-10,0.05010700511511901,0.949892994884881
2885,2020-05-10,0.0042578764279026515,0.9957421235720973
2886,2020-05-10,0.018717563139976745,0.9812824368600233
2887,2020-05-10,0.015813015326743396,0.9841869846732566
2888,2020-05-10,0.011283339636666168,0.9887166603633338
2889,2020-05-10,0.019585719313366057,0.9804142806866339
2890,2020-05-10,0.0022867926599126065,0.9977132073400874
2891,2020-05-10,0.050892990242047076,0.9491070097579529
2892,2020-05-10,0.027900433765696064,0.9720995662343039
2893,2020-05-10,0.026228633330834916,0.9737713666691651
2894,2020-05-10,0.014502493025133734,0.9854975069748663
2895,2020-05-10,0.005854928527741166,0.9941450714722588
2896,2020-05-10,0.026043992525866866,0.9739560074741331
2897,2020-05-10,0.06272169201523992,0.9372783079847601
2898,2020-05-10,0.018913570097506494,0.9810864299024935
2899,2020-05-10,0.006902411527381691,0.9930975884726183
2900,2020-05-10,0.0037792907946722076,0.9962207092053278
2901,2020-05-10,0.06019672810462262,0.9398032718953774
2902,2020-05-10,0.03148073478464497,0.968519265215355
2903,2020-05-10,0.0056971719747758165,0.9943028280252242
2904,2020-05-10,0.0036954934545743168,0.9963045065454257
2905,2020-05-10,0.03540615829297444,0.9645938417070256
2906,2020-05-10,0.07148674627140328,0.9285132537285967
2907,2020-05-10,0.004055917353830818,0.9959440826461692
2908,2020-05-10,0.0348619392062981,0.9651380607937019
2909,2020-05-10,0.005410766146978552,0.9945892338530214
2910,2020-05-10,0.020637132736957664,0.9793628672630423
2911,2020-05-10,0.013561367217835296,0.9864386327821647
2913,2020-05-10,0.008889041851616097,0.9911109581483839
2914,2020-05-10,0.006377853475933337,0.9936221465240667
2915,2020-05-10,0.014353878596975789,0.9856461214030242
2917,2020-05-10,0.02943468812968708,0.9705653118703129
2918,2020-05-10,0.05052010074145996,0.94947989925854
2919,2020-05-10,0.012130175698376822,0.9878698243016232
2920,2020-05-10,0.04391157938763535,0.9560884206123647
2921,2020-05-10,0.0372605073989698,0.9627394926010302
2922,2020-05-10,0.015598492109691997,0.984401507890308
2923,2020-05-10,0.006622548472871026,0.993377451527129
2924,2020-05-10,0.008199440954090642,0.9918005590459094
2925,2020-05-10,0.017371791873918796,0.9826282081260812
2926,2020-05-10,0.02025508698886791,0.9797449130111321
2927,2020-05-10,0.008205714017956778,0.9917942859820432
2928,2020-05-10,0.01673964220546964,0.9832603577945304
2929,2020-05-10,0.0008665141184084346,0.9991334858815916
2930,2020-05-10,0.030788409062815436,0.9692115909371846
2931,2020-05-10,0.008787678954639833,0.9912123210453602
2932,2020-05-10,0.005242553876308564,0.9947574461236914
2933,2020-05-10,0.015410654169757398,0.9845893458302426
2935,2020-05-10,0.009317210185189606,0.9906827898148104
2936,2020-05-10,0.004415019737688097,0.9955849802623119
2937,2020-05-10,0.004601384677354048,0.995398615322646
2939,2020-05-10,0.01756010111334294,0.9824398988866571
2940,2020-05-10,0.0031116606080250353,0.996888339391975
2942,2020-05-10,0.08812617854517002,0.91187382145483
2943,2020-05-10,0.012814441933245102,0.9871855580667549
2944,2020-05-10,0.012586581931261609,0.9874134180687384
2946,2020-05-10,0.05557062134909796,0.944429378650902
2947,2020-05-10,0.055861414086104455,0.9441385859138955
2948,2020-05-10,0.014653579189204291,0.9853464208107957
2949,2020-05-10,0.015438324970761474,0.9845616750292385
2950,2020-05-10,0.017101379674531625,0.9828986203254684
2951,2020-05-10,0.009395908862258051,0.990604091137742
2953,2020-05-10,0.027210643854774452,0.9727893561452255
2954,2020-05-10,0.007509081471732015,0.992490918528268
2955,2020-05-10,0.011960256411837733,0.9880397435881623
2956,2020-05-10,0.058613642926973464,0.9413863570730265
2957,2020-05-10,0.020997633290871565,0.9790023667091284
2958,2020-05-10,0.011058730804952899,0.9889412691950471
2959,2020-05-10,0.004232470539915711,0.9957675294600843
2961,2020-05-10,0.008150080251532521,0.9918499197484675
2962,2020-05-10,0.02249476902906178,0.9775052309709382
2964,2020-05-10,0.0176920473117258,0.9823079526882742
2966,2020-05-10,0.010180718097266173,0.9898192819027338
2967,2020-05-10,0.08398809800137352,0.9160119019986265
2968,2020-05-10,0.016074021160298768,0.9839259788397012
2969,2020-05-10,0.036664313101651747,0.9633356868983483
2970,2020-05-10,0.005981781308796674,0.9940182186912033
2971,2020-05-10,0.05145486004437516,0.9485451399556248
2972,2020-05-10,0.03553298767424651,0.9644670123257535
2973,2020-05-10,0.016162162302127636,0.9838378376978724
2974,2020-05-10,0.004908954319225112,0.9950910456807749
2975,2020-05-10,0.14698364620081739,0.8530163537991826
2976,2020-05-10,0.009713598795499712,0.9902864012045003
2977,2020-05-10,0.01493749408488998,0.98506250591511
2978,2020-05-10,0.04931323951440836,0.9506867604855916
2979,2020-05-10,0.03674175601231988,0.9632582439876801
2980,2020-05-10,0.03241148198972699,0.967588518010273
2982,2020-05-10,0.012415443245964997,0.987584556754035
2983,2020-05-10,0.005219237646028496,0.9947807623539715
2984,2020-05-10,0.010870305912897504,0.9891296940871025
2985,2020-05-10,0.004732584847890409,0.9952674151521096
2988,2020-05-10,0.028836002019645313,0.9711639979803547
2990,2020-05-10,0.02296574090225212,0.9770342590977479
2991,2020-05-10,0.03925613217111479,0.9607438678288852
2992,2020-05-10,0.03971203995514683,0.9602879600448532
2993,2020-05-10,0.007238852206059798,0.9927611477939402
2994,2020-05-10,0.006156535900498472,0.9938434640995015
2995,2020-05-10,0.0013472578914704991,0.9986527421085295
2996,2020-05-10,0.004068864267216199,0.9959311357327838
2997,2020-05-10,0.021793410071997754,0.9782065899280022
2998,2020-05-10,0.0367710777174145,0.9632289222825855
2999,2020-05-10,0.005315735922855391,0.9946842640771446
3000,2020-05-10,0.002824907746973526,0.9971750922530265
3001,2020-05-10,0.021239110744300405,0.9787608892556996
3002,2020-05-10,0.03342030377331806,0.9665796962266819
3003,2020-05-10,0.027980801441108927,0.9720191985588911
3004,2020-05-10,0.004935652614216135,0.9950643473857839
3005,2020-05-10,0.0012703960741000664,0.9987296039258999
3006,2020-05-10,0.021321674133885082,0.9786783258661149
3007,2020-05-10,0.023435801252957078,0.9765641987470429
3008,2020-05-10,0.0104424108938862,0.9895575891061138
3009,2020-05-10,0.035090400923264986,0.964909599076735
3010,2020-05-10,0.020455980635074922,0.9795440193649251
3011,2020-05-10,0.009216475241446864,0.9907835247585531
3012,2020-05-10,0.007221963549598032,0.992778036450402
3013,2020-05-10,0.0015948677941350908,0.9984051322058649
3014,2020-05-10,0.053305618575748226,0.9466943814242518
3015,2020-05-10,0.018714652048001157,0.9812853479519988
3016,2020-05-10,0.005836129217231534,0.9941638707827685
3017,2020-05-10,0.02300507290574716,0.9769949270942528
3018,2020-05-10,0.044351707049902656,0.9556482929500973
3019,2020-05-10,0.05314015254629434,0.9468598474537057
3020,2020-05-10,0.14321778057836476,0.8567822194216352
3021,2020-05-10,0.014112968509210622,0.9858870314907894
3022,2020-05-10,0.00502990886340704,0.994970091136593
3023,2020-05-10,0.020287219631089703,0.9797127803689103
3024,2020-05-10,0.04452744655426044,0.9554725534457396
3025,2020-05-10,0.009777656570005622,0.9902223434299944
3027,2020-05-10,0.010306607866008122,0.9896933921339919
3030,2020-05-10,0.011987856787720963,0.988012143212279
3031,2020-05-10,0.028073520450088818,0.9719264795499112
3032,2020-05-10,0.015525443055948607,0.9844745569440514
3034,2020-05-10,0.013736009554084827,0.9862639904459152
3035,2020-05-10,0.013433546279172481,0.9865664537208275
3036,2020-05-10,0.0038868279285414475,0.9961131720714586
3038,2020-05-10,0.019410173337254588,0.9805898266627454
3039,2020-05-10,0.046954409718250045,0.95304559028175
3040,2020-05-10,0.01893283563280923,0.9810671643671908
3041,2020-05-10,0.03520699910494518,0.9647930008950548
3042,2020-05-10,0.04920981740292729,0.9507901825970727
3043,2020-05-10,0.02611195564937374,0.9738880443506263
3044,2020-05-10,0.004247822932525014,0.995752177067475
3045,2020-05-10,0.011488974855265788,0.9885110251447342
3046,2020-05-10,0.00963459805884126,0.9903654019411587
3047,2020-05-10,0.02171687380352405,0.978283126196476
3048,2020-05-10,0.0064825214396926345,0.9935174785603074
3049,2020-05-10,0.015760402469185086,0.9842395975308149
3050,2020-05-10,0.011106664277499956,0.9888933357225
3051,2020-05-10,0.01526149074769001,0.98473850925231
3052,2020-05-10,0.015654634378290844,0.9843453656217092
3053,2020-05-10,0.003821920795717748,0.9961780792042823
3054,2020-05-10,0.029079277223206246,0.9709207227767938
3055,2020-05-10,0.008272083138756603,0.9917279168612434
3056,2020-05-10,0.08758811869845962,0.9124118813015404
3057,2020-05-10,0.0072947942409273825,0.9927052057590726
3058,2020-05-10,0.0023939040267614287,0.9976060959732386
3059,2020-05-10,0.030196686840300746,0.9698033131596993
3060,2020-05-10,0.005942280917924925,0.9940577190820751
3061,2020-05-10,0.004895744443931926,0.9951042555560681
3062,2020-05-10,0.0039354760128546,0.9960645239871454
3063,2020-05-10,0.030101218616337744,0.9698987813836623
3064,2020-05-10,0.03568584859051249,0.9643141514094875
3065,2020-05-10,0.023449805372059318,0.9765501946279407
3066,2020-05-10,0.0013564502488074837,0.9986435497511925
3067,2020-05-10,0.07921367518891154,0.9207863248110885
3068,2020-05-10,0.0061971081271802175,0.9938028918728198
3069,2020-05-10,0.018528429702706517,0.9814715702972935
3070,2020-05-10,0.030634069422951993,0.969365930577048
3071,2020-05-10,0.01994364595365694,0.9800563540463431
3072,2020-05-10,0.0029045154624042224,0.9970954845375958
3073,2020-05-10,0.025652439186818587,0.9743475608131814
3074,2020-05-10,0.006752374027316654,0.9932476259726833
3075,2020-05-10,0.04481544837282325,0.9551845516271767
3076,2020-05-10,0.008377936588307766,0.9916220634116922
3078,2020-05-10,0.010618017779729039,0.989381982220271
3079,2020-05-10,0.024599110867440932,0.9754008891325591
3080,2020-05-10,0.04170787761763428,0.9582921223823657
3081,2020-05-10,0.013776925816647245,0.9862230741833528
3082,2020-05-10,0.011183944575666849,0.9888160554243332
3083,2020-05-10,0.01539612146233904,0.984603878537661
3084,2020-05-10,0.005088454382502938,0.9949115456174971
3086,2020-05-10,0.0156128117063975,0.9843871882936025
3087,2020-05-10,0.01525025014368353,0.9847497498563165
3088,2020-05-10,0.004057101859545553,0.9959428981404544
3089,2020-05-10,0.00912978480199611,0.9908702151980039
3090,2020-05-10,0.02545075282114162,0.9745492471788584
3091,2020-05-10,0.018956714391368035,0.981043285608632
3092,2020-05-10,0.02190851911768521,0.9780914808823148
3093,2020-05-10,0.007796521915455212,0.9922034780845448
3094,2020-05-10,0.019503004887598152,0.9804969951124018
3095,2020-05-10,0.0019041770053433993,0.9980958229946566
3096,2020-05-10,0.028992891219813854,0.9710071087801861
3097,2020-05-10,0.007373067728006055,0.992626932271994
3098,2020-05-10,0.04085427216751869,0.9591457278324813
3099,2020-05-10,0.017762992066527095,0.9822370079334729
3100,2020-05-10,0.0021188315257382184,0.9978811684742618
3101,2020-05-10,0.03068311754382802,0.969316882456172
3102,2020-05-10,0.04457246820236094,0.9554275317976391
3103,2020-05-10,0.0014832214996267634,0.9985167785003732
3104,2020-05-10,0.030256180833808544,0.9697438191661915
3105,2020-05-10,0.002367460405873212,0.9976325395941268
3106,2020-05-10,0.008098412505303854,0.9919015874946961
3107,2020-05-10,0.03369633965126273,0.9663036603487373
3108,2020-05-10,0.0044085178558394,0.9955914821441606
3109,2020-05-10,0.026604523383856327,0.9733954766161437
3110,2020-05-10,0.0020939115194655855,0.9979060884805344
3111,2020-05-10,0.031091453263231705,0.9689085467367683
3112,2020-05-10,0.004951389759716762,0.9950486102402832
3113,2020-05-10,0.009682935053474173,0.9903170649465258
3114,2020-05-10,0.023834714325918327,0.9761652856740817
3115,2020-05-10,0.01945350594189854,0.9805464940581015
3116,2020-05-10,0.024738604679440668,0.9752613953205593
3117,2020-05-10,0.013812406807832245,0.9861875931921678
3118,2020-05-10,0.019717420943743402,0.9802825790562566
3119,2020-05-10,0.00178751339123695,0.998212486608763
3120,2020-05-10,0.013196349328396861,0.9868036506716031
3121,2020-05-10,0.046214052282111506,0.9537859477178885
3122,2020-05-10,0.0070271704166908755,0.9929728295833091
3123,2020-05-10,0.02718683888421536,0.9728131611157846
3124,2020-05-10,0.0019239740437526631,0.9980760259562473
3125,2020-05-10,0.03184263509960106,0.9681573649003989
3126,2020-05-10,0.014085500102073878,0.9859144998979261
3127,2020-05-10,0.04581360041702276,0.9541863995829772
3128,2020-05-10,0.005855581968184698,0.9941444180318153
3129,2020-05-10,0.03958887159747093,0.9604111284025291
3131,2020-05-10,0.008493947504415456,0.9915060524955845
3132,2020-05-10,0.010842252923807028,0.989157747076193
3133,2020-05-10,0.008885702620253233,0.9911142973797468
3134,2020-05-10,0.004278274401912863,0.9957217255980871
3135,2020-05-10,0.0026987759966982106,0.9973012240033018
3136,2020-05-10,0.033204246956573535,0.9667957530434265
3137,2020-05-10,0.01625212420651234,0.9837478757934877
3138,2020-05-10,0.012680556716251679,0.9873194432837483
3140,2020-05-10,0.008126138421490903,0.9918738615785091
3141,2020-05-10,0.012872444625687374,0.9871275553743126
3142,2020-05-10,0.0045394247804650956,0.9954605752195349
3143,2020-05-10,0.01237190719139769,0.9876280928086023
3144,2020-05-10,0.01577609966721527,0.9842239003327847
3145,2020-05-10,0.016478717580775126,0.9835212824192249
3146,2020-05-10,0.012083244328427556,0.9879167556715724
3147,2020-05-10,0.019250659136490156,0.9807493408635098
3148,2020-05-10,0.036367719465517756,0.9636322805344822
3150,2020-05-10,0.017608231478864478,0.9823917685211355
3151,2020-05-10,0.009165912777303387,0.9908340872226966
3152,2020-05-10,0.025463103370881757,0.9745368966291182
3154,2020-05-10,0.0024072444395543124,0.9975927555604457
3155,2020-05-10,0.05472642834329067,0.9452735716567093
3156,2020-05-10,0.005289744719789269,0.9947102552802107
3157,2020-05-10,0.015161049181376618,0.9848389508186234
3158,2020-05-10,0.03348852986528761,0.9665114701347124
3159,2020-05-10,0.051851238011910605,0.9481487619880894
3162,2020-05-10,0.017619184335936677,0.9823808156640633
3163,2020-05-10,0.005313864550662628,0.9946861354493374
3164,2020-05-10,0.04718666806849747,0.9528133319315025
3165,2020-05-10,0.0030672866828449497,0.996932713317155
3166,2020-05-10,0.01906025420411761,0.9809397457958824
3168,2020-05-10,0.0027461018090751965,0.9972538981909248
3169,2020-05-10,0.04434586574332411,0.9556541342566759
3170,2020-05-10,0.05907113219532678,0.9409288678046732
3172,2020-05-10,0.005613360834517467,0.9943866391654825
3173,2020-05-10,0.01871585693065214,0.9812841430693479
3174,2020-05-10,0.015880544000403063,0.9841194559995969
3175,2020-05-10,0.020043871872901464,0.9799561281270985
3176,2020-05-10,0.017828727027731528,0.9821712729722685
3177,2020-05-10,0.03084533086654373,0.9691546691334563
3178,2020-05-10,0.051818668424039815,0.9481813315759602
3179,2020-05-10,0.018828519797719823,0.9811714802022802
3180,2020-05-10,0.009052095492034784,0.9909479045079652
3181,2020-05-10,0.010905331491254056,0.9890946685087459
3182,2020-05-10,0.005964635667816243,0.9940353643321838
3183,2020-05-10,0.019602760386034257,0.9803972396139657
3184,2020-05-10,0.025861872916157602,0.9741381270838424
3185,2020-05-10,0.02124110349908981,0.9787588965009102
3186,2020-05-10,0.012958672814816219,0.9870413271851838
3187,2020-05-10,0.01218860738711447,0.9878113926128855
3188,2020-05-10,0.013979734838593605,0.9860202651614064
3189,2020-05-10,0.006479528377197452,0.9935204716228025
3190,2020-05-10,0.015325433122371446,0.9846745668776286
3191,2020-05-10,0.018287010977719453,0.9817129890222805
3192,2020-05-10,0.004881888576525273,0.9951181114234747
3193,2020-05-10,0.01218058732418048,0.9878194126758195
3194,2020-05-10,0.0019492159438306844,0.9980507840561693
3195,2020-05-10,0.011397756736772346,0.9886022432632277
3196,2020-05-10,0.02918049923078414,0.9708195007692159
3197,2020-05-10,0.02949945056307124,0.9705005494369288
3198,2020-05-10,0.005830271706117718,0.9941697282938823
3199,2020-05-10,0.018789797571265643,0.9812102024287344
3200,2020-05-10,0.01990454781896378,0.9800954521810362
3203,2020-05-10,0.0026358127152710242,0.997364187284729
3204,2020-05-10,0.005957262722327772,0.9940427372776722
3206,2020-05-10,0.007809227524364304,0.9921907724756357
3209,2020-05-10,0.02790131052128586,0.9720986894787141
3210,2020-05-10,0.005865515888902384,0.9941344841110976
3211,2020-05-10,0.031802357912054324,0.9681976420879457
3212,2020-05-10,0.023858116730740564,0.9761418832692594
3213,2020-05-10,0.019300468019654127,0.9806995319803459
3214,2020-05-10,0.011475753228415764,0.9885242467715842
3215,2020-05-10,0.006899241614984675,0.9931007583850153
3216,2020-05-10,0.018164620203029558,0.9818353797969704
3217,2020-05-10,0.002507071447756637,0.9974929285522434
3218,2020-05-10,0.002533196595818188,0.9974668034041818
3220,2020-05-10,0.006387025810652869,0.9936129741893471
3221,2020-05-10,0.02806836084100761,0.9719316391589924
3222,2020-05-10,0.012314969247246399,0.9876850307527536
3223,2020-05-10,0.029599500538948553,0.9704004994610514
3224,2020-05-10,0.0032580397989543375,0.9967419602010457
3225,2020-05-10,0.007118502545702343,0.9928814974542977
3226,2020-05-10,0.010465594042500248,0.9895344059574998
3227,2020-05-10,0.009729702032940546,0.9902702979670595
3228,2020-05-10,0.022653793946076695,0.9773462060539233
3230,2020-05-10,0.03477438054430826,0.9652256194556917
3231,2020-05-10,0.06479992323607742,0.9352000767639226
3232,2020-05-10,0.014706801010074932,0.9852931989899251
3233,2020-05-10,0.016886295776115112,0.9831137042238849
3234,2020-05-10,0.006638220802662853,0.9933617791973371
3235,2020-05-10,0.006075469879422091,0.9939245301205779
3236,2020-05-10,0.0029051320943815906,0.9970948679056184
3237,2020-05-10,0.00415280794742956,0.9958471920525704
3238,2020-05-10,0.018259154272479927,0.9817408457275201
3239,2020-05-10,0.017469012542084772,0.9825309874579152
3241,2020-05-10,0.007086360991622853,0.9929136390083771
3242,2020-05-10,0.01038047876377357,0.9896195212362264
3243,2020-05-10,0.01880372551006526,0.9811962744899347
3244,2020-05-10,0.04734480773932681,0.9526551922606732
3245,2020-05-10,0.00353382053948037,0.9964661794605196
3247,2020-05-10,0.005747130215859708,0.9942528697841403
3248,2020-05-10,0.003031503447136097,0.9969684965528639
3250,2020-05-10,0.019043036201418007,0.980956963798582
3251,2020-05-10,0.0073778550597900505,0.99262214494021
3252,2020-05-10,0.04112902796820517,0.9588709720317948
3253,2020-05-10,0.025515274384847797,0.9744847256151522
3254,2020-05-10,0.018775024508905336,0.9812249754910947
3255,2020-05-10,0.02298399331640233,0.9770160066835977
3256,2020-05-10,0.004156573499564886,0.9958434265004351
3257,2020-05-10,0.05841073615954273,0.9415892638404573
3258,2020-05-10,0.012702710234252845,0.9872972897657472
3259,2020-05-10,0.0034709731230918583,0.9965290268769081
3260,2020-05-10,0.010945879116564416,0.9890541208834356
3261,2020-05-10,0.009008651065786855,0.9909913489342131
3262,2020-05-10,0.00506285873632073,0.9949371412636793
3263,2020-05-10,0.030819968182472235,0.9691800318175278
3264,2020-05-10,0.016978987903904952,0.983021012096095
3265,2020-05-10,0.08182197173052874,0.9181780282694713
3266,2020-05-10,0.018469665390632106,0.9815303346093679
3267,2020-05-10,0.046899587686966004,0.953100412313034
3268,2020-05-10,0.01137138022496953,0.9886286197750305
3269,2020-05-10,0.0025070170692441662,0.9974929829307558
3270,2020-05-10,0.04323640589616495,0.956763594103835
3271,2020-05-10,0.004913884238643695,0.9950861157613563
3272,2020-05-10,0.021971804064209177,0.9780281959357908
3273,2020-05-10,0.0027482142532456733,0.9972517857467543
3274,2020-05-10,0.004886802474432628,0.9951131975255674
3275,2020-05-10,0.0019051379664948298,0.9980948620335052
3276,2020-05-10,0.004940280436697697,0.9950597195633023
3277,2020-05-10,0.014848479507289292,0.9851515204927107
3278,2020-05-10,0.007752855475211984,0.992247144524788
3280,2020-05-10,0.006509276335324499,0.9934907236646755
3281,2020-05-10,0.02537000020307978,0.9746299997969202
3283,2020-05-10,0.10665194327316008,0.8933480567268399
3284,2020-05-10,0.008120166031257758,0.9918798339687422
3286,2020-05-10,0.017931455298498822,0.9820685447015012
3287,2020-05-10,0.011996766153985483,0.9880032338460145
3288,2020-05-10,0.017916161075942738,0.9820838389240573
3289,2020-05-10,0.000909855278020677,0.9990901447219793
3290,2020-05-10,0.0030066741425637256,0.9969933258574363
3292,2020-05-10,0.011294273535288557,0.9887057264647114
3293,2020-05-10,0.023088475106503026,0.976911524893497
3294,2020-05-10,0.010531584124330085,0.9894684158756699
3295,2020-05-10,0.020597856807188952,0.979402143192811
3296,2020-05-10,0.0031693785834122634,0.9968306214165877
3297,2020-05-10,0.007979998806428856,0.9920200011935711
3298,2020-05-10,0.00605153139113479,0.9939484686088652
3299,2020-05-10,0.00542940738441533,0.9945705926155847
3300,2020-05-10,0.016429071276911178,0.9835709287230888
3301,2020-05-10,0.02036631205498607,0.9796336879450139
3302,2020-05-10,0.00200625987186398,0.997993740128136
3303,2020-05-10,0.010638732979636134,0.9893612670203639
3305,2020-05-10,0.009230123400487233,0.9907698765995128
3306,2020-05-10,0.006582328597047993,0.993417671402952
3307,2020-05-10,0.02618489286794723,0.9738151071320528
3308,2020-05-10,0.014814857551605276,0.9851851424483947
3309,2020-05-10,0.02136202478423499,0.978637975215765
3310,2020-05-10,0.003836629490228005,0.996163370509772
3311,2020-05-10,0.007707127145338499,0.9922928728546615
3312,2020-05-10,0.017272403382327273,0.9827275966176727
3314,2020-05-10,0.017315188918691438,0.9826848110813086
3315,2020-05-10,0.0044418542146533735,0.9955581457853466
3316,2020-05-10,0.009388201629492388,0.9906117983705076
3317,2020-05-10,0.013518503903410695,0.9864814960965893
3318,2020-05-10,0.03289372971266136,0.9671062702873386
3319,2020-05-10,0.011097849347557531,0.9889021506524425
3321,2020-05-10,0.05008875277667768,0.9499112472233223
3322,2020-05-10,0.029903703661718795,0.9700962963382812
3323,2020-05-10,0.006277449350232112,0.9937225506497679
3324,2020-05-10,0.014986418732914397,0.9850135812670856
3325,2020-05-10,0.008809685716706817,0.9911903142832932
3326,2020-05-10,0.008966110151021445,0.9910338898489786
3327,2020-05-10,0.00459687700977951,0.9954031229902205
3328,2020-05-10,0.062124301086523004,0.937875698913477
3329,2020-05-10,0.0049646889326344645,0.9950353110673655
3331,2020-05-10,0.00998471470878759,0.9900152852912124
3332,2020-05-10,0.012004938879239146,0.9879950611207609
3333,2020-05-10,0.027906926630110296,0.9720930733698897
3334,2020-05-10,0.006322600114288868,0.9936773998857111
3336,2020-05-10,0.012116501823190795,0.9878834981768092
3337,2020-05-10,0.008029493719286962,0.991970506280713
3338,2020-05-10,0.010554093769620354,0.9894459062303796
3339,2020-05-10,0.016658355136701664,0.9833416448632983
3340,2020-05-10,0.0030798540549541453,0.9969201459450459
3341,2020-05-10,0.005666963236580003,0.99433303676342
3342,2020-05-10,0.00900818100705525,0.9909918189929448
3343,2020-05-10,0.042333559573082824,0.9576664404269172
3344,2020-05-10,0.037355900171958334,0.9626440998280417
3345,2020-05-10,0.01483416471123744,0.9851658352887626
3347,2020-05-10,0.020261911177055003,0.979738088822945
3348,2020-05-10,0.01581884772834774,0.9841811522716523
3349,2020-05-10,0.01931557456641464,0.9806844254335854
3351,2020-05-10,0.008775703449466099,0.9912242965505339
3352,2020-05-10,0.003434393560767246,0.9965656064392328
3353,2020-05-10,0.0039069780920270025,0.996093021907973
3354,2020-05-10,0.013427991838656284,0.9865720081613437
3356,2020-05-10,0.06394722769270456,0.9360527723072954
3358,2020-05-10,0.01923978888238187,0.9807602111176181
3359,2020-05-10,0.02028618412089045,0.9797138158791096
3362,2020-05-10,0.019785867113997768,0.9802141328860022
3364,2020-05-10,0.023482456223708814,0.9765175437762912
3365,2020-05-10,0.012167949650580101,0.9878320503494199
3366,2020-05-10,0.0033966763901149832,0.996603323609885
3367,2020-05-10,0.018300582896218165,0.9816994171037818
3368,2020-05-10,0.00560326905113373,0.9943967309488663
3369,2020-05-10,0.008703817330650176,0.9912961826693498
3370,2020-05-10,0.023519632135839075,0.9764803678641609
3371,2020-05-10,0.0135766729848531,0.9864233270151469
3372,2020-05-10,0.00999545084719844,0.9900045491528016
3373,2020-05-10,0.05040302031470245,0.9495969796852975
3374,2020-05-10,0.00425014073209995,0.9957498592679
3375,2020-05-10,0.03894685115403118,0.9610531488459688
3376,2020-05-10,0.06934775414115157,0.9306522458588484
3377,2020-05-10,0.01370059472683316,0.9862994052731668
3378,2020-05-10,0.045028822372964794,0.9549711776270352
3379,2020-05-10,0.022098173876366034,0.977901826123634
3380,2020-05-10,0.007530369246249169,0.9924696307537508
3381,2020-05-10,0.012408417224990642,0.9875915827750094
3383,2020-05-10,0.005531957176563074,0.9944680428234369
3384,2020-05-10,0.07918099048477212,0.9208190095152279
3386,2020-05-10,0.014659600766518732,0.9853403992334813
3387,2020-05-10,0.007882393740313853,0.9921176062596861
3388,2020-05-10,0.014406724354123934,0.9855932756458761
3389,2020-05-10,0.028549166501552925,0.9714508334984471
3390,2020-05-10,0.035276458501214525,0.9647235414987855
3391,2020-05-10,0.013561937037871563,0.9864380629621284
3392,2020-05-10,0.006273469866221126,0.9937265301337789
3393,2020-05-10,0.042123955920720824,0.9578760440792792
3394,2020-05-10,0.04642917757216203,0.953570822427838
3395,2020-05-10,0.032008098873630764,0.9679919011263692
3396,2020-05-10,0.05052334072499043,0.9494766592750096
3397,2020-05-10,0.002969842605507367,0.9970301573944926
3399,2020-05-10,0.057916370302279696,0.9420836296977203
3400,2020-05-10,0.02320862969800741,0.9767913703019926
3401,2020-05-10,0.009977763141726825,0.9900222368582732
3402,2020-05-10,0.014921136998636841,0.9850788630013632
3403,2020-05-10,0.010200436668075907,0.9897995633319241
3404,2020-05-10,0.009431840584566475,0.9905681594154335
3405,2020-05-10,0.01814831708492226,0.9818516829150777
3406,2020-05-10,0.007225486359818789,0.9927745136401812
3407,2020-05-10,0.012998049015496171,0.9870019509845038
3408,2020-05-10,0.02768398423583951,0.9723160157641605
3409,2020-05-10,0.008866395820806838,0.9911336041791932
3410,2020-05-10,0.036324277353584455,0.9636757226464155
3411,2020-05-10,0.0045318950086270515,0.995468104991373
3412,2020-05-10,0.021527528446658617,0.9784724715533414
3413,2020-05-10,0.004561066751727516,0.9954389332482725
3414,2020-05-10,0.019809701819414882,0.9801902981805851
3415,2020-05-10,0.020809191748137335,0.9791908082518627
3416,2020-05-10,0.027398496385991455,0.9726015036140085
3417,2020-05-10,0.004660341231704668,0.9953396587682953
3418,2020-05-10,0.0024651920440846853,0.9975348079559153
3419,2020-05-10,0.027966155274031124,0.9720338447259689
3420,2020-05-10,0.04038160578351013,0.9596183942164899
3422,2020-05-10,0.02666311538273336,0.9733368846172666
3423,2020-05-10,0.014513734225720665,0.9854862657742793
3424,2020-05-10,0.06263256671229323,0.9373674332877068
3425,2020-05-10,0.06509205210470581,0.9349079478952942
3426,2020-05-10,0.013396386604354937,0.9866036133956451
3428,2020-05-10,0.03113515378806142,0.9688648462119386
3429,2020-05-10,0.013420680186790879,0.9865793198132091
3430,2020-05-10,0.005622518968963486,0.9943774810310365
3431,2020-05-10,0.005890099705706975,0.994109900294293
3432,2020-05-10,0.005897791129247376,0.9941022088707526
3433,2020-05-10,0.02012790361485317,0.9798720963851468
3434,2020-05-10,0.010806054817807609,0.9891939451821924
3436,2020-05-10,0.014493219630568488,0.9855067803694315
3437,2020-05-10,0.004076352002995165,0.9959236479970048
3438,2020-05-10,0.003265912543349625,0.9967340874566504
3439,2020-05-10,0.020787700788798658,0.9792122992112013
3440,2020-05-10,0.002775549819427514,0.9972244501805725
3441,2020-05-10,0.042660869663767365,0.9573391303362326
3442,2020-05-10,0.010668031533649924,0.9893319684663501
3443,2020-05-10,0.002433835285008956,0.997566164714991
3444,2020-05-10,0.020531807725669315,0.9794681922743307
3445,2020-05-10,0.015776957596686403,0.9842230424033136
3446,2020-05-10,0.0018571515633603042,0.9981428484366397
3447,2020-05-10,0.037338030752486984,0.962661969247513
3449,2020-05-10,0.0170879711707983,0.9829120288292017
3451,2020-05-10,0.03564304137737906,0.9643569586226209
3452,2020-05-10,0.009690924316243854,0.9903090756837561
3453,2020-05-10,0.018286937007516824,0.9817130629924832
3454,2020-05-10,0.006146984798377053,0.993853015201623
3455,2020-05-10,0.037610779748265655,0.9623892202517343
3456,2020-05-10,0.03131078128460851,0.9686892187153915
3457,2020-05-10,0.05660614371955208,0.9433938562804479
3458,2020-05-10,0.047560294754261934,0.9524397052457381
3460,2020-05-10,0.012811646198122473,0.9871883538018775
3461,2020-05-10,0.01467501456158049,0.9853249854384195
3462,2020-05-10,0.011068487946369832,0.9889315120536302
3463,2020-05-10,0.021655846143580182,0.9783441538564198
3464,2020-05-10,0.010299096093127624,0.9897009039068724
3465,2020-05-10,0.03541777580822869,0.9645822241917713
3466,2020-05-10,0.01467051158955579,0.9853294884104442
3467,2020-05-10,0.005105675288557876,0.9948943247114421
3468,2020-05-10,0.01718617222407226,0.9828138277759277
3469,2020-05-10,0.004754449973934705,0.9952455500260653
3470,2020-05-10,0.0186083151883093,0.9813916848116907
3471,2020-05-10,0.0017488035253327983,0.9982511964746672
3472,2020-05-10,0.005643208266233657,0.9943567917337663
3473,2020-05-10,0.0029342363107455194,0.9970657636892545
3474,2020-05-10,0.01095659809692684,0.9890434019030732
3475,2020-05-10,0.015782947498083733,0.9842170525019163
3476,2020-05-10,0.007872613198967371,0.9921273868010326
3477,2020-05-10,0.01412136733729663,0.9858786326627034
3478,2020-05-10,0.12447643376856776,0.8755235662314322
3480,2020-05-10,0.028459667772904873,0.9715403322270951
3481,2020-05-10,0.02335051948907707,0.9766494805109229
3483,2020-05-10,0.01883665464698092,0.9811633453530191
3484,2020-05-10,0.01477796439929202,0.985222035600708
3485,2020-05-10,0.007554267987018748,0.9924457320129813
3486,2020-05-10,0.01601102653926778,0.9839889734607322
3487,2020-05-10,0.03313381515504721,0.9668661848449528
3488,2020-05-10,0.018703881464346983,0.981296118535653
3489,2020-05-10,0.002276764778246343,0.9977232352217537
3490,2020-05-10,0.010689046633302612,0.9893109533666974
3491,2020-05-10,0.0018258608659708075,0.9981741391340292
3492,2020-05-10,0.0036602012751416613,0.9963397987248583
3494,2020-05-10,0.044247220608675364,0.9557527793913246
3495,2020-05-10,0.04189902589190897,0.958100974108091
3496,2020-05-10,0.005906915444531369,0.9940930845554686
3497,2020-05-10,0.02063247107279631,0.9793675289272037
3498,2020-05-10,0.012870292531539818,0.9871297074684602
3499,2020-05-10,0.0074157051042123,0.9925842948957877
3500,2020-05-10,0.008740899918503575,0.9912591000814964
3501,2020-05-10,0.007131891473535212,0.9928681085264648
3502,2020-05-10,0.0045978072176253715,0.9954021927823746
3503,2020-05-10,0.011747097765707815,0.9882529022342922
3504,2020-05-10,0.014659745886481446,0.9853402541135186
3505,2020-05-10,0.028575111689879917,0.9714248883101201
3506,2020-05-10,0.023350017917702637,0.9766499820822974
3507,2020-05-10,0.015931203877396882,0.9840687961226031
3508,2020-05-10,0.03544235903933779,0.9645576409606622
3509,2020-05-10,0.006673771522254901,0.9933262284777451
3510,2020-05-10,0.009989513980672826,0.9900104860193272
3511,2020-05-10,0.018625379711970425,0.9813746202880296
3512,2020-05-10,0.005402597582330415,0.9945974024176696
3513,2020-05-10,0.006850667669053068,0.9931493323309469
3514,2020-05-10,0.018253484074456816,0.9817465159255432
3515,2020-05-10,0.024067614612048316,0.9759323853879517
3518,2020-05-10,0.01389862324190927,0.9861013767580907
3519,2020-05-10,0.005468475850951338,0.9945315241490487
3520,2020-05-10,0.06929002325829048,0.9307099767417095
3521,2020-05-10,0.011831360605389474,0.9881686393946105
3522,2020-05-10,0.012193541539672559,0.9878064584603274
3523,2020-05-10,0.007081546872193645,0.9929184531278064
3524,2020-05-10,0.02378727076099274,0.9762127292390073
3525,2020-05-10,0.028615747862536955,0.971384252137463
3527,2020-05-10,0.004099481276375605,0.9959005187236244
3528,2020-05-10,0.00549049164554305,0.994509508354457
3529,2020-05-10,0.019466997488766125,0.9805330025112339
3530,2020-05-10,0.030126376061012317,0.9698736239389877
3531,2020-05-10,0.03123497850282575,0.9687650214971743
3532,2020-05-10,0.03394955115714415,0.9660504488428558
3533,2020-05-10,0.005809158359024735,0.9941908416409753
3534,2020-05-10,0.007350196613777893,0.9926498033862221
3536,2020-05-10,0.05437184630813274,0.9456281536918673
3537,2020-05-10,0.010246644762987756,0.9897533552370122
3538,2020-05-10,0.010699934410035361,0.9893000655899646
3539,2020-05-10,0.03428220314590824,0.9657177968540918
3540,2020-05-10,0.011918655752117702,0.9880813442478823
3541,2020-05-10,0.006413455832601889,0.9935865441673981
3542,2020-05-10,0.01739018575155349,0.9826098142484465
3544,2020-05-10,0.011560470564420555,0.9884395294355794
3545,2020-05-10,0.030914554866222077,0.9690854451337779
3546,2020-05-10,0.016240978954702334,0.9837590210452977
3547,2020-05-10,0.005169481470625015,0.994830518529375
3548,2020-05-10,0.04869228129811998,0.95130771870188
3549,2020-05-10,0.0034168152207767477,0.9965831847792233
3550,2020-05-10,0.010824891193791597,0.9891751088062084
3551,2020-05-10,0.01785873915776126,0.9821412608422387
3552,2020-05-10,0.009496258107455247,0.9905037418925448
3553,2020-05-10,0.002676002467880023,0.99732399753212
3554,2020-05-10,0.020545808737922,0.979454191262078
3555,2020-05-10,0.02123760588016055,0.9787623941198395
3556,2020-05-10,0.007571825370479512,0.9924281746295205
3557,2020-05-10,0.011063137581751037,0.988936862418249
3558,2020-05-10,0.009082444252062727,0.9909175557479373
3559,2020-05-10,0.00788783163117801,0.992112168368822
3560,2020-05-10,0.036991465249118116,0.9630085347508819
3561,2020-05-10,0.013624480645462178,0.9863755193545378
3562,2020-05-10,0.015399029109908202,0.9846009708900918
3563,2020-05-10,0.017440540409657035,0.982559459590343
3564,2020-05-10,0.013029810266117825,0.9869701897338822
3565,2020-05-10,0.006334354519829666,0.9936656454801703
3566,2020-05-10,0.004374974784910113,0.9956250252150899
3568,2020-05-10,0.019658662516648495,0.9803413374833515
3569,2020-05-10,0.034981121529623294,0.9650188784703767
3570,2020-05-10,0.01728932873145761,0.9827106712685424
3572,2020-05-10,0.003901149748237853,0.9960988502517621
3573,2020-05-10,0.014626317341349226,0.9853736826586508
3574,2020-05-10,0.026431412019986222,0.9735685879800138
3576,2020-05-10,0.010865562748070712,0.9891344372519293
3577,2020-05-10,0.0368805229234721,0.9631194770765279
3578,2020-05-10,0.05692342126099881,0.9430765787390012
3579,2020-05-10,0.014442465822936401,0.9855575341770636
3580,2020-05-10,0.00871341399027803,0.991286586009722
3581,2020-05-10,0.00925507204033138,0.9907449279596686
3582,2020-05-10,0.03561718518495671,0.9643828148150433
3583,2020-05-10,0.015046465018772492,0.9849535349812275
3584,2020-05-10,0.0025919092710927627,0.9974080907289072
3585,2020-05-10,0.018799689355047056,0.9812003106449529
3586,2020-05-10,0.038278907238418425,0.9617210927615816
3587,2020-05-10,0.0343680113094903,0.9656319886905097
3588,2020-05-10,0.010593405944415824,0.9894065940555842
3589,2020-05-10,0.018108464806018243,0.9818915351939818
3590,2020-05-10,0.012967550660334726,0.9870324493396653
3591,2020-05-10,0.020257390958776766,0.9797426090412232
3592,2020-05-10,0.006307277315068083,0.9936927226849319
3593,2020-05-10,0.006572613305271258,0.9934273866947287
3594,2020-05-10,0.06395691138292092,0.9360430886170791
3596,2020-05-10,0.0025575018426938767,0.9974424981573061
3597,2020-05-10,0.0036135872529253765,0.9963864127470746
3598,2020-05-10,0.036560576162260716,0.9634394238377393
3599,2020-05-10,0.045634102764899875,0.9543658972351001
3600,2020-05-10,0.001673385253096904,0.9983266147469031
3601,2020-05-10,0.015504731120366655,0.9844952688796333
3602,2020-05-10,0.05084903673529928,0.9491509632647007
3604,2020-05-10,0.03830373861662861,0.9616962613833714
3605,2020-05-10,0.011107438402545577,0.9888925615974544
3606,2020-05-10,0.026804504211134894,0.9731954957888651
3607,2020-05-10,0.02022535927605984,0.9797746407239402
3608,2020-05-10,0.007612263108657702,0.9923877368913423
3609,2020-05-10,0.0015845882069074335,0.9984154117930926
3610,2020-05-10,0.08240415391853628,0.9175958460814637
3611,2020-05-10,0.01860919156300822,0.9813908084369918
3612,2020-05-10,0.004891660619631866,0.9951083393803681
3613,2020-05-10,0.02998235170798802,0.970017648292012
3614,2020-05-10,0.013394333366309463,0.9866056666336905
3616,2020-05-10,0.016223443569323592,0.9837765564306764
3617,2020-05-10,0.004762709025895928,0.9952372909741041
3618,2020-05-10,0.0103043884859928,0.9896956115140072
3619,2020-05-10,0.02114066609438159,0.9788593339056184
3620,2020-05-10,0.0017587290860127114,0.9982412709139873
3622,2020-05-10,0.01682989282256875,0.9831701071774313
3623,2020-05-10,0.01097556918250564,0.9890244308174944
3624,2020-05-10,0.0016303127012925467,0.9983696872987075
3625,2020-05-10,0.011018349803659233,0.9889816501963408
3626,2020-05-10,0.0029729062817767105,0.9970270937182233
3627,2020-05-10,0.023323195299369215,0.9766768047006308
3628,2020-05-10,0.002117145892467809,0.9978828541075322
3629,2020-05-10,0.016729392869635706,0.9832706071303643
3630,2020-05-10,0.055301098522140824,0.9446989014778592
3632,2020-05-10,0.0070122773111405134,0.9929877226888595
3633,2020-05-10,0.01288473200671314,0.9871152679932869
3635,2020-05-10,0.030399106704720458,0.9696008932952795
3636,2020-05-10,0.012220831854194536,0.9877791681458055
3637,2020-05-10,0.0028628571294528893,0.9971371428705471
3638,2020-05-10,0.01708418199753392,0.9829158180024661
3639,2020-05-10,0.0056115214631745625,0.9943884785368254
3641,2020-05-10,0.007901774338004541,0.9920982256619955
3642,2020-05-10,0.022600952157478926,0.9773990478425211
3643,2020-05-10,0.004832678654285272,0.9951673213457147
3644,2020-05-10,0.01630653133284099,0.983693468667159
3645,2020-05-10,0.0033134092689024452,0.9966865907310976
3646,2020-05-10,0.02197295702947555,0.9780270429705245
3647,2020-05-10,0.020870198202296852,0.9791298017977031
3648,2020-05-10,0.027358447411533815,0.9726415525884662
3649,2020-05-10,0.026730268893401465,0.9732697311065985
3651,2020-05-10,0.0337445270737492,0.9662554729262508
3652,2020-05-10,0.00940325094476857,0.9905967490552314
3653,2020-05-10,0.018939355171478378,0.9810606448285216
3654,2020-05-10,0.008879207451182314,0.9911207925488177
3656,2020-05-10,0.02621731076326783,0.9737826892367322
3657,2020-05-10,0.014781306819647733,0.9852186931803523
3658,2020-05-10,0.012340319986882009,0.987659680013118
3659,2020-05-10,0.006758409253339814,0.9932415907466602
3661,2020-05-10,0.021171814601091743,0.9788281853989083
3663,2020-05-10,0.05573429800611107,0.9442657019938889
3665,2020-05-10,0.01576956491234971,0.9842304350876503
3666,2020-05-10,0.029124747601138923,0.9708752523988611
3667,2020-05-10,0.007936492566747999,0.992063507433252
3668,2020-05-10,0.014280478471127678,0.9857195215288723
3669,2020-05-10,0.08955066634428877,0.9104493336557112
3670,2020-05-10,0.003969970039432225,0.9960300299605678
3671,2020-05-10,0.007470597998268325,0.9925294020017317
3672,2020-05-10,0.009505154766184187,0.9904948452338158
3674,2020-05-10,0.013952970182326663,0.9860470298176733
3675,2020-05-10,0.028627885062558422,0.9713721149374416
3676,2020-05-10,0.00883285786584187,0.9911671421341581
3677,2020-05-10,0.015796682941229934,0.9842033170587701
3678,2020-05-10,0.004274750960525875,0.9957252490394741
3679,2020-05-10,0.010948004888119311,0.9890519951118807
3680,2020-05-10,0.014570052882508011,0.985429947117492
3681,2020-05-10,0.016802378895216408,0.9831976211047836
3683,2020-05-10,0.09785804477382642,0.9021419552261736
3684,2020-05-10,0.018569347019185334,0.9814306529808147
3685,2020-05-10,0.02590247262841383,0.9740975273715862
3688,2020-05-10,0.028141339327285575,0.9718586606727144
3689,2020-05-10,0.005491309622245533,0.9945086903777545
3691,2020-05-10,0.01617166205886056,0.9838283379411394
3692,2020-05-10,0.014230078127666745,0.9857699218723333
3693,2020-05-10,0.013007695196395663,0.9869923048036043
3694,2020-05-10,0.030447119988106452,0.9695528800118935
3695,2020-05-10,0.016326371532817796,0.9836736284671822
3696,2020-05-10,0.005329673072864138,0.9946703269271359
3697,2020-05-10,0.030769340237398968,0.969230659762601
3698,2020-05-10,0.015989132090827418,0.9840108679091726
3699,2020-05-10,0.009058694994101169,0.9909413050058988
3700,2020-05-10,0.01825868944604958,0.9817413105539504
3701,2020-05-10,0.017419261352090265,0.9825807386479097
3702,2020-05-10,0.049234476135947114,0.9507655238640529
3703,2020-05-10,0.018182996739012913,0.9818170032609871
3704,2020-05-10,0.01005290339196363,0.9899470966080364
3706,2020-05-10,0.007541712471358708,0.9924582875286413
3707,2020-05-10,0.011404570091515742,0.9885954299084843
3708,2020-05-10,0.012916077537524329,0.9870839224624757
3709,2020-05-10,0.0173545270218175,0.9826454729781825
3710,2020-05-10,0.01471778437305038,0.9852822156269496
3713,2020-05-10,0.016772549044576368,0.9832274509554236
3714,2020-05-10,0.01931247617993348,0.9806875238200665
3715,2020-05-10,0.005166370551507149,0.9948336294484929
3716,2020-05-10,0.011739860097968124,0.9882601399020319
3717,2020-05-10,0.024629831934266266,0.9753701680657337
3718,2020-05-10,0.029649756582836084,0.9703502434171639
3719,2020-05-10,0.013322169071699475,0.9866778309283005
3720,2020-05-10,0.01975320864190888,0.9802467913580911
3721,2020-05-10,0.009492299879355293,0.9905077001206447
3722,2020-05-10,0.004770192725822131,0.9952298072741779
3723,2020-05-10,0.0094425919234431,0.9905574080765569
3725,2020-05-10,0.0215844888441985,0.9784155111558015
3726,2020-05-10,0.006565007461200145,0.9934349925387999
3727,2020-05-10,0.16793767574934226,0.8320623242506577
3728,2020-05-10,0.022786602099489794,0.9772133979005102
3729,2020-05-10,0.039708270141292745,0.9602917298587073
3731,2020-05-10,0.002599864274974606,0.9974001357250254
3732,2020-05-10,0.014069842843782099,0.9859301571562179
3733,2020-05-10,0.00556268418803374,0.9944373158119663
3734,2020-05-10,0.0621229980766036,0.9378770019233964
3735,2020-05-10,0.03371716867833063,0.9662828313216694
3736,2020-05-10,0.0569336384709096,0.9430663615290904
3737,2020-05-10,0.0013379201600579593,0.998662079839942
3738,2020-05-10,0.04715488062435602,0.952845119375644
3739,2020-05-10,0.00821452468292072,0.9917854753170793
3740,2020-05-10,0.013166891312283768,0.9868331086877162
3741,2020-05-10,0.013340801840518224,0.9866591981594818
3742,2020-05-10,0.011176477700257315,0.9888235222997427
3743,2020-05-10,0.003137756198858699,0.9968622438011413
3744,2020-05-10,0.009267125784585217,0.9907328742154148
3745,2020-05-10,0.02641998869233131,0.9735800113076687
3746,2020-05-10,0.016670640893460265,0.9833293591065397
3747,2020-05-10,0.01815669498950867,0.9818433050104913
3748,2020-05-10,0.01611323297904177,0.9838867670209582
3749,2020-05-10,0.05901075218930829,0.9409892478106917
3750,2020-05-10,0.0235274789378771,0.9764725210621229
3751,2020-05-10,0.011122576005478946,0.988877423994521
3752,2020-05-10,0.008717721205666495,0.9912822787943335
3753,2020-05-10,0.033829439667154126,0.9661705603328459
3754,2020-05-10,0.022413294429177166,0.9775867055708228
3755,2020-05-10,0.013623654398159823,0.9863763456018402
3757,2020-05-10,0.0209983646098576,0.9790016353901424
3758,2020-05-10,0.02108152735185409,0.9789184726481459
3759,2020-05-10,0.04923628188533813,0.9507637181146619
3760,2020-05-10,0.038363337626307614,0.9616366623736924
3761,2020-05-10,0.0022456632353671235,0.9977543367646329
3762,2020-05-10,0.08505866669820639,0.9149413333017936
3763,2020-05-10,0.007914180723701758,0.9920858192762982
3764,2020-05-10,0.004458950360288538,0.9955410496397115
3765,2020-05-10,0.03586023604573585,0.9641397639542642
3766,2020-05-10,0.02737206192051944,0.9726279380794806
3767,2020-05-10,0.050787871193412215,0.9492121288065878
3768,2020-05-10,0.022717520723568363,0.9772824792764316
3770,2020-05-10,0.0026186984044654915,0.9973813015955345
3771,2020-05-10,0.016816626119792177,0.9831833738802078
3772,2020-05-10,0.018423836315727304,0.9815761636842727
3774,2020-05-10,0.003344647683443114,0.9966553523165569
3775,2020-05-10,0.006995980026621718,0.9930040199733783
3776,2020-05-10,0.01646567208209071,0.9835343279179093
3777,2020-05-10,0.0122947642536414,0.9877052357463586
3778,2020-05-10,0.012711969424220704,0.9872880305757793
3779,2020-05-10,0.006687029686362589,0.9933129703136374
3780,2020-05-10,0.0036824170647783427,0.9963175829352217
3781,2020-05-10,0.012022028337961954,0.987977971662038
3782,2020-05-10,0.0177378773999618,0.9822621226000382
3784,2020-05-10,0.005774957148759419,0.9942250428512406
3785,2020-05-10,0.005403282731133996,0.994596717268866
3786,2020-05-10,0.007925702833893045,0.992074297166107
3787,2020-05-10,0.006517248420895294,0.9934827515791047
3788,2020-05-10,0.003946565242204159,0.9960534347577958
3789,2020-05-10,0.00669765207400741,0.9933023479259926
3790,2020-05-10,0.004056092016516244,0.9959439079834838
3791,2020-05-10,0.06793778852767507,0.9320622114723249
3792,2020-05-10,0.1251691680744479,0.8748308319255521
3793,2020-05-10,0.00796366736799703,0.992036332632003
3794,2020-05-10,0.01565398570518961,0.9843460142948104
3795,2020-05-10,0.021467979072074983,0.978532020927925
3796,2020-05-10,0.007115355329554207,0.9928846446704458
3797,2020-05-10,0.03451972594633268,0.9654802740536673
3798,2020-05-10,0.04925066883391005,0.95074933116609
3799,2020-05-10,0.011831195704852915,0.9881688042951471
3800,2020-05-10,0.017167656376871343,0.9828323436231287
3801,2020-05-10,0.0025864961321980795,0.9974135038678019
3802,2020-05-10,0.017149899189904727,0.9828501008100953
3804,2020-05-10,0.005554449980001541,0.9944455500199985
3805,2020-05-10,0.044252208493062106,0.9557477915069379
3806,2020-05-10,0.0495763237030189,0.9504236762969811
3807,2020-05-10,0.009595948093863882,0.9904040519061361
3808,2020-05-10,0.013234345911022571,0.9867656540889774
3809,2020-05-10,0.006979719174555976,0.993020280825444
3810,2020-05-10,0.015246414369782246,0.9847535856302178
3811,2020-05-10,0.046375269574368216,0.9536247304256318
3812,2020-05-10,0.014364252475089434,0.9856357475249106
3814,2020-05-10,0.029613799315969747,0.9703862006840303
3815,2020-05-10,0.011473161382980712,0.9885268386170193
3816,2020-05-10,0.015527573473630762,0.9844724265263692
3817,2020-05-10,0.04188838233437209,0.9581116176656279
3818,2020-05-10,0.046525245379664626,0.9534747546203354
3819,2020-05-10,0.008336826288768417,0.9916631737112316
3820,2020-05-10,0.0022561050018559126,0.9977438949981441
3821,2020-05-10,0.030304151652597366,0.9696958483474026
3822,2020-05-10,0.022428615158736842,0.9775713848412632
3823,2020-05-10,0.003637782700456227,0.9963622172995438
3824,2020-05-10,0.006786626852740452,0.9932133731472595
3825,2020-05-10,0.029851628172402833,0.9701483718275972
3826,2020-05-10,0.011777052011095912,0.9882229479889041
3827,2020-05-10,0.0523585321328337,0.9476414678671663
3828,2020-05-10,0.0298858362309542,0.9701141637690458
3830,2020-05-10,0.009479439507462328,0.9905205604925377
3831,2020-05-10,0.015034893917410974,0.984965106082589
3832,2020-05-10,0.021949453700484067,0.9780505462995159
3833,2020-05-10,0.022675623697161917,0.9773243763028381
3834,2020-05-10,0.008296822978734464,0.9917031770212655
3835,2020-05-10,0.006350990653179678,0.9936490093468203
3836,2020-05-10,0.08096450576934866,0.9190354942306513
3837,2020-05-10,0.00841942442064425,0.9915805755793557
3838,2020-05-10,0.030149184043050115,0.9698508159569499
3839,2020-05-10,0.008144846569696496,0.9918551534303035
3840,2020-05-10,0.042195661643649296,0.9578043383563507
3841,2020-05-10,0.004000876804271303,0.9959991231957287
3842,2020-05-10,0.018600455257078097,0.9813995447429219
3843,2020-05-10,0.00887822554658857,0.9911217744534114
3844,2020-05-10,0.016432630879549937,0.9835673691204501
3845,2020-05-10,0.0062780775859335725,0.9937219224140664
3846,2020-05-10,0.013576021051466491,0.9864239789485335
3848,2020-05-10,0.006508407542034522,0.9934915924579655
3849,2020-05-10,0.011279547115622401,0.9887204528843776
3850,2020-05-10,0.0035974425149224443,0.9964025574850776
3851,2020-05-10,0.0013200366631193061,0.9986799633368807
3852,2020-05-10,0.02777342032366681,0.9722265796763332
3853,2020-05-10,0.01910836966863505,0.980891630331365
3854,2020-05-10,0.025561622300400377,0.9744383776995996
3855,2020-05-10,0.0051387664887737605,0.9948612335112262
3856,2020-05-10,0.031216298941676546,0.9687837010583235
3857,2020-05-10,0.028913068103458506,0.9710869318965415
3858,2020-05-10,0.003976094935065788,0.9960239050649342
3859,2020-05-10,0.014564506946758704,0.9854354930532413
3861,2020-05-10,0.007474475884567844,0.9925255241154322
3862,2020-05-10,0.01805226478467359,0.9819477352153264
3863,2020-05-10,0.009859860503704243,0.9901401394962958
3864,2020-05-10,0.05381934494599516,0.9461806550540048
3865,2020-05-10,0.011917962101674284,0.9880820378983257
3866,2020-05-10,0.014194842454771872,0.9858051575452281
3868,2020-05-10,0.007871839613198706,0.9921281603868013
3869,2020-05-10,0.024496628984166047,0.975503371015834
3870,2020-05-10,0.0014141859611396246,0.9985858140388604
3871,2020-05-10,0.063746959861955,0.936253040138045
3872,2020-05-10,0.0052107422638035805,0.9947892577361964
3874,2020-05-10,0.003805742698291259,0.9961942573017087
3875,2020-05-10,0.0074379613279527135,0.9925620386720473
3876,2020-05-10,0.009393996828763629,0.9906060031712364
3877,2020-05-10,0.00924707164814842,0.9907529283518516
3878,2020-05-10,0.04763947654633727,0.9523605234536627
3880,2020-05-10,0.04618264363714586,0.9538173563628541
3882,2020-05-10,0.010778602452359953,0.98922139754764
3883,2020-05-10,0.0028153978423429704,0.997184602157657
3885,2020-05-10,0.020817836304300563,0.9791821636956994
3886,2020-05-10,0.008732924660077912,0.9912670753399221
3887,2020-05-10,0.009729599901637132,0.9902704000983629
3888,2020-05-10,0.0027427606918075664,0.9972572393081924
3889,2020-05-10,0.031695287143310824,0.9683047128566892
3890,2020-05-10,0.01008371525167251,0.9899162847483275
3891,2020-05-10,0.012075197048272535,0.9879248029517275
3892,2020-05-10,0.03547706660218963,0.9645229333978104
3893,2020-05-10,0.0055323468584796975,0.9944676531415203
3894,2020-05-10,0.01068954020948265,0.9893104597905173
3895,2020-05-10,0.011681634036158517,0.9883183659638415
3896,2020-05-10,0.022103377438981497,0.9778966225610185
3897,2020-05-10,0.00741797278193157,0.9925820272180684
3898,2020-05-10,0.0034595185428563102,0.9965404814571437
3899,2020-05-10,0.0034792892656408947,0.9965207107343591
3900,2020-05-10,0.05847064523085155,0.9415293547691485
3901,2020-05-10,0.03275308058259052,0.9672469194174095
3902,2020-05-10,0.01607145940784993,0.9839285405921501
3903,2020-05-10,0.0323171641478065,0.9676828358521935
3904,2020-05-10,0.007836142087709885,0.9921638579122901
3905,2020-05-10,0.0032328834377978177,0.9967671165622022
3906,2020-05-10,0.032029449816102784,0.9679705501838972
3907,2020-05-10,0.032549761636367136,0.9674502383636329
3908,2020-05-10,0.040052003140371606,0.9599479968596284
3909,2020-05-10,0.02814913389929674,0.9718508661007033
3910,2020-05-10,0.020264011858716846,0.9797359881412832
3911,2020-05-10,0.004918882822425363,0.9950811171775746
3912,2020-05-10,0.014417715992741997,0.985582284007258
3913,2020-05-10,0.007687246339656562,0.9923127536603434
3914,2020-05-10,0.008259529415885258,0.9917404705841147
3915,2020-05-10,0.011852790326791207,0.9881472096732088
3916,2020-05-10,0.008342416101378869,0.9916575838986211
3917,2020-05-10,0.05243229545424266,0.9475677045457573
3918,2020-05-10,0.002193342904677653,0.9978066570953223
3919,2020-05-10,0.027703925693469023,0.972296074306531
3920,2020-05-10,0.035762953130753616,0.9642370468692464
3921,2020-05-10,0.018556503827910076,0.9814434961720899
3923,2020-05-10,0.04240555940052404,0.957594440599476
3924,2020-05-10,0.012845529265758104,0.9871544707342419
3925,2020-05-10,0.028946726426632874,0.9710532735733671
3926,2020-05-10,0.07425802569394391,0.9257419743060561
3927,2020-05-10,0.012843452267611633,0.9871565477323884
3928,2020-05-10,0.020864309202680897,0.9791356907973191
3929,2020-05-10,0.007470556018912444,0.9925294439810876
3930,2020-05-10,0.011853922514808435,0.9881460774851916
3931,2020-05-10,0.024306426288122518,0.9756935737118775
3932,2020-05-10,0.015688044577029436,0.9843119554229706
3935,2020-05-10,0.03154869804346361,0.9684513019565364
3936,2020-05-10,0.024034205292719935,0.9759657947072801
3937,2020-05-10,0.015237295976609722,0.9847627040233903
3938,2020-05-10,0.01422740924993282,0.9857725907500672
3940,2020-05-10,0.015053859741141817,0.9849461402588582
3941,2020-05-10,0.0028205741880672486,0.9971794258119328
3942,2020-05-10,0.010751780263988486,0.9892482197360115
3943,2020-05-10,0.008245262408452914,0.9917547375915471
3944,2020-05-10,0.013753082277050077,0.9862469177229499
3945,2020-05-10,0.007272908822398949,0.992727091177601
3946,2020-05-10,0.004648777873615395,0.9953512221263846
3947,2020-05-10,0.0199818795049298,0.9800181204950702
3948,2020-05-10,0.009694728752393078,0.9903052712476069
3949,2020-05-10,0.0023770091661035053,0.9976229908338965
3950,2020-05-10,0.03368797785276301,0.966312022147237
3951,2020-05-10,0.023834248076443743,0.9761657519235563
3952,2020-05-10,0.013690285286990123,0.9863097147130099
3953,2020-05-10,0.010467316871420551,0.9895326831285794
3954,2020-05-10,0.04667077749352544,0.9533292225064746
3955,2020-05-10,0.006524632980675404,0.9934753670193246
3956,2020-05-10,0.03490106491677236,0.9650989350832276
3957,2020-05-10,0.02547654515763087,0.9745234548423691
3958,2020-05-10,0.015499171490723773,0.9845008285092762
3959,2020-05-10,0.013900463644981986,0.986099536355018
3960,2020-05-10,0.05862149367024716,0.9413785063297528
3961,2020-05-10,0.023982460283470286,0.9760175397165297
3962,2020-05-10,0.04202623899897551,0.9579737610010245
3963,2020-05-10,0.016647832898721626,0.9833521671012784
3964,2020-05-10,0.04049998651589437,0.9595000134841056
3965,2020-05-10,0.0091388894859592,0.9908611105140408
3966,2020-05-10,0.009177853568111849,0.9908221464318882
3967,2020-05-10,0.026842563698069366,0.9731574363019306
3968,2020-05-10,0.01504746978466076,0.9849525302153392
3970,2020-05-10,0.010113032477012895,0.9898869675229871
3971,2020-05-10,0.06437730845152156,0.9356226915484784
3972,2020-05-10,0.0046611152152302715,0.9953388847847697
3973,2020-05-10,0.01320260401467499,0.986797395985325
3974,2020-05-10,0.009374086832995343,0.9906259131670047
3975,2020-05-10,0.017081603086585795,0.9829183969134142
3976,2020-05-10,0.021019747612551876,0.9789802523874481
3977,2020-05-10,0.028186652004147383,0.9718133479958526
3978,2020-05-10,0.018705730000974197,0.9812942699990258
3979,2020-05-10,0.008770382778645502,0.9912296172213545
3980,2020-05-10,0.012006096908129371,0.9879939030918706
3981,2020-05-10,0.02061397197622461,0.9793860280237754
3982,2020-05-10,0.02397821580923809,0.9760217841907619
3983,2020-05-10,0.008241068959903064,0.9917589310400969
3985,2020-05-10,0.01341587353812912,0.9865841264618709
3986,2020-05-10,0.011011799001877987,0.988988200998122
3987,2020-05-10,0.02483469277743444,0.9751653072225656
3988,2020-05-10,0.00536424027673843,0.9946357597232616
3989,2020-05-10,0.018399172514424467,0.9816008274855755
3990,2020-05-10,0.004296322042621092,0.9957036779573789
3991,2020-05-10,0.024481245427965814,0.9755187545720342
3993,2020-05-10,0.0016650090964215325,0.9983349909035785
3994,2020-05-10,0.006073071808314401,0.9939269281916856
3995,2020-05-10,0.04650401722364916,0.9534959827763508
3996,2020-05-10,0.015188960193669443,0.9848110398063306
3997,2020-05-10,0.02065359375425202,0.979346406245748
3998,2020-05-10,0.020567754295254925,0.9794322457047451
3999,2020-05-10,0.019422032654904164,0.9805779673450958
4000,2020-05-10,0.023156565940400387,0.9768434340595996
4002,2020-05-10,0.009094710275555085,0.9909052897244449
4003,2020-05-10,0.02193246224937917,0.9780675377506208
4004,2020-05-10,0.055955378512677845,0.9440446214873222
4005,2020-05-10,0.027232303162993188,0.9727676968370068
4006,2020-05-10,0.01747590783475339,0.9825240921652466
4007,2020-05-10,0.06887536660654447,0.9311246333934555
4008,2020-05-10,0.011155260992145033,0.988844739007855
4009,2020-05-10,0.0076024875389133495,0.9923975124610867
4010,2020-05-10,0.0092079722996814,0.9907920277003186
4011,2020-05-10,0.037404456554405496,0.9625955434455945
4012,2020-05-10,0.030172449787278732,0.9698275502127213
4013,2020-05-10,0.010941074803899387,0.9890589251961006
4014,2020-05-10,0.010309537127627166,0.9896904628723728
4015,2020-05-10,0.0035232829581385294,0.9964767170418615
4016,2020-05-10,0.010621273500092676,0.9893787264999073
4017,2020-05-10,0.019959142260361884,0.9800408577396381
4018,2020-05-10,0.010548040336133546,0.9894519596638665
4019,2020-05-10,0.005428309141262577,0.9945716908587374
4020,2020-05-10,0.007109728633979184,0.9928902713660208
4021,2020-05-10,0.009381417365739941,0.9906185826342601
4023,2020-05-10,0.004945258601333324,0.9950547413986667
4024,2020-05-10,0.031807324172904106,0.9681926758270959
4025,2020-05-10,0.010901994828503181,0.9890980051714968
4027,2020-05-10,0.0020063458550245716,0.9979936541449754
4028,2020-05-10,0.009999298103251952,0.990000701896748
4029,2020-05-10,0.010764734337901372,0.9892352656620986
4030,2020-05-10,0.003350295784254942,0.9966497042157451
4032,2020-05-10,0.012685035912476716,0.9873149640875233
4033,2020-05-10,0.004552864370854115,0.9954471356291459
4034,2020-05-10,0.005363115515680694,0.9946368844843193
4035,2020-05-10,0.011034043027647211,0.9889659569723528
4036,2020-05-10,0.028326735175149498,0.9716732648248505
4037,2020-05-10,0.049253640203133164,0.9507463597968668
4038,2020-05-10,0.0592473213930208,0.9407526786069792
4039,2020-05-10,0.06971437831044103,0.930285621689559
4040,2020-05-10,0.05400874814880596,0.945991251851194
4041,2020-05-10,0.007991852070575067,0.9920081479294249
4042,2020-05-10,0.005801879821427214,0.9941981201785728
4043,2020-05-10,0.011351024074929383,0.9886489759250706
4044,2020-05-10,0.0602944824147581,0.9397055175852419
4045,2020-05-10,0.015647449336307018,0.984352550663693
4047,2020-05-10,0.03309817281639471,0.9669018271836053
4048,2020-05-10,0.04602833166722553,0.9539716683327745
4049,2020-05-10,0.012877921056053121,0.9871220789439469
4050,2020-05-10,0.016574521500149708,0.9834254784998503
4051,2020-05-10,0.009516987468969229,0.9904830125310308
4052,2020-05-10,0.004513233859159915,0.9954867661408401
4053,2020-05-10,0.01853032221594586,0.9814696777840541
4054,2020-05-10,0.022716915861059617,0.9772830841389404
4055,2020-05-10,0.008625007858800826,0.9913749921411992
4056,2020-05-10,0.014802290199524282,0.9851977098004757
4057,2020-05-10,0.00496895499806993,0.9950310450019301
4058,2020-05-10,0.009554903415688543,0.9904450965843115
4059,2020-05-10,0.006250341793171632,0.9937496582068284
4060,2020-05-10,0.004369328423413088,0.9956306715765869
4061,2020-05-10,0.007130206708603426,0.9928697932913966
4064,2020-05-10,0.0719892535653256,0.9280107464346744
4065,2020-05-10,0.014023081712477792,0.9859769182875222
4066,2020-05-10,0.040307679466389246,0.9596923205336108
4067,2020-05-10,0.020662771307930816,0.9793372286920692
4068,2020-05-10,0.018495816377724794,0.9815041836222752
4069,2020-05-10,0.005542101898869167,0.9944578981011308
4071,2020-05-10,0.02892774707012946,0.9710722529298705
4072,2020-05-10,0.022563464840057224,0.9774365351599428
4073,2020-05-10,0.008090246685102387,0.9919097533148976
4075,2020-05-10,0.009766315456526065,0.9902336845434739
4076,2020-05-10,0.009040997578563359,0.9909590024214366
4077,2020-05-10,0.02443373941482896,0.975566260585171
4078,2020-05-10,0.008787697286208429,0.9912123027137916
4080,2020-05-10,0.014693220014880826,0.9853067799851192
4081,2020-05-10,0.012609277772773542,0.9873907222272265
4082,2020-05-10,0.00196217924654718,0.9980378207534528
4083,2020-05-10,0.04837982584018807,0.9516201741598119
4084,2020-05-10,0.013060765735853352,0.9869392342641466
4085,2020-05-10,0.022631681523770153,0.9773683184762298
4086,2020-05-10,0.02618157224249673,0.9738184277575033
4087,2020-05-10,0.009729936709529485,0.9902700632904705
4088,2020-05-10,0.006475091086724172,0.9935249089132758
4089,2020-05-10,0.004830674450602368,0.9951693255493976
4090,2020-05-10,0.0018494990833276548,0.9981505009166723
4091,2020-05-10,0.010260632516098989,0.989739367483901
4092,2020-05-10,0.01780717100602247,0.9821928289939775
4093,2020-05-10,0.0025580803186595613,0.9974419196813404
4094,2020-05-10,0.01169654727190339,0.9883034527280966
4095,2020-05-10,0.0037365640096106434,0.9962634359903894
4096,2020-05-10,0.0394918429799328,0.9605081570200672
4097,2020-05-10,0.04553972767480474,0.9544602723251953
4098,2020-05-10,0.030239977103726834,0.9697600228962732
4099,2020-05-10,0.0179145887427985,0.9820854112572015
4100,2020-05-10,0.04498153118187298,0.955018468818127
4102,2020-05-10,0.016517159646064483,0.9834828403539355
4103,2020-05-10,0.09625903685926362,0.9037409631407364
4104,2020-05-10,0.0436013761720635,0.9563986238279365
4105,2020-05-10,0.025330308772272603,0.9746696912277274
4106,2020-05-10,0.017497247621641066,0.9825027523783589
4107,2020-05-10,0.01173474592686563,0.9882652540731344
4108,2020-05-10,0.00603474811505067,0.9939652518849493
4109,2020-05-10,0.042742392221510106,0.9572576077784899
4110,2020-05-10,0.015300249754161444,0.9846997502458386
4111,2020-05-10,0.032111114692363385,0.9678888853076366
4112,2020-05-10,0.02671267381326614,0.9732873261867339
4113,2020-05-10,0.013669325670325083,0.9863306743296749
4114,2020-05-10,0.006554030532942567,0.9934459694670574
4115,2020-05-10,0.03490256260684643,0.9650974373931536
4116,2020-05-10,0.04783173586219114,0.9521682641378089
4117,2020-05-10,0.023033069134650086,0.9769669308653499
4118,2020-05-10,0.005428421298018349,0.9945715787019817
4119,2020-05-10,0.030250243317632708,0.9697497566823673
4120,2020-05-10,0.026668224336602875,0.9733317756633971
4121,2020-05-10,0.0037119959423876914,0.9962880040576123
4122,2020-05-10,0.010095299637629118,0.9899047003623709
4123,2020-05-10,0.016644674387500724,0.9833553256124993
4124,2020-05-10,0.014641367054289978,0.98535863294571
4126,2020-05-10,0.005440409746479968,0.99455959025352
4127,2020-05-10,0.003511957359725426,0.9964880426402746
4128,2020-05-10,0.014845353747930501,0.9851546462520695
4130,2020-05-10,0.021391620169372794,0.9786083798306272
4131,2020-05-10,0.037209119453743944,0.9627908805462561
4132,2020-05-10,0.004442856590381572,0.9955571434096184
4133,2020-05-10,0.05013790920828676,0.9498620907917132
4134,2020-05-10,0.030199256503186,0.969800743496814
4135,2020-05-10,0.005499793949016674,0.9945002060509833
4136,2020-05-10,0.011771726309369956,0.98822827369063
4137,2020-05-10,0.00850173621806316,0.9914982637819368
4138,2020-05-10,0.029270491400912424,0.9707295085990876
4139,2020-05-10,0.011317187563926856,0.9886828124360731
4140,2020-05-10,0.020137114709157355,0.9798628852908426
4141,2020-05-10,0.029055416531129308,0.9709445834688707
4142,2020-05-10,0.016501676226363338,0.9834983237736367
4143,2020-05-10,0.022963067248237157,0.9770369327517628
4144,2020-05-10,0.009805602398897051,0.990194397601103
4145,2020-05-10,0.06023015567995771,0.9397698443200423
4146,2020-05-10,0.012314969125451491,0.9876850308745485
4147,2020-05-10,0.014339579042984552,0.9856604209570154
4148,2020-05-10,0.020557930156551607,0.9794420698434484
4149,2020-05-10,0.009136881404768538,0.9908631185952315
4150,2020-05-10,0.0373459622810558,0.9626540377189442
4151,2020-05-10,0.019276351897864252,0.9807236481021357
4152,2020-05-10,0.01076886183955661,0.9892311381604434
4153,2020-05-10,0.008548755893517224,0.9914512441064828
4154,2020-05-10,0.0204605395680304,0.9795394604319696
4155,2020-05-10,0.003930883506480187,0.9960691164935198
4156,2020-05-10,0.019643471785697808,0.9803565282143022
4157,2020-05-10,0.01911284220568099,0.980887157794319
4158,2020-05-10,0.016960909380771327,0.9830390906192287
4159,2020-05-10,0.030743369419841016,0.969256630580159
4160,2020-05-10,0.004791532835344725,0.9952084671646553
4162,2020-05-10,0.046522037692402596,0.9534779623075974
4163,2020-05-10,0.005201010741329393,0.9947989892586706
4164,2020-05-10,0.021454066149481976,0.978545933850518
4165,2020-05-10,0.004484617870235463,0.9955153821297645
4166,2020-05-10,0.00748896245856312,0.9925110375414369
4167,2020-05-10,0.022569856244504805,0.9774301437554952
4169,2020-05-10,0.017180271140905923,0.9828197288590941
4170,2020-05-10,0.015589632252694163,0.9844103677473058
4171,2020-05-10,0.022800033221091587,0.9771999667789084
4172,2020-05-10,0.005427040143047512,0.9945729598569525
4173,2020-05-10,0.01028821803473734,0.9897117819652627
4174,2020-05-10,0.00614754335990475,0.9938524566400952
4175,2020-05-10,0.039674931744744235,0.9603250682552558
4176,2020-05-10,0.032494252968737425,0.9675057470312626
4177,2020-05-10,0.027381939217081763,0.9726180607829182
4178,2020-05-10,0.009096544925982886,0.9909034550740171
4179,2020-05-10,0.02412353801523237,0.9758764619847676
4180,2020-05-10,0.01452265424381105,0.985477345756189
4181,2020-05-10,0.0033769580469890093,0.996623041953011
4182,2020-05-10,0.00840144573454149,0.9915985542654585
4183,2020-05-10,0.03143411731678192,0.9685658826832181
4184,2020-05-10,0.013853270190773093,0.9861467298092269
4185,2020-05-10,0.016395630020378693,0.9836043699796213
4186,2020-05-10,0.007823947878621174,0.9921760521213788
4188,2020-05-10,0.030338504034084668,0.9696614959659153
4189,2020-05-10,0.016769325306070004,0.98323067469393
4190,2020-05-10,0.007131268087382958,0.992868731912617
4191,2020-05-10,0.012718493678520182,0.9872815063214798
4192,2020-05-10,0.03498749506012444,0.9650125049398756
4193,2020-05-10,0.013741659165508513,0.9862583408344915
4195,2020-05-10,0.0357450244499915,0.9642549755500085
4196,2020-05-10,0.009294738261078295,0.9907052617389217
4197,2020-05-10,0.03864641813426195,0.961353581865738
4198,2020-05-10,0.010367936948969647,0.9896320630510304
4199,2020-05-10,0.033013084266795056,0.9669869157332049
4200,2020-05-10,0.02029669625489905,0.979703303745101
4201,2020-05-10,0.00548350690280508,0.9945164930971949
4202,2020-05-10,0.08703870575335793,0.9129612942466421
4203,2020-05-10,0.009529715897904856,0.9904702841020951
4204,2020-05-10,0.005824982119949307,0.9941750178800507
4205,2020-05-10,0.030229773420674677,0.9697702265793253
4207,2020-05-10,0.006403903564915492,0.9935960964350845
4208,2020-05-10,0.004907636726065645,0.9950923632739344
4209,2020-05-10,0.028867925752040113,0.9711320742479599
4210,2020-05-10,0.00407670277243255,0.9959232972275675
4211,2020-05-10,0.024879751391191363,0.9751202486088086
4212,2020-05-10,0.07554360220209466,0.9244563977979053
4213,2020-05-10,0.0216497210304073,0.9783502789695927
4214,2020-05-10,0.0430632989988281,0.9569367010011719
4215,2020-05-10,0.037234490077557414,0.9627655099224426
4217,2020-05-10,0.009539746053098819,0.9904602539469012
4218,2020-05-10,0.008290167498424816,0.9917098325015752
4219,2020-05-10,0.009579209181078907,0.9904207908189211
4220,2020-05-10,0.00703507552745164,0.9929649244725484
4221,2020-05-10,0.012082280824101455,0.9879177191758985
4222,2020-05-10,0.0026846581716056805,0.9973153418283943
4223,2020-05-10,0.010069106654671645,0.9899308933453284
4224,2020-05-10,0.03854634786093114,0.9614536521390689
4225,2020-05-10,0.04854342616214191,0.9514565738378581
4226,2020-05-10,0.03284457842046784,0.9671554215795322
4227,2020-05-10,0.03257352319005824,0.9674264768099418
4228,2020-05-10,0.01009956991573413,0.9899004300842659
4229,2020-05-10,0.04606667542797671,0.9539333245720233
4230,2020-05-10,0.004253007815021581,0.9957469921849784
4231,2020-05-10,0.009763085194463783,0.9902369148055362
4232,2020-05-10,0.006510055921743141,0.9934899440782569
4233,2020-05-10,0.010482469575458064,0.9895175304245419
4234,2020-05-10,0.012889683449318512,0.9871103165506815
4235,2020-05-10,0.02526575921272245,0.9747342407872776
4236,2020-05-10,0.016503291542981025,0.983496708457019
4237,2020-05-10,0.004577321226875819,0.9954226787731242
4238,2020-05-10,0.008822766353864031,0.991177233646136
4239,2020-05-10,0.004940517672352263,0.9950594823276477
4240,2020-05-10,0.03234411162968287,0.9676558883703171
4241,2020-05-10,0.0073541439178204104,0.9926458560821796
4242,2020-05-10,0.021219847761095867,0.9787801522389041
4243,2020-05-10,0.010640230458215383,0.9893597695417846
4244,2020-05-10,0.030925521434102876,0.9690744785658971
4245,2020-05-10,0.0030908934565154755,0.9969091065434845
4246,2020-05-10,0.060305844163051736,0.9396941558369483
4247,2020-05-10,0.017922239414753016,0.982077760585247
4248,2020-05-10,0.013315692428313652,0.9866843075716863
4249,2020-05-10,0.005423703402307467,0.9945762965976925
4250,2020-05-10,0.028054273769666405,0.9719457262303336
4251,2020-05-10,0.004830991355040948,0.995169008644959
4252,2020-05-10,0.039627275778633786,0.9603727242213662
4253,2020-05-10,0.01093907633510438,0.9890609236648956
4254,2020-05-10,0.01746951848645728,0.9825304815135427
4255,2020-05-10,0.007809009402984901,0.9921909905970151
4256,2020-05-10,0.028388036379806136,0.9716119636201939
4257,2020-05-10,0.0034211283536901282,0.9965788716463099
4258,2020-05-10,0.014126610767914993,0.985873389232085
4259,2020-05-10,0.02176717467461997,0.97823282532538
4260,2020-05-10,0.004702028826407356,0.9952979711735926
4261,2020-05-10,0.10648904571366447,0.8935109542863355
4262,2020-05-10,0.030799705505022756,0.9692002944949772
4263,2020-05-10,0.022349880776195707,0.9776501192238043
4264,2020-05-10,0.014953273072994544,0.9850467269270055
4265,2020-05-10,0.0219114002931432,0.9780885997068568
4266,2020-05-10,0.05679915509998312,0.9432008449000169
4267,2020-05-10,0.024371012072564868,0.9756289879274351
4269,2020-05-10,0.0006106159467160754,0.9993893840532839
4270,2020-05-10,0.02607309695122284,0.9739269030487772
4271,2020-05-10,0.005126851338219329,0.9948731486617807
4272,2020-05-10,0.02499335371835698,0.975006646281643
4273,2020-05-10,0.014650046633083447,0.9853499533669166
4274,2020-05-10,0.019727543060038544,0.9802724569399615
4275,2020-05-10,0.02053399986200033,0.9794660001379997
4276,2020-05-10,0.027239018623739675,0.9727609813762603
4279,2020-05-10,0.02882281450231472,0.9711771854976853
4281,2020-05-10,0.03311216925728544,0.9668878307427146
4282,2020-05-10,0.0629830614375747,0.9370169385624253
4283,2020-05-10,0.013669523499284186,0.9863304765007158
4284,2020-05-10,0.01719184594347667,0.9828081540565233
4285,2020-05-10,0.026661090770843776,0.9733389092291562
4286,2020-05-10,0.03411589404675208,0.9658841059532479
4287,2020-05-10,0.05807380528654782,0.9419261947134522
4288,2020-05-10,0.02368303052934051,0.9763169694706595
4289,2020-05-10,0.010838912741945372,0.9891610872580546
4290,2020-05-10,0.003743592350924918,0.9962564076490751
4291,2020-05-10,0.01823830895713885,0.9817616910428612
4292,2020-05-10,0.06666227539458502,0.933337724605415
4293,2020-05-10,0.02190654733418851,0.9780934526658115
4294,2020-05-10,0.01886962228417588,0.9811303777158241
4295,2020-05-10,0.010231924397892667,0.9897680756021073
4296,2020-05-10,0.015781204912632907,0.9842187950873671
4297,2020-05-10,0.02636631146153523,0.9736336885384648
4298,2020-05-10,0.011323032107591335,0.9886769678924087
4299,2020-05-10,0.024098037564970087,0.9759019624350299
4300,2020-05-10,0.010342164802603415,0.9896578351973966
4301,2020-05-10,0.01371652183504879,0.9862834781649512
4302,2020-05-10,0.026721739833602043,0.973278260166398
4303,2020-05-10,0.030496421033401888,0.9695035789665981
4304,2020-05-10,0.012309855748499188,0.9876901442515008
4305,2020-05-10,0.04701132287982701,0.952988677120173
4307,2020-05-10,0.022675035011511913,0.9773249649884881
4308,2020-05-10,0.01667010291016835,0.9833298970898317
4309,2020-05-10,0.03257216837309296,0.967427831626907
4310,2020-05-10,0.010147991989673089,0.9898520080103269
4311,2020-05-10,0.03455772316333783,0.9654422768366622
4312,2020-05-10,0.012510698230229877,0.9874893017697701
4313,2020-05-10,0.006666850428226123,0.9933331495717739
4314,2020-05-10,0.03246149603733384,0.9675385039626662
4315,2020-05-10,0.04604487001278246,0.9539551299872175
4317,2020-05-10,0.004189371217396931,0.9958106287826031
4318,2020-05-10,0.013338657404514342,0.9866613425954857
4319,2020-05-10,0.03466033882587316,0.9653396611741268
4320,2020-05-10,0.020623408653515085,0.9793765913464849
4321,2020-05-10,0.02704627001780735,0.9729537299821926
4322,2020-05-10,0.007970338456693593,0.9920296615433064
4323,2020-05-10,0.005640840025936011,0.994359159974064
4324,2020-05-10,0.008474277248929019,0.991525722751071
4325,2020-05-10,0.025814831910051073,0.9741851680899489
4326,2020-05-10,0.013666185093968997,0.986333814906031
4327,2020-05-10,0.02650766403413496,0.973492335965865
4328,2020-05-10,0.007966127920580712,0.9920338720794193
4329,2020-05-10,0.032314012678206994,0.967685987321793
4330,2020-05-10,0.02038843603362539,0.9796115639663746
4331,2020-05-10,0.015236845912027674,0.9847631540879723
4332,2020-05-10,0.026810805430424578,0.9731891945695754
4334,2020-05-10,0.02729211464389303,0.972707885356107
4335,2020-05-10,0.0651913245216158,0.9348086754783842
4337,2020-05-10,0.0016273292417635643,0.9983726707582364
4338,2020-05-10,0.0037007596275370203,0.996299240372463
4339,2020-05-10,0.017199491010242318,0.9828005089897577
4341,2020-05-10,0.007283971683921142,0.9927160283160789
4342,2020-05-10,0.08324031890661332,0.9167596810933867
4343,2020-05-10,0.015299312178044588,0.9847006878219554
4345,2020-05-10,0.01353622758395101,0.986463772416049
4346,2020-05-10,0.005191182537703343,0.9948088174622967
4347,2020-05-10,0.013171912013762999,0.986828087986237
4348,2020-05-10,0.011357669771666745,0.9886423302283333
4349,2020-05-10,0.03852006296029442,0.9614799370397056
4350,2020-05-10,0.028098977255191948,0.971901022744808
4351,2020-05-10,0.02827402686557523,0.9717259731344248
4352,2020-05-10,0.01117663337051178,0.9888233666294882
4353,2020-05-10,0.012869316930602448,0.9871306830693976
4354,2020-05-10,0.0030780516957116255,0.9969219483042884
4355,2020-05-10,0.02347732616037934,0.9765226738396207
4356,2020-05-10,0.019928501486540906,0.9800714985134591
4357,2020-05-10,0.006418660385664743,0.9935813396143353
4359,2020-05-10,0.011321010047134927,0.9886789899528651
4360,2020-05-10,0.0037937955154441205,0.9962062044845559
4361,2020-05-10,0.04444923613013807,0.9555507638698619
4362,2020-05-10,0.0060287906607982,0.9939712093392018
4363,2020-05-10,0.0284565130539568,0.9715434869460432
4364,2020-05-10,0.038579080676696464,0.9614209193233035
4365,2020-05-10,0.025291512066220045,0.97470848793378
4366,2020-05-10,0.05398670578351261,0.9460132942164874
4368,2020-05-10,0.013983306410887186,0.9860166935891128
4369,2020-05-10,0.04682286998134044,0.9531771300186596
4370,2020-05-10,0.026115747077605445,0.9738842529223946
4371,2020-05-10,0.01825070721430566,0.9817492927856943
4372,2020-05-10,0.0033367224567270037,0.996663277543273
4374,2020-05-10,0.025926026515923795,0.9740739734840762
4375,2020-05-10,0.03345843139320148,0.9665415686067985
4376,2020-05-10,0.003803093790441081,0.9961969062095589
4377,2020-05-10,0.014420157616135021,0.985579842383865
4378,2020-05-10,0.0035721803528894203,0.9964278196471106
4379,2020-05-10,0.024722036376760292,0.9752779636232397
4380,2020-05-10,0.058339244795091005,0.941660755204909
4381,2020-05-10,0.018996145558708988,0.981003854441291
4382,2020-05-10,0.011270191393232154,0.9887298086067678
4383,2020-05-10,0.06438422125865795,0.935615778741342
4384,2020-05-10,0.019334993172818393,0.9806650068271816
4385,2020-05-10,0.026165162610827353,0.9738348373891726
4386,2020-05-10,0.021007426573796728,0.9789925734262033
4387,2020-05-10,0.010314117404222722,0.9896858825957773
4388,2020-05-10,0.006964355001665812,0.9930356449983342
4389,2020-05-10,0.037316417267078794,0.9626835827329212
4390,2020-05-10,0.017392517557294096,0.9826074824427059
4391,2020-05-10,0.0035848829121516435,0.9964151170878484
4392,2020-05-10,0.0373711997823567,0.9626288002176433
4393,2020-05-10,0.01858376259678185,0.9814162374032182
4394,2020-05-10,0.030901238307594614,0.9690987616924054
4395,2020-05-10,0.028120086424090807,0.9718799135759092
4396,2020-05-10,0.0026340758292259236,0.9973659241707741
4397,2020-05-10,0.007405539998616595,0.9925944600013834
4398,2020-05-10,0.020326545382495675,0.9796734546175043
4401,2020-05-10,0.014755548156549447,0.9852444518434506
4403,2020-05-10,0.01482647551670302,0.985173524483297
4404,2020-05-10,0.015690040068151,0.984309959931849
4405,2020-05-10,0.08474566084835344,0.9152543391516466
4406,2020-05-10,0.011121330760885284,0.9888786692391147
4408,2020-05-10,0.004289535653910548,0.9957104643460895
4409,2020-05-10,0.020786814704423118,0.9792131852955769
4410,2020-05-10,0.0160862098350808,0.9839137901649192
4411,2020-05-10,0.04261948556240991,0.9573805144375901
4413,2020-05-10,0.005060743001757739,0.9949392569982423
4414,2020-05-10,0.018465756339814732,0.9815342436601853
4415,2020-05-10,0.020943447753572486,0.9790565522464275
4416,2020-05-10,0.0037090770720151767,0.9962909229279848
4417,2020-05-10,0.009877502791075465,0.9901224972089245
4418,2020-05-10,0.01578105915881034,0.9842189408411897
4419,2020-05-10,0.0047686549595731265,0.9952313450404269
4420,2020-05-10,0.019161494896459463,0.9808385051035405
4421,2020-05-10,0.02590543319981542,0.9740945668001846
4422,2020-05-10,0.003369356046265315,0.9966306439537347
4423,2020-05-10,0.013241927793928632,0.9867580722060714
4424,2020-05-10,0.00299348085384632,0.9970065191461537
4425,2020-05-10,0.0046817602416145965,0.9953182397583854
4426,2020-05-10,0.025899362132858705,0.9741006378671413
4427,2020-05-10,0.0015479784856125,0.9984520215143875
4428,2020-05-10,0.02850040939144971,0.9714995906085503
4429,2020-05-10,0.010454713049105058,0.9895452869508949
4430,2020-05-10,0.009818839830290527,0.9901811601697095
4431,2020-05-10,0.0358396960303794,0.9641603039696206
4432,2020-05-10,0.02969661522313327,0.9703033847768667
4433,2020-05-10,0.025408162897733844,0.9745918371022662
4434,2020-05-10,0.01990608136674865,0.9800939186332513
4436,2020-05-10,0.01455488387129189,0.9854451161287081
4437,2020-05-10,0.012594255405911858,0.9874057445940881
4438,2020-05-10,0.004680107201704975,0.995319892798295
4439,2020-05-10,0.012329073508519639,0.9876709264914804
4440,2020-05-10,0.022321644785261885,0.9776783552147381
4441,2020-05-10,0.005934556838757876,0.9940654431612421
4442,2020-05-10,0.045730437225438125,0.9542695627745619
4444,2020-05-10,0.005700932263582259,0.9942990677364177
4445,2020-05-10,0.019215268817927567,0.9807847311820724
4446,2020-05-10,0.006289885034936438,0.9937101149650636
4447,2020-05-10,0.012377711126692503,0.9876222888733075
4450,2020-05-10,0.011322810406097727,0.9886771895939023
4451,2020-05-10,0.08016266698820629,0.9198373330117937
4452,2020-05-10,0.0030455148055749115,0.9969544851944251
4453,2020-05-10,0.010617386625593195,0.9893826133744068
4454,2020-05-10,0.005024992769547709,0.9949750072304523
4455,2020-05-10,0.03755675682563442,0.9624432431743656
4456,2020-05-10,0.0010956594522045782,0.9989043405477954
4457,2020-05-10,0.01312382265331613,0.9868761773466839
4459,2020-05-10,0.013471413325492954,0.986528586674507
4461,2020-05-10,0.015586529725779008,0.984413470274221
4462,2020-05-10,0.017728810638228065,0.9822711893617719
4463,2020-05-10,0.019544144945815356,0.9804558550541846
4464,2020-05-10,0.02302145382577392,0.9769785461742261
4465,2020-05-10,0.006673494400216917,0.9933265055997831
4466,2020-05-10,0.017977592765812234,0.9820224072341878
4467,2020-05-10,0.15687865522348565,0.8431213447765143
4468,2020-05-10,0.009975620639988692,0.9900243793600113
4469,2020-05-10,0.037171652034146074,0.9628283479658539
4471,2020-05-10,0.012375167776875973,0.987624832223124
4472,2020-05-10,0.018188998816006774,0.9818110011839932
4476,2020-05-10,0.019393171978368984,0.980606828021631
4477,2020-05-10,0.049398837114758565,0.9506011628852414
4479,2020-05-10,0.005075792063220397,0.9949242079367796
4480,2020-05-10,0.025209554863850014,0.97479044513615
4481,2020-05-10,0.011554574738538936,0.9884454252614611
4482,2020-05-10,0.01317812739961921,0.9868218726003808
4483,2020-05-10,0.008161715439273132,0.9918382845607269
4484,2020-05-10,0.023733059370793952,0.976266940629206
4485,2020-05-10,0.017958809240203988,0.982041190759796
4486,2020-05-10,0.00687767176761811,0.9931223282323819
4487,2020-05-10,0.0056226478364800325,0.99437735216352
4488,2020-05-10,0.026260199043542265,0.9737398009564577
4489,2020-05-10,0.020422810425473226,0.9795771895745268
4491,2020-05-10,0.04960935535855182,0.9503906446414482
4492,2020-05-10,0.029773067956077925,0.9702269320439221
4493,2020-05-10,0.014541240355554041,0.985458759644446
4495,2020-05-10,0.006338062064723982,0.993661937935276
4496,2020-05-10,0.0034824980734270428,0.996517501926573
4497,2020-05-10,0.017358664888944553,0.9826413351110554
4498,2020-05-10,0.008821795193036053,0.991178204806964
4499,2020-05-10,0.06081399816459676,0.9391860018354032
4500,2020-05-10,0.012996639993489767,0.9870033600065102
4501,2020-05-10,0.01632185791111218,0.9836781420888878
4502,2020-05-10,0.01323424553222552,0.9867657544677745
4503,2020-05-10,0.050844243007377665,0.9491557569926223
4505,2020-05-10,0.005924175743279192,0.9940758242567208
4507,2020-05-10,0.006518280650862351,0.9934817193491376
4508,2020-05-10,0.030579390470234724,0.9694206095297653
4509,2020-05-10,0.04439480134059315,0.9556051986594069
4510,2020-05-10,0.013073051269646974,0.986926948730353
4511,2020-05-10,0.010470523177028346,0.9895294768229717
4512,2020-05-10,0.008831260681904762,0.9911687393180952
4514,2020-05-10,0.02255354229134432,0.9774464577086557
4515,2020-05-10,0.006861447522844233,0.9931385524771558
4516,2020-05-10,0.00984137085210457,0.9901586291478954
4517,2020-05-10,0.013144367952871105,0.9868556320471289
4518,2020-05-10,0.049629638276339816,0.9503703617236602
4519,2020-05-10,0.004349179550522497,0.9956508204494775
4520,2020-05-10,0.014181351446204804,0.9858186485537952
4521,2020-05-10,0.0047186346191105955,0.9952813653808894
4522,2020-05-10,0.006509742935347784,0.9934902570646522
4524,2020-05-10,0.03925735854701573,0.9607426414529843
4525,2020-05-10,0.005501354608849152,0.9944986453911508
4526,2020-05-10,0.02877516520110812,0.9712248347988919
4527,2020-05-10,0.025073123874297942,0.9749268761257021
4528,2020-05-10,0.009676791837061494,0.9903232081629385
4529,2020-05-10,0.0034483467159266423,0.9965516532840734
4530,2020-05-10,0.004070975002538391,0.9959290249974616
4531,2020-05-10,0.01146730027613263,0.9885326997238674
4532,2020-05-10,0.0032649263349454616,0.9967350736650545
4533,2020-05-10,0.005074053337598139,0.9949259466624019
4534,2020-05-10,0.011052009157406117,0.9889479908425939
4535,2020-05-10,0.008338195825154271,0.9916618041748457
4536,2020-05-10,0.01129354761629675,0.9887064523837032
4537,2020-05-10,0.0074409126306332896,0.9925590873693667
4539,2020-05-10,0.0015554190664979206,0.9984445809335021
4540,2020-05-10,0.008798588644873706,0.9912014113551263
4541,2020-05-10,0.0189552277188334,0.9810447722811666
4542,2020-05-10,0.025004834569436918,0.9749951654305631
4543,2020-05-10,0.015569037789293527,0.9844309622107065
4544,2020-05-10,0.02670939042032161,0.9732906095796784
4545,2020-05-10,0.03738619749067296,0.962613802509327
4546,2020-05-10,0.027140980076269305,0.9728590199237307
4547,2020-05-10,0.022055487532165796,0.9779445124678342
4548,2020-05-10,0.007496694586602515,0.9925033054133975
4549,2020-05-10,0.03747865974243614,0.9625213402575639
4550,2020-05-10,0.02312446972094373,0.9768755302790563
4551,2020-05-10,0.012050319301249446,0.9879496806987506
4552,2020-05-10,0.0035623172757726085,0.9964376827242274
4553,2020-05-10,0.01800716304602068,0.9819928369539793
4554,2020-05-10,0.007344314337036972,0.992655685662963
4555,2020-05-10,0.02242220231565717,0.9775777976843428
4557,2020-05-10,0.010391736359542048,0.989608263640458
4558,2020-05-10,0.0035014440635289246,0.9964985559364711
4559,2020-05-10,0.005516396676732205,0.9944836033232678
4560,2020-05-10,0.008290879029459353,0.9917091209705406
4561,2020-05-10,0.027447735256622918,0.9725522647433771
4562,2020-05-10,0.006721234242723195,0.9932787657572768
4563,2020-05-10,0.03235404788973839,0.9676459521102616
4564,2020-05-10,0.010351070208041713,0.9896489297919583
4565,2020-05-10,0.007700822744856395,0.9922991772551436
4566,2020-05-10,0.035461595627128584,0.9645384043728714
4567,2020-05-10,0.00865805304813072,0.9913419469518693
4568,2020-05-10,0.008205040884911141,0.9917949591150889
4569,2020-05-10,0.010050151404083274,0.9899498485959167
4570,2020-05-10,0.012853051431200746,0.9871469485687993
4571,2020-05-10,0.04027421107026352,0.9597257889297365
4573,2020-05-10,0.043554610746314615,0.9564453892536854
4574,2020-05-10,0.04853315810635861,0.9514668418936414
4575,2020-05-10,0.003624174461410279,0.9963758255385897
4576,2020-05-10,0.006614472659888682,0.9933855273401113
4577,2020-05-10,0.014092833494857016,0.985907166505143
4578,2020-05-10,0.006970847694630744,0.9930291523053693
4579,2020-05-10,0.09627919557423659,0.9037208044257634
4580,2020-05-10,0.04108955746251042,0.9589104425374896
4581,2020-05-10,0.012486907164270256,0.9875130928357297
4582,2020-05-10,0.04846371826316909,0.9515362817368309
4583,2020-05-10,0.006445691069292603,0.9935543089307074
4584,2020-05-10,0.010988160447099382,0.9890118395529006
4585,2020-05-10,0.01888441665533691,0.9811155833446631
4586,2020-05-10,0.14223875161821886,0.8577612483817811
4587,2020-05-10,0.0030830889147430707,0.9969169110852569
4588,2020-05-10,0.004660737979011453,0.9953392620209885
4589,2020-05-10,0.010230246666007137,0.9897697533339929
4590,2020-05-10,0.0046617420363394,0.9953382579636606
4591,2020-05-10,0.030925544398220595,0.9690744556017794
4592,2020-05-10,0.014296742905797966,0.985703257094202
4593,2020-05-10,0.013274988130109189,0.9867250118698908
4594,2020-05-10,0.004037371506256826,0.9959626284937432
4595,2020-05-10,0.005223704135108087,0.9947762958648919
4596,2020-05-10,0.011654919638332206,0.9883450803616678
4597,2020-05-10,0.03362263508134977,0.9663773649186502
4598,2020-05-10,0.008493950530501393,0.9915060494694986
4599,2020-05-10,0.002861386473107852,0.9971386135268921
4600,2020-05-10,0.06042782890470355,0.9395721710952964
4601,2020-05-10,0.010146186885769515,0.9898538131142305
4602,2020-05-10,0.020110729548624695,0.9798892704513753
4603,2020-05-10,0.03367035569263854,0.9663296443073615
4604,2020-05-10,0.013232151759469457,0.9867678482405305
4605,2020-05-10,0.031032410160176216,0.9689675898398238
4606,2020-05-10,0.00601055697523456,0.9939894430247654
4607,2020-05-10,0.0045662115520622715,0.9954337884479377
4608,2020-05-10,0.025311272431830845,0.9746887275681692
4609,2020-05-10,0.02952939941337651,0.9704706005866235
4610,2020-05-10,0.04438166454594705,0.955618335454053
4611,2020-05-10,0.016382565133621796,0.9836174348663782
4612,2020-05-10,0.05114514495824307,0.9488548550417569
4613,2020-05-10,0.007816246468904331,0.9921837535310957
4614,2020-05-10,0.004759152320769178,0.9952408476792308
4615,2020-05-10,0.013833234787583026,0.986166765212417
4616,2020-05-10,0.049273713547670406,0.9507262864523296
4617,2020-05-10,0.033040115029405404,0.9669598849705946
4618,2020-05-10,0.007532421374074616,0.9924675786259254
4619,2020-05-10,0.004146853599107825,0.9958531464008922
4620,2020-05-10,0.007589682234970474,0.9924103177650295
4621,2020-05-10,0.01857172407711649,0.9814282759228835
4622,2020-05-10,0.007736824087930305,0.9922631759120697
4623,2020-05-10,0.00826956164589654,0.9917304383541035
4624,2020-05-10,0.016288718548034486,0.9837112814519655
4625,2020-05-10,0.1531009978615846,0.8468990021384154
4626,2020-05-10,0.03402764092374966,0.9659723590762503
4627,2020-05-10,0.006007720382212867,0.9939922796177871
4628,2020-05-10,0.010978433358539874,0.9890215666414601
4630,2020-05-10,0.05254543606608986,0.9474545639339101
4631,2020-05-10,0.0032877427859839825,0.996712257214016
4633,2020-05-10,0.02399700690972084,0.9760029930902792
4634,2020-05-10,0.008875733891906878,0.9911242661080931
4635,2020-05-10,0.0042084622017776185,0.9957915377982224
4636,2020-05-10,0.008256297155171288,0.9917437028448287
4637,2020-05-10,0.0023231908201203355,0.9976768091798797
4639,2020-05-10,0.027322014563535113,0.9726779854364649
4641,2020-05-10,0.012728444467858369,0.9872715555321416
4642,2020-05-10,0.038933467090519924,0.9610665329094801
4643,2020-05-10,0.014211977815584809,0.9857880221844152
4644,2020-05-10,0.004657371340549998,0.99534262865945
4645,2020-05-10,0.00911619490488591,0.9908838050951141
4646,2020-05-10,0.01707778952112382,0.9829222104788762
4647,2020-05-10,0.005143693139021743,0.9948563068609783
4648,2020-05-10,0.011483056347433518,0.9885169436525665
4649,2020-05-10,0.051383783804876515,0.9486162161951235
4650,2020-05-10,0.010930468362290502,0.9890695316377095
4651,2020-05-10,0.011055723403487039,0.988944276596513
4653,2020-05-10,0.01527159195811012,0.9847284080418899
4654,2020-05-10,0.06517764071541299,0.934822359284587
4655,2020-05-10,0.030258410415517023,0.969741589584483
4656,2020-05-10,0.006023738907650733,0.9939762610923493
4657,2020-05-10,0.028574816541558024,0.971425183458442
4658,2020-05-10,0.09149392515320143,0.9085060748467986
4659,2020-05-10,0.027991444697786694,0.9720085553022133
4660,2020-05-10,0.09172258101740527,0.9082774189825947
4661,2020-05-10,0.01414611029178503,0.985853889708215
4662,2020-05-10,0.005748295336622911,0.9942517046633771
4663,2020-05-10,0.01336676898900735,0.9866332310109927
4664,2020-05-10,0.002802520365687289,0.9971974796343127
4666,2020-05-10,0.00903411500270257,0.9909658849972974
4668,2020-05-10,0.05966067873154246,0.9403393212684575
4669,2020-05-10,0.012368600468340651,0.9876313995316593
4670,2020-05-10,0.009421554971300927,0.9905784450286991
4671,2020-05-10,0.026871047864474806,0.9731289521355252
4672,2020-05-10,0.0465457342071961,0.9534542657928039
4673,2020-05-10,0.008715680246809798,0.9912843197531902
4674,2020-05-10,0.012928006951671844,0.9870719930483282
4675,2020-05-10,0.019522047080746452,0.9804779529192535
4676,2020-05-10,0.037727478083877775,0.9622725219161222
4677,2020-05-10,0.0039014644750244853,0.9960985355249755
4678,2020-05-10,0.031994490034405465,0.9680055099655945
4679,2020-05-10,0.004460392419866732,0.9955396075801333
4680,2020-05-10,0.014739151282354479,0.9852608487176455
4681,2020-05-10,0.0031545183053949266,0.9968454816946051
4682,2020-05-10,0.009213819123059408,0.9907861808769406
4683,2020-05-10,0.0035199502270044647,0.9964800497729955
4685,2020-05-10,0.036451105022541674,0.9635488949774583
4686,2020-05-10,0.006412526514918415,0.9935874734850816
4687,2020-05-10,0.07486058296321929,0.9251394170367807
4688,2020-05-10,0.08462501801944577,0.9153749819805542
4689,2020-05-10,0.007684144358656608,0.9923158556413434
4690,2020-05-10,0.0033550062863041408,0.9966449937136959
4691,2020-05-10,0.007037227936580681,0.9929627720634193
4692,2020-05-10,0.10698182229480835,0.8930181777051917
4694,2020-05-10,0.023148517883091135,0.9768514821169089
4695,2020-05-10,0.013034615337471966,0.986965384662528
4696,2020-05-10,0.012050934886655651,0.9879490651133443
4697,2020-05-10,0.03709492689759375,0.9629050731024063
4698,2020-05-10,0.04707181595480869,0.9529281840451913
4700,2020-05-10,0.008352119293564275,0.9916478807064357
4701,2020-05-10,0.016929435757597755,0.9830705642424022
4703,2020-05-10,0.007326188732960537,0.9926738112670395
4704,2020-05-10,0.0038060242492995444,0.9961939757507005
4705,2020-05-10,0.00521830551122715,0.9947816944887728
4706,2020-05-10,0.013225639840922732,0.9867743601590773
4707,2020-05-10,0.018190172754774414,0.9818098272452256
4709,2020-05-10,0.021605692878205907,0.9783943071217941
4710,2020-05-10,0.005755138789227954,0.994244861210772
4711,2020-05-10,0.02727332869816801,0.972726671301832
4713,2020-05-10,0.03764888406547895,0.962351115934521
4714,2020-05-10,0.014429388871459059,0.9855706111285409
4715,2020-05-10,0.027231364147002557,0.9727686358529974
4716,2020-05-10,0.030264281606235288,0.9697357183937647
4717,2020-05-10,0.07759414603503512,0.9224058539649649
4718,2020-05-10,0.0019433367523368217,0.9980566632476632
4720,2020-05-10,0.002421405471899174,0.9975785945281008
4721,2020-05-10,0.009552686669288546,0.9904473133307115
4722,2020-05-10,0.017260496248876378,0.9827395037511236
4723,2020-05-10,0.07802185436530706,0.9219781456346929
4724,2020-05-10,0.012890998222833572,0.9871090017771664
4725,2020-05-10,0.002765297251095866,0.9972347027489041
4726,2020-05-10,0.006993668588501478,0.9930063314114985
4727,2020-05-10,0.009288092377873314,0.9907119076221267
4728,2020-05-10,0.015162123518462689,0.9848378764815373
4729,2020-05-10,0.011331410140115517,0.9886685898598845
4730,2020-05-10,0.020494801288470588,0.9795051987115294
4731,2020-05-10,0.004985794444492875,0.9950142055555071
4732,2020-05-10,0.03394091958942047,0.9660590804105795
4733,2020-05-10,0.015471523475491411,0.9845284765245086
4734,2020-05-10,0.0070422030984098605,0.9929577969015901
4735,2020-05-10,0.013154243005376598,0.9868457569946234
4736,2020-05-10,0.00793674842444203,0.992063251575558
4737,2020-05-10,0.012551747789896761,0.9874482522101032
4738,2020-05-10,0.014743114268747304,0.9852568857312527
4739,2020-05-10,0.022822745123124766,0.9771772548768752
4740,2020-05-10,0.034340631848718606,0.9656593681512814
4741,2020-05-10,0.009856637653764766,0.9901433623462352
4742,2020-05-10,0.03147167677820306,0.9685283232217969
4743,2020-05-10,0.0941811178645443,0.9058188821354557
4744,2020-05-10,0.05272636624101712,0.9472736337589829
4745,2020-05-10,0.015031783379830466,0.9849682166201695
4746,2020-05-10,0.01564387833135772,0.9843561216686423
4747,2020-05-10,0.005878452750701979,0.994121547249298
4748,2020-05-10,0.04477672694592394,0.9552232730540761
4749,2020-05-10,0.009775470575860812,0.9902245294241392
4750,2020-05-10,0.013665297295881174,0.9863347027041188
4751,2020-05-10,0.025165460563343234,0.9748345394366568
4752,2020-05-10,0.004732254365456545,0.9952677456345435
4753,2020-05-10,0.0071888207251489256,0.9928111792748511
4754,2020-05-10,0.0278143157194497,0.9721856842805503
4755,2020-05-10,0.02118667321297274,0.9788133267870273
4756,2020-05-10,0.018436415835516917,0.9815635841644831
4757,2020-05-10,0.04376092303901713,0.9562390769609829
4758,2020-05-10,0.029594584995352058,0.9704054150046479
4759,2020-05-10,0.022070872680030718,0.9779291273199693
4760,2020-05-10,0.03246411198334387,0.9675358880166561
4761,2020-05-10,0.010537233886069641,0.9894627661139304
4762,2020-05-10,0.007858305248932718,0.9921416947510673
4763,2020-05-10,0.010359818510143337,0.9896401814898567
4764,2020-05-10,0.013836581563178352,0.9861634184368216
4765,2020-05-10,0.030215442962329142,0.9697845570376709
4766,2020-05-10,0.033650339747051006,0.966349660252949
4767,2020-05-10,0.0036110340778170436,0.996388965922183
4768,2020-05-10,0.08676554849687823,0.9132344515031218
4769,2020-05-10,0.0062767099533775905,0.9937232900466224
4770,2020-05-10,0.009855550806655233,0.9901444491933448
4771,2020-05-10,0.012903391313191515,0.9870966086868085
4772,2020-05-10,0.029919117152581,0.970080882847419
4773,2020-05-10,0.004663442173631904,0.9953365578263681
4774,2020-05-10,0.03496107488584721,0.9650389251141528
4775,2020-05-10,0.0142348003914059,0.9857651996085941
4776,2020-05-10,0.006047531098037129,0.9939524689019629
4777,2020-05-10,0.013170406366284748,0.9868295936337153
4778,2020-05-10,0.024025748466148356,0.9759742515338516
4779,2020-05-10,0.0022793814599830764,0.9977206185400169
4780,2020-05-10,0.011192012468010604,0.9888079875319894
4781,2020-05-10,0.013189212147564744,0.9868107878524353
4782,2020-05-10,0.006262674155581904,0.9937373258444181
4783,2020-05-10,0.014174346603865295,0.9858256533961347
4784,2020-05-10,0.010046137521590781,0.9899538624784092
4785,2020-05-10,0.01642833479556527,0.9835716652044347
4786,2020-05-10,0.0166742780126512,0.9833257219873488
4787,2020-05-10,0.0025471963223308025,0.9974528036776692
4788,2020-05-10,0.003866751014169112,0.9961332489858309
4789,2020-05-10,0.03391158572192621,0.9660884142780738
4790,2020-05-10,0.07423103285115629,0.9257689671488437
4791,2020-05-10,0.03176216700000267,0.9682378329999973
4792,2020-05-10,0.013102605171173676,0.9868973948288263
4793,2020-05-10,0.014228768575127337,0.9857712314248727
4794,2020-05-10,0.005907130289662166,0.9940928697103378
4795,2020-05-10,0.05008369717101013,0.9499163028289899
4796,2020-05-10,0.012565511518913275,0.9874344884810867
4797,2020-05-10,0.005260813153685651,0.9947391868463143
4798,2020-05-10,0.01715268118640778,0.9828473188135922
4799,2020-05-10,0.02187455835988228,0.9781254416401177
4800,2020-05-10,0.03377196468932542,0.9662280353106746
4801,2020-05-10,0.005121901184489408,0.9948780988155106
4802,2020-05-10,0.0452911177487354,0.9547088822512646
4803,2020-05-10,0.016358384022227557,0.9836416159777724
4804,2020-05-10,0.03215938727880985,0.9678406127211902
4805,2020-05-10,0.0059972536178194424,0.9940027463821806
4807,2020-05-10,0.032375700328679424,0.9676242996713206
4808,2020-05-10,0.016752836073733346,0.9832471639262667
4809,2020-05-10,0.01151454890881043,0.9884854510911896
4810,2020-05-10,0.03374312149872649,0.9662568785012735
4811,2020-05-10,0.013118826836523101,0.9868811731634769
4812,2020-05-10,0.005659047795619876,0.9943409522043801
4813,2020-05-10,0.009874224108927243,0.9901257758910728
4814,2020-05-10,0.034383567917894764,0.9656164320821052
4815,2020-05-10,0.005986563353155838,0.9940134366468442
4816,2020-05-10,0.007944345897642036,0.992055654102358
4817,2020-05-10,0.02226739307750225,0.9777326069224977
4818,2020-05-10,0.009434596646198168,0.9905654033538018
4820,2020-05-10,0.023379285417297613,0.9766207145827024
4821,2020-05-10,0.002756361089017112,0.9972436389109829
4822,2020-05-10,0.006913575970455943,0.9930864240295441
4823,2020-05-10,0.02337884037681126,0.9766211596231887
4824,2020-05-10,0.017112251867575257,0.9828877481324247
4825,2020-05-10,0.013427461842814736,0.9865725381571853
4826,2020-05-10,0.018141028754553368,0.9818589712454466
4827,2020-05-10,0.043163434398374556,0.9568365656016254
4828,2020-05-10,0.010116194779252297,0.9898838052207477
4829,2020-05-10,0.026035161657093853,0.9739648383429061
4830,2020-05-10,0.029017977737654466,0.9709820222623455
4831,2020-05-10,0.00610918166346297,0.993890818336537
4832,2020-05-10,0.00727188420404834,0.9927281157959517
4833,2020-05-10,0.01727487973698094,0.9827251202630191
4834,2020-05-10,0.028661511294204578,0.9713384887057954
4835,2020-05-10,0.018963377514271462,0.9810366224857285
4836,2020-05-10,0.005884440752016107,0.9941155592479839
4838,2020-05-10,0.00704996290014015,0.9929500370998599
4839,2020-05-10,0.008044615972261582,0.9919553840277384
4840,2020-05-10,0.03512718065769049,0.9648728193423095
4841,2020-05-10,0.028567173239541166,0.9714328267604588
4842,2020-05-10,0.023667591061193094,0.9763324089388069
4843,2020-05-10,0.08951264352814192,0.9104873564718581
4844,2020-05-10,0.009963572916106389,0.9900364270838936
4845,2020-05-10,0.009523643323947839,0.9904763566760522
4846,2020-05-10,0.0034830932421540117,0.996516906757846
4847,2020-05-10,0.01920240472241508,0.9807975952775849
4848,2020-05-10,0.0014388312068902565,0.9985611687931097
4849,2020-05-10,0.010960347902821854,0.9890396520971781
4850,2020-05-10,0.005262998431766808,0.9947370015682332
4851,2020-05-10,0.0035605994563877585,0.9964394005436122
4852,2020-05-10,0.021032583260820137,0.9789674167391799
4853,2020-05-10,0.04776361685807495,0.952236383141925
4854,2020-05-10,0.006171563155758286,0.9938284368442417
4855,2020-05-10,0.027287882292003962,0.972712117707996
4856,2020-05-10,0.004998186182193387,0.9950018138178066
4857,2020-05-10,0.003578880349129232,0.9964211196508708
4858,2020-05-10,0.00460009623531088,0.9953999037646891
4859,2020-05-10,0.028048038473266867,0.9719519615267331
4860,2020-05-10,0.0123029480471476,0.9876970519528524
4861,2020-05-10,0.012126919829770766,0.9878730801702292
4863,2020-05-10,0.006884185375085949,0.993115814624914
4864,2020-05-10,0.02776952278456868,0.9722304772154313
4866,2020-05-10,0.008119750774284507,0.9918802492257155
4867,2020-05-10,0.00896602853492745,0.9910339714650725
4868,2020-05-10,0.005086292367777023,0.994913707632223
4869,2020-05-10,0.005209602278536729,0.9947903977214633
4870,2020-05-10,0.025344079922092866,0.9746559200779071
4871,2020-05-10,0.023063336180099703,0.9769366638199003
4872,2020-05-10,0.029458946504042238,0.9705410534959578
4873,2020-05-10,0.006943500778289202,0.9930564992217108
4874,2020-05-10,0.019747099044975513,0.9802529009550245
4875,2020-05-10,0.028235116352791412,0.9717648836472086
4876,2020-05-10,0.010328929294614042,0.989671070705386
4877,2020-05-10,0.01365394441251111,0.9863460555874889
4879,2020-05-10,0.00977917693466801,0.990220823065332
4880,2020-05-10,0.007687357473662115,0.9923126425263379
4881,2020-05-10,0.011354776206797146,0.9886452237932029
4882,2020-05-10,0.027443280796475622,0.9725567192035244
4883,2020-05-10,0.029748683257132646,0.9702513167428674
4885,2020-05-10,0.024060099274505586,0.9759399007254944
4886,2020-05-10,0.023901807816470333,0.9760981921835297
4887,2020-05-10,0.030226168706072865,0.9697738312939271
4888,2020-05-10,0.0040825269548989684,0.995917473045101
4889,2020-05-10,0.011745234167196306,0.9882547658328037
4890,2020-05-10,0.016833878891156506,0.9831661211088435
4891,2020-05-10,0.018947388431689638,0.9810526115683104
4892,2020-05-10,0.017328986370175548,0.9826710136298245
4893,2020-05-10,0.008420660271113656,0.9915793397288863
4894,2020-05-10,0.010878753067911195,0.9891212469320888
4895,2020-05-10,0.0051433116654566735,0.9948566883345433
4897,2020-05-10,0.016004217675364862,0.9839957823246351
4898,2020-05-10,0.05014113559337052,0.9498588644066295
4899,2020-05-10,0.0029088388922475783,0.9970911611077524
4901,2020-05-10,0.024534103770088134,0.9754658962299119
4902,2020-05-10,0.004344778926139048,0.995655221073861
4903,2020-05-10,0.010386310054759429,0.9896136899452406
4904,2020-05-10,0.0023227199518345287,0.9976772800481655
4906,2020-05-10,0.013016765294620813,0.9869832347053792
4907,2020-05-10,0.00844055341111738,0.9915594465888826
4908,2020-05-10,0.01267213915386245,0.9873278608461376
4909,2020-05-10,0.03340485833390716,0.9665951416660928
4910,2020-05-10,0.03874039752059277,0.9612596024794072
4911,2020-05-10,0.056707728929901835,0.9432922710700982
4912,2020-05-10,0.004919815308760955,0.995080184691239
4914,2020-05-10,0.012013287187458754,0.9879867128125412
4915,2020-05-10,0.014578239961621442,0.9854217600383786
4916,2020-05-10,0.008989455855877848,0.9910105441441222
4917,2020-05-10,0.00816775781704615,0.9918322421829538
4918,2020-05-10,0.0127531400776425,0.9872468599223575
4919,2020-05-10,0.0010195561970119948,0.998980443802988
4920,2020-05-10,0.0045952877747460485,0.995404712225254
4922,2020-05-10,0.008900198541077375,0.9910998014589226
4924,2020-05-10,0.006171418021022612,0.9938285819789774
4926,2020-05-10,0.004088302428894353,0.9959116975711056
4927,2020-05-10,0.03462866745885418,0.9653713325411458
4928,2020-05-10,0.004349840618525391,0.9956501593814746
4930,2020-05-10,0.0429496236576794,0.9570503763423206
4931,2020-05-10,0.020827957086868354,0.9791720429131316
4932,2020-05-10,0.01336037357147013,0.9866396264285299
4933,2020-05-10,0.011570322168230507,0.9884296778317695
4934,2020-05-10,0.009158440316777816,0.9908415596832222
4935,2020-05-10,0.01212829814946359,0.9878717018505364
4936,2020-05-10,0.01330025869441298,0.986699741305587
4937,2020-05-10,0.012577011078854672,0.9874229889211453
4938,2020-05-10,0.011168614712972036,0.988831385287028
4939,2020-05-10,0.02388110810083266,0.9761188918991673
4940,2020-05-10,0.01848359436748581,0.9815164056325142
4941,2020-05-10,0.011072511260457274,0.9889274887395427
4942,2020-05-10,0.027535811446901537,0.9724641885530985
4943,2020-05-10,0.019395746486833176,0.9806042535131668
4945,2020-05-10,0.007015511050042944,0.9929844889499571
4946,2020-05-10,0.017779080119403656,0.9822209198805963
4947,2020-05-10,0.020655502651449664,0.9793444973485503
4948,2020-05-10,0.017271506750970667,0.9827284932490293
4949,2020-05-10,0.03311611489720789,0.9668838851027921
4950,2020-05-10,0.0028289225885012037,0.9971710774114988
4951,2020-05-10,0.037671629982206745,0.9623283700177933
4952,2020-05-10,0.025969403125556734,0.9740305968744433
4953,2020-05-10,0.022349621858311464,0.9776503781416885
4954,2020-05-10,0.011194900823230935,0.9888050991767691
4955,2020-05-10,0.015199345625651284,0.9848006543743487
4956,2020-05-10,0.02380074017162581,0.9761992598283742
4957,2020-05-10,0.02354657701485252,0.9764534229851475
4958,2020-05-10,0.038590843421712706,0.9614091565782873
4959,2020-05-10,0.003273596108019694,0.9967264038919803
4961,2020-05-10,0.02618227787375682,0.9738177221262432
4962,2020-05-10,0.0306390441704395,0.9693609558295605
4963,2020-05-10,0.003118729261451625,0.9968812707385484
4964,2020-05-10,0.006856065416463886,0.9931439345835361
4965,2020-05-10,0.019166766334581475,0.9808332336654185
4966,2020-05-10,0.018014288657658306,0.9819857113423417
4968,2020-05-10,0.011369889550728596,0.9886301104492714
4970,2020-05-10,0.01813794332744223,0.9818620566725578
4971,2020-05-10,0.013114385854725352,0.9868856141452746
4972,2020-05-10,0.004891194515848185,0.9951088054841518
4973,2020-05-10,0.0059134420463976545,0.9940865579536023
4974,2020-05-10,0.004060266041911786,0.9959397339580882
4975,2020-05-10,0.002654708123293159,0.9973452918767068
4976,2020-05-10,0.051896405918500976,0.948103594081499
4978,2020-05-10,0.04486655422337105,0.955133445776629
4979,2020-05-10,0.014535063045623242,0.9854649369543768
4980,2020-05-10,0.03110953203966904,0.968890467960331
4981,2020-05-10,0.003401710067893804,0.9965982899321062
4982,2020-05-10,0.0035839693867455447,0.9964160306132545
4983,2020-05-10,0.009090791127666309,0.9909092088723337
4985,2020-05-10,0.010284632672470373,0.9897153673275296
4986,2020-05-10,0.03508926393734424,0.9649107360626558
4987,2020-05-10,0.005466699049603396,0.9945333009503966
4988,2020-05-10,0.003553554567309658,0.9964464454326903
4989,2020-05-10,0.0030449215675207864,0.9969550784324792
4990,2020-05-10,0.0657694493233375,0.9342305506766625
4991,2020-05-10,0.026606678766669,0.973393321233331
4993,2020-05-10,0.03447666957795026,0.9655233304220497
4994,2020-05-10,0.01481132739819413,0.9851886726018059
4995,2020-05-10,0.06349661970861697,0.936503380291383
4996,2020-05-10,0.002729816426398579,0.9972701835736014
4997,2020-05-10,0.027386635491215117,0.9726133645087849
4998,2020-05-10,0.029501418458266815,0.9704985815417332
4999,2020-05-10,0.025380544958477746,0.9746194550415223
5001,2020-05-10,0.0036398214135271445,0.9963601785864729
5002,2020-05-10,0.014759262059198086,0.9852407379408019
5003,2020-05-10,0.06657461921408447,0.9334253807859155
5005,2020-05-10,0.004856131358249138,0.9951438686417509
5006,2020-05-10,0.011605739507657309,0.9883942604923427
5007,2020-05-10,0.022274235951150523,0.9777257640488495
5008,2020-05-10,0.011841411962770887,0.9881585880372291
5009,2020-05-10,0.008859996325790376,0.9911400036742096
5010,2020-05-10,0.023885839968714184,0.9761141600312858
5011,2020-05-10,0.012330752010683455,0.9876692479893165
5012,2020-05-10,0.019224029027155476,0.9807759709728445
5013,2020-05-10,0.005417094261949584,0.9945829057380504
5014,2020-05-10,0.030789676116054876,0.9692103238839451
5015,2020-05-10,0.011683259412249458,0.9883167405877505
5016,2020-05-10,0.0076125795593580126,0.992387420440642
5017,2020-05-10,0.004038685892621241,0.9959613141073788
5018,2020-05-10,0.002686034653338165,0.9973139653466618
5019,2020-05-10,0.004932071378533021,0.995067928621467
5020,2020-05-10,0.06869833749700205,0.931301662502998
5021,2020-05-10,0.006747346063561754,0.9932526539364382
5022,2020-05-10,0.024799297833291267,0.9752007021667087
5023,2020-05-10,0.010736010849014432,0.9892639891509856
5024,2020-05-10,0.022868967306441723,0.9771310326935583
5025,2020-05-10,0.03444686662684637,0.9655531333731536
5026,2020-05-10,0.0325208918446398,0.9674791081553602
5027,2020-05-10,0.02622410603507852,0.9737758939649215
5028,2020-05-10,0.042909298956401276,0.9570907010435987
5029,2020-05-10,0.03633846763566395,0.963661532364336
5031,2020-05-10,0.0393062050040659,0.9606937949959341
5032,2020-05-10,0.010923588074791102,0.9890764119252089
5033,2020-05-10,0.015411509529613898,0.9845884904703861
5035,2020-05-10,0.003705879172043236,0.9962941208279568
5036,2020-05-10,0.00484157284600395,0.995158427153996
5037,2020-05-10,0.05777634253679653,0.9422236574632035
5038,2020-05-10,0.044977080342099574,0.9550229196579004
5039,2020-05-10,0.008967956603739835,0.9910320433962602
5040,2020-05-10,0.02984573216250419,0.9701542678374958
5041,2020-05-10,0.010209257529349203,0.9897907424706508
5042,2020-05-10,0.010187123216497729,0.9898128767835023
5043,2020-05-10,0.02843719162034719,0.9715628083796528
5044,2020-05-10,0.016109474310165628,0.9838905256898344
5045,2020-05-10,0.0841261253514829,0.9158738746485171
5046,2020-05-10,0.005833926214672602,0.9941660737853274
5047,2020-05-10,0.034272328027750265,0.9657276719722497
5048,2020-05-10,0.005930797009225608,0.9940692029907744
5049,2020-05-10,0.07791705962864393,0.9220829403713561
5050,2020-05-10,0.022785439784411277,0.9772145602155887
5051,2020-05-10,0.00369301601335581,0.9963069839866442
5052,2020-05-10,0.053950975022075576,0.9460490249779244
5053,2020-05-10,0.032680307375670736,0.9673196926243293
5054,2020-05-10,0.03267076200388619,0.9673292379961138
5055,2020-05-10,0.008418971291180188,0.9915810287088198
5056,2020-05-10,0.00695878078669776,0.9930412192133022
5057,2020-05-10,0.022935969895198527,0.9770640301048015
5058,2020-05-10,0.008854595988159852,0.9911454040118401
5059,2020-05-10,0.009775825387335235,0.9902241746126648
5061,2020-05-10,0.0029057609029197184,0.9970942390970803
5062,2020-05-10,0.024067101421497816,0.9759328985785022
5063,2020-05-10,0.011491461336738173,0.9885085386632618
5064,2020-05-10,0.018477105026134977,0.981522894973865
5067,2020-05-10,0.0049852966142343025,0.9950147033857657
5068,2020-05-10,0.027263229566641622,0.9727367704333584
5069,2020-05-10,0.02114055902068246,0.9788594409793175
5070,2020-05-10,0.020040372030473153,0.9799596279695268
5071,2020-05-10,0.016595502118054384,0.9834044978819456
5072,2020-05-10,0.020705233103030074,0.9792947668969699
5073,2020-05-10,0.05188467275752817,0.9481153272424718
5075,2020-05-10,0.0082701249440017,0.9917298750559983
5076,2020-05-10,0.02614513139755592,0.9738548686024441
5077,2020-05-10,0.018683622551859402,0.9813163774481406
5078,2020-05-10,0.0948924674468874,0.9051075325531126
5079,2020-05-10,0.019531855647953345,0.9804681443520467
5080,2020-05-10,0.06366872558791159,0.9363312744120884
5081,2020-05-10,0.029316879240696148,0.9706831207593039
5082,2020-05-10,0.012189179648168236,0.9878108203518318
5083,2020-05-10,0.004538355323896459,0.9954616446761035
5084,2020-05-10,0.011402347300728422,0.9885976526992716
5086,2020-05-10,0.04761473454414744,0.9523852654558526
5087,2020-05-10,0.02022678660172139,0.9797732133982786
5089,2020-05-10,0.007605929947863577,0.9923940700521364
5090,2020-05-10,0.007163533693026691,0.9928364663069733
5091,2020-05-10,0.009221200462150358,0.9907787995378496
5092,2020-05-10,0.024695169553449192,0.9753048304465508
5093,2020-05-10,0.008564850749951392,0.9914351492500486
5095,2020-05-10,0.026952797740397605,0.9730472022596024
5096,2020-05-10,0.0038627264191338773,0.9961372735808661
5097,2020-05-10,0.0042366797433568415,0.9957633202566432
5098,2020-05-10,0.008303255780197194,0.9916967442198028
5099,2020-05-10,0.01829024091120779,0.9817097590887922
5100,2020-05-10,0.01562627902481939,0.9843737209751806
5101,2020-05-10,0.0216568503025103,0.9783431496974897
5102,2020-05-10,0.002424809444441345,0.9975751905555587
5103,2020-05-10,0.01026415389291846,0.9897358461070815
5104,2020-05-10,0.0014248144814943409,0.9985751855185057
5105,2020-05-10,0.008294106553569658,0.9917058934464303
5106,2020-05-10,0.07471298457708042,0.9252870154229196
5107,2020-05-10,0.033414268902395294,0.9665857310976047
5108,2020-05-10,0.0017356299095719896,0.998264370090428
5109,2020-05-10,0.029486295901035797,0.9705137040989642
5110,2020-05-10,0.02725344835478949,0.9727465516452105
5111,2020-05-10,0.01210208395853618,0.9878979160414638
5112,2020-05-10,0.011243207984589443,0.9887567920154106
5113,2020-05-10,0.0035727830717935394,0.9964272169282065
5114,2020-05-10,0.10980224607532318,0.8901977539246768
5115,2020-05-10,0.04937019957474731,0.9506298004252527
5116,2020-05-10,0.013215160859207042,0.986784839140793
5117,2020-05-10,0.02995339573849498,0.970046604261505
5118,2020-05-10,0.04360650451551029,0.9563934954844897
5120,2020-05-10,0.006130109784633908,0.9938698902153661
5121,2020-05-10,0.007745600282187737,0.9922543997178123
5122,2020-05-10,0.013318301670821597,0.9866816983291784
5123,2020-05-10,0.012272424700085383,0.9877275752999146
5124,2020-05-10,0.012615726188298981,0.987384273811701
5125,2020-05-10,0.07933319720321064,0.9206668027967894
5126,2020-05-10,0.002707827236523408,0.9972921727634766
5127,2020-05-10,0.013543902663840535,0.9864560973361595
5128,2020-05-10,0.007392691003692109,0.9926073089963079
5129,2020-05-10,0.06532200800169752,0.9346779919983025
5130,2020-05-10,0.04365696318123613,0.9563430368187639
5131,2020-05-10,0.0033953625428764234,0.9966046374571236
5132,2020-05-10,0.016004702144855054,0.983995297855145
5134,2020-05-10,0.022524095657424636,0.9774759043425754
5135,2020-05-10,0.01365935275672292,0.9863406472432771
5136,2020-05-10,0.008532673592215101,0.9914673264077849
5137,2020-05-10,0.031167528246780818,0.9688324717532192
5138,2020-05-10,0.04380909725250415,0.9561909027474959
5140,2020-05-10,0.02498372219229905,0.975016277807701
5141,2020-05-10,0.005297926084635973,0.994702073915364
5142,2020-05-10,0.0037404050896048258,0.9962595949103952
5143,2020-05-10,0.04621780228595007,0.9537821977140499
5144,2020-05-10,0.00660671085358655,0.9933932891464134
5145,2020-05-10,0.007317562889266882,0.9926824371107331
5147,2020-05-10,0.057327746840772686,0.9426722531592273
5148,2020-05-10,0.022013314411793883,0.9779866855882061
5149,2020-05-10,0.007227404906946622,0.9927725950930534
5150,2020-05-10,0.013984873756417882,0.9860151262435821
5151,2020-05-10,0.02897118513337338,0.9710288148666266
5152,2020-05-10,0.008094329977825221,0.9919056700221748
5153,2020-05-10,0.05627290826179043,0.9437270917382096
5154,2020-05-10,0.001610581020634716,0.9983894189793653
5156,2020-05-10,0.041995548884126266,0.9580044511158737
5158,2020-05-10,0.0062286718115110995,0.9937713281884889
5159,2020-05-10,0.0017908531990116217,0.9982091468009884
5160,2020-05-10,0.008331177759885677,0.9916688222401143
5161,2020-05-10,0.008146459757466307,0.9918535402425337
5162,2020-05-10,0.010024426295658473,0.9899755737043415
5163,2020-05-10,0.04010367306686924,0.9598963269331308
5164,2020-05-10,0.009435051727087695,0.9905649482729123
5165,2020-05-10,0.029835080301526262,0.9701649196984737
5166,2020-05-10,0.015516650246512165,0.9844833497534878
5168,2020-05-10,0.03195910606112551,0.9680408939388745
5169,2020-05-10,0.0032124805032257564,0.9967875194967742
5170,2020-05-10,0.05394249362902681,0.9460575063709732
5171,2020-05-10,0.02511726504789835,0.9748827349521016
5174,2020-05-10,0.07445088761317553,0.9255491123868245
5175,2020-05-10,0.003946269137231173,0.9960537308627688
5176,2020-05-10,0.0067673252112911975,0.9932326747887088
5178,2020-05-10,0.027210059528630426,0.9727899404713696
5179,2020-05-10,0.04727937508244873,0.9527206249175513
5180,2020-05-10,0.004614913528768416,0.9953850864712316
5181,2020-05-10,0.013639541907554897,0.9863604580924451
5182,2020-05-10,0.010740944696521204,0.9892590553034788
5183,2020-05-10,0.032080992101631955,0.967919007898368
5184,2020-05-10,0.016817106066083776,0.9831828939339162
5185,2020-05-10,0.012679285280613684,0.9873207147193863
5186,2020-05-10,0.0050191087716126015,0.9949808912283874
5188,2020-05-10,0.022714006134708975,0.977285993865291
5189,2020-05-10,0.0202791047733889,0.9797208952266111
5190,2020-05-10,0.03784863189826526,0.9621513681017347
5191,2020-05-10,0.02795142857738775,0.9720485714226123
5193,2020-05-10,0.006283073312656318,0.9937169266873437
5196,2020-05-10,0.05295512687267456,0.9470448731273254
5197,2020-05-10,0.007490868213291368,0.9925091317867086
5198,2020-05-10,0.008716836718811294,0.9912831632811887
5199,2020-05-10,0.020352354182377907,0.9796476458176221
5200,2020-05-10,0.011548735558987056,0.988451264441013
5201,2020-05-10,0.0179127102350235,0.9820872897649765
5202,2020-05-10,0.018269990861602525,0.9817300091383975
5203,2020-05-10,0.01741059859942351,0.9825894014005765
5204,2020-05-10,0.005265911850515281,0.9947340881494847
5205,2020-05-10,0.0024265348649360474,0.997573465135064
5206,2020-05-10,0.01107039120510378,0.9889296087948962
5207,2020-05-10,0.031174177291402927,0.9688258227085971
5208,2020-05-10,0.00994648679294119,0.9900535132070588
5209,2020-05-10,0.08487189538127016,0.9151281046187298
5210,2020-05-10,0.005475513147857658,0.9945244868521423
5211,2020-05-10,0.014371348628747005,0.985628651371253
5212,2020-05-10,0.009181159725907495,0.9908188402740925
5213,2020-05-10,0.03172692944855893,0.9682730705514411
5214,2020-05-10,0.010651794682639992,0.98934820531736
5215,2020-05-10,0.004824796021247857,0.9951752039787521
5216,2020-05-10,0.008746142643302313,0.9912538573566977
5217,2020-05-10,0.00326287601236952,0.9967371239876305
5218,2020-05-10,0.013084458095950824,0.9869155419040492
5219,2020-05-10,0.043306785191056574,0.9566932148089434
5220,2020-05-10,0.039246860582141774,0.9607531394178582
5221,2020-05-10,0.025815535372745613,0.9741844646272544
5222,2020-05-10,0.0061128988515928295,0.9938871011484072
5223,2020-05-10,0.015168606324106215,0.9848313936758938
5224,2020-05-10,0.01286686016285754,0.9871331398371425
5225,2020-05-10,0.03908933198573317,0.9609106680142668
5226,2020-05-10,0.005318919218955442,0.9946810807810446
5227,2020-05-10,0.03734852643129161,0.9626514735687084
5228,2020-05-10,0.011884155067914737,0.9881158449320853
5229,2020-05-10,0.00607439176399327,0.9939256082360067
5230,2020-05-10,0.027865941504513825,0.9721340584954862
5231,2020-05-10,0.005605059291175718,0.9943949407088243
5234,2020-05-10,0.024043359743198156,0.9759566402568018
5235,2020-05-10,0.005763453407125585,0.9942365465928744
5236,2020-05-10,0.00401630171760381,0.9959836982823962
5237,2020-05-10,0.016171897360707566,0.9838281026392924
5239,2020-05-10,0.012983965708164735,0.9870160342918353
5240,2020-05-10,0.01773560855491818,0.9822643914450818
5241,2020-05-10,0.01312418553474104,0.986875814465259
5242,2020-05-10,0.01714599695066199,0.982854003049338
5243,2020-05-10,0.007775862999173877,0.9922241370008261
5244,2020-05-10,0.03603394129440274,0.9639660587055973
5245,2020-05-10,0.010700662102934744,0.9892993378970653
5246,2020-05-10,0.010715145455898134,0.9892848545441019
5247,2020-05-10,0.0356736690787578,0.9643263309212422
5248,2020-05-10,0.0018442201310402417,0.9981557798689598
5249,2020-05-10,0.02056556771187601,0.979434432288124
5250,2020-05-10,0.048218350587694525,0.9517816494123055
5251,2020-05-10,0.008703979158139363,0.9912960208418606
5252,2020-05-10,0.020454223983013775,0.9795457760169862
5253,2020-05-10,0.01072519646398118,0.9892748035360188
5254,2020-05-10,0.0016312489667310581,0.9983687510332689
5255,2020-05-10,0.02839067328187317,0.9716093267181268
5256,2020-05-10,0.07030641166992457,0.9296935883300754
5257,2020-05-10,0.010559934315868769,0.9894400656841312
5259,2020-05-10,0.01926431329443734,0.9807356867055627
5260,2020-05-10,0.0164488060793343,0.9835511939206657
5261,2020-05-10,0.006089819255602147,0.9939101807443979
5262,2020-05-10,0.007883541077723932,0.9921164589222761
5263,2020-05-10,0.011497703568049467,0.9885022964319505
5264,2020-05-10,0.012966098948437255,0.9870339010515627
5265,2020-05-10,0.035969877406395345,0.9640301225936047
5266,2020-05-10,0.011955537095562074,0.9880444629044379
5267,2020-05-10,0.00850891522423125,0.9914910847757687
5268,2020-05-10,0.011403072077427634,0.9885969279225724
5269,2020-05-10,0.003761236790266964,0.996238763209733
5270,2020-05-10,0.006858237242602483,0.9931417627573975
5271,2020-05-10,0.06795442379945227,0.9320455762005477
5272,2020-05-10,0.009368901430513166,0.9906310985694868
5273,2020-05-10,0.0015702146557817764,0.9984297853442182
5274,2020-05-10,0.03864503481772197,0.961354965182278
5275,2020-05-10,0.0009548507188121835,0.9990451492811878
5276,2020-05-10,0.04909708853687966,0.9509029114631203
5277,2020-05-10,0.008150609417306387,0.9918493905826936
5278,2020-05-10,0.004172670283874136,0.9958273297161259
5279,2020-05-10,0.014541328018329858,0.9854586719816701
5281,2020-05-10,0.017036739714757276,0.9829632602852427
5282,2020-05-10,0.027818342547636044,0.972181657452364
5283,2020-05-10,0.008166724234014433,0.9918332757659856
5284,2020-05-10,0.007689536824756038,0.992310463175244
5285,2020-05-10,0.016660530119819827,0.9833394698801802
5286,2020-05-10,0.004637766976876456,0.9953622330231235
5287,2020-05-10,0.012738997427600651,0.9872610025723993
5288,2020-05-10,0.01804100003378961,0.9819589999662104
5289,2020-05-10,0.012499800247997128,0.9875001997520029
5290,2020-05-10,0.014584242823450277,0.9854157571765497
5292,2020-05-10,0.021466145077764343,0.9785338549222357
5293,2020-05-10,0.02188459783083785,0.9781154021691622
5295,2020-05-10,0.005590223730135069,0.9944097762698649
5296,2020-05-10,0.00665478977834455,0.9933452102216555
5297,2020-05-10,0.012876551935470104,0.9871234480645299
5298,2020-05-10,0.007866280363997724,0.9921337196360023
5299,2020-05-10,0.015663302626012454,0.9843366973739875
5300,2020-05-10,0.08842818357530757,0.9115718164246924
5301,2020-05-10,0.030940895006833835,0.9690591049931662
5302,2020-05-10,0.018905600811295553,0.9810943991887044
5303,2020-05-10,0.029957254546185696,0.9700427454538143
5304,2020-05-10,0.04404760414573272,0.9559523958542673
5305,2020-05-10,0.004205613144443898,0.9957943868555561
5307,2020-05-10,0.0021689979711707608,0.9978310020288292
5308,2020-05-10,0.09130669944658898,0.908693300553411
5310,2020-05-10,0.016346468030123518,0.9836535319698765
5311,2020-05-10,0.002658384941494174,0.9973416150585058
5312,2020-05-10,0.008509519146061795,0.9914904808539382
5313,2020-05-10,0.026660341199198356,0.9733396588008016
5314,2020-05-10,0.008668409333322469,0.9913315906666775
5315,2020-05-10,0.03353008268434632,0.9664699173156537
5316,2020-05-10,0.013171194895176597,0.9868288051048234
5317,2020-05-10,0.016973862057612532,0.9830261379423875
5318,2020-05-10,0.01688844063115169,0.9831115593688483
5319,2020-05-10,0.020858490575282107,0.9791415094247179
5320,2020-05-10,0.024350059512479816,0.9756499404875202
5322,2020-05-10,0.025911686706119874,0.9740883132938801
5323,2020-05-10,0.022330972726320675,0.9776690272736793
5324,2020-05-10,0.005952086061010942,0.9940479139389891
5325,2020-05-10,0.023603602012548963,0.976396397987451
5326,2020-05-10,0.008404931354431988,0.991595068645568
5327,2020-05-10,0.004067406984440303,0.9959325930155597
5328,2020-05-10,0.017131122269167354,0.9828688777308326
5329,2020-05-10,0.005402811274158537,0.9945971887258415
5330,2020-05-10,0.0024479434491033736,0.9975520565508966
5331,2020-05-10,0.022044526240274753,0.9779554737597252
5332,2020-05-10,0.022211680883186924,0.9777883191168131
5333,2020-05-10,0.009501394702818744,0.9904986052971813
5334,2020-05-10,0.0071022140174973325,0.9928977859825027
5335,2020-05-10,0.014333893870143166,0.9856661061298568
5336,2020-05-10,0.00727300857268709,0.9927269914273129
5337,2020-05-10,0.007630985161109605,0.9923690148388904
5339,2020-05-10,0.0356786519173381,0.9643213480826619
5340,2020-05-10,0.06252401045193945,0.9374759895480606
5341,2020-05-10,0.011714517251903867,0.9882854827480961
5342,2020-05-10,0.027553505613953422,0.9724464943860466
5343,2020-05-10,0.009047196700624816,0.9909528032993752
5344,2020-05-10,0.01055173749658267,0.9894482625034173
5345,2020-05-10,0.012622770927479654,0.9873772290725203
5347,2020-05-10,0.00440962829578051,0.9955903717042195
5348,2020-05-10,0.004048993290553526,0.9959510067094465
5349,2020-05-10,0.04683194847001848,0.9531680515299815
5350,2020-05-10,0.0046615002124335,0.9953384997875665
5351,2020-05-10,0.0026413186409168787,0.9973586813590831
5352,2020-05-10,0.0228814053298535,0.9771185946701465
5353,2020-05-10,0.03182429368672868,0.9681757063132713
5354,2020-05-10,0.012405579175202908,0.9875944208247971
5355,2020-05-10,0.021534748044422902,0.9784652519555771
5356,2020-05-10,0.016241004066439135,0.9837589959335609
5357,2020-05-10,0.016502672566249155,0.9834973274337508
5358,2020-05-10,0.030619135765534877,0.9693808642344651
5359,2020-05-10,0.06645595323235998,0.93354404676764
5360,2020-05-10,0.01909283872458789,0.9809071612754121
5361,2020-05-10,0.012063605375121855,0.9879363946248781
5362,2020-05-10,0.041853259620031835,0.9581467403799682
5363,2020-05-10,0.0071187551482576605,0.9928812448517423
5365,2020-05-10,0.06140622593264644,0.9385937740673536
5366,2020-05-10,0.009397066154148925,0.9906029338458511
5367,2020-05-10,0.013598343739312346,0.9864016562606877
5369,2020-05-10,0.06673536076141107,0.9332646392385889
5370,2020-05-10,0.009767764701965609,0.9902322352980344
5371,2020-05-10,0.012963231779224982,0.987036768220775
5372,2020-05-10,0.0013516994528135484,0.9986483005471865
5373,2020-05-10,0.0012210679091726462,0.9987789320908274
5374,2020-05-10,0.009303506719079091,0.9906964932809209
5376,2020-05-10,0.07219209700432083,0.9278079029956792
5377,2020-05-10,0.028833690286240055,0.97116630971376
5378,2020-05-10,0.0025379105141025704,0.9974620894858974
5379,2020-05-10,0.02135427016199698,0.978645729838003
5380,2020-05-10,0.003806138802190051,0.99619386119781
5381,2020-05-10,0.007537069899523519,0.9924629301004765
5382,2020-05-10,0.019279717892808246,0.9807202821071918
5383,2020-05-10,0.012910519695385259,0.9870894803046147
5384,2020-05-10,0.0057592648601281216,0.9942407351398719
5385,2020-05-10,0.0031528122826091076,0.9968471877173909
5386,2020-05-10,0.006489157250226585,0.9935108427497734
5388,2020-05-10,0.0603053789510033,0.9396946210489967
5389,2020-05-10,0.007339889652286047,0.992660110347714
5390,2020-05-10,0.002834082553868411,0.9971659174461316
5391,2020-05-10,0.014836629397105616,0.9851633706028944
5392,2020-05-10,0.004192811458527124,0.9958071885414729
5393,2020-05-10,0.009412537643761931,0.9905874623562381
5395,2020-05-10,0.031004141557993248,0.9689958584420068
5396,2020-05-10,0.006638082419491265,0.9933619175805087
5397,2020-05-10,0.025059851769675956,0.974940148230324
5398,2020-05-10,0.013513106736076197,0.9864868932639238
5399,2020-05-10,0.013232543916571138,0.9867674560834289
5400,2020-05-10,0.011865904730247512,0.9881340952697525
5401,2020-05-10,0.024459107608145958,0.975540892391854
5402,2020-05-10,0.028121246059637173,0.9718787539403628
5403,2020-05-10,0.009754269387470371,0.9902457306125296
5404,2020-05-10,0.009726057001211763,0.9902739429987882
5405,2020-05-10,0.01516719852580084,0.9848328014741992
5406,2020-05-10,0.007645707066036622,0.9923542929339634
5407,2020-05-10,0.02834223847713291,0.9716577615228671
5408,2020-05-10,0.011397101238932006,0.988602898761068
5409,2020-05-10,0.015864189089720204,0.9841358109102798
5410,2020-05-10,0.015070423839330438,0.9849295761606696
5411,2020-05-10,0.010406082855758059,0.9895939171442419
5412,2020-05-10,0.026151142120707238,0.9738488578792928
5413,2020-05-10,0.007310613189815629,0.9926893868101844
5414,2020-05-10,0.018390759501707987,0.981609240498292
5415,2020-05-10,0.008085670351456464,0.9919143296485435
5417,2020-05-10,0.012716172555163996,0.987283827444836
5418,2020-05-10,0.04340815043227142,0.9565918495677286
5419,2020-05-10,0.012739082996819695,0.9872609170031803
5420,2020-05-10,0.0025583134362235915,0.9974416865637764
5422,2020-05-10,0.017266507392720287,0.9827334926072797
5423,2020-05-10,0.019611168379118027,0.980388831620882
5424,2020-05-10,0.006187884403394239,0.9938121155966058
5425,2020-05-10,0.0070738016289628725,0.9929261983710371
5428,2020-05-10,0.04680932089543599,0.953190679104564
5429,2020-05-10,0.023573648383486967,0.976426351616513
5430,2020-05-10,0.010126997579176567,0.9898730024208234
5431,2020-05-10,0.02296187818611528,0.9770381218138847
5432,2020-05-10,0.04724560689630808,0.9527543931036919
5433,2020-05-10,0.040038342052912346,0.9599616579470877
5434,2020-05-10,0.00795801579312827,0.9920419842068717
5435,2020-05-10,0.012108524888210237,0.9878914751117898
5436,2020-05-10,0.018381287087256504,0.9816187129127435
5437,2020-05-10,0.006559228209150891,0.9934407717908491
5438,2020-05-10,0.012751582434956,0.987248417565044
5439,2020-05-10,0.007010952802490311,0.9929890471975097
5440,2020-05-10,0.006014929221099252,0.9939850707789007
5441,2020-05-10,0.002230758806320954,0.997769241193679
5442,2020-05-10,0.020383010821203196,0.9796169891787968
5443,2020-05-10,0.0568806982641058,0.9431193017358942
5444,2020-05-10,0.020341294687780564,0.9796587053122194
5445,2020-05-10,0.0010915534658112458,0.9989084465341888
5447,2020-05-10,0.006015548952067351,0.9939844510479326
5448,2020-05-10,0.032774413412855585,0.9672255865871444
5449,2020-05-10,0.08033141762027884,0.9196685823797212
5450,2020-05-10,0.06967541794665699,0.930324582053343
5451,2020-05-10,0.01922795581424619,0.9807720441857538
5452,2020-05-10,0.012244932452072144,0.9877550675479279
5453,2020-05-10,0.011587883673514154,0.9884121163264858
5455,2020-05-10,0.013841745592590993,0.986158254407409
5456,2020-05-10,0.008533487865609923,0.9914665121343901
5458,2020-05-10,0.020578789428790545,0.9794212105712095
5459,2020-05-10,0.0039970313674077,0.9960029686325923
5461,2020-05-10,0.050101797231628886,0.9498982027683711
5462,2020-05-10,0.009101369713612195,0.9908986302863878
5463,2020-05-10,0.03009185003018111,0.9699081499698189
5464,2020-05-10,0.010587924112987146,0.9894120758870129
5465,2020-05-10,0.04167596768046322,0.9583240323195368
5466,2020-05-10,0.006880004425779185,0.9931199955742208
5468,2020-05-10,0.0016345640655263116,0.9983654359344737
5469,2020-05-10,0.015877282583533714,0.9841227174164663
5470,2020-05-10,0.0006690069088339801,0.999330993091166
5471,2020-05-10,0.012631574192605077,0.9873684258073949
5472,2020-05-10,0.010947238601202058,0.9890527613987979
5474,2020-05-10,0.042981859253356736,0.9570181407466433
5475,2020-05-10,0.03235756786272592,0.9676424321372741
5476,2020-05-10,0.013480193528404905,0.9865198064715951
5477,2020-05-10,0.012445821094041687,0.9875541789059583
5478,2020-05-10,0.026861867598862887,0.9731381324011371
5479,2020-05-10,0.010623886038330532,0.9893761139616695
5480,2020-05-10,0.03255101875020627,0.9674489812497937
5481,2020-05-10,0.002850292114486064,0.9971497078855139
5482,2020-05-10,0.005025074551326059,0.9949749254486739
5483,2020-05-10,0.01326002736132914,0.9867399726386709
5484,2020-05-10,0.010203693431341088,0.9897963065686589
5485,2020-05-10,0.008122938942593305,0.9918770610574067
5486,2020-05-10,0.00881114492329338,0.9911888550767066
5488,2020-05-10,0.017209483349901578,0.9827905166500984
5489,2020-05-10,0.006568899263417638,0.9934311007365824
5490,2020-05-10,0.005268433721073107,0.9947315662789269
5491,2020-05-10,0.005409293150589911,0.9945907068494101
5492,2020-05-10,0.04227176088468676,0.9577282391153132
5493,2020-05-10,0.02538001278990254,0.9746199872100975
5494,2020-05-10,0.01942990330479577,0.9805700966952042
5495,2020-05-10,0.014817552767429354,0.9851824472325706
5497,2020-05-10,0.008673963767193538,0.9913260362328065
5498,2020-05-10,0.002163003596536872,0.9978369964034631
5500,2020-05-10,0.006168763715921566,0.9938312362840784
5501,2020-05-10,0.061089248916952,0.938910751083048
5502,2020-05-10,0.012967673105717004,0.987032326894283
5503,2020-05-10,0.010297804844796699,0.9897021951552033
5505,2020-05-10,0.01255114733221041,0.9874488526677896
5506,2020-05-10,0.00830207465333943,0.9916979253466606
5508,2020-05-10,0.00535646854588856,0.9946435314541114
5509,2020-05-10,0.014446759637587459,0.9855532403624125
5511,2020-05-10,0.018546395905147728,0.9814536040948523
5512,2020-05-10,0.0010550987489967856,0.9989449012510032
5514,2020-05-10,0.029210720598748185,0.9707892794012518
5519,2020-05-10,0.0022141820547468827,0.9977858179452531
5520,2020-05-10,0.028692069063603,0.971307930936397
5521,2020-05-10,0.013717443234414262,0.9862825567655857
5522,2020-05-10,0.003658070347104192,0.9963419296528958
5523,2020-05-10,0.010603326160406157,0.9893966738395938
5524,2020-05-10,0.025920879505250793,0.9740791204947492
5525,2020-05-10,0.012453315777736673,0.9875466842222633
5526,2020-05-10,0.008245487557605236,0.9917545124423948
5527,2020-05-10,0.006658874532815773,0.9933411254671842
5528,2020-05-10,0.07930669311374272,0.9206933068862573
5529,2020-05-10,0.006141770919257605,0.9938582290807424
5531,2020-05-10,0.04493932565154901,0.955060674348451
5532,2020-05-10,0.0287009167929968,0.9712990832070032
5533,2020-05-10,0.017129331503818568,0.9828706684961814
5534,2020-05-10,0.03895368525258214,0.9610463147474179
5535,2020-05-10,0.006774866526578105,0.9932251334734219
5536,2020-05-10,0.0011746399978429523,0.998825360002157
5537,2020-05-10,0.0171023769236488,0.9828976230763512
5538,2020-05-10,0.019514402056282854,0.9804855979437171
5539,2020-05-10,0.07469446486570885,0.9253055351342911
5540,2020-05-10,0.006115756032675446,0.9938842439673246
5541,2020-05-10,0.004583712493498537,0.9954162875065015
5542,2020-05-10,0.01944231518519124,0.9805576848148088
5543,2020-05-10,0.011357670056085567,0.9886423299439144
5544,2020-05-10,0.015629117592684705,0.9843708824073153
5545,2020-05-10,0.0044092672024415025,0.9955907327975585
5546,2020-05-10,0.014180128245762869,0.9858198717542371
5548,2020-05-10,0.008362417308841907,0.9916375826911581
5550,2020-05-10,0.02074601728311276,0.9792539827168872
5551,2020-05-10,0.005237000112193746,0.9947629998878063
5552,2020-05-10,0.006149690616320647,0.9938503093836794
5553,2020-05-10,0.033864509823344324,0.9661354901766557
5554,2020-05-10,0.014484151637125797,0.9855158483628742
5555,2020-05-10,0.006714474970681672,0.9932855250293183
5556,2020-05-10,0.01110318827339063,0.9888968117266094
5557,2020-05-10,0.007350356959119675,0.9926496430408803
5558,2020-05-10,0.009568769117435094,0.9904312308825649
5559,2020-05-10,0.018793671083766395,0.9812063289162336
5560,2020-05-10,0.052189108310342514,0.9478108916896575
5561,2020-05-10,0.015096040985320469,0.9849039590146795
5562,2020-05-10,0.03267881786128035,0.9673211821387196
5563,2020-05-10,0.019592607119550465,0.9804073928804495
5564,2020-05-10,0.03417266303349564,0.9658273369665044
5565,2020-05-10,0.010075596611360482,0.9899244033886395
5566,2020-05-10,0.009322151325534156,0.9906778486744658
5567,2020-05-10,0.00779868059463118,0.9922013194053688
5568,2020-05-10,0.015365062425053977,0.984634937574946
5569,2020-05-10,0.06120002533008806,0.9387999746699119
5570,2020-05-10,0.005184088380869034,0.994815911619131
5572,2020-05-10,0.0319205721487591,0.9680794278512409
5573,2020-05-10,0.02459224224536649,0.9754077577546335
5574,2020-05-10,0.0030477526516854425,0.9969522473483146
5575,2020-05-10,0.0669325244704212,0.9330674755295788
5576,2020-05-10,0.0032968712958377777,0.9967031287041622
5578,2020-05-10,0.02809521312679253,0.9719047868732075
5580,2020-05-10,0.0389211066612315,0.9610788933387685
5581,2020-05-10,0.007769114998249171,0.9922308850017508
5582,2020-05-10,0.0029766949784644225,0.9970233050215356
5583,2020-05-10,0.009809750232410375,0.9901902497675896
5584,2020-05-10,0.007921990831598946,0.992078009168401
5585,2020-05-10,0.012552082840995626,0.9874479171590044
5586,2020-05-10,0.009300817148483964,0.990699182851516
5587,2020-05-10,0.004570879614468781,0.9954291203855312
5588,2020-05-10,0.002344071444652762,0.9976559285553472
5589,2020-05-10,0.020700308648854526,0.9792996913511455
5590,2020-05-10,0.010562433839140684,0.9894375661608593
5591,2020-05-10,0.016847142730782583,0.9831528572692174
5592,2020-05-10,0.0059704866384220345,0.994029513361578
5593,2020-05-10,0.08799179717491368,0.9120082028250863
5594,2020-05-10,0.03091260293442144,0.9690873970655786
5595,2020-05-10,0.007551594107356618,0.9924484058926434
5596,2020-05-10,0.043902815705200826,0.9560971842947992
5597,2020-05-10,0.029434953515762086,0.9705650464842379
5598,2020-05-10,0.017495267399798453,0.9825047326002015
5599,2020-05-10,0.021115022572822384,0.9788849774271776
5600,2020-05-10,0.0071742614929042325,0.9928257385070958
5601,2020-05-10,0.0022476813790912598,0.9977523186209087
5602,2020-05-10,0.0017673126983294152,0.9982326873016706
5603,2020-05-10,0.03387209834562488,0.9661279016543751
5604,2020-05-10,0.003208426379356255,0.9967915736206437
5605,2020-05-10,0.005014640049978647,0.9949853599500214
5606,2020-05-10,0.013251038610598176,0.9867489613894018
5608,2020-05-10,0.010025494031702054,0.989974505968298
5609,2020-05-10,0.017864108645503696,0.9821358913544963
5610,2020-05-10,0.006077550040258006,0.993922449959742
5611,2020-05-10,0.038807252557241934,0.9611927474427581
5612,2020-05-10,0.050839787215038124,0.9491602127849619
5613,2020-05-10,0.047810966368311725,0.9521890336316883
5614,2020-05-10,0.014065224875701388,0.9859347751242986
5615,2020-05-10,0.024738071952692176,0.9752619280473078
5616,2020-05-10,0.030305279970300747,0.9696947200296993
5618,2020-05-10,0.0031369639687137685,0.9968630360312862
5619,2020-05-10,0.010768417725739887,0.9892315822742601
5620,2020-05-10,0.05443520933014867,0.9455647906698513
5621,2020-05-10,0.06972088682449262,0.9302791131755074
5622,2020-05-10,0.03928789841507874,0.9607121015849213
5623,2020-05-10,0.01797000099533197,0.982029999004668
5624,2020-05-10,0.05151017820776227,0.9484898217922377
5625,2020-05-10,0.004898988210556454,0.9951010117894435
5627,2020-05-10,0.012535257269627897,0.9874647427303721
5628,2020-05-10,0.00791250176797198,0.992087498232028
5630,2020-05-10,0.016234274684911232,0.9837657253150888
5631,2020-05-10,0.02720579519439914,0.9727942048056009
5632,2020-05-10,0.011660046522270595,0.9883399534777294
5633,2020-05-10,0.00460984448579993,0.9953901555142001
5634,2020-05-10,0.015459347940470103,0.9845406520595299
5635,2020-05-10,0.0028104781535303047,0.9971895218464697
5636,2020-05-10,0.015282664438973526,0.9847173355610265
5637,2020-05-10,0.054102892396035274,0.9458971076039647
5638,2020-05-10,0.003061954922036758,0.9969380450779632
5639,2020-05-10,0.008855508738752293,0.9911444912612477
5640,2020-05-10,0.026224499177655125,0.9737755008223449
5641,2020-05-10,0.09256750799625046,0.9074324920037495
5642,2020-05-10,0.002144827795999671,0.9978551722040003
5643,2020-05-10,0.0033123802366733512,0.9966876197633266
5644,2020-05-10,0.0247816898755574,0.9752183101244426
5646,2020-05-10,0.010932939195564373,0.9890670608044356
5647,2020-05-10,0.013476592151123512,0.9865234078488765
5648,2020-05-10,0.007025149210380555,0.9929748507896194
5649,2020-05-10,0.01493171460344822,0.9850682853965518
5650,2020-05-10,0.014263425305793609,0.9857365746942064
5651,2020-05-10,0.027057679496512166,0.9729423205034878
5652,2020-05-10,0.00286480492115615,0.9971351950788439
5653,2020-05-10,0.01727827312560115,0.9827217268743988
5654,2020-05-10,0.00558620485994854,0.9944137951400515
5655,2020-05-10,0.011164648479812023,0.988835351520188
5656,2020-05-10,0.005215985045604832,0.9947840149543952
5657,2020-05-10,0.018306738655058163,0.9816932613449418
5658,2020-05-10,0.0214409024877541,0.9785590975122459
5659,2020-05-10,0.009511583332074691,0.9904884166679253
5660,2020-05-10,0.012210288349011278,0.9877897116509887
5661,2020-05-10,0.006887135031811931,0.9931128649681881
5662,2020-05-10,0.014136661072063239,0.9858633389279368
5663,2020-05-10,0.005885751896031244,0.9941142481039688
5664,2020-05-10,0.13767868071001677,0.8623213192899832
5665,2020-05-10,0.0017110914233532393,0.9982889085766468
5666,2020-05-10,0.002734506199183695,0.9972654938008163
5667,2020-05-10,0.030145266872416032,0.969854733127584
5668,2020-05-10,0.023916222255126907,0.9760837777448731
5669,2020-05-10,0.007930073285303596,0.9920699267146964
5670,2020-05-10,0.008668066197835445,0.9913319338021646
5671,2020-05-10,0.019343611688221518,0.9806563883117785
5672,2020-05-10,0.004104178268562797,0.9958958217314372
5673,2020-05-10,0.009291362165314898,0.9907086378346851
5674,2020-05-10,0.010677050688804424,0.9893229493111956
5675,2020-05-10,0.019152741212017932,0.9808472587879821
5676,2020-05-10,0.016577576639096314,0.9834224233609037
5677,2020-05-10,0.009585475409941369,0.9904145245900586
5678,2020-05-10,0.020861792309882943,0.9791382076901171
5679,2020-05-10,0.07428654837370985,0.9257134516262902
5680,2020-05-10,0.014129547638165652,0.9858704523618343
5681,2020-05-10,0.004238792885337683,0.9957612071146623
5682,2020-05-10,0.022207059391633477,0.9777929406083665
5683,2020-05-10,0.033000852527776736,0.9669991474722233
5684,2020-05-10,0.009536924894558263,0.9904630751054417
5685,2020-05-10,0.013527593686910366,0.9864724063130896
5686,2020-05-10,0.0019841658281923857,0.9980158341718076
5687,2020-05-10,0.021146580907631773,0.9788534190923682
5688,2020-05-10,0.023833917904041546,0.9761660820959585
5689,2020-05-10,0.013482525908258047,0.986517474091742
5690,2020-05-10,0.0020430766828734015,0.9979569233171266
5691,2020-05-10,0.01095190606630625,0.9890480939336938
5692,2020-05-10,0.020470755715183864,0.9795292442848161
5693,2020-05-10,0.012880334584154607,0.9871196654158454
5695,2020-05-10,0.0041735580316468734,0.9958264419683531
5696,2020-05-10,0.012037921452218048,0.987962078547782
5697,2020-05-10,0.022067206710419618,0.9779327932895804
5699,2020-05-10,0.009385731538101294,0.9906142684618987
5700,2020-05-10,0.07175826805742636,0.9282417319425736
5701,2020-05-10,0.020255417790403962,0.979744582209596
5702,2020-05-10,0.006032281979325593,0.9939677180206744
5703,2020-05-10,0.0065942289836719015,0.9934057710163281
5705,2020-05-10,0.005558745484782968,0.994441254515217
5706,2020-05-10,0.008773200845140994,0.991226799154859
5707,2020-05-10,0.006343002964008471,0.9936569970359915
5708,2020-05-10,0.001441717641511464,0.9985582823584885
5709,2020-05-10,0.00866272267755519,0.9913372773224448
5710,2020-05-10,0.022373757154338092,0.9776262428456619
5711,2020-05-10,0.01732078399393755,0.9826792160060625
5713,2020-05-10,0.007314819157278607,0.9926851808427214
5714,2020-05-10,0.014253869500722716,0.9857461304992773
5715,2020-05-10,0.015896969050346543,0.9841030309496535
5716,2020-05-10,0.01573873691553629,0.9842612630844637
5717,2020-05-10,0.03071205169565905,0.969287948304341
5718,2020-05-10,0.025378279037199802,0.9746217209628002
5719,2020-05-10,0.005009590086265336,0.9949904099137347
5721,2020-05-10,0.04243324121982517,0.9575667587801748
5722,2020-05-10,0.011961586161784998,0.988038413838215
5723,2020-05-10,0.01784704881550636,0.9821529511844936
5724,2020-05-10,0.024602120769539382,0.9753978792304606
5725,2020-05-10,0.02058865520069364,0.9794113447993064
5726,2020-05-10,0.014747566197846451,0.9852524338021535
5727,2020-05-10,0.02897707284626183,0.9710229271537382
5728,2020-05-10,0.01418515736901571,0.9858148426309843
5729,2020-05-10,0.0102748624212875,0.9897251375787125
5730,2020-05-10,0.00997672682904982,0.9900232731709502
5731,2020-05-10,0.0038135201707895083,0.9961864798292105
5732,2020-05-10,0.02010616479944427,0.9798938352005557
5733,2020-05-10,0.019668116330415097,0.9803318836695849
5734,2020-05-10,0.013268446506608522,0.9867315534933915
5735,2020-05-10,0.017807800112184302,0.9821921998878157
5736,2020-05-10,0.0007218685649229561,0.999278131435077
5737,2020-05-10,0.018262991550827223,0.9817370084491728
5738,2020-05-10,0.0049802360668013135,0.9950197639331987
5739,2020-05-10,0.15107003223932003,0.84892996776068
5740,2020-05-10,0.0346210075956761,0.9653789924043239
5741,2020-05-10,0.005227419044788406,0.9947725809552116
5742,2020-05-10,0.012503638237766568,0.9874963617622334
5743,2020-05-10,0.006108048334480087,0.9938919516655199
5744,2020-05-10,0.01629780969132777,0.9837021903086722
5745,2020-05-10,0.03561864649010349,0.9643813535098965
5746,2020-05-10,0.03348270367280115,0.9665172963271988
5747,2020-05-10,0.016448278120440696,0.9835517218795593
5748,2020-05-10,0.002699070878438903,0.9973009291215611
5749,2020-05-10,0.009314022789560616,0.9906859772104394
5750,2020-05-10,0.015411965358519297,0.9845880346414807
5751,2020-05-10,0.02492015491212285,0.9750798450878772
5752,2020-05-10,0.008782864340131535,0.9912171356598685
5753,2020-05-10,0.07953791730820114,0.9204620826917989
5754,2020-05-10,0.009741473038916149,0.9902585269610839
5755,2020-05-10,0.04386844655168398,0.956131553448316
5756,2020-05-10,0.05916376573954918,0.9408362342604508
5757,2020-05-10,0.0012349398502944364,0.9987650601497056
5758,2020-05-10,0.019235944514726877,0.9807640554852731
5759,2020-05-10,0.011986691361136725,0.9880133086388633
5760,2020-05-10,0.006898335660001642,0.9931016643399984
5761,2020-05-10,0.01198975241707223,0.9880102475829278
5762,2020-05-10,0.02259876558899787,0.9774012344110021
5763,2020-05-10,0.020526865197993405,0.9794731348020066
5765,2020-05-10,0.03913117522710219,0.9608688247728978
5766,2020-05-10,0.012040331179937747,0.9879596688200623
5767,2020-05-10,0.006030258003479005,0.993969741996521
5769,2020-05-10,0.0020384874334995473,0.9979615125665005
5770,2020-05-10,0.027543440065007307,0.9724565599349927
5772,2020-05-10,0.0388241959796477,0.9611758040203523
5773,2020-05-10,0.01462558682199,0.98537441317801
5774,2020-05-10,0.00550293839792404,0.994497061602076
5775,2020-05-10,0.011379672349572378,0.9886203276504276
5777,2020-05-10,0.035919699107937464,0.9640803008920625
5778,2020-05-10,0.018044955228226578,0.9819550447717734
5779,2020-05-10,0.0093384259286734,0.9906615740713266
5780,2020-05-10,0.018040552744076233,0.9819594472559238
5781,2020-05-10,0.06949489501091799,0.930505104989082
5782,2020-05-10,0.016821360978182653,0.9831786390218173
5783,2020-05-10,0.027542170969255042,0.972457829030745
5784,2020-05-10,0.008020884926035698,0.9919791150739643
5786,2020-05-10,0.008096499010207925,0.9919035009897921
5787,2020-05-10,0.029707608832635346,0.9702923911673647
5788,2020-05-10,0.01580169765586259,0.9841983023441374
5789,2020-05-10,0.014644425665796046,0.985355574334204
5790,2020-05-10,0.007158562202732921,0.9928414377972671
5791,2020-05-10,0.007023810337095426,0.9929761896629046
5792,2020-05-10,0.008780662149110663,0.9912193378508893
5793,2020-05-10,0.03927762484629249,0.9607223751537075
5794,2020-05-10,0.011606007637861238,0.9883939923621388
5795,2020-05-10,0.012568331531450538,0.9874316684685495
5797,2020-05-10,0.03167166777708241,0.9683283322229176
5798,2020-05-10,0.008045955628420587,0.9919540443715794
5799,2020-05-10,0.004206956661072181,0.9957930433389278
5800,2020-05-10,0.02734169872477543,0.9726583012752246
5801,2020-05-10,0.04186770052586597,0.958132299474134
5802,2020-05-10,0.011168992501638608,0.9888310074983614
5803,2020-05-10,0.01360666172741587,0.9863933382725841
5804,2020-05-10,0.021194927383426654,0.9788050726165733
5805,2020-05-10,0.03830318643157149,0.9616968135684285
5806,2020-05-10,0.007715621451959587,0.9922843785480404
5807,2020-05-10,0.00978956126793995,0.99021043873206
5808,2020-05-10,0.03571754594510457,0.9642824540548954
5809,2020-05-10,0.01814821904155095,0.981851780958449
5810,2020-05-10,0.02527936319921964,0.9747206368007804
5811,2020-05-10,0.0268447991339531,0.9731552008660469
5812,2020-05-10,0.009644642781990731,0.9903553572180093
5813,2020-05-10,0.09975423953056406,0.9002457604694359
5814,2020-05-10,0.006950254997834748,0.9930497450021653
5816,2020-05-10,0.019928071865721986,0.980071928134278
5817,2020-05-10,0.005783782575060292,0.9942162174249397
5818,2020-05-10,0.007345939413407221,0.9926540605865928
5820,2020-05-10,0.026453959870168076,0.9735460401298319
5822,2020-05-10,0.02059370094505164,0.9794062990549484
5823,2020-05-10,0.07385145991416009,0.9261485400858399
5824,2020-05-10,0.10081174807007687,0.8991882519299231
5825,2020-05-10,0.00451059869444248,0.9954894013055575
5826,2020-05-10,0.04008200552457497,0.959917994475425
5827,2020-05-10,0.013187041784383124,0.9868129582156169
5828,2020-05-10,0.00825826904492033,0.9917417309550797
5829,2020-05-10,0.06088346024036795,0.939116539759632
5830,2020-05-10,0.004951198452110117,0.9950488015478899
5831,2020-05-10,0.018687461017590223,0.9813125389824098
5832,2020-05-10,0.00819138029612776,0.9918086197038722
5833,2020-05-10,0.011212599312260929,0.9887874006877391
5834,2020-05-10,0.010039468017304487,0.9899605319826955
5835,2020-05-10,0.03393080131275761,0.9660691986872424
5836,2020-05-10,0.008520962113594432,0.9914790378864056
5839,2020-05-10,0.006644148968796615,0.9933558510312034
5840,2020-05-10,0.012675296660599078,0.9873247033394009
5841,2020-05-10,0.019899164490733368,0.9801008355092666
5842,2020-05-10,0.012216911169548372,0.9877830888304516
5843,2020-05-10,0.004595104916116144,0.9954048950838839
5844,2020-05-10,0.0072058387527028644,0.9927941612472971
5845,2020-05-10,0.012995772814419992,0.98700422718558
5846,2020-05-10,0.011994596557508896,0.9880054034424911
5847,2020-05-10,0.013863679784095084,0.9861363202159049
5848,2020-05-10,0.030698615420763686,0.9693013845792363
5849,2020-05-10,0.03726286092402309,0.9627371390759769
5851,2020-05-10,0.014977793574281417,0.9850222064257186
5852,2020-05-10,0.01901168901507866,0.9809883109849213
5853,2020-05-10,0.024990771976838966,0.975009228023161
5854,2020-05-10,0.02283520279469886,0.9771647972053011
5855,2020-05-10,0.007570596464058665,0.9924294035359413
5856,2020-05-10,0.10924479429230882,0.8907552057076912
5857,2020-05-10,0.009725535992943346,0.9902744640070567
5858,2020-05-10,0.013599992849783749,0.9864000071502163
5859,2020-05-10,0.019473672468013015,0.980526327531987
5860,2020-05-10,0.01926169962979163,0.9807383003702084
5861,2020-05-10,0.0010015768612484655,0.9989984231387515
5862,2020-05-10,0.014258339030610134,0.9857416609693899
5863,2020-05-10,0.03167285584020807,0.9683271441597919
5864,2020-05-10,0.010125493954921794,0.9898745060450782
5865,2020-05-10,0.031732420290221386,0.9682675797097786
5866,2020-05-10,0.020551517440159484,0.9794484825598405
5867,2020-05-10,0.023088360339719394,0.9769116396602806
5868,2020-05-10,0.008013692825303065,0.9919863071746969
5869,2020-05-10,0.020123177011239002,0.979876822988761
5870,2020-05-10,0.01304432953585477,0.9869556704641452
5871,2020-05-10,0.05720012958739107,0.9427998704126089
5872,2020-05-10,0.020731388137348206,0.9792686118626518
5873,2020-05-10,0.012529707709004523,0.9874702922909955
5874,2020-05-10,0.03424420215910384,0.9657557978408962
5875,2020-05-10,0.0016994559674101684,0.9983005440325898
5876,2020-05-10,0.009891917297692454,0.9901080827023075
5877,2020-05-10,0.004665587080085354,0.9953344129199146
5878,2020-05-10,0.0014495296273620006,0.998550470372638
5880,2020-05-10,0.005633713723051215,0.9943662862769488
5881,2020-05-10,0.07498113546964524,0.9250188645303548
5882,2020-05-10,0.01438242566181036,0.9856175743381896
5883,2020-05-10,0.0070216121916170104,0.992978387808383
5885,2020-05-10,0.07875943330058743,0.9212405666994126
5886,2020-05-10,0.007831615777397105,0.9921683842226029
5887,2020-05-10,0.07541765532437306,0.9245823446756269
5888,2020-05-10,0.010444919329783642,0.9895550806702164
5889,2020-05-10,0.004128431583804826,0.9958715684161952
5890,2020-05-10,0.0019127637048660384,0.998087236295134
5891,2020-05-10,0.016671943013860546,0.9833280569861395
5892,2020-05-10,0.022469810368507037,0.977530189631493
5893,2020-05-10,0.0017434667321392094,0.9982565332678608
5894,2020-05-10,0.0417902406753109,0.9582097593246891
5895,2020-05-10,0.010924613318767151,0.9890753866812328
5896,2020-05-10,0.017274526185003247,0.9827254738149968
5898,2020-05-10,0.004197607957208582,0.9958023920427914
5899,2020-05-10,0.0212704662899309,0.9787295337100691
5900,2020-05-10,0.03106499143628416,0.9689350085637158
5901,2020-05-10,0.08221362623198702,0.917786373768013
5902,2020-05-10,0.004006227629936077,0.9959937723700639
5903,2020-05-10,0.03060729601268375,0.9693927039873163
5904,2020-05-10,0.04430680896190642,0.9556931910380936
5906,2020-05-10,0.0023093470037536257,0.9976906529962464
5907,2020-05-10,0.0024373327333430117,0.997562667266657
5908,2020-05-10,0.0024901975237656693,0.9975098024762343
5909,2020-05-10,0.028381978269469088,0.9716180217305309
5911,2020-05-10,0.016557632343402573,0.9834423676565974
5912,2020-05-10,0.025733776401441033,0.974266223598559
5913,2020-05-10,0.017359152705633818,0.9826408472943662
5914,2020-05-10,0.05255505772915536,0.9474449422708446
5915,2020-05-10,0.00491219512499097,0.995087804875009
5916,2020-05-10,0.037891730361985565,0.9621082696380144
5917,2020-05-10,0.015822511386595517,0.9841774886134045
5918,2020-05-10,0.0054189232368268,0.9945810767631732
5919,2020-05-10,0.006921424367007045,0.993078575632993
5920,2020-05-10,0.03901118120777736,0.9609888187922226
5922,2020-05-10,0.011430206886298588,0.9885697931137014
5923,2020-05-10,0.010753593279080986,0.989246406720919
5924,2020-05-10,0.02049691268113285,0.9795030873188671
5926,2020-05-10,0.0018073627376474777,0.9981926372623525
5927,2020-05-10,0.004683085777156593,0.9953169142228434
5928,2020-05-10,0.011095960610712274,0.9889040393892877
5929,2020-05-10,0.022282890957054824,0.9777171090429452
5930,2020-05-10,0.015908901443284162,0.9840910985567158
5931,2020-05-10,0.00971599241349863,0.9902840075865014
5932,2020-05-10,0.009474852856301008,0.990525147143699
5933,2020-05-10,0.0046791433774552305,0.9953208566225448
5934,2020-05-10,0.007131469267515067,0.9928685307324849
5936,2020-05-10,0.031742307686222215,0.9682576923137778
5937,2020-05-10,0.03428877095893901,0.965711229041061
5938,2020-05-10,0.011390335701116139,0.9886096642988839
5940,2020-05-10,0.016367784698190002,0.98363221530181
5941,2020-05-10,0.04657652984039029,0.9534234701596097
5942,2020-05-10,0.002221057513729474,0.9977789424862705
5943,2020-05-10,0.00859846078972426,0.9914015392102757
5944,2020-05-10,0.023443172937244405,0.9765568270627556
5945,2020-05-10,0.05368830629711996,0.94631169370288
5946,2020-05-10,0.002639140305399801,0.9973608596946002
5948,2020-05-10,0.00430088680454177,0.9956991131954582
5949,2020-05-10,0.017306226232047583,0.9826937737679524
5950,2020-05-10,0.0042734873190802825,0.9957265126809197
5951,2020-05-10,0.00836965488083452,0.9916303451191655
5952,2020-05-10,0.016952795811690513,0.9830472041883095
5953,2020-05-10,0.03705850226003049,0.9629414977399695
5954,2020-05-10,0.003913032395039595,0.9960869676049604
5955,2020-05-10,0.07048173992685225,0.9295182600731478
5956,2020-05-10,0.01576428168586297,0.984235718314137
5957,2020-05-10,0.011367286709435875,0.9886327132905641
5959,2020-05-10,0.0039032834680332584,0.9960967165319667
5960,2020-05-10,0.021000349689203945,0.978999650310796
5961,2020-05-10,0.013187272506764547,0.9868127274932355
5962,2020-05-10,0.00829524795269454,0.9917047520473055
5963,2020-05-10,0.005109494221470001,0.99489050577853
5964,2020-05-10,0.029535039326346713,0.9704649606736533
5965,2020-05-10,0.006808102641265745,0.9931918973587343
5966,2020-05-10,0.0054846791516692806,0.9945153208483307
5967,2020-05-10,0.006360817236554239,0.9936391827634458
5968,2020-05-10,0.03747779662322892,0.9625222033767711
5969,2020-05-10,0.026845348929556034,0.973154651070444
5970,2020-05-10,0.013390988660818115,0.9866090113391819
5971,2020-05-10,0.04422048777832077,0.9557795122216792
5972,2020-05-10,0.014203029439544768,0.9857969705604552
5973,2020-05-10,0.06488422979877162,0.9351157702012284
5975,2020-05-10,0.03297413689497786,0.9670258631050221
5976,2020-05-10,0.006235783843704157,0.9937642161562958
5977,2020-05-10,0.060292318159885894,0.9397076818401141
5978,2020-05-10,0.02018902605064543,0.9798109739493546
5979,2020-05-10,0.01853045550692578,0.9814695444930742
5980,2020-05-10,0.04440748497894764,0.9555925150210524
5981,2020-05-10,0.006998873202025302,0.9930011267979747
5982,2020-05-10,0.027338224717259885,0.9726617752827401
5983,2020-05-10,0.005085110153968286,0.9949148898460317
5984,2020-05-10,0.009107376037335135,0.9908926239626649
5988,2020-05-10,0.0061571962720270434,0.993842803727973
5989,2020-05-10,0.003951258011521186,0.9960487419884788
5990,2020-05-10,0.013552774445672156,0.9864472255543278
5991,2020-05-10,0.029157793865439485,0.9708422061345605
5992,2020-05-10,0.05275083588053009,0.9472491641194699
5993,2020-05-10,0.015658547691328684,0.9843414523086713
5994,2020-05-10,0.004998274080101672,0.9950017259198983
5996,2020-05-10,0.004384445065546361,0.9956155549344536
5997,2020-05-10,0.0691800047200336,0.9308199952799664
5998,2020-05-10,0.030405899127835645,0.9695941008721644
5999,2020-05-10,0.010166923068725464,0.9898330769312745
6000,2020-05-10,0.01583277758454993,0.9841672224154501
6001,2020-05-10,0.02024756576451392,0.9797524342354861
6002,2020-05-10,0.005009698820894415,0.9949903011791056
6003,2020-05-10,0.008911766434379631,0.9910882335656204
6004,2020-05-10,0.004354168984669227,0.9956458310153308
6005,2020-05-10,0.01680862053283627,0.9831913794671637
6007,2020-05-10,0.007147400905362811,0.9928525990946372
6008,2020-05-10,0.0020652260576330406,0.997934773942367
6009,2020-05-10,0.007351090610336453,0.9926489093896635
6010,2020-05-10,0.008083393683788187,0.9919166063162118
6011,2020-05-10,0.004182916514473112,0.9958170834855269
6012,2020-05-10,0.018693098186317814,0.9813069018136822
6013,2020-05-10,0.026904050219821563,0.9730959497801784
6014,2020-05-10,0.011749442344397787,0.9882505576556022
6015,2020-05-10,0.006849215589389002,0.993150784410611
6016,2020-05-10,0.013198206877240493,0.9868017931227595
6017,2020-05-10,0.004976244227923754,0.9950237557720762
6018,2020-05-10,0.0056394163497207606,0.9943605836502792
6019,2020-05-10,0.004192525234018696,0.9958074747659813
6020,2020-05-10,0.03455897057603985,0.9654410294239602
6021,2020-05-10,0.00864833747118321,0.9913516625288168
6022,2020-05-10,0.011687360339621256,0.9883126396603787
6023,2020-05-10,0.015029419953603518,0.9849705800463965
6024,2020-05-10,0.024125558110491885,0.9758744418895081
6025,2020-05-10,0.007056213745834539,0.9929437862541655
6026,2020-05-10,0.03190651486451768,0.9680934851354823
6027,2020-05-10,0.02429340850914874,0.9757065914908513
6028,2020-05-10,0.022103350616083373,0.9778966493839166
6029,2020-05-10,0.004579354931111168,0.9954206450688888
6030,2020-05-10,0.02672589612068954,0.9732741038793105
6031,2020-05-10,0.001978091813717997,0.998021908186282
6032,2020-05-10,0.013046548621808873,0.9869534513781911
6033,2020-05-10,0.03206967187702603,0.967930328122974
6034,2020-05-10,0.06980818926690335,0.9301918107330966
6035,2020-05-10,0.003708735405223651,0.9962912645947763
6036,2020-05-10,0.0011175368529040552,0.998882463147096
6037,2020-05-10,0.02345496205921671,0.9765450379407833
6038,2020-05-10,0.029526781273344627,0.9704732187266554
6039,2020-05-10,0.005510113519958226,0.9944898864800418
6040,2020-05-10,0.0220662639145367,0.9779337360854633
6041,2020-05-10,0.006638258776110351,0.9933617412238896
6042,2020-05-10,0.006082696253003617,0.9939173037469964
6043,2020-05-10,0.035128891977247,0.964871108022753
6044,2020-05-10,0.002817004344075058,0.9971829956559249
6045,2020-05-10,0.003700953204506696,0.9962990467954933
6046,2020-05-10,0.01619733926461331,0.9838026607353867
6047,2020-05-10,0.026890429286295703,0.9731095707137043
6048,2020-05-10,0.009805797587467802,0.9901942024125322
6049,2020-05-10,0.014351832969505374,0.9856481670304946
6050,2020-05-10,0.021114718766429785,0.9788852812335702
6052,2020-05-10,0.006478403086991769,0.9935215969130082
6053,2020-05-10,0.014029130724114935,0.9859708692758851
6054,2020-05-10,0.00232838017527226,0.9976716198247277
6055,2020-05-10,0.025970142286558917,0.9740298577134411
6056,2020-05-10,0.004055622759849831,0.9959443772401502
6057,2020-05-10,0.01112713340894389,0.9888728665910561
6059,2020-05-10,0.007891489949195196,0.9921085100508048
6060,2020-05-10,0.0041252331901519,0.9958747668098481
6061,2020-05-10,0.011621610001389504,0.9883783899986105
6062,2020-05-10,0.03934881840604698,0.960651181593953
6063,2020-05-10,0.010666180930463898,0.9893338190695361
6064,2020-05-10,0.029571173871073442,0.9704288261289266
6065,2020-05-10,0.005801521944571286,0.9941984780554287
6066,2020-05-10,0.06262787335510656,0.9373721266448934
6067,2020-05-10,0.03322298900335996,0.96677701099664
6068,2020-05-10,0.0022995541855035384,0.9977004458144965
6069,2020-05-10,0.008067360404607649,0.9919326395953924
6070,2020-05-10,0.014138951215762696,0.9858610487842373
6071,2020-05-10,0.013809281074602553,0.9861907189253974
6072,2020-05-10,0.015369913259588919,0.9846300867404111
6073,2020-05-10,0.010123314869662225,0.9898766851303378
6074,2020-05-10,0.023680160455348043,0.976319839544652
6075,2020-05-10,0.012548130166914584,0.9874518698330854
6076,2020-05-10,0.013496631218233746,0.9865033687817663
6077,2020-05-10,0.038212295511947714,0.9617877044880523
6078,2020-05-10,0.006413622896219717,0.9935863771037803
6079,2020-05-10,0.008577026291202383,0.9914229737087976
6080,2020-05-10,0.016229533488774206,0.9837704665112258
6081,2020-05-10,0.028096443740677546,0.9719035562593225
6082,2020-05-10,0.007901177018409755,0.9920988229815902
6083,2020-05-10,0.0033666408464297914,0.9966333591535702
6084,2020-05-10,0.0091817982347695,0.9908182017652305
6085,2020-05-10,0.006463786207083322,0.9935362137929167
6086,2020-05-10,0.004594327822827204,0.9954056721771728
6087,2020-05-10,0.0025620288269988523,0.9974379711730011
6088,2020-05-10,0.010163998740517655,0.9898360012594823
6089,2020-05-10,0.019451863567559458,0.9805481364324405
6090,2020-05-10,0.0030667217001831837,0.9969332782998168
6092,2020-05-10,0.0120715600694703,0.9879284399305297
6093,2020-05-10,0.025678571844950815,0.9743214281550492
6094,2020-05-10,0.017162711771378514,0.9828372882286215
6095,2020-05-10,0.03410335183902624,0.9658966481609738
6096,2020-05-10,0.007424542373054899,0.9925754576269451
6097,2020-05-10,0.0029970568467814207,0.9970029431532186
6098,2020-05-10,0.011187473776801515,0.9888125262231985
6099,2020-05-10,0.013553323447024201,0.9864466765529758
6100,2020-05-10,0.03080198424726177,0.9691980157527382
6103,2020-05-10,0.017639630393435635,0.9823603696065644
6104,2020-05-10,0.046973158440833274,0.9530268415591667
6105,2020-05-10,0.06358096068387709,0.9364190393161229
6106,2020-05-10,0.017586610220759247,0.9824133897792408
6107,2020-05-10,0.01063047557049246,0.9893695244295075
6108,2020-05-10,0.016369189380284754,0.9836308106197152
6109,2020-05-10,0.11174216836535977,0.8882578316346402
6110,2020-05-10,0.002082845937886879,0.9979171540621131
6111,2020-05-10,0.032698748227604546,0.9673012517723955
6112,2020-05-10,0.0034005773010671314,0.9965994226989329
6113,2020-05-10,0.007738229846193545,0.9922617701538065
6114,2020-05-10,0.07864247991818618,0.9213575200818138
6115,2020-05-10,0.048610577242900965,0.951389422757099
6116,2020-05-10,0.0021792172966530465,0.997820782703347
6117,2020-05-10,0.02588073448587258,0.9741192655141274
6118,2020-05-10,0.017870081744738142,0.9821299182552619
6119,2020-05-10,0.0066244322827602176,0.9933755677172398
6120,2020-05-10,0.018286851339576193,0.9817131486604238
6121,2020-05-10,0.004888376258517568,0.9951116237414824
6122,2020-05-10,0.0025365844703924,0.9974634155296076
6123,2020-05-10,0.04029903429123016,0.9597009657087698
6124,2020-05-10,0.011640843937611445,0.9883591560623886
6125,2020-05-10,0.0032344109825321876,0.9967655890174678
6126,2020-05-10,0.007415059451496675,0.9925849405485033
6127,2020-05-10,0.01440724899531065,0.9855927510046893
6128,2020-05-10,0.024331756863299248,0.9756682431367008
6129,2020-05-10,0.036258889375351266,0.9637411106246487
6130,2020-05-10,0.08097149995471309,0.9190285000452869
6131,2020-05-10,0.007008088137390067,0.9929919118626099
6132,2020-05-10,0.008865446452990144,0.9911345535470099
6133,2020-05-10,0.009919771942751288,0.9900802280572487
6134,2020-05-10,0.00774413342898872,0.9922558665710113
6135,2020-05-10,0.02720782117191145,0.9727921788280885
6136,2020-05-10,0.009549131230018215,0.9904508687699818
6138,2020-05-10,0.02668293263506083,0.9733170673649392
6139,2020-05-10,0.0321325057157652,0.9678674942842348
6140,2020-05-10,0.007867750474883528,0.9921322495251165
6141,2020-05-10,0.022109518048946786,0.9778904819510532
6144,2020-05-10,0.007611276398536981,0.992388723601463
6146,2020-05-10,0.0071820398741396785,0.9928179601258603
6147,2020-05-10,0.022998191532293655,0.9770018084677063
6148,2020-05-10,0.004658644598649397,0.9953413554013506
6149,2020-05-10,0.09489738742140585,0.9051026125785941
6150,2020-05-10,0.013127823545952322,0.9868721764540477
6151,2020-05-10,0.004529798732708534,0.9954702012672915
6152,2020-05-10,0.01447408392177807,0.9855259160782219
6153,2020-05-10,0.009503899706726493,0.9904961002932735
6154,2020-05-10,0.045402552621381265,0.9545974473786187
6155,2020-05-10,0.04053116231980258,0.9594688376801974
6156,2020-05-10,0.03396890387281559,0.9660310961271844
6157,2020-05-10,0.04477331818677566,0.9552266818132243
6159,2020-05-10,0.01867664761219945,0.9813233523878006
6160,2020-05-10,0.02452782374270135,0.9754721762572987
6161,2020-05-10,0.0025179976992167896,0.9974820023007832
6162,2020-05-10,0.028551147600376692,0.9714488523996233
6163,2020-05-10,0.021784461112586695,0.9782155388874133
6164,2020-05-10,0.00917049325424868,0.9908295067457513
6165,2020-05-10,0.04275141552445394,0.9572485844755461
6166,2020-05-10,0.02073280947667544,0.9792671905233246
6167,2020-05-10,0.020287745572537097,0.9797122544274629
6168,2020-05-10,0.01007382438674398,0.989926175613256
6169,2020-05-10,0.003243429808599263,0.9967565701914007
6170,2020-05-10,0.012840902772485396,0.9871590972275146
6171,2020-05-10,0.0547595813271442,0.9452404186728558
6172,2020-05-10,0.0382809962696663,0.9617190037303337
6173,2020-05-10,0.031081061544462996,0.968918938455537
6174,2020-05-10,0.009317387782382114,0.9906826122176179
6175,2020-05-10,0.02416107065528672,0.9758389293447133
6176,2020-05-10,0.03147629492168258,0.9685237050783174
6177,2020-05-10,0.007816940882946155,0.9921830591170538
6178,2020-05-10,0.009703357962789871,0.9902966420372101
6179,2020-05-10,0.006418683945206727,0.9935813160547933
6180,2020-05-10,0.05084815455458547,0.9491518454454145
6181,2020-05-10,0.006135548020052339,0.9938644519799477
6182,2020-05-10,0.009043510773466101,0.9909564892265339
6184,2020-05-10,0.03330598872060797,0.966694011279392
6186,2020-05-10,0.02068480438723108,0.9793151956127689
6187,2020-05-10,0.10226563938208422,0.8977343606179158
6188,2020-05-10,0.04066984464828394,0.9593301553517161
6189,2020-05-10,0.014357775379660098,0.9856422246203399
6191,2020-05-10,0.004160053058852364,0.9958399469411476
6192,2020-05-10,0.008116284122470452,0.9918837158775295
6193,2020-05-10,0.005530565329964765,0.9944694346700352
6194,2020-05-10,0.18667647901933593,0.8133235209806641
6195,2020-05-10,0.13793822676904277,0.8620617732309572
6196,2020-05-10,0.0024758317706203847,0.9975241682293796
6197,2020-05-10,0.008579597064755196,0.9914204029352448
6198,2020-05-10,0.07428382449249038,0.9257161755075096
6199,2020-05-10,0.00975061358055318,0.9902493864194468
6200,2020-05-10,0.016916722770936476,0.9830832772290635
6201,2020-05-10,0.02469003545959947,0.9753099645404005
6203,2020-05-10,0.009169864278149475,0.9908301357218505
6204,2020-05-10,0.019299491223211618,0.9807005087767884
6205,2020-05-10,0.01865990567539466,0.9813400943246053
6206,2020-05-10,0.032194384151929545,0.9678056158480705
6207,2020-05-10,0.02673030117217079,0.9732696988278292
6208,2020-05-10,0.001179467723242289,0.9988205322767577
6209,2020-05-10,0.02498218020654741,0.9750178197934526
6210,2020-05-10,0.015802171224522432,0.9841978287754776
6211,2020-05-10,0.012421600135194222,0.9875783998648058
6212,2020-05-10,0.046981103904947585,0.9530188960950524
6213,2020-05-10,0.029121029789837216,0.9708789702101628
6215,2020-05-10,0.007831592062625736,0.9921684079373743
6216,2020-05-10,0.0038724121995640237,0.996127587800436
6217,2020-05-10,0.015426829612866788,0.9845731703871332
6218,2020-05-10,0.02568719890043203,0.974312801099568
6220,2020-05-10,0.02406773978190735,0.9759322602180927
6221,2020-05-10,0.011840285985470489,0.9881597140145295
6222,2020-05-10,0.015786131208784138,0.9842138687912159
6223,2020-05-10,0.001799309437690022,0.99820069056231
6224,2020-05-10,0.002386714188024719,0.9976132858119753
6225,2020-05-10,0.019997930368422567,0.9800020696315774
6226,2020-05-10,0.030198238174519054,0.969801761825481
6227,2020-05-10,0.012730777855721409,0.9872692221442786
6228,2020-05-10,0.08508330171548506,0.9149166982845149
6229,2020-05-10,0.04609184164113955,0.9539081583588604
6231,2020-05-10,0.012356572810465094,0.9876434271895349
6232,2020-05-10,0.02671808639865314,0.9732819136013469
6233,2020-05-10,0.007592939183072356,0.9924070608169276
6234,2020-05-10,0.03329943844883909,0.9667005615511609
6235,2020-05-10,0.02961545601996418,0.9703845439800358
6236,2020-05-10,0.012118818911977525,0.9878811810880225
6237,2020-05-10,0.012550792967281343,0.9874492070327187
6238,2020-05-10,0.013892134805583156,0.9861078651944168
6239,2020-05-10,0.0195206797981341,0.9804793202018659
6240,2020-05-10,0.016894655279387605,0.9831053447206124
6241,2020-05-10,0.08144878212464668,0.9185512178753533
6243,2020-05-10,0.034685995241886425,0.9653140047581136
6244,2020-05-10,0.01252506416178445,0.9874749358382156
6245,2020-05-10,0.01848526328352995,0.98151473671647
6246,2020-05-10,0.04462705273611112,0.9553729472638889
6247,2020-05-10,0.0041179857693657285,0.9958820142306343
6248,2020-05-10,0.007398995633793315,0.9926010043662067
6249,2020-05-10,0.054210114076112315,0.9457898859238877
6250,2020-05-10,0.03411611978040352,0.9658838802195965
6251,2020-05-10,0.009311020686707971,0.990688979313292
6252,2020-05-10,0.011269537293309262,0.9887304627066907
6253,2020-05-10,0.010552172284903238,0.9894478277150968
6254,2020-05-10,0.04516676650817908,0.9548332334918209
6255,2020-05-10,0.007795979162185995,0.992204020837814
6256,2020-05-10,0.024586146929837183,0.9754138530701628
6257,2020-05-10,0.003083876250370099,0.9969161237496299
6258,2020-05-10,0.007868111488042562,0.9921318885119574
6259,2020-05-10,0.02289466948802088,0.9771053305119791
6260,2020-05-10,0.0072502708159059015,0.9927497291840941
6261,2020-05-10,0.04241693022929671,0.9575830697707033
6262,2020-05-10,0.0031629690452549264,0.9968370309547451
6263,2020-05-10,0.005877722382138462,0.9941222776178615
6264,2020-05-10,0.003636299303788615,0.9963637006962114
6266,2020-05-10,0.06048896756952071,0.9395110324304793
6267,2020-05-10,0.011614925811769483,0.9883850741882305
6268,2020-05-10,0.023878317296861185,0.9761216827031388
6269,2020-05-10,0.027252177089358898,0.9727478229106411
6270,2020-05-10,0.003912302444774696,0.9960876975552253
6271,2020-05-10,0.00541846955642189,0.9945815304435781
6272,2020-05-10,0.010239528066720016,0.98976047193328
6273,2020-05-10,0.06114773616848357,0.9388522638315164
6274,2020-05-10,0.020038806440391133,0.9799611935596089
6276,2020-05-10,0.011986939998394619,0.9880130600016054
6278,2020-05-10,0.011805958364067282,0.9881940416359327
6279,2020-05-10,0.03250454752345111,0.9674954524765489
6281,2020-05-10,0.010976229826030859,0.9890237701739691
6282,2020-05-10,0.0040391555076570995,0.9959608444923429
6283,2020-05-10,0.004433752449690687,0.9955662475503093
6284,2020-05-10,0.016839056455896673,0.9831609435441033
6285,2020-05-10,0.006094037866849145,0.9939059621331509
6286,2020-05-10,0.017283933753581504,0.9827160662464185
6287,2020-05-10,0.013486101052100241,0.9865138989478998
6288,2020-05-10,0.02603964407328707,0.9739603559267129
6289,2020-05-10,0.00995140828586305,0.990048591714137
6290,2020-05-10,0.013608313818256668,0.9863916861817433
6292,2020-05-10,0.025762588890392624,0.9742374111096074
6294,2020-05-10,0.023491089340684,0.976508910659316
6295,2020-05-10,0.030173358791147242,0.9698266412088528
6296,2020-05-10,0.018594914567823362,0.9814050854321766
6297,2020-05-10,0.010957062140779072,0.9890429378592209
6298,2020-05-10,0.0183651519824668,0.9816348480175332
6299,2020-05-10,0.02322198820445598,0.976778011795544
6300,2020-05-10,0.05559354792356208,0.9444064520764379
6301,2020-05-10,0.00811796551847832,0.9918820344815217
6302,2020-05-10,0.004434491664874751,0.9955655083351252
6303,2020-05-10,0.02191251526887883,0.9780874847311212
6304,2020-05-10,0.027591767800165146,0.9724082321998349
6305,2020-05-10,0.008002188364641727,0.9919978116353583
6306,2020-05-10,0.03735456264630321,0.9626454373536968
6308,2020-05-10,0.009168170903117279,0.9908318290968827
6309,2020-05-10,0.028202749377477465,0.9717972506225225
6310,2020-05-10,0.03483984710853627,0.9651601528914637
6311,2020-05-10,0.03342960011180329,0.9665703998881967
6312,2020-05-10,0.0014277042338264323,0.9985722957661736
6313,2020-05-10,0.008164904375887794,0.9918350956241122
6314,2020-05-10,0.02084433829029464,0.9791556617097054
6315,2020-05-10,0.027816243485548453,0.9721837565144515
6316,2020-05-10,0.017722265667919124,0.9822777343320809
6317,2020-05-10,0.00267656151874629,0.9973234384812537
6318,2020-05-10,0.002406809277739508,0.9975931907222605
6319,2020-05-10,0.01442745582275018,0.9855725441772498
6320,2020-05-10,0.01807949146695864,0.9819205085330414
6321,2020-05-10,0.051373374086199575,0.9486266259138004
6323,2020-05-10,0.026721212896902324,0.9732787871030977
6324,2020-05-10,0.015196725890407325,0.9848032741095927
6326,2020-05-10,0.0013704747694581743,0.9986295252305418
6327,2020-05-10,0.028694428554793983,0.971305571445206
6328,2020-05-10,0.048786861187986585,0.9512131388120134
6329,2020-05-10,0.01932249978060374,0.9806775002193963
6330,2020-05-10,0.055966224743632775,0.9440337752563672
6331,2020-05-10,0.017959833989502405,0.9820401660104976
6332,2020-05-10,0.028296445158707106,0.9717035548412929
6333,2020-05-10,0.0063401543291661255,0.9936598456708339
6334,2020-05-10,0.020132771064733213,0.9798672289352668
6336,2020-05-10,0.01971685652224331,0.9802831434777567
6337,2020-05-10,0.011768212240467646,0.9882317877595324
6338,2020-05-10,0.010072974259408785,0.9899270257405912
6339,2020-05-10,0.0074831508576719274,0.9925168491423281
6340,2020-05-10,0.002717635772485294,0.9972823642275147
6341,2020-05-10,0.01999042935552975,0.9800095706444703
6342,2020-05-10,0.0010216585265736544,0.9989783414734263
6343,2020-05-10,0.027068042754004096,0.9729319572459959
6344,2020-05-10,0.011779629673023706,0.9882203703269763
6345,2020-05-10,0.004856138599381499,0.9951438614006185
6347,2020-05-10,0.0029708702677528898,0.9970291297322471
6348,2020-05-10,0.01307181361659393,0.9869281863834061
6350,2020-05-10,0.01731249203334506,0.9826875079666549
6351,2020-05-10,0.008740058706467102,0.9912599412935329
6352,2020-05-10,0.022379772022443678,0.9776202279775563
6353,2020-05-10,0.013101412083031061,0.9868985879169689
6354,2020-05-10,0.003978461474354988,0.996021538525645
6355,2020-05-10,0.010940584453623448,0.9890594155463766
6356,2020-05-10,0.013863209523479303,0.9861367904765207
6357,2020-05-10,0.01110929297975971,0.9888907070202403
6358,2020-05-10,0.015126120387878417,0.9848738796121216
6360,2020-05-10,0.007995402285732367,0.9920045977142676
6361,2020-05-10,0.0071076828116450885,0.9928923171883549
6362,2020-05-10,0.014524183205987473,0.9854758167940125
6363,2020-05-10,0.006522795564183115,0.9934772044358169
6364,2020-05-10,0.017766264578548685,0.9822337354214513
6365,2020-05-10,0.006603402571806027,0.993396597428194
6366,2020-05-10,0.011393510396219386,0.9886064896037806
6367,2020-05-10,0.010270384318694648,0.9897296156813054
6368,2020-05-10,0.00533655267439781,0.9946634473256022
6369,2020-05-10,0.05938303922616206,0.9406169607738379
6370,2020-05-10,0.018903603177177764,0.9810963968228222
6371,2020-05-10,0.0160454485006023,0.9839545514993977
6372,2020-05-10,0.012575860681399376,0.9874241393186006
6373,2020-05-10,0.006948873365996033,0.993051126634004
6374,2020-05-10,0.010490666559111017,0.989509333440889
6375,2020-05-10,0.00690180838533605,0.993098191614664
6376,2020-05-10,0.0885026048001839,0.9114973951998161
6377,2020-05-10,0.04108745816439241,0.9589125418356076
6379,2020-05-10,0.025853881479936835,0.9741461185200632
6380,2020-05-10,0.02624248801435136,0.9737575119856486
6381,2020-05-10,0.027115539562166613,0.9728844604378334
6383,2020-05-10,0.007654056921985175,0.9923459430780148
6384,2020-05-10,0.03297569183963156,0.9670243081603684
6385,2020-05-10,0.016755322003898843,0.9832446779961012
6387,2020-05-10,0.04528724201681544,0.9547127579831846
6388,2020-05-10,0.006054179164243667,0.9939458208357563
6389,2020-05-10,0.01443640075148811,0.9855635992485119
6390,2020-05-10,0.007855964662383919,0.9921440353376161
6391,2020-05-10,0.029795817614873488,0.9702041823851265
6392,2020-05-10,0.01676447474519205,0.983235525254808
6393,2020-05-10,0.005737655445462564,0.9942623445545374
6394,2020-05-10,0.059189485438513545,0.9408105145614865
6396,2020-05-10,0.0032697516685186168,0.9967302483314814
6397,2020-05-10,0.03986692053300145,0.9601330794669986
6398,2020-05-10,0.002033036709037206,0.9979669632909628
6399,2020-05-10,0.04511971394914882,0.9548802860508512
6400,2020-05-10,0.09700134483848599,0.902998655161514
6401,2020-05-10,0.002063733709326665,0.9979362662906733
6402,2020-05-10,0.08146639068531414,0.9185336093146859
6403,2020-05-10,0.0010457722528628421,0.9989542277471372
6404,2020-05-10,0.007782625513986341,0.9922173744860137
6405,2020-05-10,0.006442408696914703,0.9935575913030853
6406,2020-05-10,0.008975315700780806,0.9910246842992192
6407,2020-05-10,0.018234181466478483,0.9817658185335215
6408,2020-05-10,0.010557842460538702,0.9894421575394613
6409,2020-05-10,0.007781079558083603,0.9922189204419164
6410,2020-05-10,0.020858783916883006,0.979141216083117
6411,2020-05-10,0.00434250457594354,0.9956574954240565
6412,2020-05-10,0.0164630601958069,0.9835369398041931
6413,2020-05-10,0.007228958996844725,0.9927710410031553
6414,2020-05-10,0.01334302914806862,0.9866569708519314
6415,2020-05-10,0.007161934650734558,0.9928380653492654
6416,2020-05-10,0.037587364855383276,0.9624126351446167
6417,2020-05-10,0.04142395083421824,0.9585760491657818
6418,2020-05-10,0.035366900437136195,0.9646330995628638
6419,2020-05-10,0.007382742255567454,0.9926172577444325
6420,2020-05-10,0.020898166917468264,0.9791018330825317
6421,2020-05-10,0.013472245833128671,0.9865277541668713
6422,2020-05-10,0.011453279872731592,0.9885467201272684
6423,2020-05-10,0.027905665120987244,0.9720943348790128
6424,2020-05-10,0.0034498819951209736,0.996550118004879
6426,2020-05-10,0.04142137102000398,0.958578628979996
6427,2020-05-10,0.004643280716174036,0.995356719283826
6429,2020-05-10,0.034074111298952214,0.9659258887010478
6430,2020-05-10,0.062317609749260594,0.9376823902507394
6431,2020-05-10,0.008206678712416204,0.9917933212875838
6432,2020-05-10,0.11258816334261401,0.887411836657386
6433,2020-05-10,0.014076910763978656,0.9859230892360213
6434,2020-05-10,0.07718826649323118,0.9228117335067688
6435,2020-05-10,0.009114404219567107,0.9908855957804329
6436,2020-05-10,0.015056578731974968,0.984943421268025
6438,2020-05-10,0.011988894726546517,0.9880111052734535
6439,2020-05-10,0.012666550224304851,0.9873334497756951
6440,2020-05-10,0.028775240945836833,0.9712247590541632
6441,2020-05-10,0.004927130549019165,0.9950728694509808
6442,2020-05-10,0.02569737165508401,0.974302628344916
6443,2020-05-10,0.007812428652057446,0.9921875713479426
6445,2020-05-10,0.02195592412402525,0.9780440758759747
6446,2020-05-10,0.005488690838286847,0.9945113091617132
6447,2020-05-10,0.008874290967881171,0.9911257090321188
6448,2020-05-10,0.013400528959015667,0.9865994710409843
6449,2020-05-10,0.022205540137424262,0.9777944598625757
6450,2020-05-10,0.0006763094062818276,0.9993236905937182
6451,2020-05-10,0.008464078905923378,0.9915359210940766
6452,2020-05-10,0.01605648672431692,0.9839435132756831
6454,2020-05-10,0.052732404835461044,0.947267595164539
6455,2020-05-10,0.013513419923515513,0.9864865800764845
6456,2020-05-10,0.03950226891886399,0.960497731081136
6457,2020-05-10,0.05869732642701042,0.9413026735729896
6458,2020-05-10,0.06088290430220589,0.9391170956977941
6459,2020-05-10,0.008455410998934654,0.9915445890010653
6460,2020-05-10,0.04886912279539579,0.9511308772046042
6462,2020-05-10,0.01668592951695802,0.983314070483042
6464,2020-05-10,0.0015534931053353684,0.9984465068946646
6465,2020-05-10,0.021744329970957432,0.9782556700290426
6467,2020-05-10,0.0056731167775305735,0.9943268832224694
6468,2020-05-10,0.021926550253053678,0.9780734497469463
6469,2020-05-10,0.052187022496334,0.947812977503666
6470,2020-05-10,0.008326399582128108,0.9916736004178719
6471,2020-05-10,0.0014763056086928295,0.9985236943913072
6473,2020-05-10,0.01721653369581677,0.9827834663041832
6474,2020-05-10,0.040277648380044995,0.959722351619955
6475,2020-05-10,0.03914733827001615,0.9608526617299838
6476,2020-05-10,0.03508472370472204,0.964915276295278
6477,2020-05-10,0.001781567873290646,0.9982184321267094
6478,2020-05-10,0.01549381793504423,0.9845061820649558
6479,2020-05-10,0.010438290734442579,0.9895617092655574
6480,2020-05-10,0.01045751214012125,0.9895424878598787
6481,2020-05-10,0.010160692123255544,0.9898393078767445
6482,2020-05-10,0.007727677492789575,0.9922723225072104
6483,2020-05-10,0.013972676732352363,0.9860273232676476
6484,2020-05-10,0.01219812163696965,0.9878018783630304
6485,2020-05-10,0.027700857514128097,0.9722991424858719
6486,2020-05-10,0.06440264944332286,0.9355973505566771
6487,2020-05-10,0.03460307136486751,0.9653969286351325
6488,2020-05-10,0.01631219396309258,0.9836878060369074
6490,2020-05-10,0.01027363614426724,0.9897263638557328
6491,2020-05-10,0.01448554860363338,0.9855144513963666
6492,2020-05-10,0.05494981791895237,0.9450501820810476
6493,2020-05-10,0.019207977521612296,0.9807920224783877
6494,2020-05-10,0.009459077617152034,0.990540922382848
6495,2020-05-10,0.01020481159867137,0.9897951884013286
6496,2020-05-10,0.008918748200919313,0.9910812517990807
6497,2020-05-10,0.005309735798448956,0.994690264201551
6498,2020-05-10,0.009443319277800066,0.9905566807221999
6499,2020-05-10,0.012317772830263807,0.9876822271697362
6500,2020-05-10,0.037419696998411744,0.9625803030015883
6501,2020-05-10,0.019049065453811465,0.9809509345461885
6502,2020-05-10,0.020591294703337537,0.9794087052966625
6503,2020-05-10,0.0036615881959488616,0.9963384118040511
6504,2020-05-10,0.0389208881112868,0.9610791118887132
6505,2020-05-10,0.015581132894106786,0.9844188671058932
6506,2020-05-10,0.022471763626376373,0.9775282363736236
6507,2020-05-10,0.007377722313510526,0.9926222776864895
6509,2020-05-10,0.04555390249405211,0.9544460975059479
6511,2020-05-10,0.022966205122048056,0.9770337948779519
6513,2020-05-10,0.008293064763629343,0.9917069352363707
6514,2020-05-10,0.010944602524988523,0.9890553974750115
6515,2020-05-10,0.005288408875310235,0.9947115911246898
6517,2020-05-10,0.013456743328871923,0.9865432566711281
6518,2020-05-10,0.016080321168105982,0.983919678831894
6519,2020-05-10,0.014498726252475613,0.9855012737475244
6520,2020-05-10,0.022462389130723737,0.9775376108692763
6521,2020-05-10,0.0042439320073633935,0.9957560679926366
6522,2020-05-10,0.012713656985294475,0.9872863430147055
6524,2020-05-10,0.028835870501646377,0.9711641294983536
6525,2020-05-10,0.04301883266545392,0.9569811673345461
6526,2020-05-10,0.023357377650086497,0.9766426223499135
6527,2020-05-10,0.019098717975902346,0.9809012820240977
6528,2020-05-10,0.005667179122716193,0.9943328208772838
6529,2020-05-10,0.006186509300612819,0.9938134906993872
6532,2020-05-10,0.03221750274389723,0.9677824972561028
6533,2020-05-10,0.07206017518206154,0.9279398248179385
6534,2020-05-10,0.01126413630021772,0.9887358636997823
6535,2020-05-10,0.001393594416478794,0.9986064055835212
6536,2020-05-10,0.02643647922425496,0.973563520775745
6537,2020-05-10,0.004087401252285905,0.9959125987477141
6538,2020-05-10,0.0012282204751354886,0.9987717795248645
6539,2020-05-10,0.00880135782296132,0.9911986421770387
6541,2020-05-10,0.05947782467175722,0.9405221753282428
6542,2020-05-10,0.010771466547434771,0.9892285334525652
6544,2020-05-10,0.03905044878336428,0.9609495512166357
6545,2020-05-10,0.013738577580216127,0.9862614224197839
6546,2020-05-10,0.016416769495880446,0.9835832305041196
6547,2020-05-10,0.020382036987493413,0.9796179630125066
6548,2020-05-10,0.00757135397907982,0.9924286460209202
6549,2020-05-10,0.01661343740370569,0.9833865625962943
6550,2020-05-10,0.0557218221518605,0.9442781778481395
6551,2020-05-10,0.020993516196949558,0.9790064838030504
6552,2020-05-10,0.01007400917714285,0.9899259908228571
6553,2020-05-10,0.012802638919132359,0.9871973610808676
6554,2020-05-10,0.008922866323740952,0.991077133676259
6555,2020-05-10,0.0022381703878752157,0.9977618296121248
6556,2020-05-10,0.005539375126700663,0.9944606248732993
6557,2020-05-10,0.007719709860757318,0.9922802901392427
6560,2020-05-10,0.007967338093784138,0.9920326619062159
6561,2020-05-10,0.021025967687756553,0.9789740323122434
6562,2020-05-10,0.014066353463374481,0.9859336465366255
6564,2020-05-10,0.006943624644086488,0.9930563753559135
6565,2020-05-10,0.028431287663750582,0.9715687123362494
6566,2020-05-10,0.012317334605079555,0.9876826653949204
6567,2020-05-10,0.015715413288723723,0.9842845867112763
6568,2020-05-10,0.0034414014833968887,0.9965585985166031
6569,2020-05-10,0.014305861173797951,0.985694138826202
6570,2020-05-10,0.01150701900611717,0.9884929809938828
6571,2020-05-10,0.01303907657905612,0.9869609234209439
6572,2020-05-10,0.011862339304697267,0.9881376606953027
6573,2020-05-10,0.016781271949896093,0.9832187280501039
6574,2020-05-10,0.04488671191180915,0.9551132880881908
6575,2020-05-10,0.04580019158989679,0.9541998084101032
6576,2020-05-10,0.013806168385225748,0.9861938316147743
6577,2020-05-10,0.01568473473644061,0.9843152652635594
6578,2020-05-10,0.014988059455593894,0.9850119405444061
6579,2020-05-10,0.02518402647402529,0.9748159735259747
6580,2020-05-10,0.017746033660907434,0.9822539663390926
6581,2020-05-10,0.012455398562958964,0.987544601437041
6582,2020-05-10,0.02854075073953133,0.9714592492604687
6583,2020-05-10,0.006154318090833555,0.9938456819091664
6584,2020-05-10,0.031966838792147345,0.9680331612078527
6585,2020-05-10,0.0072840617508714844,0.9927159382491285
6586,2020-05-10,0.009167542532299344,0.9908324574677007
6587,2020-05-10,0.09698918118057498,0.903010818819425
6588,2020-05-10,0.012259404771022608,0.9877405952289774
6589,2020-05-10,0.05664440610058474,0.9433555938994153
6590,2020-05-10,0.004796505260929562,0.9952034947390704
6591,2020-05-10,0.021591706320746917,0.9784082936792531
6592,2020-05-10,0.003252440834346393,0.9967475591656536
6593,2020-05-10,0.01034219512207113,0.9896578048779289
6594,2020-05-10,0.0018153270080180084,0.998184672991982
6595,2020-05-10,0.01568879187009542,0.9843112081299046
6596,2020-05-10,0.008227850777072554,0.9917721492229274
6597,2020-05-10,0.012083388029906827,0.9879166119700932
6598,2020-05-10,0.06725833857218066,0.9327416614278193
6599,2020-05-10,0.016250061597583243,0.9837499384024168
6600,2020-05-10,0.057321606736952635,0.9426783932630474
6601,2020-05-10,0.018835425194827393,0.9811645748051726
6602,2020-05-10,0.008619546452133253,0.9913804535478667
6603,2020-05-10,0.004161652261235438,0.9958383477387646
6604,2020-05-10,0.0022846109922557423,0.9977153890077443
6605,2020-05-10,0.016332209067582037,0.983667790932418
6606,2020-05-10,0.006168229236895972,0.993831770763104
6607,2020-05-10,0.016727131510859694,0.9832728684891403
6608,2020-05-10,0.006933102897681898,0.9930668971023181
6609,2020-05-10,0.043711091062789476,0.9562889089372105
6610,2020-05-10,0.009896648705908784,0.9901033512940912
6611,2020-05-10,0.024905022717051195,0.9750949772829488
6612,2020-05-10,0.005279186273905778,0.9947208137260942
6613,2020-05-10,0.009918608835403742,0.9900813911645963
6614,2020-05-10,0.010173245899360306,0.9898267541006397
6615,2020-05-10,0.014795840677994887,0.9852041593220051
6616,2020-05-10,0.011104222106679051,0.988895777893321
6617,2020-05-10,0.03897801658485145,0.9610219834151486
6619,2020-05-10,0.04831246112893661,0.9516875388710634
6620,2020-05-10,0.0707377275970914,0.9292622724029086
6621,2020-05-10,0.02520067101704293,0.9747993289829571
6622,2020-05-10,0.007990723143012635,0.9920092768569874
6623,2020-05-10,0.011518999095235127,0.9884810009047649
6624,2020-05-10,0.0194594142168123,0.9805405857831877
6625,2020-05-10,0.023466680195800116,0.9765333198041999
6627,2020-05-10,0.0063551991665944385,0.9936448008334056
6628,2020-05-10,0.013294468749261767,0.9867055312507382
6629,2020-05-10,0.014733209852690887,0.9852667901473091
6630,2020-05-10,0.015689165974519637,0.9843108340254804
6631,2020-05-10,0.014959657100615864,0.9850403428993841
6632,2020-05-10,0.007449277723554637,0.9925507222764454
6633,2020-05-10,0.008422103966429173,0.9915778960335708
6635,2020-05-10,0.0312944120100197,0.9687055879899803
6636,2020-05-10,0.015891441333643508,0.9841085586663565
6637,2020-05-10,0.07756260030174411,0.9224373996982559
6638,2020-05-10,0.030724265747143598,0.9692757342528564
6639,2020-05-10,0.002611800244984086,0.9973881997550159
6641,2020-05-10,0.0111520385244821,0.9888479614755179
6642,2020-05-10,0.002851525280038514,0.9971484747199615
6643,2020-05-10,0.04558409463433766,0.9544159053656623
6644,2020-05-10,0.019324329150301245,0.9806756708496988
6645,2020-05-10,0.02147292408161572,0.9785270759183843
6646,2020-05-10,0.003849680996663274,0.9961503190033367
6647,2020-05-10,0.028332675982790878,0.9716673240172091
6648,2020-05-10,0.01525358787866371,0.9847464121213363
6649,2020-05-10,0.0018028091262705104,0.9981971908737295
6650,2020-05-10,0.0231954800344073,0.9768045199655927
6651,2020-05-10,0.0017093274584695228,0.9982906725415305
6652,2020-05-10,0.008492834618847311,0.9915071653811527
6653,2020-05-10,0.0048356846658400565,0.9951643153341599
6654,2020-05-10,0.022312798550122692,0.9776872014498773
6655,2020-05-10,0.002282442910201188,0.9977175570897988
6656,2020-05-10,0.02761239208483668,0.9723876079151633
6658,2020-05-10,0.011314657932338767,0.9886853420676612
6659,2020-05-10,0.01732574147138577,0.9826742585286142
6660,2020-05-10,0.003689763962275494,0.9963102360377245
6661,2020-05-10,0.01816879356607448,0.9818312064339255
6662,2020-05-10,0.004356551335387704,0.9956434486646123
6664,2020-05-10,0.06276194206012065,0.9372380579398794
6665,2020-05-10,0.011150301927109307,0.9888496980728907
6666,2020-05-10,0.022891292767147298,0.9771087072328527
6667,2020-05-10,0.04626844818567011,0.9537315518143299
6668,2020-05-10,0.04667431271683142,0.9533256872831686
6670,2020-05-10,0.00804126978985531,0.9919587302101447
6671,2020-05-10,0.014343511315069057,0.9856564886849309
6672,2020-05-10,0.019159614782597867,0.9808403852174021
6673,2020-05-10,0.010850661195941247,0.9891493388040588
6675,2020-05-10,0.013751913417853423,0.9862480865821466
6677,2020-05-10,0.0021179895724101616,0.9978820104275898
6678,2020-05-10,0.011465004065999485,0.9885349959340005
6679,2020-05-10,0.008182146603058271,0.9918178533969417
6680,2020-05-10,0.03717988325040733,0.9628201167495927
6681,2020-05-10,0.005436301050592118,0.9945636989494079
6682,2020-05-10,0.008238157795331214,0.9917618422046688
6683,2020-05-10,0.012183592170692092,0.9878164078293079
6684,2020-05-10,0.016254172820620028,0.98374582717938
6685,2020-05-10,0.02526401216495866,0.9747359878350413
6686,2020-05-10,0.003604017164095974,0.996395982835904
6687,2020-05-10,0.0216462577505957,0.9783537422494043
6688,2020-05-10,0.016869970862972594,0.9831300291370274
6689,2020-05-10,0.026667207531241632,0.9733327924687584
6690,2020-05-10,0.0023091759372493303,0.9976908240627507
6691,2020-05-10,0.011581243502491012,0.988418756497509
6692,2020-05-10,0.013313683057985304,0.9866863169420147
6693,2020-05-10,0.0018253970533779196,0.9981746029466221
6694,2020-05-10,0.003944773042966143,0.9960552269570339
6695,2020-05-10,0.021102495173279223,0.9788975048267208
6696,2020-05-10,0.053092711268713066,0.9469072887312869
6697,2020-05-10,0.011102397403812803,0.9888976025961872
6698,2020-05-10,0.0017272834145184435,0.9982727165854816
6699,2020-05-10,0.056474651489096916,0.9435253485109031
6700,2020-05-10,0.006447789770856138,0.9935522102291439
6701,2020-05-10,0.0034045429534054206,0.9965954570465946
6702,2020-05-10,0.05300903658361733,0.9469909634163827
6703,2020-05-10,0.009577690980680731,0.9904223090193193
6704,2020-05-10,0.015528220178869345,0.9844717798211307
6705,2020-05-10,0.007647526542774563,0.9923524734572254
6706,2020-05-10,0.016043893706002343,0.9839561062939977
6707,2020-05-10,0.003495393213357567,0.9965046067866424
6708,2020-05-10,0.05096532724803282,0.9490346727519672
6709,2020-05-10,0.0051014631089399964,0.99489853689106
6710,2020-05-10,0.03694436898937559,0.9630556310106244
6711,2020-05-10,0.009491083810583945,0.990508916189416
6712,2020-05-10,0.040560388155628124,0.9594396118443719
6713,2020-05-10,0.025526326043696757,0.9744736739563032
6714,2020-05-10,0.02212785050153454,0.9778721494984655
6715,2020-05-10,0.011083054600127706,0.9889169453998723
6716,2020-05-10,0.0047424761755753275,0.9952575238244247
6717,2020-05-10,0.005609378964919642,0.9943906210350804
6718,2020-05-10,0.002839750247508266,0.9971602497524917
6719,2020-05-10,0.023682520340706947,0.976317479659293
6720,2020-05-10,0.008517488216421176,0.9914825117835788
6721,2020-05-10,0.019766957451117895,0.9802330425488821
6722,2020-05-10,0.005089610063756189,0.9949103899362438
6723,2020-05-10,0.056621085543316796,0.9433789144566832
6724,2020-05-10,0.013608656200340574,0.9863913437996594
6725,2020-05-10,0.015562017965132013,0.984437982034868
6726,2020-05-10,0.023537309849734456,0.9764626901502655
6727,2020-05-10,0.018265311102568127,0.9817346888974319
6728,2020-05-10,0.04107958015826629,0.9589204198417337
6729,2020-05-10,0.007810265813359418,0.9921897341866406
6730,2020-05-10,0.04349702693270174,0.9565029730672983
6731,2020-05-10,0.05005247931029755,0.9499475206897025
6732,2020-05-10,0.09494916343366178,0.9050508365663382
6733,2020-05-10,0.024126086492678,0.975873913507322
6734,2020-05-10,0.03334498808364783,0.9666550119163522
6735,2020-05-10,0.011657792316920212,0.9883422076830798
6736,2020-05-10,0.011051783064060405,0.9889482169359396
6737,2020-05-10,0.009483613239136823,0.9905163867608632
6738,2020-05-10,0.0020931573407916293,0.9979068426592084
6739,2020-05-10,0.0041114536780765265,0.9958885463219235
6740,2020-05-10,0.02749099177609604,0.972509008223904
6741,2020-05-10,0.0009910537183286383,0.9990089462816714
6742,2020-05-10,0.010721838256582683,0.9892781617434173
6743,2020-05-10,0.0075920655141027416,0.9924079344858973
6744,2020-05-10,0.0026293555835054105,0.9973706444164946
6745,2020-05-10,0.030920116001153075,0.9690798839988469
6746,2020-05-10,0.009740736749146106,0.9902592632508539
6747,2020-05-10,0.007819803030477801,0.9921801969695222
6748,2020-05-10,0.018166468560741444,0.9818335314392586
6750,2020-05-10,0.03897931721506809,0.9610206827849319
6751,2020-05-10,0.041225234166220814,0.9587747658337792
6752,2020-05-10,0.010076016788171938,0.9899239832118281
6753,2020-05-10,0.008309090411799058,0.9916909095882009
6754,2020-05-10,0.009899833531881286,0.9901001664681187
6755,2020-05-10,0.0031322435631581103,0.9968677564368419
6756,2020-05-10,0.006045425126921966,0.993954574873078
6757,2020-05-10,0.014565580460783378,0.9854344195392166
6758,2020-05-10,0.008969322237982524,0.9910306777620175
6759,2020-05-10,0.11576537542303922,0.8842346245769608
6760,2020-05-10,0.004541549048394766,0.9954584509516052
6761,2020-05-10,0.00895192737139583,0.9910480726286042
6762,2020-05-10,0.011290306461935073,0.9887096935380649
6764,2020-05-10,0.0014244683926484258,0.9985755316073516
6765,2020-05-10,0.068112651213046,0.931887348786954
6766,2020-05-10,0.00357099413763573,0.9964290058623643
6767,2020-05-10,0.0569481976416214,0.9430518023583786
6768,2020-05-10,0.0231638732666527,0.9768361267333473
6770,2020-05-10,0.0071758288093964895,0.9928241711906035
6771,2020-05-10,0.017567286849945907,0.9824327131500541
6772,2020-05-10,0.00987285973741725,0.9901271402625828
6773,2020-05-10,0.016839001125383946,0.983160998874616
6774,2020-05-10,0.010907527737365363,0.9890924722626346
6775,2020-05-10,0.05278338400514304,0.947216615994857
6776,2020-05-10,0.026080417124416333,0.9739195828755837
6777,2020-05-10,0.017501062970954218,0.9824989370290458
6778,2020-05-10,0.0029844628522962546,0.9970155371477037
6779,2020-05-10,0.009120428593866636,0.9908795714061334
6780,2020-05-10,0.004821278401028972,0.995178721598971
6781,2020-05-10,0.0026581814137291992,0.9973418185862708
6782,2020-05-10,0.012913631327773123,0.9870863686722269
6783,2020-05-10,0.056628063057757805,0.9433719369422422
6784,2020-05-10,0.013104976391495105,0.9868950236085049
6785,2020-05-10,0.011687303707399121,0.9883126962926009
6786,2020-05-10,0.03689334438336134,0.9631066556166387
6787,2020-05-10,0.0058873611427334716,0.9941126388572665
6788,2020-05-10,0.012629163781974873,0.9873708362180251
6789,2020-05-10,0.03480974925971658,0.9651902507402834
6790,2020-05-10,0.01681096442290575,0.9831890355770943
6791,2020-05-10,0.010379487972970947,0.989620512027029
6792,2020-05-10,0.017352940833670893,0.9826470591663291
6793,2020-05-10,0.004539144650757998,0.995460855349242
6794,2020-05-10,0.013591366860317922,0.9864086331396821
6795,2020-05-10,0.008951558963352202,0.9910484410366478
6797,2020-05-10,0.051906752273552126,0.9480932477264479
6798,2020-05-10,0.052971097017494584,0.9470289029825054
6799,2020-05-10,0.009299027564433349,0.9907009724355667
6800,2020-05-10,0.009549395179670905,0.9904506048203291
6801,2020-05-10,0.004628337537399774,0.9953716624626002
6802,2020-05-10,0.005143635634716759,0.9948563643652832
6803,2020-05-10,0.008106398599373676,0.9918936014006263
6805,2020-05-10,0.004480633010111923,0.9955193669898881
6806,2020-05-10,0.010590825769180134,0.9894091742308199
6807,2020-05-10,0.010522377433505037,0.989477622566495
6808,2020-05-10,0.020951112009815698,0.9790488879901843
6809,2020-05-10,0.0033926737038063592,0.9966073262961936
6810,2020-05-10,0.022020560673386536,0.9779794393266135
6812,2020-05-10,0.023077119541113023,0.976922880458887
6813,2020-05-10,0.03936536426707249,0.9606346357329275
6815,2020-05-10,0.021052276110979484,0.9789477238890205
6816,2020-05-10,0.017851743643092277,0.9821482563569077
6817,2020-05-10,0.017854179265219483,0.9821458207347805
6818,2020-05-10,0.009094523435559942,0.9909054765644401
6819,2020-05-10,0.008553448176968237,0.9914465518230318
6820,2020-05-10,0.02598026969379208,0.9740197303062079
6821,2020-05-10,0.0040295914209095285,0.9959704085790905
6822,2020-05-10,0.008279449664328253,0.9917205503356717
6823,2020-05-10,0.05990483119069101,0.940095168809309
6825,2020-05-10,0.05448378812543242,0.9455162118745676
6826,2020-05-10,0.010525676852954247,0.9894743231470458
6827,2020-05-10,0.002420870453550883,0.9975791295464491
6828,2020-05-10,0.01974719088840049,0.9802528091115995
6829,2020-05-10,0.01269127766691358,0.9873087223330864
6830,2020-05-10,0.01276667953166366,0.9872333204683363
6831,2020-05-10,0.024842872336192867,0.9751571276638071
6832,2020-05-10,0.03958232458207944,0.9604176754179206
6833,2020-05-10,0.018112724924623902,0.9818872750753761
6835,2020-05-10,0.025469935093845764,0.9745300649061542
6836,2020-05-10,0.013164924241205411,0.9868350757587946
6837,2020-05-10,0.006842735829233448,0.9931572641707666
6838,2020-05-10,0.043114702190167886,0.9568852978098321
6839,2020-05-10,0.012265076808144593,0.9877349231918554
6840,2020-05-10,0.003314273521000999,0.996685726478999
6841,2020-05-10,0.006056349797584071,0.9939436502024159
6842,2020-05-10,0.017026670902665964,0.982973329097334
6843,2020-05-10,0.017715575520247828,0.9822844244797522
6845,2020-05-10,0.007382380003305267,0.9926176199966947
6846,2020-05-10,0.01680429547790463,0.9831957045220954
6847,2020-05-10,0.03465100598150006,0.9653489940184999
6848,2020-05-10,0.01210352531536607,0.9878964746846339
6849,2020-05-10,0.013391858803000756,0.9866081411969992
6850,2020-05-10,0.012927382781220742,0.9870726172187793
6851,2020-05-10,0.01819455157506744,0.9818054484249326
6852,2020-05-10,0.005904846424185206,0.9940951535758148
6854,2020-05-10,0.007250550287533963,0.992749449712466
6855,2020-05-10,0.012700994916561736,0.9872990050834383
6856,2020-05-10,0.007012571624484654,0.9929874283755153
6857,2020-05-10,0.0522560663507613,0.9477439336492387
6858,2020-05-10,0.011574572214902767,0.9884254277850972
6859,2020-05-10,0.028872905800802928,0.9711270941991971
6860,2020-05-10,0.019560455265377863,0.9804395447346221
6861,2020-05-10,0.03302670982382716,0.9669732901761728
6862,2020-05-10,0.05174270550164661,0.9482572944983534
6863,2020-05-10,0.018715291164548953,0.981284708835451
6864,2020-05-10,0.005276469522689453,0.9947235304773105
6865,2020-05-10,0.009056128038143818,0.9909438719618562
6866,2020-05-10,0.04284712781204403,0.957152872187956
6867,2020-05-10,0.005420411419724491,0.9945795885802755
6868,2020-05-10,0.010145837835106142,0.9898541621648939
6869,2020-05-10,0.006803096919791751,0.9931969030802082
6870,2020-05-10,0.003351776108474036,0.996648223891526
6871,2020-05-10,0.014535902005741397,0.9854640979942586
6872,2020-05-10,0.003904412831198467,0.9960955871688015
6873,2020-05-10,0.009525109521253183,0.9904748904787468
6875,2020-05-10,0.041514831673034824,0.9584851683269652
6876,2020-05-10,0.038997340772673916,0.9610026592273261
6879,2020-05-10,0.016586087254527704,0.9834139127454723
6880,2020-05-10,0.0030494804921165075,0.9969505195078835
6881,2020-05-10,0.021735522305121324,0.9782644776948787
6883,2020-05-10,0.021487327512476173,0.9785126724875238
6884,2020-05-10,0.0053623661887357565,0.9946376338112642
6885,2020-05-10,0.0029823979481051754,0.9970176020518948
6887,2020-05-10,0.041211887791701596,0.9587881122082984
6888,2020-05-10,0.023902571563817365,0.9760974284361826
6889,2020-05-10,0.01854486646318554,0.9814551335368145
6890,2020-05-10,0.03687986037678859,0.9631201396232114
6891,2020-05-10,0.003088217191935083,0.9969117828080649
6892,2020-05-10,0.009774429911083016,0.990225570088917
6893,2020-05-10,0.012092279207901568,0.9879077207920984
6894,2020-05-10,0.12110057876132152,0.8788994212386785
6895,2020-05-10,0.007649115724751798,0.9923508842752482
6896,2020-05-10,0.08794096311450117,0.9120590368854988
6897,2020-05-10,0.03777620003638871,0.9622237999636113
6898,2020-05-10,0.01113088219006586,0.9888691178099341
6899,2020-05-10,0.008877339644656868,0.9911226603553431
6900,2020-05-10,0.012967919485399437,0.9870320805146006
6901,2020-05-10,0.012368424289699309,0.9876315757103007
6902,2020-05-10,0.026090492601684945,0.973909507398315
6903,2020-05-10,0.0060052677884956385,0.9939947322115044
6904,2020-05-10,0.005409029066038573,0.9945909709339614
6905,2020-05-10,0.02596017016897212,0.9740398298310279
6907,2020-05-10,0.005588503913392717,0.9944114960866073
6908,2020-05-10,0.02564248138904046,0.9743575186109595
6910,2020-05-10,0.008231539545952571,0.9917684604540474
6911,2020-05-10,0.010869088089532464,0.9891309119104675
6912,2020-05-10,0.008674605486832743,0.9913253945131673
6913,2020-05-10,0.02703539721257764,0.9729646027874224
6914,2020-05-10,0.05500812371716979,0.9449918762828302
6915,2020-05-10,0.015072445470397544,0.9849275545296025
6916,2020-05-10,0.008809006962314903,0.9911909930376851
6917,2020-05-10,0.011042978485999222,0.9889570215140008
6918,2020-05-10,0.03895083441869507,0.9610491655813049
6919,2020-05-10,0.006335652077688048,0.993664347922312
6920,2020-05-10,0.003942756083208154,0.9960572439167918
6922,2020-05-10,0.03626819554548233,0.9637318044545177
6923,2020-05-10,0.01759039407368934,0.9824096059263107
6924,2020-05-10,0.07124852559980421,0.9287514744001958
6925,2020-05-10,0.00948991395823362,0.9905100860417664
6927,2020-05-10,0.0047671298788434235,0.9952328701211566
6928,2020-05-10,0.001539967403126563,0.9984600325968734
6929,2020-05-10,0.041246817101098565,0.9587531828989014
6930,2020-05-10,0.0200252634323842,0.9799747365676158
6931,2020-05-10,0.017408590214889608,0.9825914097851104
6932,2020-05-10,0.02624595237845251,0.9737540476215475
6933,2020-05-10,0.05982769175858127,0.9401723082414187
6934,2020-05-10,0.005965264144566773,0.9940347358554332
6935,2020-05-10,0.01073348866317625,0.9892665113368238
6936,2020-05-10,0.009990627796287233,0.9900093722037128
6937,2020-05-10,0.04132164476913147,0.9586783552308685
6938,2020-05-10,0.02073103484556793,0.9792689651544321
6939,2020-05-10,0.024441028902923545,0.9755589710970765
6940,2020-05-10,0.081019228150637,0.918980771849363
6941,2020-05-10,0.07642419107667675,0.9235758089233232
6942,2020-05-10,0.01900457867616212,0.9809954213238379
6943,2020-05-10,0.012772410637661102,0.9872275893623389
6944,2020-05-10,0.006229299414340805,0.9937707005856592
6945,2020-05-10,0.05126662854875785,0.9487333714512421
6946,2020-05-10,0.004427727382373847,0.9955722726176262
6947,2020-05-10,0.01461510867506044,0.9853848913249396
6948,2020-05-10,0.02348475082271595,0.976515249177284
6949,2020-05-10,0.011548635322380929,0.9884513646776191
6951,2020-05-10,0.011092194117875986,0.988907805882124
6952,2020-05-10,0.0161565212562782,0.9838434787437218
6953,2020-05-10,0.02975289254326874,0.9702471074567313
6954,2020-05-10,0.01234303305016804,0.987656966949832
6955,2020-05-10,0.0033914793703543333,0.9966085206296457
6956,2020-05-10,0.0031467147010175722,0.9968532852989824
6957,2020-05-10,0.01558981642003543,0.9844101835799646
6958,2020-05-10,0.0031932659220805792,0.9968067340779194
6959,2020-05-10,0.0029997584712407876,0.9970002415287592
6960,2020-05-10,0.03924337300493519,0.9607566269950648
6961,2020-05-10,0.02336331618397114,0.9766366838160289
6963,2020-05-10,0.03452324388737882,0.9654767561126212
6964,2020-05-10,0.002888899054053762,0.9971111009459462
6965,2020-05-10,0.04452047375364265,0.9554795262463573
6966,2020-05-10,0.01991255350604093,0.9800874464939591
6967,2020-05-10,0.018397513230780316,0.9816024867692197
6969,2020-05-10,0.004966490911814447,0.9950335090881856
6970,2020-05-10,0.004431199760705162,0.9955688002392948
6971,2020-05-10,0.037954061614097645,0.9620459383859024
6972,2020-05-10,0.007985437512141869,0.9920145624878581
6973,2020-05-10,0.006586321509144399,0.9934136784908556
6974,2020-05-10,0.007997447470598162,0.9920025525294018
6975,2020-05-10,0.0006936881723574873,0.9993063118276425
6976,2020-05-10,0.007461982565990177,0.9925380174340098
6978,2020-05-10,0.021259162569041035,0.978740837430959
6979,2020-05-10,0.07256748834480697,0.927432511655193
6980,2020-05-10,0.008541480692530024,0.99145851930747
6981,2020-05-10,0.03587744381827129,0.9641225561817287
6982,2020-05-10,0.02431508997662113,0.9756849100233789
6983,2020-05-10,0.005276286108254147,0.9947237138917459
6984,2020-05-10,0.07056255851304827,0.9294374414869517
6985,2020-05-10,0.0231075359896028,0.9768924640103972
6986,2020-05-10,0.060588919183613865,0.9394110808163861
6987,2020-05-10,0.009065745164524408,0.9909342548354756
6988,2020-05-10,0.018110604532421193,0.9818893954675788
6989,2020-05-10,0.04635952262290377,0.9536404773770962
6990,2020-05-10,0.014864999027724313,0.9851350009722757
6991,2020-05-10,0.01963588834702734,0.9803641116529727
6992,2020-05-10,0.035798213191255646,0.9642017868087444
6993,2020-05-10,0.004576872523891384,0.9954231274761086
6994,2020-05-10,0.011560061519125253,0.9884399384808747
6995,2020-05-10,0.012993633165569118,0.9870063668344309
6996,2020-05-10,0.027173858691825314,0.9728261413081747
6997,2020-05-10,0.02215866659348331,0.9778413334065167
6999,2020-05-10,0.053822409260328774,0.9461775907396712
7000,2020-05-10,0.014127798743883258,0.9858722012561167
7001,2020-05-10,0.012905198946050689,0.9870948010539493
7002,2020-05-10,0.0026361461486649196,0.9973638538513351
7003,2020-05-10,0.012983291877554315,0.9870167081224457
7004,2020-05-10,0.008317482515111885,0.9916825174848881
7005,2020-05-10,0.01391309123650808,0.9860869087634919
7008,2020-05-10,0.006295251748452468,0.9937047482515475
7009,2020-05-10,0.01839749752667663,0.9816025024733234
7010,2020-05-10,0.05350076641775159,0.9464992335822484
7012,2020-05-10,0.015691404250821828,0.9843085957491782
7013,2020-05-10,0.00942717870825538,0.9905728212917446
7014,2020-05-10,0.013590695898009653,0.9864093041019903
7016,2020-05-10,0.007661057077507083,0.9923389429224929
7017,2020-05-10,0.0076840796618746765,0.9923159203381253
7018,2020-05-10,0.02505394205360889,0.9749460579463911
7019,2020-05-10,0.015381263021835956,0.984618736978164
7020,2020-05-10,0.02898669774199303,0.971013302258007
7021,2020-05-10,0.007769723459879474,0.9922302765401205
7022,2020-05-10,0.018935001293187814,0.9810649987068122
7023,2020-05-10,0.002808011175954639,0.9971919888240454
7024,2020-05-10,0.008082658831001788,0.9919173411689982
7025,2020-05-10,0.013080765401918049,0.986919234598082
7027,2020-05-10,0.03513354007358149,0.9648664599264185
7028,2020-05-10,0.017790698505375513,0.9822093014946245
7029,2020-05-10,0.037356014397343595,0.9626439856026564
7030,2020-05-10,0.0073364779113628265,0.9926635220886372
7031,2020-05-10,0.012825918635041567,0.9871740813649584
7032,2020-05-10,0.025829710113821402,0.9741702898861786
7033,2020-05-10,0.006041770690384474,0.9939582293096155
7034,2020-05-10,0.030723869618241917,0.9692761303817581
7035,2020-05-10,0.04740323329463003,0.95259676670537
7036,2020-05-10,0.03245203665969132,0.9675479633403087
7037,2020-05-10,0.051693694934048406,0.9483063050659516
7038,2020-05-10,0.016780578716563466,0.9832194212834365
7039,2020-05-10,0.057840609240466856,0.9421593907595331
7040,2020-05-10,0.041575085771644815,0.9584249142283552
7041,2020-05-10,0.00773095688338421,0.9922690431166158
7043,2020-05-10,0.03584771856673041,0.9641522814332696
7044,2020-05-10,0.005234083864717687,0.9947659161352823
7045,2020-05-10,0.04680795888080336,0.9531920411191966
7046,2020-05-10,0.023142397379610213,0.9768576026203898
7047,2020-05-10,0.05901431166781956,0.9409856883321804
7048,2020-05-10,0.1397980545334927,0.8602019454665073
7049,2020-05-10,0.007573752229330544,0.9924262477706695
7050,2020-05-10,0.012735474826889748,0.9872645251731103
7051,2020-05-10,0.010429333642781424,0.9895706663572186
7052,2020-05-10,0.0076807514684166245,0.9923192485315834
7053,2020-05-10,0.019127711207397313,0.9808722887926027
7055,2020-05-10,0.010792424097239794,0.9892075759027602
7056,2020-05-10,0.03162911989744088,0.9683708801025591
7057,2020-05-10,0.03906910235039651,0.9609308976496035
7058,2020-05-10,0.03618290214686071,0.9638170978531393
7059,2020-05-10,0.0038902342671164325,0.9961097657328836
7060,2020-05-10,0.0009531218838098043,0.9990468781161902
7062,2020-05-10,0.008918428154406799,0.9910815718455932
7064,2020-05-10,0.03821526875945225,0.9617847312405478
7065,2020-05-10,0.03079901252546613,0.9692009874745339
7066,2020-05-10,0.023493202481439268,0.9765067975185607
7067,2020-05-10,0.046679418998204825,0.9533205810017952
7069,2020-05-10,0.02340727623187555,0.9765927237681244
7070,2020-05-10,0.020323859966658753,0.9796761400333412
7071,2020-05-10,0.010844368851620434,0.9891556311483796
7072,2020-05-10,0.01137496473452515,0.9886250352654748
7073,2020-05-10,0.009947648304238332,0.9900523516957617
7074,2020-05-10,0.021700177357199313,0.9782998226428007
7075,2020-05-10,0.09835294071327316,0.9016470592867268
7076,2020-05-10,0.017800766946719837,0.9821992330532802
7077,2020-05-10,0.021529290009272173,0.9784707099907278
7078,2020-05-10,0.007723962034982268,0.9922760379650177
7079,2020-05-10,0.028325665214800733,0.9716743347851993
7080,2020-05-10,0.05733268720115636,0.9426673127988436
7081,2020-05-10,0.030464721195016864,0.9695352788049831
7082,2020-05-10,0.008090880689191393,0.9919091193108086
7083,2020-05-10,0.018631252447126156,0.9813687475528738
7084,2020-05-10,0.05396322515949492,0.9460367748405051
7085,2020-05-10,0.005022598896244457,0.9949774011037555
7086,2020-05-10,0.0024644119863527214,0.9975355880136473
7087,2020-05-10,0.0035580236337710014,0.996441976366229
7088,2020-05-10,0.008105488377299852,0.9918945116227001
7089,2020-05-10,0.011107101882626425,0.9888928981173736
7090,2020-05-10,0.07061654792875638,0.9293834520712436
7091,2020-05-10,0.021121590181475525,0.9788784098185245
7094,2020-05-10,0.02446837768170773,0.9755316223182923
7095,2020-05-10,0.04073167743505601,0.959268322564944
7097,2020-05-10,0.017531516361069754,0.9824684836389302
7098,2020-05-10,0.008088225298545249,0.9919117747014548
7099,2020-05-10,0.01823824054864065,0.9817617594513594
7100,2020-05-10,0.011552466181987797,0.9884475338180122
7101,2020-05-10,0.013210533707556427,0.9867894662924436
7102,2020-05-10,0.003850710800362367,0.9961492891996376
7103,2020-05-10,0.02570362092817058,0.9742963790718294
7104,2020-05-10,0.03325167064177659,0.9667483293582234
7105,2020-05-10,0.012620074570254491,0.9873799254297455
7106,2020-05-10,0.0050062180107963705,0.9949937819892036
7107,2020-05-10,0.03363825753223193,0.9663617424677681
7109,2020-05-10,0.018452180354818104,0.9815478196451819
7110,2020-05-10,0.0295980820751518,0.9704019179248482
7111,2020-05-10,0.0262873611319675,0.9737126388680325
7112,2020-05-10,0.007419042179174662,0.9925809578208253
7113,2020-05-10,0.006392216951678242,0.9936077830483218
7114,2020-05-10,0.00575844320798613,0.9942415567920139
7115,2020-05-10,0.010530965454192631,0.9894690345458074
7116,2020-05-10,0.004592102402856901,0.9954078975971431
7117,2020-05-10,0.010685367134283252,0.9893146328657167
7118,2020-05-10,0.02987416085229866,0.9701258391477013
7119,2020-05-10,0.01905570180106997,0.98094429819893
7120,2020-05-10,0.0074454723459629335,0.9925545276540371
7121,2020-05-10,0.009573643520485509,0.9904263564795145
7122,2020-05-10,0.034308523381949785,0.9656914766180502
7123,2020-05-10,0.005088895735040122,0.9949111042649599
7124,2020-05-10,0.0029703668826273066,0.9970296331173727
7125,2020-05-10,0.02078083949368381,0.9792191605063162
7126,2020-05-10,0.019861664880579943,0.9801383351194201
7127,2020-05-10,0.008747716788921944,0.9912522832110781
7129,2020-05-10,0.01630750415842852,0.9836924958415715
7130,2020-05-10,0.006824578255299474,0.9931754217447005
7131,2020-05-10,0.03292572232331026,0.9670742776766897
7132,2020-05-10,0.028451858927843077,0.9715481410721569
7133,2020-05-10,0.009607880423690096,0.9903921195763099
7134,2020-05-10,0.04840282579848609,0.9515971742015139
7135,2020-05-10,0.005037869487158231,0.9949621305128418
7136,2020-05-10,0.09180681688333858,0.9081931831166614
7137,2020-05-10,0.020304578367317472,0.9796954216326825
7138,2020-05-10,0.01570371042851959,0.9842962895714804
7139,2020-05-10,0.03616043784015155,0.9638395621598485
7140,2020-05-10,0.004388719106716454,0.9956112808932835
7141,2020-05-10,0.08897283239415166,0.9110271676058483
7142,2020-05-10,0.006447033227642285,0.9935529667723577
7144,2020-05-10,0.026196846916428984,0.973803153083571
7145,2020-05-10,0.012483363351721843,0.9875166366482782
7146,2020-05-10,0.004415506294640159,0.9955844937053598
7147,2020-05-10,0.004841009829837484,0.9951589901701625
7148,2020-05-10,0.0014600870333465465,0.9985399129666535
7149,2020-05-10,0.016328414753432385,0.9836715852465676
7150,2020-05-10,0.004006703391711275,0.9959932966082887
7151,2020-05-10,0.002567864022244959,0.997432135977755
7152,2020-05-10,0.019516872199941693,0.9804831278000583
7153,2020-05-10,0.012715264191795583,0.9872847358082044
7154,2020-05-10,0.01205035924708786,0.9879496407529121
7155,2020-05-10,0.04642953723076748,0.9535704627692325
7156,2020-05-10,0.0368240580109761,0.9631759419890239
7157,2020-05-10,0.019879199479752585,0.9801208005202474
7158,2020-05-10,0.0193706017041122,0.9806293982958878
7159,2020-05-10,0.005839763265334197,0.9941602367346658
7160,2020-05-10,0.01310459494349725,0.9868954050565028
7161,2020-05-10,0.01860064577718823,0.9813993542228118
7162,2020-05-10,0.0029677036686983627,0.9970322963313016
7163,2020-05-10,0.006853291732684785,0.9931467082673152
7164,2020-05-10,0.00361810228669468,0.9963818977133053
7165,2020-05-10,0.024133692827964293,0.9758663071720357
7166,2020-05-10,0.016656293247259812,0.9833437067527402
7167,2020-05-10,0.018741568150820176,0.9812584318491798
7168,2020-05-10,0.01952526306295299,0.980474736937047
7169,2020-05-10,0.04125161178033365,0.9587483882196663
7170,2020-05-10,0.04876824588391315,0.9512317541160868
7171,2020-05-10,0.013937884990923854,0.9860621150090761
7172,2020-05-10,0.00844247929060471,0.9915575207093953
7173,2020-05-10,0.008641876480622646,0.9913581235193774
7174,2020-05-10,0.02890959894303935,0.9710904010569607
7175,2020-05-10,0.03642836773878,0.96357163226122
7176,2020-05-10,0.03765205597953747,0.9623479440204625
7177,2020-05-10,0.06080506095802729,0.9391949390419727
7178,2020-05-10,0.014370548442571685,0.9856294515574283
7179,2020-05-10,0.020515863616129337,0.9794841363838707
7180,2020-05-10,0.010379330718987667,0.9896206692810123
7181,2020-05-10,0.0021236216510674977,0.9978763783489325
7182,2020-05-10,0.03629719021939415,0.9637028097806059
7183,2020-05-10,0.02604593449921755,0.9739540655007825
7184,2020-05-10,0.005036360361878156,0.9949636396381218
7185,2020-05-10,0.007691771880341314,0.9923082281196587
7186,2020-05-10,0.047735754610082726,0.9522642453899173
7188,2020-05-10,0.00998238298850207,0.9900176170114979
7189,2020-05-10,0.005259525227944928,0.9947404747720551
7190,2020-05-10,0.009005384649311332,0.9909946153506887
7191,2020-05-10,0.05951992998164046,0.9404800700183595
7192,2020-05-10,0.012406079426775407,0.9875939205732246
7193,2020-05-10,0.0029859989411091803,0.9970140010588908
7194,2020-05-10,0.029192326789906353,0.9708076732100936
7196,2020-05-10,0.008432936217822262,0.9915670637821777
7197,2020-05-10,0.00666804646151542,0.9933319535384846
7199,2020-05-10,0.02084417048190279,0.9791558295180972
7200,2020-05-10,0.008654291053050933,0.9913457089469491
7201,2020-05-10,0.08418197070117439,0.9158180292988256
7202,2020-05-10,0.024035001427030522,0.9759649985729695
7203,2020-05-10,0.017596525534304464,0.9824034744656955
7204,2020-05-10,0.024146875136878854,0.9758531248631211
7205,2020-05-10,0.013544732016160577,0.9864552679838394
7206,2020-05-10,0.0057920804057804975,0.9942079195942195
7207,2020-05-10,0.02220894234836457,0.9777910576516354
7208,2020-05-10,0.06694411586847582,0.9330558841315242
7209,2020-05-10,0.024313168779174554,0.9756868312208254
7210,2020-05-10,0.0029419891105531004,0.9970580108894469
7211,2020-05-10,0.020902205958395315,0.9790977940416047
7213,2020-05-10,0.023885525892640147,0.9761144741073599
7214,2020-05-10,0.004582821757609601,0.9954171782423904
7215,2020-05-10,0.01358299115212469,0.9864170088478753
7216,2020-05-10,0.003078665881431575,0.9969213341185684
7217,2020-05-10,0.0151457902109019,0.9848542097890981
7218,2020-05-10,0.013584687568329978,0.98641531243167
7219,2020-05-10,0.03969790374268922,0.9603020962573108
7221,2020-05-10,0.011242921428999963,0.988757078571
7222,2020-05-10,0.04566362122380141,0.9543363787761986
7224,2020-05-10,0.03872476503248812,0.9612752349675119
7225,2020-05-10,0.01748291887937725,0.9825170811206227
7227,2020-05-10,0.06481968896742452,0.9351803110325755
7228,2020-05-10,0.024935239981372148,0.9750647600186279
7229,2020-05-10,0.005790634114937077,0.9942093658850629
7232,2020-05-10,0.00955382305837027,0.9904461769416297
7233,2020-05-10,0.017900143560312776,0.9820998564396872
7234,2020-05-10,0.007834428938108262,0.9921655710618917
7235,2020-05-10,0.011393308316451023,0.988606691683549
7236,2020-05-10,0.034088063197355356,0.9659119368026446
7237,2020-05-10,0.01581459953958997,0.98418540046041
7238,2020-05-10,0.05154042006350468,0.9484595799364953
7239,2020-05-10,0.01700265260939038,0.9829973473906096
7240,2020-05-10,0.008314949881264688,0.9916850501187353
7241,2020-05-10,0.008027815239210923,0.9919721847607891
7242,2020-05-10,0.011623447177102064,0.9883765528228979
7243,2020-05-10,0.016330088328964654,0.9836699116710353
7244,2020-05-10,0.010287765558770312,0.9897122344412297
7245,2020-05-10,0.02262932724795863,0.9773706727520414
7246,2020-05-10,0.08818187306474634,0.9118181269352537
7247,2020-05-10,0.009134895350051964,0.990865104649948
7248,2020-05-10,0.016748603815578966,0.983251396184421
7250,2020-05-10,0.014427168198938745,0.9855728318010613
7251,2020-05-10,0.009657867583198643,0.9903421324168014
7253,2020-05-10,0.016819195627513772,0.9831808043724862
7254,2020-05-10,0.007096677527276718,0.9929033224727233
7256,2020-05-10,0.00877034199463278,0.9912296580053672
7258,2020-05-10,0.04348133352988337,0.9565186664701166
7259,2020-05-10,0.00808721758019515,0.9919127824198049
7260,2020-05-10,0.008369832880518957,0.991630167119481
7262,2020-05-10,0.005621735314850773,0.9943782646851492
7263,2020-05-10,0.003902501709405204,0.9960974982905948
7264,2020-05-10,0.010567166115405868,0.9894328338845941
7265,2020-05-10,0.0035065231529398666,0.9964934768470601
7267,2020-05-10,0.008677598311542245,0.9913224016884578
7268,2020-05-10,0.05229589339631846,0.9477041066036815
7269,2020-05-10,0.029423276302260826,0.9705767236977392
7270,2020-05-10,0.0078100959563448535,0.9921899040436551
7271,2020-05-10,0.01858321037193711,0.9814167896280629
7272,2020-05-10,0.028176979594236262,0.9718230204057637
7273,2020-05-10,0.016819372277212974,0.983180627722787
7274,2020-05-10,0.021947980261125433,0.9780520197388746
7275,2020-05-10,0.0009461901887994895,0.9990538098112005
7276,2020-05-10,0.004975173582640657,0.9950248264173593
7277,2020-05-10,0.02597895761535829,0.9740210423846417
7278,2020-05-10,0.01399119473014887,0.9860088052698511
7279,2020-05-10,0.05725244380335415,0.9427475561966459
7280,2020-05-10,0.012720373743256741,0.9872796262567433
7281,2020-05-10,0.014181168794484389,0.9858188312055156
7282,2020-05-10,0.06101301415069127,0.9389869858493087
7283,2020-05-10,0.009116930550207791,0.9908830694497922
7286,2020-05-10,0.028618047062782148,0.9713819529372179
7287,2020-05-10,0.025438123375144728,0.9745618766248553
7288,2020-05-10,0.011245704071890072,0.9887542959281099
7289,2020-05-10,0.01093207460648693,0.9890679253935131
7290,2020-05-10,0.02552475074458538,0.9744752492554146
7291,2020-05-10,0.016242207525675068,0.9837577924743249
7293,2020-05-10,0.0014973487039625644,0.9985026512960374
7294,2020-05-10,0.008829111491942099,0.9911708885080579
7296,2020-05-10,0.0036381765064302796,0.9963618234935697
7297,2020-05-10,0.007467908701417669,0.9925320912985823
7298,2020-05-10,0.01632031871868178,0.9836796812813182
7299,2020-05-10,0.0018371005091248893,0.9981628994908751
7302,2020-05-10,0.07220562210125181,0.9277943778987482
7303,2020-05-10,0.018568696109090066,0.9814313038909099
7304,2020-05-10,0.012779515660075513,0.9872204843399245
7305,2020-05-10,0.005867265916130293,0.9941327340838697
7306,2020-05-10,0.03952854366129355,0.9604714563387065
7307,2020-05-10,0.003936818014330101,0.9960631819856699
7308,2020-05-10,0.038426131397774066,0.9615738686022259
7310,2020-05-10,0.0011310841262499594,0.99886891587375
7312,2020-05-10,0.014373149090117221,0.9856268509098828
7313,2020-05-10,0.0032085315344494436,0.9967914684655506
7314,2020-05-10,0.010890134757830516,0.9891098652421695
7315,2020-05-10,0.0033951515540572297,0.9966048484459428
7316,2020-05-10,0.009869982537420885,0.9901300174625791
7317,2020-05-10,0.0207657835509667,0.9792342164490333
7318,2020-05-10,0.013899971996836014,0.986100028003164
7319,2020-05-10,0.014896585961774678,0.9851034140382253
7320,2020-05-10,0.05224524752745119,0.9477547524725488
7322,2020-05-10,0.02123780089754146,0.9787621991024585
7323,2020-05-10,0.03164996766223904,0.968350032337761
7324,2020-05-10,0.00815242917231862,0.9918475708276814
7325,2020-05-10,0.02170674979296472,0.9782932502070353
7326,2020-05-10,0.015939583346134434,0.9840604166538656
7327,2020-05-10,0.018929279445324965,0.981070720554675
7328,2020-05-10,0.0687341378835783,0.9312658621164217
7329,2020-05-10,0.013453776815092855,0.9865462231849071
7330,2020-05-10,0.018060897325762104,0.9819391026742379
7331,2020-05-10,0.010660895515800961,0.989339104484199
7332,2020-05-10,0.04712386419998171,0.9528761358000183
7333,2020-05-10,0.01123728271505453,0.9887627172849455
7334,2020-05-10,0.0023841255290610874,0.9976158744709389
7335,2020-05-10,0.015638603087781977,0.984361396912218
7336,2020-05-10,0.021586849637312056,0.9784131503626879
7337,2020-05-10,0.013149899445441537,0.9868501005545585
7338,2020-05-10,0.012785308896512637,0.9872146911034874
7339,2020-05-10,0.0030952323432099638,0.99690476765679
7341,2020-05-10,0.051068846686944,0.948931153313056
7343,2020-05-10,0.017262244235175084,0.9827377557648249
7344,2020-05-10,0.005204510105927818,0.9947954898940722
7345,2020-05-10,0.008498090269445813,0.9915019097305542
7346,2020-05-10,0.05180094923910217,0.9481990507608978
7347,2020-05-10,0.01343333978441641,0.9865666602155836
7348,2020-05-10,0.012888890862547409,0.9871111091374526
7349,2020-05-10,0.027837256651697784,0.9721627433483022
7350,2020-05-10,0.06519764562445063,0.9348023543755494
7352,2020-05-10,0.03185020056088095,0.968149799439119
7353,2020-05-10,0.003615403470525358,0.9963845965294746
7354,2020-05-10,0.005885767559680177,0.9941142324403198
7355,2020-05-10,0.02958876136636257,0.9704112386336374
7356,2020-05-10,0.0051535982058388274,0.9948464017941612
7358,2020-05-10,0.015386770283188467,0.9846132297168115
7359,2020-05-10,0.04563371420962936,0.9543662857903706
7360,2020-05-10,0.0035488339348936915,0.9964511660651063
7361,2020-05-10,0.012409623770427758,0.9875903762295722
7362,2020-05-10,0.008004940352150158,0.9919950596478498
7363,2020-05-10,0.006090409640162386,0.9939095903598376
7364,2020-05-10,0.016077289391800198,0.9839227106081998
7367,2020-05-10,0.09626351479413298,0.903736485205867
7368,2020-05-10,0.008107989379876224,0.9918920106201238
7369,2020-05-10,0.14253402577019003,0.85746597422981
7370,2020-05-10,0.0025350871036946554,0.9974649128963053
7371,2020-05-10,0.01015992641914476,0.9898400735808552
7373,2020-05-10,0.00808634536043129,0.9919136546395687
7374,2020-05-10,0.014736123239783905,0.9852638767602161
7375,2020-05-10,0.055805836315964696,0.9441941636840353
7376,2020-05-10,0.04026333926365999,0.95973666073634
7377,2020-05-10,0.04716733924210448,0.9528326607578955
7378,2020-05-10,0.006626915104547826,0.9933730848954522
7380,2020-05-10,0.012118622327647155,0.9878813776723528
7381,2020-05-10,0.005218764658797892,0.9947812353412021
7383,2020-05-10,0.008568856483782028,0.991431143516218
7384,2020-05-10,0.03853871826020705,0.961461281739793
7386,2020-05-10,0.008208366384603427,0.9917916336153966
7387,2020-05-10,0.022112885237439595,0.9778871147625604
7390,2020-05-10,0.002911597523375109,0.9970884024766249
7391,2020-05-10,0.02043769497898318,0.9795623050210168
7392,2020-05-10,0.011285368001587415,0.9887146319984126
7394,2020-05-10,0.004957896916043203,0.9950421030839568
7395,2020-05-10,0.02528080696081958,0.9747191930391804
7396,2020-05-10,0.0560048373876022,0.9439951626123978
7397,2020-05-10,0.0252245423286378,0.9747754576713622
7399,2020-05-10,0.0071212471561845625,0.9928787528438154
7400,2020-05-10,0.005774324722986557,0.9942256752770134
7401,2020-05-10,0.0026191303984772762,0.9973808696015227
7403,2020-05-10,0.009034134821622186,0.9909658651783778
7404,2020-05-10,0.0034113616310754713,0.9965886383689245
7405,2020-05-10,0.009381951730900617,0.9906180482690994
7406,2020-05-10,0.0050919963652281686,0.9949080036347718
7407,2020-05-10,0.01000259252710567,0.9899974074728943
7408,2020-05-10,0.01909268781783413,0.9809073121821659
7409,2020-05-10,0.0023182182113206107,0.9976817817886794
7410,2020-05-10,0.004664095985306149,0.9953359040146939
7411,2020-05-10,0.010083642845434504,0.9899163571545655
7413,2020-05-10,0.011680737509805028,0.988319262490195
7414,2020-05-10,0.01676701653446222,0.9832329834655378
7415,2020-05-10,0.013896943639760129,0.9861030563602399
7416,2020-05-10,0.004556946165094056,0.9954430538349059
7417,2020-05-10,0.004649943661054423,0.9953500563389456
7418,2020-05-10,0.009159091662477192,0.9908409083375228
7419,2020-05-10,0.024469233556507874,0.9755307664434921
7421,2020-05-10,0.009563980792795412,0.9904360192072046
7422,2020-05-10,0.009464995513618568,0.9905350044863814
7424,2020-05-10,0.020914052268233507,0.9790859477317665
7425,2020-05-10,0.043277121864611634,0.9567228781353884
7426,2020-05-10,0.005785397667386616,0.9942146023326134
7427,2020-05-10,0.021513394589921186,0.9784866054100788
7429,2020-05-10,0.09677832130384045,0.9032216786961595
7430,2020-05-10,0.010753214493180008,0.98924678550682
7431,2020-05-10,0.08502233840500639,0.9149776615949936
7432,2020-05-10,0.05553754632941099,0.944462453670589
7434,2020-05-10,0.024479842041235877,0.9755201579587641
7435,2020-05-10,0.00789780583125721,0.9921021941687428
7436,2020-05-10,0.013208703942454214,0.9867912960575458
7437,2020-05-10,0.042587827328319894,0.9574121726716801
7438,2020-05-10,0.010323555020646857,0.9896764449793531
7440,2020-05-10,0.022778538729902764,0.9772214612700972
7441,2020-05-10,0.05832033739976983,0.9416796626002302
7442,2020-05-10,0.0746666802813063,0.9253333197186937
7443,2020-05-10,0.004287831299112033,0.995712168700888
7444,2020-05-10,0.012286653182806528,0.9877133468171935
7445,2020-05-10,0.006515951952057564,0.9934840480479424
7446,2020-05-10,0.029482454938438485,0.9705175450615615
7447,2020-05-10,0.023645086786989067,0.9763549132130109
7448,2020-05-10,0.02748150125310478,0.9725184987468952
7449,2020-05-10,0.05522785344690784,0.9447721465530922
7450,2020-05-10,0.015507397477612983,0.984492602522387
7451,2020-05-10,0.07407653859616636,0.9259234614038336
7452,2020-05-10,0.004101827981848993,0.995898172018151
7453,2020-05-10,0.003088472165986511,0.9969115278340135
7454,2020-05-10,0.10876593480918828,0.8912340651908117
7455,2020-05-10,0.0040661221698015115,0.9959338778301985
7456,2020-05-10,0.010502459699104905,0.9894975403008951
7457,2020-05-10,0.05357255756012036,0.9464274424398796
7458,2020-05-10,0.009054126847133581,0.9909458731528664
7459,2020-05-10,0.0017797637526134613,0.9982202362473865
7460,2020-05-10,0.02126226410798171,0.9787377358920183
7461,2020-05-10,0.018978704948511393,0.9810212950514886
7462,2020-05-10,0.0203485306720792,0.9796514693279208
7463,2020-05-10,0.019829393777433202,0.9801706062225668
7464,2020-05-10,0.008380302415716412,0.9916196975842836
7465,2020-05-10,0.002787636825952289,0.9972123631740477
7466,2020-05-10,0.010528447852112599,0.9894715521478874
7467,2020-05-10,0.025798424078726123,0.9742015759212739
7468,2020-05-10,0.04827363277656793,0.9517263672234321
7470,2020-05-10,0.010853274318116446,0.9891467256818836
7471,2020-05-10,0.004712578327239592,0.9952874216727604
7472,2020-05-10,0.013029515155188132,0.9869704848448119
7473,2020-05-10,0.018350872872673896,0.9816491271273261
7474,2020-05-10,0.00648327733614007,0.9935167226638599
7475,2020-05-10,0.02325007284254277,0.9767499271574572
7476,2020-05-10,0.04126254283370068,0.9587374571662993
7477,2020-05-10,0.02075992691393269,0.9792400730860673
7478,2020-05-10,0.04710338520190849,0.9528966147980915
7479,2020-05-10,0.007147882545888051,0.992852117454112
7480,2020-05-10,0.060227215020544955,0.939772784979455
7481,2020-05-10,0.03426252299094423,0.9657374770090558
7482,2020-05-10,0.03777360376592287,0.9622263962340771
7483,2020-05-10,0.0065484468229054515,0.9934515531770945
7484,2020-05-10,0.008651690389398614,0.9913483096106014
7485,2020-05-10,0.006643683535660139,0.9933563164643399
7486,2020-05-10,0.007765447173364248,0.9922345528266358
7487,2020-05-10,0.0037010747533593458,0.9962989252466407
7488,2020-05-10,0.03314170582205389,0.9668582941779461
7489,2020-05-10,0.0012302966147965666,0.9987697033852034
7490,2020-05-10,0.0007380878071068242,0.9992619121928932
7492,2020-05-10,0.011764741299678527,0.9882352587003215
7493,2020-05-10,0.05966430188772376,0.9403356981122762
7494,2020-05-10,0.05568711565248785,0.9443128843475121
7495,2020-05-10,0.01220880940732938,0.9877911905926706
7496,2020-05-10,0.004495780212961931,0.9955042197870381
7497,2020-05-10,0.016269339453667264,0.9837306605463327
7498,2020-05-10,0.177800609356221,0.822199390643779
7499,2020-05-10,0.009137210536270701,0.9908627894637293
7500,2020-05-10,0.04664651183577917,0.9533534881642208
7501,2020-05-10,0.08472476030645515,0.9152752396935449
7502,2020-05-10,0.02671499846962433,0.9732850015303757
7503,2020-05-10,0.002718513678318657,0.9972814863216813
7504,2020-05-10,0.007968150444533806,0.9920318495554662
7505,2020-05-10,0.01731993156301459,0.9826800684369854
7506,2020-05-10,0.023310276163680532,0.9766897238363195
7507,2020-05-10,0.012326843027441248,0.9876731569725588
7508,2020-05-10,0.010233825684192177,0.9897661743158078
7510,2020-05-10,0.0020623061503703966,0.9979376938496296
7513,2020-05-10,0.003916519550119846,0.9960834804498802
7515,2020-05-10,0.008921367138070901,0.9910786328619291
7516,2020-05-10,0.03247858416481353,0.9675214158351865
7518,2020-05-10,0.019156884851852962,0.980843115148147
7519,2020-05-10,0.016705739717107426,0.9832942602828926
7520,2020-05-10,0.041195811806305715,0.9588041881936943
7522,2020-05-10,0.035560184678463336,0.9644398153215367
7523,2020-05-10,0.005307698705040886,0.9946923012949591
7524,2020-05-10,0.02571272807589642,0.9742872719241036
7525,2020-05-10,0.019087557008412026,0.980912442991588
7526,2020-05-10,0.032496041791253094,0.9675039582087469
7528,2020-05-10,0.023132394514743027,0.976867605485257
7529,2020-05-10,0.0032173437935562044,0.9967826562064438
7530,2020-05-10,0.01961706399380103,0.980382936006199
7531,2020-05-10,0.0014102954819094071,0.9985897045180906
7532,2020-05-10,0.0233496580607353,0.9766503419392647
7534,2020-05-10,0.01351254081388098,0.986487459186119
7536,2020-05-10,0.001977094733754403,0.9980229052662456
7537,2020-05-10,0.014607669566324866,0.9853923304336751
7539,2020-05-10,0.017946135200422653,0.9820538647995773
7540,2020-05-10,0.010663771689123802,0.9893362283108762
7541,2020-05-10,0.004172274640121931,0.9958277253598781
7543,2020-05-10,0.0022548349454440952,0.9977451650545559
7545,2020-05-10,0.02741679374684025,0.9725832062531597
7546,2020-05-10,0.013948290406235353,0.9860517095937646
7547,2020-05-10,0.0018652302718857872,0.9981347697281142
7548,2020-05-10,0.0062050519749643485,0.9937949480250357
7549,2020-05-10,0.010810758009700883,0.9891892419902991
7550,2020-05-10,0.02495114274066834,0.9750488572593317
7551,2020-05-10,0.007433761883244294,0.9925662381167557
7552,2020-05-10,0.011590668365588974,0.988409331634411
7553,2020-05-10,0.05949128109375179,0.9405087189062482
7554,2020-05-10,0.032663427145410595,0.9673365728545894
7555,2020-05-10,0.004762760234938268,0.9952372397650617
7556,2020-05-10,0.04524479335613074,0.9547552066438693
7557,2020-05-10,0.010021909162772347,0.9899780908372277
7558,2020-05-10,0.010002930369743201,0.9899970696302568
7559,2020-05-10,0.023009463413331988,0.976990536586668
7560,2020-05-10,0.0034391141929147606,0.9965608858070852
7561,2020-05-10,0.010039304991330655,0.9899606950086693
7562,2020-05-10,0.013283853567034543,0.9867161464329655
7563,2020-05-10,0.005146861963657545,0.9948531380363425
7564,2020-05-10,0.02791740588308511,0.9720825941169149
7565,2020-05-10,0.0031491829079142164,0.9968508170920858
7566,2020-05-10,0.022563291647225703,0.9774367083527743
7567,2020-05-10,0.01483001514998794,0.9851699848500121
7568,2020-05-10,0.034763505891455715,0.9652364941085443
7569,2020-05-10,0.05878735672784574,0.9412126432721543
7570,2020-05-10,0.027657996779509753,0.9723420032204902
7571,2020-05-10,0.009980113376475752,0.9900198866235242
7572,2020-05-10,0.03278807442707232,0.9672119255729277
7573,2020-05-10,0.014442590912857156,0.9855574090871428
7575,2020-05-10,0.013211622577877669,0.9867883774221223
7576,2020-05-10,0.0027556603608024366,0.9972443396391976
7577,2020-05-10,0.0032609874682663076,0.9967390125317337
7578,2020-05-10,0.029289726728343513,0.9707102732716565
7579,2020-05-10,0.03916115196996017,0.9608388480300398
7580,2020-05-10,0.051790696017703586,0.9482093039822964
7581,2020-05-10,0.009472480219478774,0.9905275197805212
7583,2020-05-10,0.004852436105329594,0.9951475638946704
7584,2020-05-10,0.007738271634675442,0.9922617283653246
7585,2020-05-10,0.007979567937234089,0.9920204320627659
7586,2020-05-10,0.06061466172501484,0.9393853382749852
7587,2020-05-10,0.021304826686757483,0.9786951733132425
7588,2020-05-10,0.013073453097507182,0.9869265469024928
7589,2020-05-10,0.03898245183070992,0.9610175481692901
7590,2020-05-10,0.02496924010244106,0.9750307598975589
7591,2020-05-10,0.035659000267408536,0.9643409997325915
7592,2020-05-10,0.0048636996253645925,0.9951363003746354
7593,2020-05-10,0.0017413962149174234,0.9982586037850826
7594,2020-05-10,0.02342169280385986,0.9765783071961401
7595,2020-05-10,0.030929712072582438,0.9690702879274176
7596,2020-05-10,0.05905413058433584,0.9409458694156642
7597,2020-05-10,0.008617951056620554,0.9913820489433794
7598,2020-05-10,0.005841154072625088,0.9941588459273749
7599,2020-05-10,0.02604660029831507,0.9739533997016849
7600,2020-05-10,0.010172163496751874,0.9898278365032481
7601,2020-05-10,0.011235491826928956,0.988764508173071
7602,2020-05-10,0.05186047129866067,0.9481395287013393
7603,2020-05-10,0.0053547992200405625,0.9946452007799594
7604,2020-05-10,0.009754001351359287,0.9902459986486407
7605,2020-05-10,0.02228380543836528,0.9777161945616347
7606,2020-05-10,0.04617790019833434,0.9538220998016657
7607,2020-05-10,0.005601648038513596,0.9943983519614864
7609,2020-05-10,0.045215071227344694,0.9547849287726553
7610,2020-05-10,0.003910230647110269,0.9960897693528897
7611,2020-05-10,0.007640089515589588,0.9923599104844104
7612,2020-05-10,0.009688957493281025,0.990311042506719
7613,2020-05-10,0.049751252540764734,0.9502487474592353
7614,2020-05-10,0.012439878685141736,0.9875601213148583
7615,2020-05-10,0.010713373479414368,0.9892866265205856
7616,2020-05-10,0.004583572783648071,0.9954164272163519
7617,2020-05-10,0.008939032870355357,0.9910609671296446
7618,2020-05-10,0.008290249376534442,0.9917097506234656
7621,2020-05-10,0.008469917110892289,0.9915300828891077
7622,2020-05-10,0.008150239436437223,0.9918497605635628
7623,2020-05-10,0.054805316031599105,0.9451946839684009
7624,2020-05-10,0.03456826736995844,0.9654317326300416
7625,2020-05-10,0.049230985050054854,0.9507690149499451
7626,2020-05-10,0.00798943873677993,0.9920105612632201
7627,2020-05-10,0.013536094966692502,0.9864639050333075
7628,2020-05-10,0.03981920007174289,0.9601807999282571
7629,2020-05-10,0.003419156014816349,0.9965808439851837
7630,2020-05-10,0.0270603830141809,0.9729396169858191
7631,2020-05-10,0.013719946758238177,0.9862800532417618
7632,2020-05-10,0.017553792577828964,0.982446207422171
7633,2020-05-10,0.0076261166662736635,0.9923738833337263
7634,2020-05-10,0.017708788673102105,0.9822912113268979
7635,2020-05-10,0.016643009443987777,0.9833569905560122
7636,2020-05-10,0.03029735207124229,0.9697026479287577
7637,2020-05-10,0.015095373502918452,0.9849046264970815
7638,2020-05-10,0.0067262235560824335,0.9932737764439176
7639,2020-05-10,0.042849130076092146,0.9571508699239079
7640,2020-05-10,0.014880836157329269,0.9851191638426707
7641,2020-05-10,0.015970615334007343,0.9840293846659927
7642,2020-05-10,0.048178523842138055,0.951821476157862
7643,2020-05-10,0.010652058596976266,0.9893479414030237
7644,2020-05-10,0.0024125125564560257,0.997587487443544
7645,2020-05-10,0.016939207577067572,0.9830607924229324
7646,2020-05-10,0.015739403787738415,0.9842605962122616
7648,2020-05-10,0.017536423313621596,0.9824635766863784
7649,2020-05-10,0.007849219581073985,0.992150780418926
7650,2020-05-10,0.006646550386438577,0.9933534496135614
7652,2020-05-10,0.00893457295397937,0.9910654270460206
7653,2020-05-10,0.023194573442039235,0.9768054265579608
7654,2020-05-10,0.003049796002228211,0.9969502039977718
7655,2020-05-10,0.01983874882887604,0.980161251171124
7656,2020-05-10,0.01212330213930557,0.9878766978606944
7657,2020-05-10,0.05035516744186219,0.9496448325581378
7661,2020-05-10,0.007724045046430095,0.9922759549535699
7663,2020-05-10,0.0326299638657479,0.9673700361342521
7664,2020-05-10,0.014207906344190224,0.9857920936558098
7665,2020-05-10,0.008453853757271368,0.9915461462427286
7666,2020-05-10,0.010738589629504025,0.989261410370496
7667,2020-05-10,0.005279589699346721,0.9947204103006533
7668,2020-05-10,0.01734082869549758,0.9826591713045024
7669,2020-05-10,0.022912115656181564,0.9770878843438184
7670,2020-05-10,0.01452054156064475,0.9854794584393552
7671,2020-05-10,0.0009248360682031498,0.9990751639317969
7672,2020-05-10,0.029093273159278454,0.9709067268407215
7673,2020-05-10,0.013637558928712212,0.9863624410712878
7674,2020-05-10,0.007578621506403538,0.9924213784935965
7676,2020-05-10,0.017286800706513894,0.9827131992934861
7677,2020-05-10,0.018766450681084734,0.9812335493189153
7678,2020-05-10,0.02441703203987755,0.9755829679601224
7679,2020-05-10,0.023902237446453478,0.9760977625535465
7680,2020-05-10,0.01570361729291525,0.9842963827070847
7681,2020-05-10,0.10368356773153231,0.8963164322684677
7682,2020-05-10,0.007016510278568977,0.992983489721431
7683,2020-05-10,0.0047567955432060716,0.9952432044567939
7685,2020-05-10,0.012984712517724373,0.9870152874822756
7686,2020-05-10,0.0005090408967367566,0.9994909591032632
7688,2020-05-10,0.05861870304420158,0.9413812969557984
7692,2020-05-10,0.0020324957809297883,0.9979675042190702
7694,2020-05-10,0.01825966614761898,0.981740333852381
7695,2020-05-10,0.029200987223877095,0.9707990127761229
7696,2020-05-10,0.0031495701759568506,0.9968504298240431
7697,2020-05-10,0.04694498297819438,0.9530550170218056
7698,2020-05-10,0.022599395652127985,0.977400604347872
7699,2020-05-10,0.01915629690471199,0.980843703095288
7700,2020-05-10,0.01159713515620997,0.98840286484379
7701,2020-05-10,0.031754985012921066,0.9682450149870789
7702,2020-05-10,0.010576197454120528,0.9894238025458795
7703,2020-05-10,0.01697931780842199,0.983020682191578
7704,2020-05-10,0.018416667193762004,0.981583332806238
7706,2020-05-10,0.002456623613006026,0.997543376386994
7707,2020-05-10,0.007391481988224147,0.9926085180117759
7708,2020-05-10,0.012514007845780162,0.9874859921542198
7709,2020-05-10,0.04207060695280951,0.9579293930471905
7710,2020-05-10,0.03217976903689723,0.9678202309631028
7711,2020-05-10,0.04381456567944575,0.9561854343205543
7712,2020-05-10,0.02489206310617076,0.9751079368938292
7713,2020-05-10,0.008317107947349855,0.9916828920526501
7714,2020-05-10,0.006793207716666805,0.9932067922833332
7715,2020-05-10,0.001998641974985338,0.9980013580250147
7716,2020-05-10,0.007437558075100603,0.9925624419248994
7717,2020-05-10,0.04673442688212914,0.9532655731178709
7718,2020-05-10,0.012445951465021143,0.9875540485349789
7719,2020-05-10,0.009716475369706767,0.9902835246302932
7720,2020-05-10,0.01508539238547002,0.98491460761453
7721,2020-05-10,0.002892792646368214,0.9971072073536318
7722,2020-05-10,0.011860287767712197,0.9881397122322878
7723,2020-05-10,0.008416174406152832,0.9915838255938472
7724,2020-05-10,0.013671755865383828,0.9863282441346162
7725,2020-05-10,0.07702838129193268,0.9229716187080673
7727,2020-05-10,0.050943953012889454,0.9490560469871105
7728,2020-05-10,0.033166046281215555,0.9668339537187844
7729,2020-05-10,0.0214505208242578,0.9785494791757422
7730,2020-05-10,0.002705288348292423,0.9972947116517076
7731,2020-05-10,0.02359168918142751,0.9764083108185725
7732,2020-05-10,0.01616235346187811,0.9838376465381219
7733,2020-05-10,0.0637906257596117,0.9362093742403883
7734,2020-05-10,0.008217825348507346,0.9917821746514927
7735,2020-05-10,0.03289843901211631,0.9671015609878837
7736,2020-05-10,0.020327632432539322,0.9796723675674607
7737,2020-05-10,0.01044622571197873,0.9895537742880213
7738,2020-05-10,0.004744273680337363,0.9952557263196626
7739,2020-05-10,0.00849915769497922,0.9915008423050208
7740,2020-05-10,0.028541028617761643,0.9714589713822384
7741,2020-05-10,0.005500645471001486,0.9944993545289985
7742,2020-05-10,0.026831391873031407,0.9731686081269686
7743,2020-05-10,0.04899459203888212,0.9510054079611179
7744,2020-05-10,0.006652912157139923,0.9933470878428601
7745,2020-05-10,0.018150201084993656,0.9818497989150063
7746,2020-05-10,0.0032951629346267275,0.9967048370653733
7747,2020-05-10,0.00575764405450796,0.994242355945492
7748,2020-05-10,0.006650951698328744,0.9933490483016713
7749,2020-05-10,0.028083429658176673,0.9719165703418233
7751,2020-05-10,0.013392333888091468,0.9866076661119085
7752,2020-05-10,0.01069691619116675,0.9893030838088333
7753,2020-05-10,0.0126841107600556,0.9873158892399444
7755,2020-05-10,0.1056620259225246,0.8943379740774754
7756,2020-05-10,0.008247211271182331,0.9917527887288177
7757,2020-05-10,0.020259546415459018,0.979740453584541
7758,2020-05-10,0.02441201750334898,0.975587982496651
7759,2020-05-10,0.038504879024463756,0.9614951209755362
7760,2020-05-10,0.013233756583941658,0.9867662434160583
7761,2020-05-10,0.014190508030362481,0.9858094919696375
7762,2020-05-10,0.005956963126128367,0.9940430368738716
7763,2020-05-10,0.017576702993920224,0.9824232970060798
7765,2020-05-10,0.010268415235254347,0.9897315847647457
7766,2020-05-10,0.004915047054839805,0.9950849529451602
7767,2020-05-10,0.035307708806579075,0.9646922911934209
7768,2020-05-10,0.002769638716706657,0.9972303612832933
7769,2020-05-10,0.011307469184851704,0.9886925308151483
7770,2020-05-10,0.012683673075897905,0.9873163269241021
7771,2020-05-10,0.0035895955099465304,0.9964104044900535
7772,2020-05-10,0.005101694383933819,0.9948983056160662
7773,2020-05-10,0.005120196523135667,0.9948798034768643
7774,2020-05-10,0.004383026124637812,0.9956169738753622
7775,2020-05-10,0.0033472938852553424,0.9966527061147447
7776,2020-05-10,0.020549194783762048,0.979450805216238
7777,2020-05-10,0.011631163239888442,0.9883688367601116
7778,2020-05-10,0.011145976990749928,0.9888540230092501
7779,2020-05-10,0.009372820714615093,0.9906271792853849
7780,2020-05-10,0.03481153089297584,0.9651884691070242
7781,2020-05-10,0.007449408615217923,0.9925505913847821
7782,2020-05-10,0.035411166427050444,0.9645888335729496
7783,2020-05-10,0.007433407354901056,0.9925665926450989
7784,2020-05-10,0.01633486674976603,0.983665133250234
7785,2020-05-10,0.007753740255813213,0.9922462597441868
7786,2020-05-10,0.007153789696190516,0.9928462103038095
7787,2020-05-10,0.047424721933017944,0.9525752780669821
7788,2020-05-10,0.043663669351714396,0.9563363306482856
7789,2020-05-10,0.006522719792534604,0.9934772802074654
7790,2020-05-10,0.019628978792823104,0.9803710212071769
7791,2020-05-10,0.014461318165703063,0.9855386818342969
7792,2020-05-10,0.003596150862896774,0.9964038491371032
7793,2020-05-10,0.0021673158815068705,0.9978326841184931
7794,2020-05-10,0.04708625929381116,0.9529137407061888
7795,2020-05-10,0.012264358608064407,0.9877356413919356
7798,2020-05-10,0.04225436634978941,0.9577456336502106
7799,2020-05-10,0.008806791377479528,0.9911932086225205
7801,2020-05-10,0.022645985820589964,0.97735401417941
7802,2020-05-10,0.027826366193393737,0.9721736338066063
7803,2020-05-10,0.09382247024877266,0.9061775297512273
7804,2020-05-10,0.01425424461697189,0.9857457553830281
7805,2020-05-10,0.03099992133874785,0.9690000786612522
7806,2020-05-10,0.015885890804619218,0.9841141091953808
7807,2020-05-10,0.012114951085342218,0.9878850489146578
7808,2020-05-10,0.04925290260618298,0.950747097393817
7810,2020-05-10,0.0013750462708344013,0.9986249537291656
7811,2020-05-10,0.03114504376660099,0.968854956233399
7812,2020-05-10,0.008147291119156908,0.9918527088808431
7813,2020-05-10,0.003442895324896056,0.9965571046751039
7814,2020-05-10,0.022178127164196204,0.9778218728358038
7815,2020-05-10,0.0031807281015011624,0.9968192718984988
7816,2020-05-10,0.013932606982266837,0.9860673930177332
7817,2020-05-10,0.017140013119903097,0.9828599868800969
7818,2020-05-10,0.03884350570675532,0.9611564942932447
7819,2020-05-10,0.01595724075499716,0.9840427592450028
7820,2020-05-10,0.011713159545058471,0.9882868404549415
7821,2020-05-10,0.0149964640494199,0.9850035359505801
7822,2020-05-10,0.037339488845226865,0.9626605111547731
7823,2020-05-10,0.005884622670728978,0.994115377329271
7824,2020-05-10,0.017449629898950825,0.9825503701010492
7825,2020-05-10,0.010988563291789544,0.9890114367082105
7826,2020-05-10,0.046148531948992155,0.9538514680510078
7827,2020-05-10,0.009465480788891645,0.9905345192111084
7828,2020-05-10,0.016656231026552115,0.9833437689734479
7829,2020-05-10,0.008745748383042762,0.9912542516169572
7830,2020-05-10,0.004637498830883269,0.9953625011691167
7831,2020-05-10,0.005119961211650259,0.9948800387883497
7832,2020-05-10,0.009583004571544484,0.9904169954284555
7833,2020-05-10,0.0027915080937369607,0.997208491906263
7834,2020-05-10,0.12091048333201326,0.8790895166679867
7836,2020-05-10,0.016242027890080335,0.9837579721099197
7837,2020-05-10,0.014779970815616772,0.9852200291843832
7839,2020-05-10,0.01717740715196059,0.9828225928480394
7840,2020-05-10,0.016301115106911346,0.9836988848930887
7841,2020-05-10,0.019767571473880863,0.9802324285261191
7842,2020-05-10,0.027981801069449475,0.9720181989305505
7843,2020-05-10,0.01392916299958058,0.9860708370004194
7844,2020-05-10,0.0430760415064646,0.9569239584935354
7847,2020-05-10,0.017420032413824504,0.9825799675861755
7848,2020-05-10,0.005323270345231945,0.994676729654768
7849,2020-05-10,0.02484925263764115,0.9751507473623588
7850,2020-05-10,0.012685994583189975,0.98731400541681
7851,2020-05-10,0.004890068136556236,0.9951099318634438
7852,2020-05-10,0.05114218229244827,0.9488578177075517
7853,2020-05-10,0.0424505433711565,0.9575494566288435
7854,2020-05-10,0.011524080564460193,0.9884759194355398
7855,2020-05-10,0.007732162000724019,0.992267837999276
7856,2020-05-10,0.022970907548656716,0.9770290924513433
7858,2020-05-10,0.01708139427139621,0.9829186057286038
7859,2020-05-10,0.003261353872444195,0.9967386461275558
7860,2020-05-10,0.01138665094329061,0.9886133490567094
7861,2020-05-10,0.0043641981879987135,0.9956358018120013
7862,2020-05-10,0.00758827742956758,0.9924117225704324
7863,2020-05-10,0.008339568699482158,0.9916604313005178
7864,2020-05-10,0.014637455247416997,0.985362544752583
7865,2020-05-10,0.0028352548989756254,0.9971647451010244
7866,2020-05-10,0.006924498682808089,0.9930755013171919
7867,2020-05-10,0.020790909969110927,0.9792090900308891
7869,2020-05-10,0.02236198754653962,0.9776380124534604
7870,2020-05-10,0.0019297043575454698,0.9980702956424545
7874,2020-05-10,0.026298037966685284,0.9737019620333147
7875,2020-05-10,0.0008921669755032058,0.9991078330244968
7876,2020-05-10,0.050800484083252884,0.9491995159167471
7877,2020-05-10,0.008207117624774996,0.991792882375225
7878,2020-05-10,0.12973491225293043,0.8702650877470696
7879,2020-05-10,0.01610963749562,0.98389036250438
7880,2020-05-10,0.012926380982918206,0.9870736190170818
7881,2020-05-10,0.012189851665112328,0.9878101483348877
7882,2020-05-10,0.0062697770081794335,0.9937302229918206
7883,2020-05-10,0.06924821879668075,0.9307517812033193
7885,2020-05-10,0.059339094975411566,0.9406609050245884
7886,2020-05-10,0.04453986324389381,0.9554601367561062
7887,2020-05-10,0.0094388633606316,0.9905611366393684
7888,2020-05-10,0.0109025480394499,0.9890974519605501
7889,2020-05-10,0.01586905651838655,0.9841309434816135
7890,2020-05-10,0.0037812179769144416,0.9962187820230856
7891,2020-05-10,0.022352833590530752,0.9776471664094692
7892,2020-05-10,0.06802854318875251,0.9319714568112475
7893,2020-05-10,0.04238647177443433,0.9576135282255657
7894,2020-05-10,0.055889562147348526,0.9441104378526515
7895,2020-05-10,0.0116009000597449,0.9883990999402551
7896,2020-05-10,0.02486752212126364,0.9751324778787364
7897,2020-05-10,0.0032206612475897956,0.9967793387524102
7898,2020-05-10,0.005174967531606067,0.9948250324683939
7899,2020-05-10,0.0056014763711061955,0.9943985236288938
7900,2020-05-10,0.02057658675298757,0.9794234132470124
7902,2020-05-10,0.007570621619051865,0.9924293783809481
7903,2020-05-10,0.01749721173138874,0.9825027882686113
7904,2020-05-10,0.024751487141260742,0.9752485128587393
7905,2020-05-10,0.02519574785781664,0.9748042521421834
7906,2020-05-10,0.01767462514085094,0.9823253748591491
7907,2020-05-10,0.0038500050379568496,0.9961499949620432
7909,2020-05-10,0.011342478352486363,0.9886575216475136
7910,2020-05-10,0.013111725043096545,0.9868882749569035
7911,2020-05-10,0.02141631391000942,0.9785836860899906
7912,2020-05-10,0.014873342732280137,0.9851266572677199
7913,2020-05-10,0.022998960012868497,0.9770010399871315
7914,2020-05-10,0.019755372491381373,0.9802446275086186
7915,2020-05-10,0.006629920502574271,0.9933700794974257
7916,2020-05-10,0.012203897323129764,0.9877961026768702
7917,2020-05-10,0.005958101884162348,0.9940418981158377
7918,2020-05-10,0.031707443479119024,0.968292556520881
7919,2020-05-10,0.008120322181890627,0.9918796778181094
7920,2020-05-10,0.013603772630434108,0.9863962273695659
7921,2020-05-10,0.012781768371298852,0.9872182316287011
7922,2020-05-10,0.04014520066976113,0.9598547993302389
7923,2020-05-10,0.013498192265746112,0.9865018077342539
7924,2020-05-10,0.015335733610048807,0.9846642663899512
7925,2020-05-10,0.006374999423365835,0.9936250005766342
7926,2020-05-10,0.00695072841528388,0.9930492715847161
7927,2020-05-10,0.01462889612397067,0.9853711038760293
7928,2020-05-10,0.013633148241093629,0.9863668517589064
7929,2020-05-10,0.0024255278468047203,0.9975744721531953
7930,2020-05-10,0.020560691799104247,0.9794393082008958
7931,2020-05-10,0.024577942413682496,0.9754220575863175
7933,2020-05-10,0.013730282069947197,0.9862697179300528
7934,2020-05-10,0.023366045903391752,0.9766339540966082
7935,2020-05-10,0.01361093245266276,0.9863890675473372
7936,2020-05-10,0.01475671451024263,0.9852432854897574
7937,2020-05-10,0.02832408185287727,0.9716759181471227
7938,2020-05-10,0.021142008565180226,0.9788579914348198
7939,2020-05-10,0.029399790074510324,0.9706002099254897
7940,2020-05-10,0.006777877618832973,0.993222122381167
7941,2020-05-10,0.007918550300482385,0.9920814496995176
7942,2020-05-10,0.021819106808153133,0.9781808931918469
7943,2020-05-10,0.013946779724535618,0.9860532202754644
7944,2020-05-10,0.03799073838765943,0.9620092616123406
7945,2020-05-10,0.015742496206220036,0.98425750379378
7946,2020-05-10,0.017256446520098057,0.9827435534799019
7947,2020-05-10,0.03238918169589011,0.9676108183041099
7948,2020-05-10,0.003753586746244597,0.9962464132537554
7949,2020-05-10,0.027071804683065026,0.972928195316935
7950,2020-05-10,0.13981923787570827,0.8601807621242917
7951,2020-05-10,0.04271966438014396,0.957280335619856
7952,2020-05-10,0.006866365999509405,0.9931336340004906
7954,2020-05-10,0.006748954477096114,0.9932510455229039
7955,2020-05-10,0.016358412417630475,0.9836415875823695
7956,2020-05-10,0.01590385556184548,0.9840961444381545
7957,2020-05-10,0.005802489837907876,0.9941975101620921
7958,2020-05-10,0.040836113412712316,0.9591638865872877
7959,2020-05-10,0.011913934529452108,0.9880860654705479
7960,2020-05-10,0.004185135514428784,0.9958148644855712
7961,2020-05-10,0.011632745043511195,0.9883672549564888
7962,2020-05-10,0.0033378627657226767,0.9966621372342773
7963,2020-05-10,0.002667623500033689,0.9973323764999663
7964,2020-05-10,0.012775500070763002,0.987224499929237
7965,2020-05-10,0.005018442161433212,0.9949815578385668
7967,2020-05-10,0.08465418953677895,0.915345810463221
7968,2020-05-10,0.03195278830980619,0.9680472116901938
7969,2020-05-10,0.0014816136660043,0.9985183863339957
7970,2020-05-10,0.015596976915052463,0.9844030230849475
7971,2020-05-10,0.019101848059246307,0.9808981519407537
7972,2020-05-10,0.008915172790436965,0.991084827209563
7973,2020-05-10,0.036667900035164736,0.9633320999648353
7975,2020-05-10,0.0371830349182527,0.9628169650817473
7976,2020-05-10,0.004673909645122487,0.9953260903548775
7977,2020-05-10,0.004471331115578625,0.9955286688844214
7978,2020-05-10,0.019239442812808316,0.9807605571871917
7979,2020-05-10,0.0034569332612339743,0.996543066738766
7980,2020-05-10,0.02535972300118383,0.9746402769988162
7981,2020-05-10,0.022181291301899275,0.9778187086981007
7982,2020-05-10,0.005529742110586988,0.994470257889413
7983,2020-05-10,0.00881602852048069,0.9911839714795193
7984,2020-05-10,0.03549214163461445,0.9645078583653856
7985,2020-05-10,0.0047714600240781335,0.9952285399759219
7986,2020-05-10,0.01122615303833907,0.9887738469616609
7987,2020-05-10,0.010132794469079776,0.9898672055309202
7988,2020-05-10,0.0028445700641196447,0.9971554299358804
7989,2020-05-10,0.02386470135679064,0.9761352986432094
7993,2020-05-10,0.02738057290852569,0.9726194270914743
7994,2020-05-10,0.01495458570811714,0.9850454142918829
7996,2020-05-10,0.024456790735264744,0.9755432092647353
7997,2020-05-10,0.015123425065958984,0.984876574934041
7998,2020-05-10,0.009030999423043085,0.9909690005769569
7999,2020-05-10,0.009931714027408445,0.9900682859725916
8000,2020-05-10,0.009238359448658584,0.9907616405513414
8001,2020-05-10,0.01643323302673394,0.9835667669732661
8002,2020-05-10,0.015337958101632965,0.984662041898367
8003,2020-05-10,0.01034512000165655,0.9896548799983435
8004,2020-05-10,0.004755884110130948,0.995244115889869
8005,2020-05-10,0.0019900753009610694,0.9980099246990389
8006,2020-05-10,0.015668664222628692,0.9843313357773713
8007,2020-05-10,0.014381585630193539,0.9856184143698065
8008,2020-05-10,0.007510223055559373,0.9924897769444406
8009,2020-05-10,0.01382601685038476,0.9861739831496152
8010,2020-05-10,0.04854725937344395,0.951452740626556
8011,2020-05-10,0.01744921736754379,0.9825507826324562
8012,2020-05-10,0.0068478591714401515,0.9931521408285598
8013,2020-05-10,0.003213313296097864,0.9967866867039021
8014,2020-05-10,0.01454053944264122,0.9854594605573588
8015,2020-05-10,0.013941770250149643,0.9860582297498504
8016,2020-05-10,0.017605188940292615,0.9823948110597074
8017,2020-05-10,0.0022338355052868852,0.9977661644947131
8018,2020-05-10,0.00815642993368959,0.9918435700663104
8019,2020-05-10,0.014916717689535286,0.9850832823104647
8020,2020-05-10,0.004938940920896195,0.9950610590791038
8022,2020-05-10,0.03973939095036205,0.960260609049638
8023,2020-05-10,0.006999013788367314,0.9930009862116327
8024,2020-05-10,0.003259834000152284,0.9967401659998477
8025,2020-05-10,0.051773636097517284,0.9482263639024827
8026,2020-05-10,0.005500144937507945,0.994499855062492
8027,2020-05-10,0.008323894747770844,0.9916761052522292
8028,2020-05-10,0.0035990636615259586,0.996400936338474
8029,2020-05-10,0.002025189217011003,0.997974810782989
8030,2020-05-10,0.02018109230922316,0.9798189076907768
8031,2020-05-10,0.00801784263533889,0.9919821573646611
8032,2020-05-10,0.00858493892979817,0.9914150610702018
8033,2020-05-10,0.021251845851264495,0.9787481541487355
8034,2020-05-10,0.021567701593589117,0.9784322984064109
8035,2020-05-10,0.009533942431697251,0.9904660575683027
8036,2020-05-10,0.02487106819146956,0.9751289318085304
8037,2020-05-10,0.00483693128395557,0.9951630687160444
8038,2020-05-10,0.01064834143558746,0.9893516585644125
8040,2020-05-10,0.030776918550095678,0.9692230814499043
8041,2020-05-10,0.05219648816814504,0.947803511831855
8042,2020-05-10,0.03565657679586598,0.964343423204134
8043,2020-05-10,0.007253847100244903,0.9927461528997551
8045,2020-05-10,0.019228838534753212,0.9807711614652468
8046,2020-05-10,0.00986173209889063,0.9901382679011094
8047,2020-05-10,0.006913060703190088,0.9930869392968099
8048,2020-05-10,0.023907443433304643,0.9760925565666954
8049,2020-05-10,0.022085473147238077,0.9779145268527619
8051,2020-05-10,0.012471748115942094,0.9875282518840579
8052,2020-05-10,0.027565459300274542,0.9724345406997255
8053,2020-05-10,0.013633934943203307,0.9863660650567967
8054,2020-05-10,0.00701395254675552,0.9929860474532445
8057,2020-05-10,0.007467547470498492,0.9925324525295015
8058,2020-05-10,0.03740861385575944,0.9625913861442406
8060,2020-05-10,0.00957084349154469,0.9904291565084553
8062,2020-05-10,0.010240030153491397,0.9897599698465086
8063,2020-05-10,0.0242234564501429,0.9757765435498571
8064,2020-05-10,0.007077618005460029,0.99292238199454
8065,2020-05-10,0.0183612670511617,0.9816387329488383
8066,2020-05-10,0.032084765529394654,0.9679152344706053
8067,2020-05-10,0.0163773524740094,0.9836226475259906
8068,2020-05-10,0.01344709517794973,0.9865529048220503
8069,2020-05-10,0.024479005690087985,0.975520994309912
8070,2020-05-10,0.005055723101366372,0.9949442768986336
8071,2020-05-10,0.002735535051112792,0.9972644649488872
8072,2020-05-10,0.027565737128941947,0.972434262871058
8073,2020-05-10,0.022814997839536555,0.9771850021604634
8074,2020-05-10,0.009137104910713734,0.9908628950892863
8075,2020-05-10,0.011383146301217173,0.9886168536987828
8076,2020-05-10,0.008339646958405167,0.9916603530415948
8077,2020-05-10,0.007235334961529949,0.99276466503847
8078,2020-05-10,0.0132012437971043,0.9867987562028957
8079,2020-05-10,0.02811788887382205,0.971882111126178
8080,2020-05-10,0.015888442221165255,0.9841115577788347
8081,2020-05-10,0.006765875966310619,0.9932341240336894
8082,2020-05-10,0.009686437473240272,0.9903135625267597
8083,2020-05-10,0.018934302829081262,0.9810656971709187
8084,2020-05-10,0.010228966388389105,0.9897710336116109
8086,2020-05-10,0.013866120214296007,0.986133879785704
8087,2020-05-10,0.02992305649602811,0.9700769435039719
8088,2020-05-10,0.03924125498926023,0.9607587450107398
8089,2020-05-10,0.011370257954569918,0.9886297420454301
8090,2020-05-10,0.029898834737195568,0.9701011652628044
8091,2020-05-10,0.04780249480209964,0.9521975051979004
8092,2020-05-10,0.048108693225207166,0.9518913067747928
8093,2020-05-10,0.022203700742255084,0.9777962992577449
8095,2020-05-10,0.0017475014296470803,0.9982524985703529
8098,2020-05-10,0.029780258430407214,0.9702197415695928
8099,2020-05-10,0.011074940873283534,0.9889250591267165
8100,2020-05-10,0.01202465294035071,0.9879753470596493
8101,2020-05-10,0.01687966228773541,0.9831203377122646
8102,2020-05-10,0.07268765318082149,0.9273123468191785
8103,2020-05-10,0.029007969609211703,0.9709920303907883
8104,2020-05-10,0.005726359703330908,0.9942736402966691
8105,2020-05-10,0.0072988659812232015,0.9927011340187768
8106,2020-05-10,0.002431713891012155,0.9975682861089878
8107,2020-05-10,0.006378309787974157,0.9936216902120258
8108,2020-05-10,0.022796376089992187,0.9772036239100078
8109,2020-05-10,0.01455524616623971,0.9854447538337603
8110,2020-05-10,0.002863034214913185,0.9971369657850868
8111,2020-05-10,0.00395032602704426,0.9960496739729557
8112,2020-05-10,0.009174357318126658,0.9908256426818733
8113,2020-05-10,0.024150590296405983,0.975849409703594
8114,2020-05-10,0.002323525637900281,0.9976764743620997
8115,2020-05-10,0.0104836478307615,0.9895163521692385
8116,2020-05-10,0.053870420942719655,0.9461295790572803
8117,2020-05-10,0.021174289478333996,0.978825710521666
8118,2020-05-10,0.015166764157356405,0.9848332358426436
8120,2020-05-10,0.016150501086804048,0.983849498913196
8122,2020-05-10,0.016100392048037038,0.983899607951963
8123,2020-05-10,0.016543159321572465,0.9834568406784275
8125,2020-05-10,0.0017140226819025717,0.9982859773180974
8126,2020-05-10,0.0074848541061227625,0.9925151458938772
8127,2020-05-10,0.01235517967705313,0.9876448203229469
8128,2020-05-10,0.030319556187036967,0.969680443812963
8129,2020-05-10,0.017333740923176744,0.9826662590768233
8130,2020-05-10,0.03146132003933022,0.9685386799606698
8131,2020-05-10,0.19388475096426028,0.8061152490357397
8132,2020-05-10,0.005983677610076565,0.9940163223899234
8133,2020-05-10,0.02116979442125433,0.9788302055787457
8134,2020-05-10,0.004574829193632501,0.9954251708063675
8135,2020-05-10,0.02775674688019325,0.9722432531198067
8136,2020-05-10,0.01585017697268165,0.9841498230273183
8137,2020-05-10,0.010000779674172677,0.9899992203258273
8139,2020-05-10,0.007234175675009724,0.9927658243249903
8140,2020-05-10,0.013552117420017495,0.9864478825799825
8141,2020-05-10,0.01724845021977528,0.9827515497802247
8143,2020-05-10,0.02236305894444357,0.9776369410555564
8144,2020-05-10,0.012941865747090775,0.9870581342529092
8146,2020-05-10,0.021046583157272813,0.9789534168427272
8149,2020-05-10,0.014374034980299544,0.9856259650197005
8150,2020-05-10,0.007456418805616094,0.9925435811943839
8151,2020-05-10,0.010921853936224801,0.9890781460637752
8152,2020-05-10,0.021119881240279526,0.9788801187597205
8153,2020-05-10,0.03375180158524582,0.9662481984147542
8154,2020-05-10,0.024283175837136683,0.9757168241628633
8155,2020-05-10,0.014240464332616831,0.9857595356673832
8156,2020-05-10,0.03966062207048637,0.9603393779295136
8158,2020-05-10,0.0019574360415948178,0.9980425639584052
8159,2020-05-10,0.0596703569917858,0.9403296430082142
8160,2020-05-10,0.008063551723446971,0.991936448276553
8161,2020-05-10,0.024773077179492176,0.9752269228205078
8162,2020-05-10,0.06497427950883305,0.935025720491167
8163,2020-05-10,0.04461477221862786,0.9553852277813721
8164,2020-05-10,0.003015532893193007,0.996984467106807
8165,2020-05-10,0.01289481028050532,0.9871051897194947
8167,2020-05-10,0.0032678580087994735,0.9967321419912005
8168,2020-05-10,0.028549368700327538,0.9714506312996725
8169,2020-05-10,0.006007623589798783,0.9939923764102012
8170,2020-05-10,0.010088275959668769,0.9899117240403312
8171,2020-05-10,0.011747230240448991,0.988252769759551
8173,2020-05-10,0.019754116104067077,0.9802458838959329
8174,2020-05-10,0.0025368272750283527,0.9974631727249716
8175,2020-05-10,0.03141490514883083,0.9685850948511692
8176,2020-05-10,0.016821485926282853,0.9831785140737171
8177,2020-05-10,0.13328926795245177,0.8667107320475482
8178,2020-05-10,0.015105555296118345,0.9848944447038817
8179,2020-05-10,0.02952529361871259,0.9704747063812874
8180,2020-05-10,0.006390282872837272,0.9936097171271627
8181,2020-05-10,0.0008415579282122776,0.9991584420717877
8182,2020-05-10,0.027087163026091376,0.9729128369739086
8183,2020-05-10,0.014646113876410238,0.9853538861235898
8184,2020-05-10,0.010034215304102423,0.9899657846958976
8186,2020-05-10,0.013854275699442753,0.9861457243005572
8187,2020-05-10,0.004020272527134217,0.9959797274728658
8188,2020-05-10,0.009892241893810105,0.9901077581061899
8189,2020-05-10,0.030272792668173953,0.969727207331826
8190,2020-05-10,0.043313242435616184,0.9566867575643838
8191,2020-05-10,0.009068605257576023,0.990931394742424
8194,2020-05-10,0.0032319369058539937,0.996768063094146
8195,2020-05-10,0.004705740391853008,0.995294259608147
8196,2020-05-10,0.05153545300448248,0.9484645469955175
8197,2020-05-10,0.019681789415885387,0.9803182105841146
8198,2020-05-10,0.016449525031564605,0.9835504749684354
8200,2020-05-10,0.0039192516999077,0.9960807483000923
8201,2020-05-10,0.016037417004537535,0.9839625829954625
8202,2020-05-10,0.004040097955240518,0.9959599020447595
8203,2020-05-10,0.011803978359530065,0.9881960216404699
8204,2020-05-10,0.009148378906748356,0.9908516210932516
8205,2020-05-10,0.002371681775915069,0.9976283182240849
8206,2020-05-10,0.005775077362554004,0.994224922637446
8208,2020-05-10,0.03112184011810215,0.9688781598818978
8211,2020-05-10,0.03319977835255661,0.9668002216474434
8212,2020-05-10,0.009525107981591896,0.9904748920184081
8213,2020-05-10,0.010351989827074526,0.9896480101729255
8214,2020-05-10,0.029547710249108516,0.9704522897508915
8215,2020-05-10,0.025369053199039482,0.9746309468009605
8216,2020-05-10,0.00534149548594498,0.994658504514055
8218,2020-05-10,0.04936960625482267,0.9506303937451773
8219,2020-05-10,0.008500689655180693,0.9914993103448193
8220,2020-05-10,0.00800562506967617,0.9919943749303238
8221,2020-05-10,0.002839846916762423,0.9971601530832376
8222,2020-05-10,0.025795702828769085,0.9742042971712309
8223,2020-05-10,0.040580148855026255,0.9594198511449737
8224,2020-05-10,0.020029082536323406,0.9799709174636766
8225,2020-05-10,0.00990368496178562,0.9900963150382144
8226,2020-05-10,0.021002349646044083,0.9789976503539559
8227,2020-05-10,0.016403809421584592,0.9835961905784154
8228,2020-05-10,0.027548435137337846,0.9724515648626622
8229,2020-05-10,0.014972097205847357,0.9850279027941526
8230,2020-05-10,0.0068604047359011044,0.9931395952640989
8231,2020-05-10,0.030749899164071115,0.9692501008359289
8232,2020-05-10,0.021111985298271185,0.9788880147017288
8233,2020-05-10,0.04946668952703959,0.9505333104729604
8234,2020-05-10,0.00640536185327667,0.9935946381467233
8235,2020-05-10,0.01520770093736501,0.984792299062635
8236,2020-05-10,0.008790955477282258,0.9912090445227177
8237,2020-05-10,0.021996913210478142,0.9780030867895219
8239,2020-05-10,0.051535270155355195,0.9484647298446448
8240,2020-05-10,0.00938463092454167,0.9906153690754583
8241,2020-05-10,0.007273911779596354,0.9927260882204036
8242,2020-05-10,0.010455935584230303,0.9895440644157697
8243,2020-05-10,0.004630945770879635,0.9953690542291204
8244,2020-05-10,0.010538625032995186,0.9894613749670048
8245,2020-05-10,0.025403319520351353,0.9745966804796486
8246,2020-05-10,0.004373008890281582,0.9956269911097184
8247,2020-05-10,0.023115039570474005,0.976884960429526
8248,2020-05-10,0.018582794298300676,0.9814172057016993
8249,2020-05-10,0.024424243928862666,0.9755757560711373
8250,2020-05-10,0.021351613539237424,0.9786483864607626
8251,2020-05-10,0.007072665021889635,0.9929273349781104
8252,2020-05-10,0.017383945226441266,0.9826160547735587
8253,2020-05-10,0.004328147339876853,0.9956718526601231
8254,2020-05-10,0.010045590851064712,0.9899544091489353
8255,2020-05-10,0.001704155300792709,0.9982958446992073
8256,2020-05-10,0.020491211622429284,0.9795087883775707
8257,2020-05-10,0.022298175979214796,0.9777018240207852
8258,2020-05-10,0.00432872368601267,0.9956712763139873
8259,2020-05-10,0.042646740930511795,0.9573532590694882
8260,2020-05-10,0.003717254567518702,0.9962827454324813
8262,2020-05-10,0.021664211806937783,0.9783357881930622
8263,2020-05-10,0.007262307328609885,0.9927376926713901
8264,2020-05-10,0.03763571738897731,0.9623642826110227
8265,2020-05-10,0.003263914609906604,0.9967360853900934
8266,2020-05-10,0.0036662232159691,0.9963337767840309
8267,2020-05-10,0.0012380007472458932,0.9987619992527541
8268,2020-05-10,0.006855494301228782,0.9931445056987712
8270,2020-05-10,0.01438791719273369,0.9856120828072663
8272,2020-05-10,0.03391460216585884,0.9660853978341412
8273,2020-05-10,0.01097669365897569,0.9890233063410243
8274,2020-05-10,0.012230348992725237,0.9877696510072748
8275,2020-05-10,0.022840085022353795,0.9771599149776462
8276,2020-05-10,0.0031279815825132617,0.9968720184174867
8277,2020-05-10,0.026615019752317837,0.9733849802476822
8278,2020-05-10,0.00279489911913966,0.9972051008808603
8279,2020-05-10,0.008179934102193864,0.9918200658978061
8281,2020-05-10,0.005127235236010552,0.9948727647639894
8282,2020-05-10,0.02833022712111244,0.9716697728788876
8283,2020-05-10,0.011734533646067025,0.988265466353933
8285,2020-05-10,0.005592795420624519,0.9944072045793755
8286,2020-05-10,0.029291878170809804,0.9707081218291902
8287,2020-05-10,0.007428038463594855,0.9925719615364051
8288,2020-05-10,0.06762070263121478,0.9323792973687852
8289,2020-05-10,0.009705201901057059,0.9902947980989429
8290,2020-05-10,0.0021441641327929473,0.997855835867207
8291,2020-05-10,0.026357332383078802,0.9736426676169212
8292,2020-05-10,0.005144787589681621,0.9948552124103184
8293,2020-05-10,0.007576928367605706,0.9924230716323943
8295,2020-05-10,0.009926235557554008,0.990073764442446
8296,2020-05-10,0.019158279726581018,0.980841720273419
8297,2020-05-10,0.03367711315688593,0.9663228868431141
8298,2020-05-10,0.011080407982784535,0.9889195920172155
8299,2020-05-10,0.02223397198366739,0.9777660280163326
8300,2020-05-10,0.06200715649627697,0.937992843503723
8301,2020-05-10,0.032870083777407966,0.967129916222592
8302,2020-05-10,0.04713215115822822,0.9528678488417718
8303,2020-05-10,0.033840077505941424,0.9661599224940586
8304,2020-05-10,0.012107372530428706,0.9878926274695713
8305,2020-05-10,0.0020395432918794976,0.9979604567081205
8306,2020-05-10,0.047830875243199955,0.9521691247568
8307,2020-05-10,0.028444209726460334,0.9715557902735397
8308,2020-05-10,0.010106645961526217,0.9898933540384738
8309,2020-05-10,0.018484505449925637,0.9815154945500744
8310,2020-05-10,0.010046177866662176,0.9899538221333378
8312,2020-05-10,0.001834806761301322,0.9981651932386987
8313,2020-05-10,0.01567407789562658,0.9843259221043734
8314,2020-05-10,0.007241375941916761,0.9927586240580832
8315,2020-05-10,0.009374793733011977,0.990625206266988
8316,2020-05-10,0.03414256826499373,0.9658574317350063
8317,2020-05-10,0.018822331282690175,0.9811776687173098
8318,2020-05-10,0.004805042635558032,0.995194957364442
8319,2020-05-10,0.019926515052528737,0.9800734849474713
8320,2020-05-10,0.031065614464969582,0.9689343855350304
8321,2020-05-10,0.0077019608528799965,0.99229803914712
8322,2020-05-10,0.026085071155632078,0.9739149288443679
8324,2020-05-10,0.01024760800100255,0.9897523919989974
8325,2020-05-10,0.004543181362473225,0.9954568186375268
8326,2020-05-10,0.035434428331658996,0.964565571668341
8327,2020-05-10,0.013595499516589449,0.9864045004834106
8328,2020-05-10,0.02836879960430161,0.9716312003956984
8329,2020-05-10,0.024309262303604973,0.975690737696395
8330,2020-05-10,0.013782618609263664,0.9862173813907363
8331,2020-05-10,0.008270010691241891,0.9917299893087581
8332,2020-05-10,0.027304046836067353,0.9726959531639326
8333,2020-05-10,0.0040072647702786846,0.9959927352297213
8334,2020-05-10,0.05288287001034275,0.9471171299896572
8335,2020-05-10,0.008509677988772113,0.9914903220112279
8336,2020-05-10,0.0037604928427340534,0.996239507157266
8337,2020-05-10,0.020020113291920993,0.979979886708079
8338,2020-05-10,0.0028863166494657033,0.9971136833505343
8339,2020-05-10,0.040941085821994516,0.9590589141780055
8340,2020-05-10,0.019072283738311713,0.9809277162616883
8341,2020-05-10,0.0171189282218861,0.9828810717781139
8342,2020-05-10,0.007510702393406343,0.9924892976065937
8343,2020-05-10,0.030777104514262077,0.9692228954857379
8344,2020-05-10,0.014217878853495569,0.9857821211465044
8345,2020-05-10,0.04131255546073431,0.9586874445392657
8346,2020-05-10,0.016766626936008167,0.9832333730639918
8347,2020-05-10,0.01631559318980902,0.983684406810191
8348,2020-05-10,0.02540048052662336,0.9745995194733766
8349,2020-05-10,0.0031025777704321023,0.9968974222295679
8350,2020-05-10,0.011433611840646951,0.988566388159353
8351,2020-05-10,0.02910553898020174,0.9708944610197983
8352,2020-05-10,0.017878515213150314,0.9821214847868497
8353,2020-05-10,0.048886943575303765,0.9511130564246962
8354,2020-05-10,0.0018875925367890511,0.998112407463211
8355,2020-05-10,0.018118293106842542,0.9818817068931575
8356,2020-05-10,0.012271153838140259,0.9877288461618597
8358,2020-05-10,0.07800266352913177,0.9219973364708682
8359,2020-05-10,0.00895994031244618,0.9910400596875538
8361,2020-05-10,0.01725525814256923,0.9827447418574308
8362,2020-05-10,0.007063453681077414,0.9929365463189226
8363,2020-05-10,0.008467332789066417,0.9915326672109336
8364,2020-05-10,0.00570455252660651,0.9942954474733935
8365,2020-05-10,0.009423462876793742,0.9905765371232063
8366,2020-05-10,0.010361597626046715,0.9896384023739533
8367,2020-05-10,0.0021650749091595145,0.9978349250908405
8368,2020-05-10,0.01960778438674793,0.9803922156132521
8369,2020-05-10,0.004192112832424821,0.9958078871675752
8370,2020-05-10,0.006276808369602316,0.9937231916303977
8372,2020-05-10,0.0017739064499393553,0.9982260935500606
8373,2020-05-10,0.021058302492355963,0.978941697507644
8374,2020-05-10,0.0245815952489441,0.9754184047510559
8375,2020-05-10,0.03332008165722611,0.9666799183427739
8376,2020-05-10,0.03502336773054249,0.9649766322694575
8377,2020-05-10,0.026562621613927417,0.9734373783860726
8378,2020-05-10,0.012916946030167242,0.9870830539698328
8379,2020-05-10,0.04709258809640027,0.9529074119035997
8380,2020-05-10,0.004925460003140647,0.9950745399968594
8381,2020-05-10,0.004326706971457317,0.9956732930285427
8382,2020-05-10,0.010033434156536236,0.9899665658434638
8383,2020-05-10,0.014633618993152298,0.9853663810068477
8385,2020-05-10,0.00936637179659261,0.9906336282034074
8386,2020-05-10,0.016055357787087,0.983944642212913
8387,2020-05-10,0.002017179967912952,0.997982820032087
8388,2020-05-10,0.023803430924840163,0.9761965690751598
8389,2020-05-10,0.03830544588417584,0.9616945541158242
8390,2020-05-10,0.003702388162762471,0.9962976118372375
8391,2020-05-10,0.011199577169910158,0.9888004228300898
8392,2020-05-10,0.012896001299993465,0.9871039987000065
8393,2020-05-10,0.01359029536968559,0.9864097046303144
8394,2020-05-10,0.004147656636633634,0.9958523433633664
8395,2020-05-10,0.028811983255815465,0.9711880167441845
8396,2020-05-10,0.01241314744711608,0.9875868525528839
8397,2020-05-10,0.04718319721605213,0.9528168027839479
8398,2020-05-10,0.0009051821585459585,0.999094817841454
8400,2020-05-10,0.004613036613362875,0.9953869633866371
8401,2020-05-10,0.0504898467915631,0.9495101532084369
8403,2020-05-10,0.033034177505667395,0.9669658224943326
8404,2020-05-10,0.015497882877633207,0.9845021171223668
8405,2020-05-10,0.01414162669480934,0.9858583733051907
8407,2020-05-10,0.004431435046005516,0.9955685649539945
8408,2020-05-10,0.01089970523676731,0.9891002947632327
8409,2020-05-10,0.013612173360512791,0.9863878266394872
8410,2020-05-10,0.030304496509122814,0.9696955034908772
8411,2020-05-10,0.013865641259648953,0.986134358740351
8412,2020-05-10,0.05823502447956008,0.9417649755204399
8413,2020-05-10,0.002572640620820965,0.997427359379179
8414,2020-05-10,0.02924588852854415,0.9707541114714558
8415,2020-05-10,0.013436042162084938,0.9865639578379151
8416,2020-05-10,0.010206410062915228,0.9897935899370848
8417,2020-05-10,0.05615345001542227,0.9438465499845777
8418,2020-05-10,0.03517565968874681,0.9648243403112532
8420,2020-05-10,0.11336763143472006,0.8866323685652799
8421,2020-05-10,0.0031989978624320514,0.996801002137568
8422,2020-05-10,0.058933817780078,0.941066182219922
8423,2020-05-10,0.01631958345169182,0.9836804165483082
8424,2020-05-10,0.01984942664659617,0.9801505733534038
8425,2020-05-10,0.010862784645357282,0.9891372153546427
8426,2020-05-10,0.012548708654740226,0.9874512913452598
8427,2020-05-10,0.007720169051758097,0.9922798309482419
8428,2020-05-10,0.003910997811658268,0.9960890021883417
8429,2020-05-10,0.0334782706440806,0.9665217293559194
8430,2020-05-10,0.00870563673846425,0.9912943632615357
8431,2020-05-10,0.01457219033720869,0.9854278096627913
8432,2020-05-10,0.01360674456213129,0.9863932554378687
8433,2020-05-10,0.010951868597726344,0.9890481314022737
8434,2020-05-10,0.01973987082921458,0.9802601291707854
8435,2020-05-10,0.010408141693168504,0.9895918583068315
8436,2020-05-10,0.02215943596653247,0.9778405640334675
8437,2020-05-10,0.003172195763550656,0.9968278042364493
8438,2020-05-10,0.017189912275216934,0.9828100877247831
8440,2020-05-10,0.005410420839588426,0.9945895791604116
8441,2020-05-10,0.00733151136299981,0.9926684886370002
8442,2020-05-10,0.03763922149008048,0.9623607785099195
8444,2020-05-10,0.040483525875015136,0.9595164741249849
8445,2020-05-10,0.01376442227789132,0.9862355777221087
8446,2020-05-10,0.007459029505189396,0.9925409704948106
8447,2020-05-10,0.02622130320818916,0.9737786967918108
8448,2020-05-10,0.004022973971073318,0.9959770260289267
8449,2020-05-10,0.004863673749970987,0.995136326250029
8450,2020-05-10,0.007889312992303221,0.9921106870076968
8451,2020-05-10,0.005715601239724921,0.9942843987602751
8452,2020-05-10,0.00956998381345453,0.9904300161865455
8454,2020-05-10,0.022369804177696517,0.9776301958223035
8455,2020-05-10,0.0035956158343890543,0.996404384165611
8456,2020-05-10,0.010450333668854617,0.9895496663311454
8457,2020-05-10,0.07336648048816441,0.9266335195118356
8458,2020-05-10,0.01909319514863561,0.9809068048513644
8459,2020-05-10,0.0339592171679407,0.9660407828320593
8460,2020-05-10,0.010578333459390299,0.9894216665406097
8461,2020-05-10,0.03161251655024033,0.9683874834497597
8462,2020-05-10,0.01729070871257521,0.9827092912874248
8463,2020-05-10,0.009082224770112557,0.9909177752298874
8464,2020-05-10,0.033018208543375116,0.9669817914566249
8465,2020-05-10,0.014085926470664423,0.9859140735293356
8466,2020-05-10,0.0586879666664164,0.9413120333335836
8467,2020-05-10,0.004786022793728084,0.9952139772062719
8468,2020-05-10,0.008092658756104543,0.9919073412438955
8469,2020-05-10,0.0014064719929441916,0.9985935280070558
8470,2020-05-10,0.0034992867669872973,0.9965007132330127
8471,2020-05-10,0.006123841719937073,0.9938761582800629
8472,2020-05-10,0.004419044302060859,0.9955809556979391
8473,2020-05-10,0.0048717579180824755,0.9951282420819175
8474,2020-05-10,0.0393122546044572,0.9606877453955428
8475,2020-05-10,0.011415808381958548,0.9885841916180415
8477,2020-05-10,0.013652760187558566,0.9863472398124414
8478,2020-05-10,0.05737647496458176,0.9426235250354182
8479,2020-05-10,0.08997134187587785,0.9100286581241221
8480,2020-05-10,0.01820017377150862,0.9817998262284914
8483,2020-05-10,0.010822845279763404,0.9891771547202366
8484,2020-05-10,0.002685938712946534,0.9973140612870535
8485,2020-05-10,0.018665774187144435,0.9813342258128556
8486,2020-05-10,0.0017589281324738026,0.9982410718675262
8487,2020-05-10,0.024982110611920127,0.9750178893880799
8488,2020-05-10,0.010540594902589184,0.9894594050974108
8489,2020-05-10,0.002200697268209262,0.9977993027317907
8491,2020-05-10,0.0023622102008443724,0.9976377897991556
8492,2020-05-10,0.016568013664321368,0.9834319863356786
8493,2020-05-10,0.032295134244978874,0.9677048657550211
8494,2020-05-10,0.03144213455097877,0.9685578654490212
8495,2020-05-10,0.019808358955029526,0.9801916410449705
8496,2020-05-10,0.011592240229772455,0.9884077597702275
8497,2020-05-10,0.030018463251884286,0.9699815367481157
8498,2020-05-10,0.011656576191513057,0.9883434238084869
8499,2020-05-10,0.008298329736720955,0.991701670263279
8500,2020-05-10,0.015453658836901085,0.9845463411630989
8501,2020-05-10,0.013203481439419074,0.9867965185605809
8502,2020-05-10,0.0294194658347412,0.9705805341652588
8503,2020-05-10,0.002565516640508747,0.9974344833594913
8504,2020-05-10,0.0014958623355509904,0.998504137664449
8505,2020-05-10,0.006510449611902058,0.9934895503880979
8506,2020-05-10,0.11707054680914297,0.882929453190857
8507,2020-05-10,0.03278321975085985,0.9672167802491402
8508,2020-05-10,0.02836190675286865,0.9716380932471314
8509,2020-05-10,0.045074577442274166,0.9549254225577258
8510,2020-05-10,0.025509746332568195,0.9744902536674318
8511,2020-05-10,0.020996610985483777,0.9790033890145162
8512,2020-05-10,0.03273676022198313,0.9672632397780169
8513,2020-05-10,0.012104403537025354,0.9878955964629746
8514,2020-05-10,0.030263404710649144,0.9697365952893509
8515,2020-05-10,0.0057875213002143155,0.9942124786997857
8517,2020-05-10,0.018467583636007978,0.981532416363992
8518,2020-05-10,0.025599669017620008,0.97440033098238
8519,2020-05-10,0.0035883568627331774,0.9964116431372668
8521,2020-05-10,0.00770802367571588,0.9922919763242841
8523,2020-05-10,0.014521320844047225,0.9854786791559528
8524,2020-05-10,0.041931794949798706,0.9580682050502013
8525,2020-05-10,0.009441992138411459,0.9905580078615885
8526,2020-05-10,0.03264811006707813,0.9673518899329219
8527,2020-05-10,0.07205435227750001,0.9279456477225
8528,2020-05-10,0.0018205804757742694,0.9981794195242257
8529,2020-05-10,0.0053644443349006865,0.9946355556650993
8530,2020-05-10,0.024916374918018458,0.9750836250819815
8531,2020-05-10,0.02112397634738017,0.9788760236526198
8532,2020-05-10,0.04305446490465892,0.9569455350953411
8533,2020-05-10,0.03239362718550476,0.9676063728144952
8534,2020-05-10,0.019752747630393253,0.9802472523696067
8535,2020-05-10,0.0029279946040339233,0.9970720053959661
8536,2020-05-10,0.006275099534999384,0.9937249004650006
8537,2020-05-10,0.0018344189366387154,0.9981655810633613
8539,2020-05-10,0.003370927519437128,0.9966290724805629
8540,2020-05-10,0.026383761035758124,0.9736162389642419
8541,2020-05-10,0.005277393508770545,0.9947226064912295
8542,2020-05-10,0.02820555167528338,0.9717944483247166
8543,2020-05-10,0.007833629000626119,0.9921663709993739
8544,2020-05-10,0.015273161507085686,0.9847268384929143
8545,2020-05-10,0.03249142622923484,0.9675085737707652
8546,2020-05-10,0.004716591062980058,0.9952834089370199
8547,2020-05-10,0.019410263709130127,0.9805897362908699
8548,2020-05-10,0.007305723055661906,0.9926942769443381
8549,2020-05-10,0.02526087945074007,0.9747391205492599
8550,2020-05-10,0.16054977299216966,0.8394502270078303
8551,2020-05-10,0.011772627132118463,0.9882273728678815
8552,2020-05-10,0.006313003836421083,0.9936869961635789
8553,2020-05-10,0.032099417545427555,0.9679005824545724
8554,2020-05-10,0.03771207403101973,0.9622879259689803
8555,2020-05-10,0.11416356562349694,0.8858364343765031
8556,2020-05-10,0.0027173492904716268,0.9972826507095284
8557,2020-05-10,0.005633621508174702,0.9943663784918253
8558,2020-05-10,0.001115151728527164,0.9988848482714728
8559,2020-05-10,0.01675761447698243,0.9832423855230176
8560,2020-05-10,0.004856409973539977,0.99514359002646
8561,2020-05-10,0.018372728649109882,0.9816272713508901
8562,2020-05-10,0.026055086086832713,0.9739449139131673
8564,2020-05-10,0.008624025338865193,0.9913759746611348
8565,2020-05-10,0.009196120309661215,0.9908038796903388
8566,2020-05-10,0.015012255754440429,0.9849877442455596
8567,2020-05-10,0.018250550909571728,0.9817494490904283
8569,2020-05-10,0.0031928017575109102,0.9968071982424891
8570,2020-05-10,0.022870023240240123,0.9771299767597599
8571,2020-05-10,0.010852713152331828,0.9891472868476682
8572,2020-05-10,0.038090804173429804,0.9619091958265702
8573,2020-05-10,0.007586818352341318,0.9924131816476587
8574,2020-05-10,0.02467201563691579,0.9753279843630842
8575,2020-05-10,0.023909505100059847,0.9760904948999402
8576,2020-05-10,0.0037830283308978307,0.9962169716691022
8577,2020-05-10,0.03254938680016595,0.967450613199834
8578,2020-05-10,0.007974411713834062,0.9920255882861659
8579,2020-05-10,0.002481162632280376,0.9975188373677196
8580,2020-05-10,0.01224121430598013,0.9877587856940199
8581,2020-05-10,0.03357548188604409,0.9664245181139559
8582,2020-05-10,0.014760035754068257,0.9852399642459317
8583,2020-05-10,0.031137120526055995,0.968862879473944
8584,2020-05-10,0.03952207352782,0.96047792647218
8586,2020-05-10,0.028930626247542612,0.9710693737524574
8587,2020-05-10,0.016844343976776588,0.9831556560232234
8588,2020-05-10,0.03616961130628371,0.9638303886937163
8589,2020-05-10,0.034144676616247316,0.9658553233837527
8590,2020-05-10,0.005553515203323367,0.9944464847966766
8591,2020-05-10,0.06456575521879493,0.9354342447812051
8592,2020-05-10,0.011244280807387819,0.9887557191926122
8593,2020-05-10,0.011331749760707277,0.9886682502392927
8594,2020-05-10,0.02259869644950241,0.9774013035504976
8595,2020-05-10,0.010125769521909356,0.9898742304780906
8597,2020-05-10,0.04269511362823386,0.9573048863717661
8598,2020-05-10,0.00264699424552739,0.9973530057544726
8599,2020-05-10,0.008193385785746576,0.9918066142142534
8600,2020-05-10,0.051852946054468996,0.948147053945531
8601,2020-05-10,0.00764330295684168,0.9923566970431583
8603,2020-05-10,0.03506193466926455,0.9649380653307355
8604,2020-05-10,0.007122781994464256,0.9928772180055357
8605,2020-05-10,0.02667315011902227,0.9733268498809777
8607,2020-05-10,0.005513796670493232,0.9944862033295068
8608,2020-05-10,0.011884842584098831,0.9881151574159012
8609,2020-05-10,0.014685849173209364,0.9853141508267906
8610,2020-05-10,0.012948895181056463,0.9870511048189435
8611,2020-05-10,0.0033693052860483963,0.9966306947139516
8612,2020-05-10,0.02425647855656876,0.9757435214434312
8614,2020-05-10,0.003295844520300517,0.9967041554796995
8615,2020-05-10,0.03135673718426868,0.9686432628157313
8616,2020-05-10,0.01588601772130893,0.9841139822786911
8617,2020-05-10,0.009201267085861775,0.9907987329141382
8618,2020-05-10,0.003338699393219513,0.9966613006067805
8619,2020-05-10,0.007112413303172693,0.9928875866968273
8620,2020-05-10,0.04542016615386413,0.9545798338461359
8621,2020-05-10,0.011502267165927282,0.9884977328340727
8622,2020-05-10,0.0045416026553155575,0.9954583973446844
8623,2020-05-10,0.018992267478854963,0.981007732521145
8624,2020-05-10,0.09531040057646589,0.9046895994235341
8625,2020-05-10,0.005027979924150716,0.9949720200758493
8626,2020-05-10,0.008463266792042679,0.9915367332079573
8627,2020-05-10,0.06923247024988466,0.9307675297501153
8628,2020-05-10,0.006030292432829376,0.9939697075671706
8629,2020-05-10,0.0029219118570499303,0.9970780881429501
8630,2020-05-10,0.003869056962568229,0.9961309430374318
8631,2020-05-10,0.0028559470998809067,0.9971440529001191
8632,2020-05-10,0.018800571397022514,0.9811994286029775
8633,2020-05-10,0.0077100754526849835,0.992289924547315
8634,2020-05-10,0.038198575740514884,0.9618014242594851
8635,2020-05-10,0.012770811070342947,0.987229188929657
8636,2020-05-10,0.012525341201093054,0.987474658798907
8637,2020-05-10,0.0026215659598834984,0.9973784340401165
8638,2020-05-10,0.022697671982542134,0.9773023280174579
8639,2020-05-10,0.010727211536033399,0.9892727884639666
8640,2020-05-10,0.00233629813430003,0.9976637018657
8641,2020-05-10,0.0518019807901392,0.9481980192098608
8642,2020-05-10,0.016980237687882926,0.9830197623121171
8643,2020-05-10,0.03817801992002201,0.961821980079978
8644,2020-05-10,0.007248407343062979,0.992751592656937
8645,2020-05-10,0.012490875220982023,0.987509124779018
8646,2020-05-10,0.02499279588841974,0.9750072041115803
8647,2020-05-10,0.002623816654309441,0.9973761833456906
8648,2020-05-10,0.014187198339701057,0.9858128016602989
8649,2020-05-10,0.013383801860347377,0.9866161981396526
8650,2020-05-10,0.01612108043036964,0.9838789195696304
8651,2020-05-10,0.05592827448672799,0.944071725513272
8652,2020-05-10,0.017578622357814266,0.9824213776421857
8653,2020-05-10,0.013409229980502202,0.9865907700194978
8654,2020-05-10,0.07722358942957996,0.92277641057042
8657,2020-05-10,0.01818095799822761,0.9818190420017724
8659,2020-05-10,0.007414811281758471,0.9925851887182415
8660,2020-05-10,0.009470481996063151,0.9905295180039368
8661,2020-05-10,0.028022250356486755,0.9719777496435132
8662,2020-05-10,0.007067303643656153,0.9929326963563438
8663,2020-05-10,0.00824049874060695,0.991759501259393
8665,2020-05-10,0.01352856554758719,0.9864714344524128
8666,2020-05-10,0.006387415062404811,0.9936125849375952
8667,2020-05-10,0.02648195717934443,0.9735180428206556
8669,2020-05-10,0.005087609878989374,0.9949123901210106
8671,2020-05-10,0.00889751395380467,0.9911024860461953
8672,2020-05-10,0.01715539449052017,0.9828446055094798
8673,2020-05-10,0.025000268570840145,0.9749997314291599
8674,2020-05-10,0.008294467435607245,0.9917055325643928
8675,2020-05-10,0.0034854120332443728,0.9965145879667556
8676,2020-05-10,0.024557650963276445,0.9754423490367236
8677,2020-05-10,0.014321901960566708,0.9856780980394333
8679,2020-05-10,0.030760589594962418,0.9692394104050376
8681,2020-05-10,0.05498166016207395,0.945018339837926
8682,2020-05-10,0.035915124831718326,0.9640848751682817
8683,2020-05-10,0.015615870774221885,0.9843841292257781
8684,2020-05-10,0.007792786526089834,0.9922072134739102
8685,2020-05-10,0.01015896232112623,0.9898410376788738
8686,2020-05-10,0.011632640631646818,0.9883673593683532
8687,2020-05-10,0.019462389859414064,0.9805376101405859
8688,2020-05-10,0.03648535136524245,0.9635146486347576
8689,2020-05-10,0.02264587595918044,0.9773541240408196
8691,2020-05-10,0.045702051605363114,0.9542979483946369
8692,2020-05-10,0.006873182362196917,0.9931268176378031
8693,2020-05-10,0.04116746904555946,0.9588325309544405
8694,2020-05-10,0.06345355974534495,0.936546440254655
8695,2020-05-10,0.009958689688570055,0.99004131031143
8696,2020-05-10,0.010437082554472954,0.989562917445527
8697,2020-05-10,0.03997840705495748,0.9600215929450425
8698,2020-05-10,0.014724572905414401,0.9852754270945856
8699,2020-05-10,0.004463052279232715,0.9955369477207673
8700,2020-05-10,0.012197777569753931,0.9878022224302461
8702,2020-05-10,0.01841854041116897,0.981581459588831
8703,2020-05-10,0.04011157753058059,0.9598884224694194
8704,2020-05-10,0.015893712383684533,0.9841062876163155
8706,2020-05-10,0.01878098348109969,0.9812190165189003
8707,2020-05-10,0.006021666473184584,0.9939783335268154
8708,2020-05-10,0.01019044693654314,0.9898095530634569
8709,2020-05-10,0.07231281005639201,0.927687189943608
8710,2020-05-10,0.026054610869586936,0.9739453891304131
8711,2020-05-10,0.0020406137491281173,0.9979593862508719
8712,2020-05-10,0.0181804021187032,0.9818195978812968
8713,2020-05-10,0.01750873980973089,0.9824912601902691
8714,2020-05-10,0.06735340583153926,0.9326465941684607
8715,2020-05-10,0.030206620344359947,0.96979337965564
8716,2020-05-10,0.030724384912335756,0.9692756150876642
8717,2020-05-10,0.002307295471252302,0.9976927045287477
8718,2020-05-10,0.008866459086514289,0.9911335409134857
8719,2020-05-10,0.008994657133443607,0.9910053428665564
8720,2020-05-10,0.03100849126609151,0.9689915087339085
8721,2020-05-10,0.023210289931802297,0.9767897100681977
8722,2020-05-10,0.01852314371934083,0.9814768562806592
8723,2020-05-10,0.0462350266918482,0.9537649733081518
8724,2020-05-10,0.005342392004791252,0.9946576079952087
8725,2020-05-10,0.02252770069242993,0.9774722993075701
8726,2020-05-10,0.023479174817215176,0.9765208251827848
8727,2020-05-10,0.020404303684303127,0.9795956963156969
8728,2020-05-10,0.011371910601538082,0.9886280893984619
8729,2020-05-10,0.01506530432847275,0.9849346956715272
8730,2020-05-10,0.08095426915981296,0.919045730840187
8731,2020-05-10,0.007851845912015043,0.992148154087985
8732,2020-05-10,0.04716070698642072,0.9528392930135793
8733,2020-05-10,0.022067082386482584,0.9779329176135174
8734,2020-05-10,0.012085375344822458,0.9879146246551775
8735,2020-05-10,0.011559027693783697,0.9884409723062163
8737,2020-05-10,0.03418460239625132,0.9658153976037487
8738,2020-05-10,0.018275293186563735,0.9817247068134363
8739,2020-05-10,0.02905404523529842,0.9709459547647016
8741,2020-05-10,0.03985539720612252,0.9601446027938775
8742,2020-05-10,0.008993762210309342,0.9910062377896907
8743,2020-05-10,0.015326294305527233,0.9846737056944728
8744,2020-05-10,0.021237220872961093,0.9787627791270389
8745,2020-05-10,0.005167539683314404,0.9948324603166856
8746,2020-05-10,0.03339547831985057,0.9666045216801494
8747,2020-05-10,0.007985503842691699,0.9920144961573083
8749,2020-05-10,0.010254580560879134,0.9897454194391209
8751,2020-05-10,0.029271520693782582,0.9707284793062174
8752,2020-05-10,0.022564210271675766,0.9774357897283242
8753,2020-05-10,0.03870955842782042,0.9612904415721796
8754,2020-05-10,0.02444761726267497,0.975552382737325
8755,2020-05-10,0.0035968332332111386,0.9964031667667889
8756,2020-05-10,0.006775357962048645,0.9932246420379514
8757,2020-05-10,0.03388397531106846,0.9661160246889315
8758,2020-05-10,0.011719044966485237,0.9882809550335148
8759,2020-05-10,0.05077538213170163,0.9492246178682984
8760,2020-05-10,0.006101060351193288,0.9938989396488067
8761,2020-05-10,0.04531131139812383,0.9546886886018762
8762,2020-05-10,0.013592342593158113,0.9864076574068419
8763,2020-05-10,0.00970449195647316,0.9902955080435268
8764,2020-05-10,0.01962526442571433,0.9803747355742857
8765,2020-05-10,0.0344045659056198,0.9655954340943802
8768,2020-05-10,0.014217348274673691,0.9857826517253263
8769,2020-05-10,0.0643881685640737,0.9356118314359263
8770,2020-05-10,0.025801084299489463,0.9741989157005105
8771,2020-05-10,0.015022570210100672,0.9849774297898993
8773,2020-05-10,0.025337329601655467,0.9746626703983445
8774,2020-05-10,0.03767990339658811,0.9623200966034119
8775,2020-05-10,0.013551510654119192,0.9864484893458808
8776,2020-05-10,0.017108277074747158,0.9828917229252528
8777,2020-05-10,0.004524378936403339,0.9954756210635967
8779,2020-05-10,0.03895309938601832,0.9610469006139817
8780,2020-05-10,0.05145345827641401,0.948546541723586
8781,2020-05-10,0.0225099727646505,0.9774900272353495
8782,2020-05-10,0.012697337397295949,0.987302662602704
8783,2020-05-10,0.05006442521847232,0.9499355747815277
8784,2020-05-10,0.03779338599679083,0.9622066140032092
8785,2020-05-10,0.0034905835483681757,0.9965094164516318
8787,2020-05-10,0.007445372003006434,0.9925546279969936
8788,2020-05-10,0.04556052388867926,0.9544394761113207
8790,2020-05-10,0.00851517408616742,0.9914848259138326
8791,2020-05-10,0.05912906804353779,0.9408709319564622
8792,2020-05-10,0.011018616129762737,0.9889813838702373
8793,2020-05-10,0.011146574605816917,0.9888534253941831
8794,2020-05-10,0.036955491721512135,0.9630445082784879
8795,2020-05-10,0.00886908165675393,0.9911309183432461
8796,2020-05-10,0.011178112824451025,0.988821887175549
8797,2020-05-10,0.02551981805916781,0.9744801819408322
8798,2020-05-10,0.03487030072418529,0.9651296992758147
8799,2020-05-10,0.018406735102177607,0.9815932648978224
8800,2020-05-10,0.002738023121041655,0.9972619768789583
8802,2020-05-10,0.05950401323189558,0.9404959867681044
8803,2020-05-10,0.01096728756537979,0.9890327124346202
8805,2020-05-10,0.026724386772676967,0.973275613227323
8806,2020-05-10,0.009174275024185441,0.9908257249758146
8807,2020-05-10,0.016318707255867593,0.9836812927441324
8809,2020-05-10,0.006816829276772851,0.9931831707232271
8810,2020-05-10,0.004536911502896701,0.9954630884971033
8811,2020-05-10,0.014902454625929873,0.9850975453740701
8812,2020-05-10,0.008944188009186949,0.991055811990813
8813,2020-05-10,0.013720607170150223,0.9862793928298498
8814,2020-05-10,0.023829349299103297,0.9761706507008967
8815,2020-05-10,0.014410437616052096,0.9855895623839479
8816,2020-05-10,0.018156829769940486,0.9818431702300595
8817,2020-05-10,0.0039033244153526825,0.9960966755846473
8818,2020-05-10,0.014736807767595117,0.9852631922324049
8819,2020-05-10,0.06771470999038731,0.9322852900096127
8820,2020-05-10,0.016461469968571674,0.9835385300314283
8821,2020-05-10,0.003374204113236634,0.9966257958867634
8822,2020-05-10,0.025598267875350578,0.9744017321246494
8823,2020-05-10,0.02376928135315015,0.9762307186468498
8824,2020-05-10,0.023288073092734174,0.9767119269072658
8825,2020-05-10,0.003051961078157528,0.9969480389218425
8826,2020-05-10,0.04754486375596367,0.9524551362440363
8827,2020-05-10,0.010664207414622262,0.9893357925853777
8828,2020-05-10,0.00584406473273924,0.9941559352672608
8829,2020-05-10,0.0016289943809036922,0.9983710056190963
8831,2020-05-10,0.03673698652696766,0.9632630134730323
8832,2020-05-10,0.019568316710571132,0.9804316832894289
8833,2020-05-10,0.0037156081027295285,0.9962843918972705
8834,2020-05-10,0.018203505443519452,0.9817964945564805
8835,2020-05-10,0.06765207423133823,0.9323479257686618
8836,2020-05-10,0.011490627974678147,0.9885093720253219
8837,2020-05-10,0.012669007207635086,0.9873309927923649
8838,2020-05-10,0.00406522955766031,0.9959347704423397
8840,2020-05-10,0.05984624373786218,0.9401537562621378
8841,2020-05-10,0.014419420757975754,0.9855805792420242
8842,2020-05-10,0.011655109595426372,0.9883448904045736
8843,2020-05-10,0.04352156756867254,0.9564784324313275
8844,2020-05-10,0.021377322539608445,0.9786226774603916
8845,2020-05-10,0.005384419665351969,0.994615580334648
8846,2020-05-10,0.011667605282326798,0.9883323947176732
8848,2020-05-10,0.05045638963248411,0.9495436103675159
8849,2020-05-10,0.012461996835649525,0.9875380031643505
8850,2020-05-10,0.007857667112616706,0.9921423328873833
8851,2020-05-10,0.04271034001893925,0.9572896599810607
8852,2020-05-10,0.00997631233680396,0.990023687663196
8853,2020-05-10,0.015297930628743184,0.9847020693712568
8854,2020-05-10,0.006879573915258064,0.9931204260847419
8856,2020-05-10,0.007404628771019217,0.9925953712289808
8857,2020-05-10,0.005568557521344775,0.9944314424786552
8858,2020-05-10,0.027191524653773058,0.9728084753462269
8859,2020-05-10,0.028113389113930354,0.9718866108860696
8860,2020-05-10,0.011493085679396442,0.9885069143206036
8861,2020-05-10,0.002219496338407456,0.9977805036615925
8862,2020-05-10,0.023830170294728226,0.9761698297052718
8863,2020-05-10,0.009337022894971292,0.9906629771050287
8864,2020-05-10,0.03914274048703703,0.960857259512963
8865,2020-05-10,0.004017282821721757,0.9959827171782782
8866,2020-05-10,0.0010263038473523611,0.9989736961526476
8867,2020-05-10,0.009388519508849003,0.990611480491151
8868,2020-05-10,0.015105308575283694,0.9848946914247163
8869,2020-05-10,0.03060231385561507,0.9693976861443849
8870,2020-05-10,0.0017034364366359522,0.998296563563364
8871,2020-05-10,0.020696434647407114,0.9793035653525929
8872,2020-05-10,0.004505743122544148,0.9954942568774559
8873,2020-05-10,0.004696690663175573,0.9953033093368244
8874,2020-05-10,0.013343953596787084,0.9866560464032129
8876,2020-05-10,0.015283074354156989,0.984716925645843
8877,2020-05-10,0.009195812506407774,0.9908041874935922
8878,2020-05-10,0.03827404543871482,0.9617259545612852
8879,2020-05-10,0.005163019822178483,0.9948369801778215
8881,2020-05-10,0.0057553207495379954,0.994244679250462
8882,2020-05-10,0.07639650107174645,0.9236034989282536
8883,2020-05-10,0.010752535784457118,0.9892474642155429
8884,2020-05-10,0.031135335126391217,0.9688646648736088
8885,2020-05-10,0.051167245736838285,0.9488327542631617
8886,2020-05-10,0.005758899321996802,0.9942411006780032
8887,2020-05-10,0.002909827556599076,0.9970901724434009
8888,2020-05-10,0.016828559671533405,0.9831714403284666
8889,2020-05-10,0.057430990248134695,0.9425690097518653
8890,2020-05-10,0.01712297726528811,0.9828770227347119
8891,2020-05-10,0.017897267076315115,0.9821027329236849
8892,2020-05-10,0.005686306764743465,0.9943136932352565
8893,2020-05-10,0.02071733107937046,0.9792826689206295
8894,2020-05-10,0.018982254802200282,0.9810177451977997
8895,2020-05-10,0.04073551703135092,0.9592644829686491
8896,2020-05-10,0.009509835058196359,0.9904901649418036
8898,2020-05-10,0.012496997858827186,0.9875030021411728
8899,2020-05-10,0.00714256102401245,0.9928574389759875
8900,2020-05-10,0.0015971675951781394,0.9984028324048219
8901,2020-05-10,0.012656943939010956,0.987343056060989
8902,2020-05-10,0.017749896893850647,0.9822501031061494
8903,2020-05-10,0.010769728496991537,0.9892302715030085
8904,2020-05-10,0.006762107573487275,0.9932378924265127
8905,2020-05-10,0.014286101133554663,0.9857138988664453
8906,2020-05-10,0.07903276154003303,0.920967238459967
8907,2020-05-10,0.02459105631252312,0.9754089436874769
8909,2020-05-10,0.02389424275183538,0.9761057572481646
8910,2020-05-10,0.0013300595098854062,0.9986699404901146
8911,2020-05-10,0.011311864790586323,0.9886881352094137
8912,2020-05-10,0.007484683108275103,0.9925153168917249
8913,2020-05-10,0.004397986607109661,0.9956020133928903
8914,2020-05-10,0.008429564317969263,0.9915704356820307
8915,2020-05-10,0.03745791160855827,0.9625420883914417
8916,2020-05-10,0.03615796984640529,0.9638420301535947
8917,2020-05-10,0.013215064874628535,0.9867849351253715
8918,2020-05-10,0.05510687517728763,0.9448931248227124
8919,2020-05-10,0.02520920682779393,0.9747907931722061
8920,2020-05-10,0.006989625753701545,0.9930103742462985
8921,2020-05-10,0.013905391714621573,0.9860946082853784
8922,2020-05-10,0.005086766298882162,0.9949132337011178
8924,2020-05-10,0.02722582220359604,0.972774177796404
8925,2020-05-10,0.018893341607899017,0.981106658392101
8926,2020-05-10,0.027255430913883605,0.9727445690861164
8927,2020-05-10,0.040978447595980794,0.9590215524040192
8929,2020-05-10,0.010426507804654706,0.9895734921953453
8930,2020-05-10,0.020914489725766372,0.9790855102742336
8931,2020-05-10,0.00649765972405647,0.9935023402759435
8932,2020-05-10,0.008403730527358655,0.9915962694726413
8933,2020-05-10,0.003398625658512122,0.9966013743414879
8935,2020-05-10,0.03154781410292029,0.9684521858970797
8936,2020-05-10,0.0456804577420592,0.9543195422579408
8937,2020-05-10,0.03942546926833712,0.9605745307316629
8938,2020-05-10,0.004461825309150069,0.9955381746908499
8939,2020-05-10,0.007009039935476746,0.9929909600645233
8940,2020-05-10,0.008617398182931169,0.9913826018170688
8941,2020-05-10,0.004163949157132585,0.9958360508428674
8942,2020-05-10,0.02139511912593417,0.9786048808740658
8943,2020-05-10,0.0077727246214139845,0.992227275378586
8944,2020-05-10,0.00938246924731334,0.9906175307526867
8945,2020-05-10,0.008509806432046463,0.9914901935679535
8946,2020-05-10,0.05852205953906797,0.941477940460932
8947,2020-05-10,0.004615395131517208,0.9953846048684828
8948,2020-05-10,0.004453648162953683,0.9955463518370463
8949,2020-05-10,0.0608444984583546,0.9391555015416454
8950,2020-05-10,0.014773055312753747,0.9852269446872463
8951,2020-05-10,0.006577733478385306,0.9934222665216147
8952,2020-05-10,0.06932439864138873,0.9306756013586113
8953,2020-05-10,0.01911416148368994,0.9808858385163101
8954,2020-05-10,0.0171780020520923,0.9828219979479077
8956,2020-05-10,0.052231028841177585,0.9477689711588224
8958,2020-05-10,0.029776446220267205,0.9702235537797328
8959,2020-05-10,0.013402901144445867,0.9865970988555541
8960,2020-05-10,0.014909439632681099,0.9850905603673189
8961,2020-05-10,0.00921721610520354,0.9907827838947965
8962,2020-05-10,0.022197707662935273,0.9778022923370647
8963,2020-05-10,0.001964718692716305,0.9980352813072837
8964,2020-05-10,0.004665802053080426,0.9953341979469196
8965,2020-05-10,0.0017330663863257545,0.9982669336136742
8966,2020-05-10,0.015432111622767919,0.9845678883772321
8967,2020-05-10,0.005007344068767017,0.994992655931233
8968,2020-05-10,0.012722155472511654,0.9872778445274883
8969,2020-05-10,0.0058899814999009426,0.9941100185000991
8970,2020-05-10,0.00790094330937774,0.9920990566906223
8971,2020-05-10,0.07774459422455815,0.9222554057754418
8972,2020-05-10,0.0351850388301973,0.9648149611698027
8973,2020-05-10,0.015224738382726644,0.9847752616172734
8974,2020-05-10,0.020529246446240434,0.9794707535537596
8975,2020-05-10,0.022989020582724007,0.977010979417276
8977,2020-05-10,0.03183177956282068,0.9681682204371793
8978,2020-05-10,0.0035517989443186737,0.9964482010556813
8979,2020-05-10,0.004209664056809559,0.9957903359431904
8980,2020-05-10,0.023766710468969166,0.9762332895310308
8981,2020-05-10,0.007167322462094505,0.9928326775379055
8982,2020-05-10,0.0033735437051283235,0.9966264562948717
8984,2020-05-10,0.020874717706696355,0.9791252822933036
8985,2020-05-10,0.005311566222960584,0.9946884337770394
8987,2020-05-10,0.017542739234163496,0.9824572607658365
8988,2020-05-10,0.007507404755110247,0.9924925952448898
8989,2020-05-10,0.011227555731984529,0.9887724442680155
8990,2020-05-10,0.020940971566309363,0.9790590284336906
8991,2020-05-10,0.020894041669525243,0.9791059583304748
8992,2020-05-10,0.05994238817146014,0.9400576118285399
8993,2020-05-10,0.049448105223075745,0.9505518947769243
8994,2020-05-10,0.0055604131898976394,0.9944395868101024
8995,2020-05-10,0.026790895662488046,0.973209104337512
8997,2020-05-10,0.020423641900135903,0.9795763580998641
8998,2020-05-10,0.026513095285396693,0.9734869047146033
8999,2020-05-10,0.0038347629519319693,0.996165237048068
9000,2020-05-10,0.013755650450103296,0.9862443495498967
9001,2020-05-10,0.01349027405454617,0.9865097259454538
9002,2020-05-10,0.022375971183246524,0.9776240288167535
9003,2020-05-10,0.007582651414828834,0.9924173485851712
9005,2020-05-10,0.028014642946187274,0.9719853570538127
9006,2020-05-10,0.02087928914120285,0.9791207108587971
9007,2020-05-10,0.001387551224419581,0.9986124487755804
9008,2020-05-10,0.06344287965002982,0.9365571203499702
9009,2020-05-10,0.08147232203081223,0.9185276779691878
9010,2020-05-10,0.025932935348087383,0.9740670646519126
9011,2020-05-10,0.023975262435898648,0.9760247375641014
9012,2020-05-10,0.03675374412430665,0.9632462558756933
9013,2020-05-10,0.030794948758026464,0.9692050512419735
9014,2020-05-10,0.06228951901252433,0.9377104809874757
9015,2020-05-10,0.020849659667653175,0.9791503403323468
9016,2020-05-10,0.011384491766227467,0.9886155082337725
9017,2020-05-10,0.016319596880387977,0.983680403119612
9018,2020-05-10,0.02593709618929707,0.9740629038107029
9019,2020-05-10,0.07139927630438181,0.9286007236956182
9020,2020-05-10,0.020161981690579145,0.9798380183094209
9022,2020-05-10,0.05980840750584904,0.940191592494151
9023,2020-05-10,0.0050249776086482845,0.9949750223913517
9024,2020-05-10,0.05895056659008224,0.9410494334099178
9025,2020-05-10,0.012302039230015271,0.9876979607699847
9026,2020-05-10,0.007102712135814371,0.9928972878641856
9027,2020-05-10,0.05563211821301839,0.9443678817869816
9028,2020-05-10,0.010814655444426724,0.9891853445555733
9029,2020-05-10,0.0028321577892311822,0.9971678422107688
9030,2020-05-10,0.014218477305427912,0.9857815226945721
9031,2020-05-10,0.017902729156651143,0.9820972708433489
9032,2020-05-10,0.009159687113359793,0.9908403128866402
9034,2020-05-10,0.01206288203579553,0.9879371179642045
9035,2020-05-10,0.03151639420078867,0.9684836057992113
9037,2020-05-10,0.015945254587333535,0.9840547454126665
9038,2020-05-10,0.05047310244858905,0.949526897551411
9039,2020-05-10,0.003304941383343696,0.9966950586166563
9040,2020-05-10,0.013366988099322352,0.9866330119006776
9041,2020-05-10,0.008346758212542493,0.9916532417874575
9042,2020-05-10,0.024162504077188673,0.9758374959228113
9044,2020-05-10,0.002315883841469746,0.9976841161585303
9045,2020-05-10,0.028211474828847005,0.971788525171153
9046,2020-05-10,0.007341473173095081,0.9926585268269049
9047,2020-05-10,0.007964232805313332,0.9920357671946867
9048,2020-05-10,0.008769347187657095,0.9912306528123429
9049,2020-05-10,0.002331470176401451,0.9976685298235985
9050,2020-05-10,0.03608630307805105,0.963913696921949
9051,2020-05-10,0.03751408197697692,0.9624859180230231
9052,2020-05-10,0.011112288486142097,0.9888877115138579
9053,2020-05-10,0.021255416414190487,0.9787445835858095
9054,2020-05-10,0.01901430951263583,0.9809856904873642
9055,2020-05-10,0.01126543321693485,0.9887345667830651
9056,2020-05-10,0.015030760306040114,0.9849692396939599
9057,2020-05-10,0.012845272650521489,0.9871547273494785
9058,2020-05-10,0.013876508479426453,0.9861234915205735
9059,2020-05-10,0.018384195363246647,0.9816158046367534
9060,2020-05-10,0.03250665333993874,0.9674933466600613
9061,2020-05-10,0.019491620003878718,0.9805083799961213
9062,2020-05-10,0.004816904195632188,0.9951830958043678
9063,2020-05-10,0.034319083009922036,0.965680916990078
9064,2020-05-10,0.007728444162424797,0.9922715558375752
9065,2020-05-10,0.010701574249089574,0.9892984257509104
9066,2020-05-10,0.014891450107555104,0.9851085498924449
9067,2020-05-10,0.01421350685752265,0.9857864931424773
9068,2020-05-10,0.009229040858515503,0.9907709591414845
9069,2020-05-10,0.046846872102277004,0.953153127897723
9071,2020-05-10,0.026367695340993258,0.9736323046590067
9072,2020-05-10,0.03704808491546274,0.9629519150845373
9073,2020-05-10,0.007816455167597658,0.9921835448324023
9074,2020-05-10,0.006545171386884152,0.9934548286131158
9075,2020-05-10,0.024306168326603705,0.9756938316733963
9076,2020-05-10,0.015749587453252167,0.9842504125467478
9077,2020-05-10,0.025376521722052514,0.9746234782779475
9078,2020-05-10,0.009737074570819737,0.9902629254291803
9079,2020-05-10,0.007461975863516157,0.9925380241364838
9080,2020-05-10,0.017567299788983304,0.9824327002110167
9081,2020-05-10,0.05036352915457698,0.949636470845423
9082,2020-05-10,0.026409485047014014,0.973590514952986
9083,2020-05-10,0.03272276177016531,0.9672772382298347
9084,2020-05-10,0.016971493119483205,0.9830285068805168
9085,2020-05-10,0.010693048386612003,0.989306951613388
9086,2020-05-10,0.03291959062217387,0.9670804093778261
9088,2020-05-10,0.0224673857996025,0.9775326142003975
9089,2020-05-10,0.0047476380288378195,0.9952523619711622
9090,2020-05-10,0.030837348280543075,0.9691626517194569
9091,2020-05-10,0.025605142813480253,0.9743948571865197
9092,2020-05-10,0.03392698695853058,0.9660730130414694
9093,2020-05-10,0.008324087310807915,0.9916759126891921
9094,2020-05-10,0.005738052655803183,0.9942619473441968
9095,2020-05-10,0.019154117206054866,0.9808458827939451
9096,2020-05-10,0.023782283382652092,0.9762177166173479
9097,2020-05-10,0.016695807420392228,0.9833041925796078
9098,2020-05-10,0.00721970106357106,0.9927802989364289
9099,2020-05-10,0.010630604997686421,0.9893693950023136
9100,2020-05-10,0.004167629169281817,0.9958323708307182
9101,2020-05-10,0.013186274553164568,0.9868137254468354
9102,2020-05-10,0.003720550893841157,0.9962794491061588
9103,2020-05-10,0.0232889686646075,0.9767110313353925
9104,2020-05-10,0.0029134221749864686,0.9970865778250135
9105,2020-05-10,0.01129897536262392,0.9887010246373761
9106,2020-05-10,0.010556336216869133,0.9894436637831309
9107,2020-05-10,0.009003497310552055,0.990996502689448
9108,2020-05-10,0.01640619627269746,0.9835938037273025
9109,2020-05-10,0.02361476248056582,0.9763852375194342
9110,2020-05-10,0.04277337899086642,0.9572266210091336
9111,2020-05-10,0.02133951353648722,0.9786604864635128
9112,2020-05-10,0.012269669876218248,0.9877303301237818
9113,2020-05-10,0.0036185733477041016,0.9963814266522959
9114,2020-05-10,0.02316344818766003,0.97683655181234
9115,2020-05-10,0.019381660943052825,0.9806183390569472
9116,2020-05-10,0.011331150457762007,0.988668849542238
9117,2020-05-10,0.024809528864120134,0.9751904711358799
9118,2020-05-10,0.02779314729354243,0.9722068527064576
9119,2020-05-10,0.011623854252770904,0.9883761457472291
9120,2020-05-10,0.01925700574050271,0.9807429942594973
9121,2020-05-10,0.003425918940132444,0.9965740810598676
9124,2020-05-10,0.014684485675126369,0.9853155143248736
9125,2020-05-10,0.006723422065099238,0.9932765779349008
9126,2020-05-10,0.019541173780268317,0.9804588262197317
9128,2020-05-10,0.005634277523050013,0.99436572247695
9129,2020-05-10,0.017753227005695926,0.9822467729943041
9130,2020-05-10,0.010761212617855564,0.9892387873821444
9131,2020-05-10,0.008625251393477806,0.9913747486065222
9133,2020-05-10,0.04670997946794886,0.9532900205320511
9134,2020-05-10,0.0190853827558799,0.9809146172441201
9135,2020-05-10,0.006221448610942315,0.9937785513890577
9136,2020-05-10,0.013777944787339402,0.9862220552126606
9137,2020-05-10,0.01128695731000251,0.9887130426899975
9138,2020-05-10,0.01322534775691997,0.98677465224308
9139,2020-05-10,0.014363198000671873,0.9856368019993281
9140,2020-05-10,0.008833125002514208,0.9911668749974858
9141,2020-05-10,0.00399912356961496,0.996000876430385
9142,2020-05-10,0.010439001450053165,0.9895609985499468
9144,2020-05-10,0.051804052135459355,0.9481959478645406
9145,2020-05-10,0.03888054961170684,0.9611194503882932
9146,2020-05-10,0.012022965781215977,0.987977034218784
9147,2020-05-10,0.004508623083896546,0.9954913769161035
9148,2020-05-10,0.010224444118784426,0.9897755558812156
9149,2020-05-10,0.005618412381951821,0.9943815876180482
9150,2020-05-10,0.011541020521930845,0.9884589794780692
9151,2020-05-10,0.011944825081195765,0.9880551749188042
9152,2020-05-10,0.044621119527412434,0.9553788804725876
9153,2020-05-10,0.034905192988384015,0.965094807011616
9154,2020-05-10,0.0135739350685945,0.9864260649314055
9155,2020-05-10,0.01897867576353207,0.9810213242364679
9156,2020-05-10,0.016579397073965718,0.9834206029260343
9158,2020-05-10,0.006343522031710513,0.9936564779682895
9159,2020-05-10,0.019617993397423095,0.9803820066025769
9160,2020-05-10,0.00881586843351334,0.9911841315664867
9161,2020-05-10,0.009107727563061219,0.9908922724369388
9162,2020-05-10,0.007724783557529258,0.9922752164424707
9164,2020-05-10,0.003657910104284068,0.9963420898957159
9165,2020-05-10,0.012430030344064869,0.9875699696559351
9166,2020-05-10,0.0046548338323892935,0.9953451661676107
9167,2020-05-10,0.07442830740113393,0.9255716925988661
9168,2020-05-10,0.01784257274172274,0.9821574272582773
9169,2020-05-10,0.006177002714518598,0.9938229972854814
9170,2020-05-10,0.027374542093442034,0.972625457906558
9171,2020-05-10,0.0736621965299622,0.9263378034700378
9174,2020-05-10,0.009187760923611954,0.990812239076388
9175,2020-05-10,0.016167804408425135,0.9838321955915749
9176,2020-05-10,0.026490630057508513,0.9735093699424915
9177,2020-05-10,0.0181455202825479,0.9818544797174521
9178,2020-05-10,0.041852878444187724,0.9581471215558123
9179,2020-05-10,0.024498882411436163,0.9755011175885638
9180,2020-05-10,0.0059452177795216166,0.9940547822204784
9181,2020-05-10,0.02202013540819836,0.9779798645918016
9182,2020-05-10,0.011248296196924024,0.988751703803076
9183,2020-05-10,0.00465700771834443,0.9953429922816556
9184,2020-05-10,0.007707104030832412,0.9922928959691676
9185,2020-05-10,0.003845643982023139,0.9961543560179769
9186,2020-05-10,0.02073524288862172,0.9792647571113783
9187,2020-05-10,0.027678582113047523,0.9723214178869525
9188,2020-05-10,0.0053992364213754085,0.9946007635786246
9189,2020-05-10,0.0032810546384325345,0.9967189453615675
9190,2020-05-10,0.004033551897512866,0.9959664481024871
9191,2020-05-10,0.02074778378455211,0.9792522162154479
9194,2020-05-10,0.0029296486075482964,0.9970703513924517
9195,2020-05-10,0.03476546740982056,0.9652345325901794
9196,2020-05-10,0.005502301057014547,0.9944976989429855
9197,2020-05-10,0.05303948618912713,0.9469605138108729
9198,2020-05-10,0.027343751231464486,0.9726562487685355
9199,2020-05-10,0.05747092381294605,0.942529076187054
9201,2020-05-10,0.014617263517834544,0.9853827364821655
9202,2020-05-10,0.01520085052507536,0.9847991494749246
9203,2020-05-10,0.009913680471337005,0.990086319528663
9204,2020-05-10,0.012786814582315786,0.9872131854176842
9205,2020-05-10,0.04177245851542388,0.9582275414845761
9206,2020-05-10,0.08143236124493003,0.91856763875507
9208,2020-05-10,0.011927031212709993,0.98807296878729
9209,2020-05-10,0.011551396467324504,0.9884486035326755
9210,2020-05-10,0.015081942470101972,0.984918057529898
9211,2020-05-10,0.03388893819917105,0.966111061800829
9212,2020-05-10,0.030045707782130227,0.9699542922178698
9214,2020-05-10,0.012955391474333222,0.9870446085256668
9215,2020-05-10,0.007822098475330108,0.9921779015246699
9216,2020-05-10,0.032961914269054926,0.9670380857309451
9217,2020-05-10,0.017000029891956592,0.9829999701080434
9218,2020-05-10,0.007110634424062345,0.9928893655759377
9219,2020-05-10,0.004831819807360582,0.9951681801926394
9220,2020-05-10,0.03465106081100544,0.9653489391889946
9221,2020-05-10,0.017575019357437438,0.9824249806425626
9222,2020-05-10,0.017562625839753543,0.9824373741602465
9223,2020-05-10,0.016190157468283006,0.983809842531717
9224,2020-05-10,0.02909888945062511,0.9709011105493749
9225,2020-05-10,0.007361913271422327,0.9926380867285777
9226,2020-05-10,0.06275856580365013,0.9372414341963499
9227,2020-05-10,0.046815316580161026,0.953184683419839
9228,2020-05-10,0.03638975775613651,0.9636102422438635
9229,2020-05-10,0.004444500910075422,0.9955554990899246
9230,2020-05-10,0.13340315635616373,0.8665968436438363
9231,2020-05-10,0.007463941085361858,0.9925360589146381
9232,2020-05-10,0.01155477942773342,0.9884452205722666
9233,2020-05-10,0.01015367696353675,0.9898463230364632
9234,2020-05-10,0.022143866621257335,0.9778561333787427
9235,2020-05-10,0.025599955639927896,0.9744000443600721
9236,2020-05-10,0.022746921761537364,0.9772530782384626
9237,2020-05-10,0.03358349350483647,0.9664165064951635
9238,2020-05-10,0.022902417455385793,0.9770975825446142
9239,2020-05-10,0.01192350140317,0.98807649859683
9240,2020-05-10,0.011369480873640314,0.9886305191263597
9241,2020-05-10,0.01491754381969157,0.9850824561803084
9242,2020-05-10,0.08344341417050982,0.9165565858294902
9243,2020-05-10,0.029950190465078075,0.9700498095349219
9244,2020-05-10,0.025734043913385296,0.9742659560866147
9245,2020-05-10,0.0036727794212164655,0.9963272205787835
9246,2020-05-10,0.05035420045333705,0.949645799546663
9247,2020-05-10,0.013621919592473275,0.9863780804075267
9248,2020-05-10,0.01721602346524942,0.9827839765347506
9249,2020-05-10,0.04075006093036371,0.9592499390696363
9251,2020-05-10,0.013020349645729956,0.98697965035427
9252,2020-05-10,0.01699698280227091,0.9830030171977291
9253,2020-05-10,0.00853906161211826,0.9914609383878817
9254,2020-05-10,0.01365416438457323,0.9863458356154268
9255,2020-05-10,0.020295720821060015,0.97970427917894
9257,2020-05-10,0.008210729620578672,0.9917892703794213
9258,2020-05-10,0.018024953037439007,0.981975046962561
9259,2020-05-10,0.032715940364516194,0.9672840596354838
9260,2020-05-10,0.14676018630516519,0.8532398136948348
9261,2020-05-10,0.0008794043428792531,0.9991205956571207
9262,2020-05-10,0.01870276083360023,0.9812972391663998
9263,2020-05-10,0.02465002639645364,0.9753499736035464
9264,2020-05-10,0.019519417543443884,0.9804805824565561
9265,2020-05-10,0.012458467066944534,0.9875415329330555
9266,2020-05-10,0.027697013846331053,0.972302986153669
9267,2020-05-10,0.01731005615595871,0.9826899438440413
9268,2020-05-10,0.008971322670467075,0.9910286773295329
9269,2020-05-10,0.016013455516586506,0.9839865444834135
9271,2020-05-10,0.023431844872012553,0.9765681551279874
9272,2020-05-10,0.030293914074506434,0.9697060859254936
9274,2020-05-10,0.011874397437145245,0.9881256025628548
9275,2020-05-10,0.011334629162341181,0.9886653708376588
9276,2020-05-10,0.020980539674048004,0.979019460325952
9277,2020-05-10,0.003188365413287819,0.9968116345867122
9278,2020-05-10,0.02470614191802023,0.9752938580819798
9279,2020-05-10,0.01202973647466321,0.9879702635253368
9280,2020-05-10,0.027362455563496813,0.9726375444365032
9281,2020-05-10,0.07634166133703246,0.9236583386629675
9282,2020-05-10,0.01173063173374922,0.9882693682662508
9283,2020-05-10,0.007724518626486154,0.9922754813735138
9284,2020-05-10,0.006720210398543647,0.9932797896014564
9285,2020-05-10,0.009967244002372255,0.9900327559976277
9286,2020-05-10,0.0036571153540641,0.9963428846459359
9287,2020-05-10,0.025081909987774598,0.9749180900122254
9288,2020-05-10,0.013919168748342314,0.9860808312516577
9289,2020-05-10,0.01952504791122922,0.9804749520887708
9290,2020-05-10,0.007917615780394183,0.9920823842196058
9291,2020-05-10,0.0127743597113964,0.9872256402886036
9292,2020-05-10,0.0016861083720827175,0.9983138916279173
9293,2020-05-10,0.040173895038006946,0.959826104961993
9294,2020-05-10,0.0347023398002263,0.9652976601997737
9296,2020-05-10,0.02524098947403519,0.9747590105259648
9297,2020-05-10,0.015584414870543295,0.9844155851294567
9298,2020-05-10,0.007487852361254488,0.9925121476387455
9299,2020-05-10,0.004056665630850942,0.9959433343691491
9301,2020-05-10,0.04770893835719425,0.9522910616428057
9302,2020-05-10,0.037731497384870805,0.9622685026151292
9303,2020-05-10,0.031525453775825496,0.9684745462241745
9305,2020-05-10,0.009644918342606945,0.990355081657393
9306,2020-05-10,0.009044000799541041,0.990955999200459
9307,2020-05-10,0.026605709352264473,0.9733942906477355
9308,2020-05-10,0.011455982818407318,0.9885440171815927
9310,2020-05-10,0.011347510923834347,0.9886524890761657
9311,2020-05-10,0.01063183408706092,0.9893681659129391
9312,2020-05-10,0.003955692551738443,0.9960443074482616
9313,2020-05-10,0.00880446759924236,0.9911955324007576
9314,2020-05-10,0.006437636451122386,0.9935623635488776
9316,2020-05-10,0.024339894222491498,0.9756601057775085
9317,2020-05-10,0.03172338933837482,0.9682766106616252
9319,2020-05-10,0.010404099482448137,0.9895959005175519
9320,2020-05-10,0.02261123239592666,0.9773887676040733
9322,2020-05-10,0.005648619787032905,0.9943513802129671
9323,2020-05-10,0.009239818465170302,0.9907601815348297
9325,2020-05-10,0.0249194521797248,0.9750805478202752
9326,2020-05-10,0.033672149506606686,0.9663278504933933
9328,2020-05-10,0.007444290452774838,0.9925557095472252
9329,2020-05-10,0.013886186667972367,0.9861138133320276
9330,2020-05-10,0.030209878330997753,0.9697901216690022
9331,2020-05-10,0.01243965504103417,0.9875603449589658
9332,2020-05-10,0.006880164020601431,0.9931198359793986
9333,2020-05-10,0.011035351845651409,0.9889646481543486
9334,2020-05-10,0.01697962453209123,0.9830203754679088
9335,2020-05-10,0.026010737824283203,0.9739892621757168
9336,2020-05-10,0.05578595359325533,0.9442140464067447
9337,2020-05-10,0.03486728735161382,0.9651327126483862
9338,2020-05-10,0.0020776416863347302,0.9979223583136653
9339,2020-05-10,0.06740659492014633,0.9325934050798537
9340,2020-05-10,0.0028994367308928792,0.9971005632691071
9341,2020-05-10,0.004725714223131283,0.9952742857768687
9342,2020-05-10,0.022124057010716625,0.9778759429892834
9343,2020-05-10,0.03976841104088791,0.9602315889591121
9344,2020-05-10,0.10086628766119032,0.8991337123388097
9345,2020-05-10,0.07103579809357552,0.9289642019064245
9346,2020-05-10,0.025611397730732177,0.9743886022692678
9347,2020-05-10,0.029558140006821554,0.9704418599931784
9348,2020-05-10,0.017669095673189972,0.98233090432681
9351,2020-05-10,0.011015735111390756,0.9889842648886092
9352,2020-05-10,0.023177744345406426,0.9768222556545936
9353,2020-05-10,0.030502059915816004,0.969497940084184
9354,2020-05-10,0.00545507031051895,0.994544929689481
9355,2020-05-10,0.01920532151696175,0.9807946784830383
9356,2020-05-10,0.06843939262689358,0.9315606073731064
9357,2020-05-10,0.010377380873711428,0.9896226191262886
9358,2020-05-10,0.002640129630251953,0.997359870369748
9359,2020-05-10,0.0029669178937326013,0.9970330821062674
9360,2020-05-10,0.03689378227357287,0.9631062177264271
9361,2020-05-10,0.004404041854821017,0.995595958145179
9362,2020-05-10,0.0013214843657243236,0.9986785156342757
9364,2020-05-10,0.0031116971911970825,0.9968883028088029
9365,2020-05-10,0.08424455445087609,0.9157554455491239
9366,2020-05-10,0.002902041261562016,0.997097958738438
9368,2020-05-10,0.03999534513147307,0.9600046548685269
9369,2020-05-10,0.0110775220879884,0.9889224779120116
9371,2020-05-10,0.010301493480950108,0.9896985065190499
9373,2020-05-10,0.01560888339915345,0.9843911166008465
9374,2020-05-10,0.0078669107083853,0.9921330892916147
9375,2020-05-10,0.002261669599581295,0.9977383304004187
9376,2020-05-10,0.005650600621263102,0.9943493993787369
9378,2020-05-10,0.014129977566423979,0.985870022433576
9379,2020-05-10,0.010492123135170672,0.9895078768648293
9380,2020-05-10,0.031689427407637694,0.9683105725923623
9381,2020-05-10,0.009298342072991739,0.9907016579270083
9382,2020-05-10,0.030039772314874535,0.9699602276851255
9383,2020-05-10,0.008641334840227999,0.991358665159772
9385,2020-05-10,0.007063483275841165,0.9929365167241588
9386,2020-05-10,0.009986855985370191,0.9900131440146298
9387,2020-05-10,0.003863977754386516,0.9961360222456135
9388,2020-05-10,0.04152063799641237,0.9584793620035876
9389,2020-05-10,0.015018476018527571,0.9849815239814724
9390,2020-05-10,0.017996398307689176,0.9820036016923108
9391,2020-05-10,0.015721045161357305,0.9842789548386427
9392,2020-05-10,0.016462216874920887,0.9835377831250791
9393,2020-05-10,0.019902746744480115,0.9800972532555199
9394,2020-05-10,0.04816325548262501,0.951836744517375
9396,2020-05-10,0.0050526885304295055,0.9949473114695705
9397,2020-05-10,0.02153605242064205,0.978463947579358
9398,2020-05-10,0.002860533350719674,0.9971394666492803
9399,2020-05-10,0.010872015026282766,0.9891279849737172
9400,2020-05-10,0.0050862780017587594,0.9949137219982412
9402,2020-05-10,0.019622801144871138,0.9803771988551289
9403,2020-05-10,0.016471910132053624,0.9835280898679464
9404,2020-05-10,0.0025974609545816874,0.9974025390454183
9405,2020-05-10,0.04898991517573115,0.9510100848242689
9407,2020-05-10,0.011369485334052909,0.9886305146659471
9408,2020-05-10,0.015369185626966209,0.9846308143730338
9409,2020-05-10,0.04491918882686374,0.9550808111731363
9410,2020-05-10,0.003949463338692727,0.9960505366613073
9411,2020-05-10,0.02290313507216979,0.9770968649278302
9412,2020-05-10,0.020808512186447414,0.9791914878135526
9413,2020-05-10,0.029209818968240486,0.9707901810317595
9414,2020-05-10,0.00790724227479278,0.9920927577252072
9415,2020-05-10,0.011432717638571899,0.9885672823614281
9416,2020-05-10,0.01997762597811803,0.980022374021882
9417,2020-05-10,0.01108195179070326,0.9889180482092967
9418,2020-05-10,0.03723984223292354,0.9627601577670765
9420,2020-05-10,0.0052109208587233224,0.9947890791412767
9421,2020-05-10,0.04306074482693556,0.9569392551730644
9422,2020-05-10,0.008050949579773592,0.9919490504202264
9426,2020-05-10,0.010777070449138781,0.9892229295508612
9427,2020-05-10,0.008135603886455067,0.9918643961135449
9428,2020-05-10,0.03134651666261601,0.968653483337384
9430,2020-05-10,0.03531669055350617,0.9646833094464938
9431,2020-05-10,0.03494367637051787,0.9650563236294821
9432,2020-05-10,0.00640766819615135,0.9935923318038486
9433,2020-05-10,0.01719997456245348,0.9828000254375465
9434,2020-05-10,0.01187567350134322,0.9881243264986568
9435,2020-05-10,0.031759295530803255,0.9682407044691967
9436,2020-05-10,0.018541868241066517,0.9814581317589335
9437,2020-05-10,0.013098299729157437,0.9869017002708426
9438,2020-05-10,0.03750953832760362,0.9624904616723964
9439,2020-05-10,0.031154248353072456,0.9688457516469275
9440,2020-05-10,0.003393036588181575,0.9966069634118184
9442,2020-05-10,0.021288116314863714,0.9787118836851363
9443,2020-05-10,0.01445716504811978,0.9855428349518802
9444,2020-05-10,0.03132528462564588,0.9686747153743541
9445,2020-05-10,0.01154875504514652,0.9884512449548535
9446,2020-05-10,0.008299525776427563,0.9917004742235724
9447,2020-05-10,0.004135052807822781,0.9958649471921772
9448,2020-05-10,0.06100654746275336,0.9389934525372466
9449,2020-05-10,0.01961494897921856,0.9803850510207814
9450,2020-05-10,0.03411586955348167,0.9658841304465183
9451,2020-05-10,0.0031432354876439472,0.996856764512356
9452,2020-05-10,0.010878499388770835,0.9891215006112292
9453,2020-05-10,0.009400466487121006,0.990599533512879
9454,2020-05-10,0.029333069963219605,0.9706669300367804
9455,2020-05-10,0.005479156947504116,0.9945208430524959
9456,2020-05-10,0.03929513915603555,0.9607048608439644
9457,2020-05-10,0.027784238971149233,0.9722157610288508
9458,2020-05-10,0.009437424201027333,0.9905625757989727
9459,2020-05-10,0.0022171416953805645,0.9977828583046194
9460,2020-05-10,0.008403373369477496,0.9915966266305225
9461,2020-05-10,0.013287859158335857,0.9867121408416641
9462,2020-05-10,0.0021981457681847782,0.9978018542318152
9463,2020-05-10,0.008987291316919888,0.9910127086830801
9464,2020-05-10,0.013667104522331108,0.9863328954776689
9465,2020-05-10,0.01687259582465228,0.9831274041753477
9466,2020-05-10,0.009990926154619717,0.9900090738453803
9467,2020-05-10,0.01190531323830235,0.9880946867616976
9468,2020-05-10,0.017283548684090655,0.9827164513159093
9469,2020-05-10,0.011959590799344944,0.9880404092006551
9470,2020-05-10,0.013639394436629648,0.9863606055633704
9471,2020-05-10,0.00901289489760404,0.990987105102396
9472,2020-05-10,0.003201124111149589,0.9967988758888504
9473,2020-05-10,0.0024844854285361873,0.9975155145714638
9474,2020-05-10,0.008319926604714478,0.9916800733952855
9475,2020-05-10,0.004473426816523851,0.9955265731834761
9476,2020-05-10,0.023249528253653673,0.9767504717463463
9477,2020-05-10,0.005687970106888818,0.9943120298931112
9478,2020-05-10,0.012236898707749244,0.9877631012922508
9479,2020-05-10,0.03393090499107709,0.9660690950089229
9480,2020-05-10,0.07030723439789999,0.9296927656021
9481,2020-05-10,0.0026026774788319162,0.9973973225211681
9482,2020-05-10,0.0251299601631646,0.9748700398368354
9483,2020-05-10,0.015026832113346211,0.9849731678866538
9485,2020-05-10,0.004849204801335771,0.9951507951986642
9486,2020-05-10,0.023372321703735155,0.9766276782962648
9487,2020-05-10,0.012423522112058438,0.9875764778879416
9488,2020-05-10,0.023355743585222855,0.9766442564147771
9489,2020-05-10,0.024813660177759433,0.9751863398222406
9490,2020-05-10,0.01891008736999955,0.9810899126300004
9492,2020-05-10,0.03008397773002347,0.9699160222699765
9494,2020-05-10,0.0066749178089897665,0.9933250821910102
9495,2020-05-10,0.011553403696186515,0.9884465963038135
9496,2020-05-10,0.020604458838161976,0.979395541161838
9497,2020-05-10,0.01731416428106869,0.9826858357189313
9498,2020-05-10,0.01772836744668993,0.9822716325533101
9499,2020-05-10,0.013631411551011663,0.9863685884489883
9500,2020-05-10,0.02091023774696732,0.9790897622530327
9501,2020-05-10,0.02046429789133475,0.9795357021086653
9503,2020-05-10,0.023542376782740293,0.9764576232172597
9504,2020-05-10,0.016598462911983636,0.9834015370880164
9505,2020-05-10,0.010894060979742215,0.9891059390202578
9506,2020-05-10,0.008020141442915518,0.9919798585570845
9507,2020-05-10,0.00935229999398246,0.9906477000060175
9508,2020-05-10,0.03247088002839471,0.9675291199716053
9509,2020-05-10,0.023026994960943403,0.9769730050390566
9510,2020-05-10,0.017351986147867704,0.9826480138521323
9511,2020-05-10,0.008468315883310651,0.9915316841166893
9512,2020-05-10,0.054464366776399875,0.9455356332236001
9513,2020-05-10,0.005751913477728521,0.9942480865222715
9514,2020-05-10,0.010682070372544317,0.9893179296274557
9515,2020-05-10,0.0025091002458782485,0.9974908997541218
9516,2020-05-10,0.0014157137479844373,0.9985842862520156
9517,2020-05-10,0.06030167971765654,0.9396983202823435
9518,2020-05-10,0.018561774558174315,0.9814382254418257
9519,2020-05-10,0.0038628510859527454,0.9961371489140473
9520,2020-05-10,0.044008055707934424,0.9559919442920656
9521,2020-05-10,0.004654483842244539,0.9953455161577555
9523,2020-05-10,0.004954739202085889,0.9950452607979141
9524,2020-05-10,0.005820731594178619,0.9941792684058214
9525,2020-05-10,0.022854130248306737,0.9771458697516933
9526,2020-05-10,0.07399030335168622,0.9260096966483138
9527,2020-05-10,0.027843169245986843,0.9721568307540132
9528,2020-05-10,0.01624739232157746,0.9837526076784225
9529,2020-05-10,0.010909989345354254,0.9890900106546457
9530,2020-05-10,0.03152755624039838,0.9684724437596016
9531,2020-05-10,0.011291545312827056,0.9887084546871729
9532,2020-05-10,0.004411131662088175,0.9955888683379118
9533,2020-05-10,0.008211463365733862,0.9917885366342661
9534,2020-05-10,0.04990888094767132,0.9500911190523287
9535,2020-05-10,0.030242690287562102,0.9697573097124379
9536,2020-05-10,0.031022584030527045,0.968977415969473
9537,2020-05-10,0.015512548202935239,0.9844874517970648
9538,2020-05-10,0.01871777060643498,0.981282229393565
9539,2020-05-10,0.05476494648448982,0.9452350535155102
9540,2020-05-10,0.023259808639797708,0.9767401913602023
9541,2020-05-10,0.008861061974705708,0.9911389380252943
9543,2020-05-10,0.016013158739329625,0.9839868412606704
9544,2020-05-10,0.03180383143363841,0.9681961685663616
9545,2020-05-10,0.03893997662432758,0.9610600233756724
9546,2020-05-10,0.02126733200738462,0.9787326679926154
9547,2020-05-10,0.024486649597122434,0.9755133504028776
9548,2020-05-10,0.013846339687499376,0.9861536603125006
9549,2020-05-10,0.01618471838287361,0.9838152816171264
9550,2020-05-10,0.03503533152489635,0.9649646684751036
9551,2020-05-10,0.006843592255641018,0.993156407744359
9552,2020-05-10,0.024497238942758348,0.9755027610572417
9554,2020-05-10,0.02582323963538813,0.9741767603646119
9555,2020-05-10,0.0035740748326932303,0.9964259251673068
9556,2020-05-10,0.006110934876290108,0.9938890651237099
9558,2020-05-10,0.03691945849801692,0.9630805415019831
9559,2020-05-10,0.031209147412457283,0.9687908525875427
9560,2020-05-10,0.04829813904086222,0.9517018609591378
9561,2020-05-10,0.03249619706352458,0.9675038029364754
9564,2020-05-10,0.01974028790992499,0.980259712090075
9565,2020-05-10,0.016468155634605464,0.9835318443653945
9566,2020-05-10,0.01251257636396197,0.987487423636038
9567,2020-05-10,0.03836264115475896,0.961637358845241
9568,2020-05-10,0.06606926394917845,0.9339307360508216
9569,2020-05-10,0.015023428726374632,0.9849765712736254
9570,2020-05-10,0.008269907304829571,0.9917300926951704
9571,2020-05-10,0.02541424589600416,0.9745857541039958
9572,2020-05-10,0.013490311425771173,0.9865096885742288
9573,2020-05-10,0.016409949995933704,0.9835900500040663
9574,2020-05-10,0.01815258549714982,0.9818474145028502
9575,2020-05-10,0.020481102365564663,0.9795188976344353
9576,2020-05-10,0.02798510980102875,0.9720148901989712
9577,2020-05-10,0.01715954047379009,0.9828404595262099
9578,2020-05-10,0.009309693457419721,0.9906903065425803
9579,2020-05-10,0.01937002520468667,0.9806299747953133
9581,2020-05-10,0.04954558833828926,0.9504544116617107
9582,2020-05-10,0.014024218964726609,0.9859757810352734
9583,2020-05-10,0.003677350483327957,0.996322649516672
9584,2020-05-10,0.013664724176019494,0.9863352758239805
9585,2020-05-10,0.005578902460729007,0.994421097539271
9586,2020-05-10,0.015195987581265724,0.9848040124187343
9588,2020-05-10,0.011475073540086811,0.9885249264599132
9589,2020-05-10,0.012161657342481424,0.9878383426575186
9590,2020-05-10,0.018911699259467785,0.9810883007405322
9591,2020-05-10,0.0395110260199264,0.9604889739800736
9592,2020-05-10,0.010169710986192904,0.9898302890138071
9593,2020-05-10,0.02630090282437858,0.9736990971756214
9594,2020-05-10,0.006457919976880611,0.9935420800231194
9595,2020-05-10,0.01758433676140425,0.9824156632385957
9596,2020-05-10,0.014398572801389675,0.9856014271986103
9597,2020-05-10,0.007475889495444865,0.9925241105045551
9598,2020-05-10,0.02124571441951706,0.9787542855804829
9600,2020-05-10,0.08772864162111382,0.9122713583788862
9601,2020-05-10,0.014905027950567362,0.9850949720494326
9602,2020-05-10,0.02214761184758063,0.9778523881524194
9603,2020-05-10,0.04061034290884313,0.9593896570911569
9604,2020-05-10,0.00875279975881893,0.9912472002411811
9605,2020-05-10,0.006791334437884711,0.9932086655621153
9606,2020-05-10,0.009878224429263005,0.990121775570737
9609,2020-05-10,0.030161996216258924,0.9698380037837411
9610,2020-05-10,0.040820137187045136,0.9591798628129549
9611,2020-05-10,0.01307401208929615,0.9869259879107039
9613,2020-05-10,0.014843448471024145,0.9851565515289759
9614,2020-05-10,0.04057756892663389,0.9594224310733661
9616,2020-05-10,0.02961236142159762,0.9703876385784024
9617,2020-05-10,0.004245891444731198,0.9957541085552688
9619,2020-05-10,0.016268202066897164,0.9837317979331028
9620,2020-05-10,0.0390764125298001,0.9609235874701999
9621,2020-05-10,0.006566717127709398,0.9934332828722906
9622,2020-05-10,0.07617470772773438,0.9238252922722656
9623,2020-05-10,0.0033851058605612883,0.9966148941394387
9624,2020-05-10,0.012076703507005293,0.9879232964929947
9625,2020-05-10,0.0037772845714214576,0.9962227154285785
9626,2020-05-10,0.01103334763929209,0.9889666523607079
9628,2020-05-10,0.12059026150804875,0.8794097384919513
9629,2020-05-10,0.005274741589301413,0.9947252584106986
9630,2020-05-10,0.005218490848131752,0.9947815091518682
9631,2020-05-10,0.02006300335142408,0.9799369966485759
9632,2020-05-10,0.07413209443690094,0.9258679055630991
9633,2020-05-10,0.01850165498199907,0.9814983450180009
9634,2020-05-10,0.024673634019856006,0.975326365980144
9635,2020-05-10,0.008481443292590929,0.9915185567074091
9636,2020-05-10,0.03131436780915353,0.9686856321908465
9637,2020-05-10,0.010107528853677716,0.9898924711463223
9638,2020-05-10,0.01770032070055172,0.9822996792994483
9639,2020-05-10,0.005315649536862144,0.9946843504631379
9640,2020-05-10,0.01118501892982482,0.9888149810701752
9641,2020-05-10,0.01460238687082116,0.9853976131291788
9642,2020-05-10,0.0023485740340901673,0.9976514259659098
9643,2020-05-10,0.0022703995592228132,0.9977296004407772
9644,2020-05-10,0.00423042420719133,0.9957695757928087
9645,2020-05-10,0.012513629956537486,0.9874863700434625
9646,2020-05-10,0.003399120674654643,0.9966008793253454
9647,2020-05-10,0.009849255364522413,0.9901507446354776
9648,2020-05-10,0.011074115830852382,0.9889258841691476
9649,2020-05-10,0.018488483657063237,0.9815115163429368
9650,2020-05-10,0.008098781683173795,0.9919012183168262
9651,2020-05-10,0.0008711315721384727,0.9991288684278615
9652,2020-05-10,0.005890385206494542,0.9941096147935055
9653,2020-05-10,0.01935722314595334,0.9806427768540467
9655,2020-05-10,0.015459232059604977,0.984540767940395
9657,2020-05-10,0.008189455655596034,0.991810544344404
9658,2020-05-10,0.01359803037983931,0.9864019696201607
9659,2020-05-10,0.08004314674535695,0.919956853254643
9660,2020-05-10,0.009831056463975196,0.9901689435360248
9661,2020-05-10,0.036902911938900274,0.9630970880610997
9662,2020-05-10,0.016638460083725604,0.9833615399162744
9663,2020-05-10,0.0149685508363826,0.9850314491636174
9664,2020-05-10,0.00819392384034967,0.9918060761596503
9665,2020-05-10,0.01923360105866856,0.9807663989413314
9666,2020-05-10,0.029514718137092943,0.9704852818629071
9667,2020-05-10,0.006497132794724414,0.9935028672052756
9668,2020-05-10,0.011625810767184719,0.9883741892328153
9670,2020-05-10,0.009286513618270487,0.9907134863817295
9671,2020-05-10,0.01192986776333016,0.9880701322366698
9672,2020-05-10,0.034620330345111805,0.9653796696548882
9673,2020-05-10,0.028909762952298412,0.9710902370477016
9674,2020-05-10,0.011156066279738641,0.9888439337202614
9675,2020-05-10,0.002624839776846355,0.9973751602231536
9676,2020-05-10,0.025065523624459463,0.9749344763755405
9677,2020-05-10,0.011772246879157344,0.9882277531208427
9678,2020-05-10,0.016778032865629844,0.9832219671343702
9679,2020-05-10,0.01346753532211764,0.9865324646778824
9680,2020-05-10,0.00952449344585804,0.990475506554142
9681,2020-05-10,0.012446753073913297,0.9875532469260867
9682,2020-05-10,0.028031910485405098,0.9719680895145949
9684,2020-05-10,0.00712679913473846,0.9928732008652615
9685,2020-05-10,0.04246848247131496,0.957531517528685
9686,2020-05-10,0.07717099831814078,0.9228290016818592
9688,2020-05-10,0.009330970806345151,0.9906690291936548
9689,2020-05-10,0.008539745447970648,0.9914602545520294
9690,2020-05-10,0.010649655029259852,0.9893503449707401
9691,2020-05-10,0.00724061432227141,0.9927593856777286
9692,2020-05-10,0.016971954333816708,0.9830280456661833
9693,2020-05-10,0.006629774676708999,0.993370225323291
9694,2020-05-10,0.011545149428333623,0.9884548505716664
9695,2020-05-10,0.024782887164958245,0.9752171128350418
9696,2020-05-10,0.004789282373406034,0.995210717626594
9697,2020-05-10,0.01243129094776374,0.9875687090522363
9699,2020-05-10,0.0032157666590282297,0.9967842333409718
9700,2020-05-10,0.016836286039379034,0.983163713960621
9701,2020-05-10,0.019157892723701164,0.9808421072762988
9702,2020-05-10,0.016212901840957694,0.9837870981590423
9703,2020-05-10,0.010493988256087272,0.9895060117439127
9704,2020-05-10,0.03465278288140061,0.9653472171185994
9705,2020-05-10,0.006159526194001064,0.9938404738059989
9706,2020-05-10,0.014529820610992727,0.9854701793890073
9707,2020-05-10,0.008527810536400948,0.991472189463599
9708,2020-05-10,0.007536887946746007,0.992463112053254
9709,2020-05-10,0.02228311573331776,0.9777168842666822
9710,2020-05-10,0.03198945471626147,0.9680105452837385
9711,2020-05-10,0.00961892533200892,0.9903810746679911
9712,2020-05-10,0.025406472557043425,0.9745935274429566
9713,2020-05-10,0.006692383092600229,0.9933076169073998
9714,2020-05-10,0.023189742648110023,0.97681025735189
9715,2020-05-10,0.01543672158481868,0.9845632784151813
9716,2020-05-10,0.009414814893554113,0.9905851851064459
9717,2020-05-10,0.024327708392212655,0.9756722916077873
9718,2020-05-10,0.012443407009878782,0.9875565929901212
9719,2020-05-10,0.02357500917110633,0.9764249908288937
9720,2020-05-10,0.004139748976852764,0.9958602510231472
9721,2020-05-10,0.009805120460967931,0.9901948795390321
9722,2020-05-10,0.010258983863306814,0.9897410161366932
9723,2020-05-10,0.012560835285586602,0.9874391647144134
9724,2020-05-10,0.015597263872785594,0.9844027361272144
9725,2020-05-10,0.016988335198284132,0.9830116648017159
9726,2020-05-10,0.011570515078538346,0.9884294849214617
9727,2020-05-10,0.005757567885241177,0.9942424321147588
9728,2020-05-10,0.021985947405259165,0.9780140525947408
9729,2020-05-10,0.05011423050619124,0.9498857694938088
9730,2020-05-10,0.013693067998895359,0.9863069320011046
9731,2020-05-10,0.005973102961404297,0.9940268970385957
9732,2020-05-10,0.009788324957099581,0.9902116750429004
9733,2020-05-10,0.005137830490432926,0.9948621695095671
9734,2020-05-10,0.045003664040290214,0.9549963359597098
9735,2020-05-10,0.016880649992711327,0.9831193500072887
9736,2020-05-10,0.006465759594044274,0.9935342404059557
9737,2020-05-10,0.0049246716476289976,0.995075328352371
9738,2020-05-10,0.07728506567919224,0.9227149343208078
9739,2020-05-10,0.00869965100162473,0.9913003489983753
9740,2020-05-10,0.012664888001697294,0.9873351119983027
9741,2020-05-10,0.07775269555920117,0.9222473044407988
9742,2020-05-10,0.024803430340273436,0.9751965696597266
9743,2020-05-10,0.014408908432479106,0.9855910915675209
9744,2020-05-10,0.0028252248785129996,0.997174775121487
9745,2020-05-10,0.019183930399869986,0.98081606960013
9746,2020-05-10,0.003200514528881593,0.9967994854711184
9747,2020-05-10,0.004197473196261736,0.9958025268037383
9748,2020-05-10,0.013811023935290434,0.9861889760647096
9749,2020-05-10,0.009093876583252447,0.9909061234167476
9750,2020-05-10,0.00694050809555502,0.993059491904445
9751,2020-05-10,0.04498783809198459,0.9550121619080154
9752,2020-05-10,0.0023798787173193725,0.9976201212826806
9753,2020-05-10,0.04512045352438043,0.9548795464756196
9754,2020-05-10,0.011512416874611797,0.9884875831253882
9755,2020-05-10,0.024007368581291932,0.9759926314187081
9756,2020-05-10,0.0031913489278150298,0.996808651072185
9757,2020-05-10,0.03481460724374508,0.9651853927562549
9758,2020-05-10,0.0026385266703878862,0.9973614733296121
9759,2020-05-10,0.019533791849147497,0.9804662081508525
9760,2020-05-10,0.042721704800237514,0.9572782951997625
9761,2020-05-10,0.007686494739036376,0.9923135052609636
9762,2020-05-10,0.003965101763824586,0.9960348982361754
9763,2020-05-10,0.0029034422910132474,0.9970965577089868
9764,2020-05-10,0.02441117470777976,0.9755888252922202
9765,2020-05-10,0.02711568686990251,0.9728843131300975
9766,2020-05-10,0.019689220839582022,0.980310779160418
9767,2020-05-10,0.02027436002378813,0.9797256399762119
9768,2020-05-10,0.011863180021554287,0.9881368199784457
9769,2020-05-10,0.013952340796896556,0.9860476592031034
9770,2020-05-10,0.021482031332057394,0.9785179686679426
9771,2020-05-10,0.006452415535920575,0.9935475844640794
9772,2020-05-10,0.0027536588319210242,0.997246341168079
9773,2020-05-10,0.04639529333799253,0.9536047066620075
9774,2020-05-10,0.04657792223113799,0.953422077768862
9775,2020-05-10,0.005733544164801652,0.9942664558351983
9776,2020-05-10,0.007282054094008283,0.9927179459059917
9777,2020-05-10,0.03376922379588443,0.9662307762041156
9778,2020-05-10,0.06250601776973563,0.9374939822302644
9779,2020-05-10,0.010690122193926954,0.989309877806073
9780,2020-05-10,0.0041816548613226034,0.9958183451386774
9781,2020-05-10,0.0015348663592472667,0.9984651336407527
9783,2020-05-10,0.014299355160234284,0.9857006448397657
9784,2020-05-10,0.009243193081481471,0.9907568069185185
9785,2020-05-10,0.00380067012099794,0.9961993298790021
9786,2020-05-10,0.011578566608128726,0.9884214333918713
9787,2020-05-10,0.012682762931053304,0.9873172370689467
9788,2020-05-10,0.025407140923111582,0.9745928590768884
9789,2020-05-10,0.012079471182871893,0.9879205288171281
9790,2020-05-10,0.006889282175899347,0.9931107178241007
9791,2020-05-10,0.012755407384565043,0.987244592615435
9792,2020-05-10,0.011864900197352424,0.9881350998026476
9793,2020-05-10,0.02700547336943837,0.9729945266305616
9794,2020-05-10,0.05198812950524023,0.9480118704947598
9795,2020-05-10,0.018710861087657515,0.9812891389123425
9796,2020-05-10,0.05139836370309192,0.9486016362969081
9797,2020-05-10,0.01647710003255487,0.9835228999674451
9799,2020-05-10,0.014644237379162206,0.9853557626208378
9800,2020-05-10,0.01795297641157756,0.9820470235884224
9801,2020-05-10,0.008885074126705694,0.9911149258732943
9802,2020-05-10,0.03130236833936262,0.9686976316606374
9803,2020-05-10,0.025889822492255687,0.9741101775077443
9804,2020-05-10,0.002487059446042439,0.9975129405539576
9805,2020-05-10,0.09334486914547624,0.9066551308545238
9806,2020-05-10,0.032448442304272906,0.9675515576957271
9807,2020-05-10,0.0054157973488502265,0.9945842026511498
9808,2020-05-10,0.040970247991843345,0.9590297520081567
9810,2020-05-10,0.01086462895045981,0.9891353710495402
9811,2020-05-10,0.03121247414862227,0.9687875258513777
9812,2020-05-10,0.005571179782788871,0.9944288202172111
9813,2020-05-10,0.025870277631372063,0.9741297223686279
9814,2020-05-10,0.009888895610545512,0.9901111043894545
9816,2020-05-10,0.007312366734791298,0.9926876332652087
9817,2020-05-10,0.012929295440972433,0.9870707045590276
9818,2020-05-10,0.006635809609279675,0.9933641903907203
9819,2020-05-10,0.022174016814519026,0.977825983185481
9820,2020-05-10,0.0040709331309479735,0.995929066869052
9821,2020-05-10,0.010098445848366944,0.9899015541516331
9822,2020-05-10,0.01115771605244753,0.9888422839475525
9823,2020-05-10,0.008613673692717372,0.9913863263072826
9824,2020-05-10,0.01783993149826857,0.9821600685017314
9825,2020-05-10,0.14656264958317922,0.8534373504168208
9826,2020-05-10,0.009133406702260038,0.99086659329774
9827,2020-05-10,0.0032140633860096024,0.9967859366139904
9828,2020-05-10,0.005537393826547943,0.9944626061734521
9829,2020-05-10,0.0013798508413159771,0.998620149158684
9830,2020-05-10,0.0063097925374990815,0.9936902074625009
9831,2020-05-10,0.005203596312948533,0.9947964036870515
9832,2020-05-10,0.00937921761737237,0.9906207823826276
9833,2020-05-10,0.00710181320875658,0.9928981867912434
9834,2020-05-10,0.010454541589205113,0.9895454584107949
9835,2020-05-10,0.013505993813123007,0.986494006186877
9836,2020-05-10,0.012130422369256322,0.9878695776307437
9837,2020-05-10,0.007842229724620675,0.9921577702753793
9838,2020-05-10,0.014067386240657398,0.9859326137593426
9839,2020-05-10,0.011503859219764268,0.9884961407802357
9840,2020-05-10,0.0669886074780246,0.9330113925219754
9841,2020-05-10,0.02008069892509101,0.979919301074909
9842,2020-05-10,0.002845294298328027,0.997154705701672
9843,2020-05-10,0.04115581824161063,0.9588441817583894
9844,2020-05-10,0.004949923371667664,0.9950500766283323
9846,2020-05-10,0.017280583817650408,0.9827194161823496
9847,2020-05-10,0.01580421323823411,0.9841957867617659
9849,2020-05-10,0.006171669365468646,0.9938283306345314
9851,2020-05-10,0.006458493323435621,0.9935415066765644
9852,2020-05-10,0.0018123513459560314,0.998187648654044
9853,2020-05-10,0.03474657342886356,0.9652534265711364
9856,2020-05-10,0.03473866453817076,0.9652613354618292
9857,2020-05-10,0.014535472510799119,0.9854645274892009
9858,2020-05-10,0.006101213680295703,0.9938987863197043
9859,2020-05-10,0.021936330845192198,0.9780636691548078
9860,2020-05-10,0.014039307337015194,0.9859606926629848
9861,2020-05-10,0.00641346063216186,0.9935865393678381
9862,2020-05-10,0.011509206268028205,0.9884907937319718
9863,2020-05-10,0.003498659772899093,0.9965013402271009
9864,2020-05-10,0.03884067298482552,0.9611593270151745
9865,2020-05-10,0.0312893670495642,0.9687106329504358
9867,2020-05-10,0.013040136096336918,0.9869598639036631
9868,2020-05-10,0.03015563444534708,0.9698443655546529
9869,2020-05-10,0.022907907133225103,0.9770920928667749
9870,2020-05-10,0.03781897117093236,0.9621810288290676
9871,2020-05-10,0.009364750804583877,0.9906352491954161
9872,2020-05-10,0.005243187418599082,0.9947568125814009
9873,2020-05-10,0.01672473121016549,0.9832752687898345
9874,2020-05-10,0.003556498467525704,0.9964435015324743
9875,2020-05-10,0.002795528425231786,0.9972044715747682
9876,2020-05-10,0.0215287204343787,0.9784712795656213
9877,2020-05-10,0.03915656068885709,0.9608434393111429
9878,2020-05-10,0.038359682478126156,0.9616403175218738
9879,2020-05-10,0.01820432971199304,0.981795670288007
9880,2020-05-10,0.022577517301450634,0.9774224826985494
9881,2020-05-10,0.010608578682472558,0.9893914213175274
9882,2020-05-10,0.0029702766859308616,0.9970297233140691
9883,2020-05-10,0.03336396761055982,0.9666360323894402
9884,2020-05-10,0.03067032586885088,0.9693296741311491
9885,2020-05-10,0.0802276430786496,0.9197723569213504
9886,2020-05-10,0.010116531190246025,0.989883468809754
9887,2020-05-10,0.014192307945378402,0.9858076920546216
9888,2020-05-10,0.013130614410769459,0.9868693855892305
9889,2020-05-10,0.004643344880305933,0.9953566551196941
9890,2020-05-10,0.014873244881298375,0.9851267551187016
9891,2020-05-10,0.004004252405200859,0.9959957475947991
9892,2020-05-10,0.009312214797463025,0.990687785202537
9893,2020-05-10,0.009024411424888634,0.9909755885751114
9895,2020-05-10,0.0015142462100032894,0.9984857537899967
9896,2020-05-10,0.039364201769875096,0.9606357982301249
9897,2020-05-10,0.05403123214703831,0.9459687678529617
9898,2020-05-10,0.004035844504912456,0.9959641554950875
9899,2020-05-10,0.013780753101420684,0.9862192468985793
9900,2020-05-10,0.014673812296593036,0.985326187703407
9901,2020-05-10,0.015589762739360635,0.9844102372606394
9902,2020-05-10,0.022786822343259572,0.9772131776567404
9903,2020-05-10,0.0036007657417620464,0.996399234258238
9904,2020-05-10,0.01966775000357779,0.9803322499964222
9905,2020-05-10,0.01094027298139344,0.9890597270186066
9906,2020-05-10,0.01419251303597624,0.9858074869640238
9907,2020-05-10,0.005507587859863938,0.9944924121401361
9908,2020-05-10,0.01632597406005909,0.9836740259399409
9909,2020-05-10,0.019456028038245865,0.9805439719617541
9911,2020-05-10,0.009059727557632957,0.990940272442367
9912,2020-05-10,0.010958219877944764,0.9890417801220552
9913,2020-05-10,0.010567801662229703,0.9894321983377703
9914,2020-05-10,0.013501401047628758,0.9864985989523712
9915,2020-05-10,0.005698576272975431,0.9943014237270246
9916,2020-05-10,0.005313185543420418,0.9946868144565796
9917,2020-05-10,0.02247963119170515,0.9775203688082948
9918,2020-05-10,0.046694708666935814,0.9533052913330642
9919,2020-05-10,0.0064378144665224735,0.9935621855334775
9920,2020-05-10,0.01548211265737165,0.9845178873426284
9921,2020-05-10,0.0579934911311627,0.9420065088688373
9922,2020-05-10,0.005748683378236086,0.9942513166217639
9923,2020-05-10,0.015499707687519071,0.9845002923124809
9924,2020-05-10,0.004134047834331578,0.9958659521656684
9925,2020-05-10,0.022734993378070945,0.977265006621929
9927,2020-05-10,0.007874795761948161,0.9921252042380518
9928,2020-05-10,0.04415776483459444,0.9558422351654056
9929,2020-05-10,0.03922985813479729,0.9607701418652027
9930,2020-05-10,0.014151433027796978,0.985848566972203
9931,2020-05-10,0.016647978012759412,0.9833520219872406
9932,2020-05-10,0.026920677044172003,0.973079322955828
9933,2020-05-10,0.02424032736204751,0.9757596726379525
9934,2020-05-10,0.015479668943447211,0.9845203310565528
9936,2020-05-10,0.03654353732637483,0.9634564626736252
9937,2020-05-10,0.00480380997105212,0.9951961900289479
9938,2020-05-10,0.057274631229206174,0.9427253687707938
9939,2020-05-10,0.009779446979207185,0.9902205530207928
9940,2020-05-10,0.024170374409108186,0.9758296255908918
9941,2020-05-10,0.07907822597189573,0.9209217740281043
9942,2020-05-10,0.007495345792838282,0.9925046542071617
9943,2020-05-10,0.05061132423354653,0.9493886757664535
9944,2020-05-10,0.018266504661751726,0.9817334953382483
9945,2020-05-10,0.01778381636967008,0.9822161836303299
9947,2020-05-10,0.009061679976524184,0.9909383200234758
9949,2020-05-10,0.0107002602198214,0.9892997397801786
9950,2020-05-10,0.011731710702255982,0.988268289297744
9951,2020-05-10,0.02591366792161176,0.9740863320783882
9952,2020-05-10,0.002061914033711365,0.9979380859662886
9953,2020-05-10,0.00949024757711936,0.9905097524228806
9954,2020-05-10,0.017510294249094116,0.9824897057509059
9956,2020-05-10,0.00809501617225672,0.9919049838277433
9957,2020-05-10,0.08449616338808186,0.9155038366119181
9958,2020-05-10,0.014597752272783482,0.9854022477272165
9959,2020-05-10,0.02188773628425622,0.9781122637157438
9960,2020-05-10,0.013969195108480381,0.9860308048915196
9961,2020-05-10,0.043612286929187505,0.9563877130708125
9963,2020-05-10,0.00843331073635345,0.9915666892636466
9964,2020-05-10,0.021662953274045216,0.9783370467259548
9965,2020-05-10,0.004999165195828326,0.9950008348041717
9967,2020-05-10,0.014506827189090354,0.9854931728109096
9968,2020-05-10,0.007865148926405663,0.9921348510735943
9969,2020-05-10,0.018633730782501634,0.9813662692174984
9970,2020-05-10,0.0038022457619384387,0.9961977542380616
9971,2020-05-10,0.050595921261414434,0.9494040787385856
9972,2020-05-10,0.013126166114606264,0.9868738338853937
9973,2020-05-10,0.020211158527855155,0.9797888414721448
9975,2020-05-10,0.019610356596163836,0.9803896434038362
9977,2020-05-10,0.01217705848332662,0.9878229415166734
9978,2020-05-10,0.011479157401365292,0.9885208425986347
9979,2020-05-10,0.040912325347738476,0.9590876746522615
9980,2020-05-10,0.019068425039765358,0.9809315749602346
9981,2020-05-10,0.01585146594944975,0.9841485340505502
9982,2020-05-10,0.00392310552533548,0.9960768944746645
9983,2020-05-10,0.004078908643170731,0.9959210913568293
9984,2020-05-10,0.012917188137043123,0.9870828118629569
9985,2020-05-10,0.006511694314361938,0.9934883056856381
9986,2020-05-10,0.022161637250666,0.977838362749334
9987,2020-05-10,0.04492471700560241,0.9550752829943976
9988,2020-05-10,0.0032498362311463858,0.9967501637688536
9989,2020-05-10,0.01226761027457468,0.9877323897254253
9990,2020-05-10,0.01512141038877568,0.9848785896112243
9991,2020-05-10,0.004913005077875066,0.9950869949221249
9992,2020-05-10,0.02072668080936546,0.9792733191906345
9993,2020-05-10,0.026365276282409256,0.9736347237175907
9994,2020-05-10,0.028258033765929502,0.9717419662340705
9995,2020-05-10,0.044447509378864325,0.9555524906211357
9996,2020-05-10,0.017917110016381632,0.9820828899836184
9997,2020-05-10,0.01861884595466401,0.981381154045336
9999,2020-05-10,0.0051484538200125,0.9948515461799875
10000,2020-05-10,0.012324519121003519,0.9876754808789965
10002,2020-05-10,0.04868893143102937,0.9513110685689706
10004,2020-05-10,0.05302003591399884,0.9469799640860012
10005,2020-05-10,0.01153675968513257,0.9884632403148674
10006,2020-05-10,0.005906735587638656,0.9940932644123613
10007,2020-05-10,0.055550626742156495,0.9444493732578435
10008,2020-05-10,0.0038785817224170627,0.9961214182775829
10009,2020-05-10,0.0132211730948264,0.9867788269051736
10010,2020-05-10,0.01941958320406456,0.9805804167959354
10012,2020-05-10,0.01914956230948106,0.9808504376905189
10013,2020-05-10,0.00454760664284648,0.9954523933571535
10014,2020-05-10,0.011877302363779929,0.9881226976362201
10015,2020-05-10,0.04503012977469367,0.9549698702253063
10016,2020-05-10,0.011726318953232173,0.9882736810467678
10018,2020-05-10,0.023996301214522453,0.9760036987854775
10019,2020-05-10,0.00218924568694856,0.9978107543130514
10021,2020-05-10,0.04537667042839011,0.9546233295716099
10022,2020-05-10,0.02567146224593786,0.9743285377540621
10023,2020-05-10,0.003983514671847099,0.9960164853281529
10024,2020-05-10,0.05433982966703477,0.9456601703329652
10025,2020-05-10,0.017870813447506517,0.9821291865524935
10026,2020-05-10,0.004912213405866561,0.9950877865941334
10027,2020-05-10,0.021441288742793607,0.9785587112572064
10028,2020-05-10,0.007341405032672554,0.9926585949673274
10029,2020-05-10,0.009121832180666867,0.9908781678193331
10030,2020-05-10,0.0030454530036698735,0.9969545469963301
10031,2020-05-10,0.013617025401892247,0.9863829745981078
10032,2020-05-10,0.006858158498794786,0.9931418415012052
10033,2020-05-10,0.01407006168763647,0.9859299383123635
10034,2020-05-10,0.021252443406608812,0.9787475565933912
10035,2020-05-10,0.022481243251664895,0.9775187567483351
10036,2020-05-10,0.03553592689272711,0.9644640731072729
10038,2020-05-10,0.00931012276293397,0.990689877237066
10039,2020-05-10,0.007251247353593837,0.9927487526464062
10040,2020-05-10,0.018973660248653323,0.9810263397513467
10041,2020-05-10,0.014499215045147174,0.9855007849548528
10042,2020-05-10,0.009846228467778273,0.9901537715322217
10043,2020-05-10,0.0009821912169477587,0.9990178087830522
10044,2020-05-10,0.013059197236277686,0.9869408027637223
10045,2020-05-10,0.020604749280863532,0.9793952507191365
10046,2020-05-10,0.015015714398318059,0.9849842856016819
10048,2020-05-10,0.013445420700119781,0.9865545792998802
10049,2020-05-10,0.004488342336994133,0.9955116576630059
10050,2020-05-10,0.006721869245933543,0.9932781307540665
10051,2020-05-10,0.01124372656813144,0.9887562734318686
10052,2020-05-10,0.004261115545799332,0.9957388844542007
10053,2020-05-10,0.02207593254106066,0.9779240674589393
10054,2020-05-10,0.09781301853175073,0.9021869814682493
10055,2020-05-10,0.005905625954854998,0.994094374045145
10056,2020-05-10,0.01992256789584379,0.9800774321041562
10057,2020-05-10,0.004222470920245969,0.995777529079754
10058,2020-05-10,0.05740400704552584,0.9425959929544742
10059,2020-05-10,0.00898624071259213,0.9910137592874079
10060,2020-05-10,0.025688918641566638,0.9743110813584334
10061,2020-05-10,0.00660600737328465,0.9933939926267153
10062,2020-05-10,0.006780543671892736,0.9932194563281073
10063,2020-05-10,0.016694119451589495,0.9833058805484105
10065,2020-05-10,0.003726561531159134,0.9962734384688409
10066,2020-05-10,0.0038097500137919127,0.9961902499862081
10067,2020-05-10,0.009497222552658946,0.990502777447341
10068,2020-05-10,0.010852061214646547,0.9891479387853535
10069,2020-05-10,0.00742646239367184,0.9925735376063282
10070,2020-05-10,0.022549474052376284,0.9774505259476237
10071,2020-05-10,0.004761044742731091,0.9952389552572689
10073,2020-05-10,0.011266182496182608,0.9887338175038174
10074,2020-05-10,0.007101875927325252,0.9928981240726747
10075,2020-05-10,0.003285981675940075,0.9967140183240599
10076,2020-05-10,0.028218289090572224,0.9717817109094278
10077,2020-05-10,0.011428340628487854,0.9885716593715121
10079,2020-05-10,0.016420289044626668,0.9835797109553733
10080,2020-05-10,0.01838993318287485,0.9816100668171251
10081,2020-05-10,0.008920662427449821,0.9910793375725502
10082,2020-05-10,0.06759130499184907,0.9324086950081509
10083,2020-05-10,0.010913750840158665,0.9890862491598413
10085,2020-05-10,0.014811985133445393,0.9851880148665546
10086,2020-05-10,0.018658868028602615,0.9813411319713974
10087,2020-05-10,0.05586691766041718,0.9441330823395828
10088,2020-05-10,0.015629547642087127,0.9843704523579129
10089,2020-05-10,0.041641685196343814,0.9583583148036562
10090,2020-05-10,0.00976505393250926,0.9902349460674907
10091,2020-05-10,0.007517169634191245,0.9924828303658088
10092,2020-05-10,0.0542860529028768,0.9457139470971232
10093,2020-05-10,0.00584943224653145,0.9941505677534686
10094,2020-05-10,0.016577480087728413,0.9834225199122716
10095,2020-05-10,0.006952178784636609,0.9930478212153634
10096,2020-05-10,0.008340327933493152,0.9916596720665068
10097,2020-05-10,0.018742958017900158,0.9812570419820998
10098,2020-05-10,0.016145102359301777,0.9838548976406982
10099,2020-05-10,0.0026530600785618086,0.9973469399214382
10100,2020-05-10,0.014855976464807408,0.9851440235351926
10101,2020-05-10,0.007509302034947152,0.9924906979650528
10102,2020-05-10,0.007382670067034081,0.9926173299329659
10104,2020-05-10,0.01401918954387138,0.9859808104561286
10105,2020-05-10,0.04380721154797895,0.956192788452021
10106,2020-05-10,0.06293958132812005,0.93706041867188
10107,2020-05-10,0.018176077200203866,0.9818239227997961
10108,2020-05-10,0.02705596379791375,0.9729440362020862
10110,2020-05-10,0.008234387841966173,0.9917656121580338
10111,2020-05-10,0.01590517610069553,0.9840948238993045
10112,2020-05-10,0.007756034591806071,0.9922439654081939
10113,2020-05-10,0.03908220018623165,0.9609177998137683
10114,2020-05-10,0.018276154217811147,0.9817238457821889
10115,2020-05-10,0.045112966742962946,0.954887033257037
10116,2020-05-10,0.003125713794196794,0.9968742862058032
10117,2020-05-10,0.013409008655808852,0.9865909913441911
10118,2020-05-10,0.024293268099048415,0.9757067319009516
10119,2020-05-10,0.019490476226436515,0.9805095237735635
10121,2020-05-10,0.025251179961392256,0.9747488200386077
10122,2020-05-10,0.002858673587390115,0.9971413264126099
10123,2020-05-10,0.029293782535359303,0.9707062174646407
10124,2020-05-10,0.004449213792636297,0.9955507862073637
10125,2020-05-10,0.01772164543088317,0.9822783545691168
10126,2020-05-10,0.005535495499554233,0.9944645045004458
10127,2020-05-10,0.025287559314092545,0.9747124406859075
10128,2020-05-10,0.013472446090355139,0.9865275539096449
10129,2020-05-10,0.027099981109485194,0.9729000188905148
10130,2020-05-10,0.011146354336172837,0.9888536456638272
10131,2020-05-10,0.0409503052941913,0.9590496947058087
10132,2020-05-10,0.00707004382113352,0.9929299561788665
10134,2020-05-10,0.02589121207228362,0.9741087879277164
10135,2020-05-10,0.01086336024365031,0.9891366397563497
10136,2020-05-10,0.005769905297109634,0.9942300947028904
10137,2020-05-10,0.025247025793372457,0.9747529742066275
10138,2020-05-10,0.011626157180801289,0.9883738428191987
10139,2020-05-10,0.012352471958202216,0.9876475280417978
10140,2020-05-10,0.017624582191955507,0.9823754178080445
10141,2020-05-10,0.011837807165425707,0.9881621928345743
10143,2020-05-10,0.044548467152165316,0.9554515328478347
10144,2020-05-10,0.008861173862626193,0.9911388261373738
10145,2020-05-10,0.05252031936898627,0.9474796806310137
10146,2020-05-10,0.012065313918859122,0.9879346860811409
10147,2020-05-10,0.0030185430295369686,0.996981456970463
10148,2020-05-10,0.04403787206255905,0.955962127937441
10149,2020-05-10,0.005925861482939276,0.9940741385170607
10150,2020-05-10,0.007947039068522344,0.9920529609314777
10151,2020-05-10,0.003992499694745244,0.9960075003052548
10152,2020-05-10,0.0035439162667847413,0.9964560837332153
10153,2020-05-10,0.012974344334329424,0.9870256556656706
10154,2020-05-10,0.03657162301629957,0.9634283769837004
10155,2020-05-10,0.000830490472026435,0.9991695095279736
10156,2020-05-10,0.01737514842481158,0.9826248515751884
10157,2020-05-10,0.03400043333824587,0.9659995666617541
10158,2020-05-10,0.013592890872057839,0.9864071091279422
10159,2020-05-10,0.019520565830876357,0.9804794341691236
10160,2020-05-10,0.008311238327223469,0.9916887616727765
10161,2020-05-10,0.020602703909295084,0.9793972960907049
10162,2020-05-10,0.0057227229238279165,0.9942772770761721
10163,2020-05-10,0.029994020745754302,0.9700059792542457
10164,2020-05-10,0.024762963279057693,0.9752370367209423
10165,2020-05-10,0.031269832316699664,0.9687301676833003
10166,2020-05-10,0.022477402554579307,0.9775225974454207
10167,2020-05-10,0.025232603056527192,0.9747673969434728
10168,2020-05-10,0.03233198573012075,0.9676680142698793
10169,2020-05-10,0.0021003789048327226,0.9978996210951673
10170,2020-05-10,0.004481010975391331,0.9955189890246087
10171,2020-05-10,0.021212272493298046,0.978787727506702
10172,2020-05-10,0.008130302303381853,0.9918696976966181
10173,2020-05-10,0.028022066142340152,0.9719779338576598
10174,2020-05-10,0.033544528170610155,0.9664554718293898
10175,2020-05-10,0.008206294688552385,0.9917937053114476
10176,2020-05-10,0.0033370786762492166,0.9966629213237508
10177,2020-05-10,0.01437285093448426,0.9856271490655157
10178,2020-05-10,0.01632684647458904,0.983673153525411
10180,2020-05-10,0.007164978236549824,0.9928350217634502
10181,2020-05-10,0.04048114832385863,0.9595188516761414
10182,2020-05-10,0.007141388889324252,0.9928586111106757
10183,2020-05-10,0.006788506336671385,0.9932114936633286
10184,2020-05-10,0.04620562384828086,0.9537943761517191
10185,2020-05-10,0.03214278584820096,0.967857214151799
10186,2020-05-10,0.03409555510065432,0.9659044448993457
10187,2020-05-10,0.011471492959100549,0.9885285070408995
10188,2020-05-10,0.02892359760409957,0.9710764023959004
10189,2020-05-10,0.015268656687113635,0.9847313433128864
10190,2020-05-10,0.008097328979895457,0.9919026710201045
10191,2020-05-10,0.07185517989444135,0.9281448201055587
10193,2020-05-10,0.03830980041661192,0.9616901995833881
10194,2020-05-10,0.00854198291026076,0.9914580170897392
10195,2020-05-10,0.019234948636053684,0.9807650513639463
10196,2020-05-10,0.037520359457400176,0.9624796405425998
10197,2020-05-10,0.013046367151583249,0.9869536328484168
10198,2020-05-10,0.021135999135172057,0.9788640008648279
10199,2020-05-10,0.009167571583376333,0.9908324284166237
10200,2020-05-10,0.0018937113270102168,0.9981062886729898
10201,2020-05-10,0.012523695913428945,0.987476304086571
10202,2020-05-10,0.006693751377862434,0.9933062486221376
10203,2020-05-10,0.024633418099368698,0.9753665819006313
10204,2020-05-10,0.02228245336591339,0.9777175466340866
10206,2020-05-10,0.013573358928732904,0.9864266410712671
10207,2020-05-10,0.004761768077729545,0.9952382319222705
10208,2020-05-10,0.017511054065709186,0.9824889459342908
10209,2020-05-10,0.01407447245496396,0.985925527545036
10210,2020-05-10,0.00418037127218529,0.9958196287278147
10211,2020-05-10,0.06517323920625562,0.9348267607937444
10212,2020-05-10,0.030969990195878427,0.9690300098041216
10213,2020-05-10,0.014268349403748437,0.9857316505962516
10214,2020-05-10,0.01712055591175854,0.9828794440882415
10215,2020-05-10,0.034564387067824054,0.965435612932176
10216,2020-05-10,0.009759130253273907,0.9902408697467261
10218,2020-05-10,0.01432614848612368,0.9856738515138763
10219,2020-05-10,0.013780605093407727,0.9862193949065923
10220,2020-05-10,0.0030961498034532964,0.9969038501965467
10221,2020-05-10,0.012820663268002908,0.9871793367319971
10222,2020-05-10,0.005440907011025842,0.9945590929889742
10223,2020-05-10,0.011292874654831198,0.9887071253451688
10224,2020-05-10,0.004939723938842233,0.9950602760611578
10225,2020-05-10,0.029128090774264037,0.970871909225736
10226,2020-05-10,0.025967344886972943,0.9740326551130271
10227,2020-05-10,0.001762054119998413,0.9982379458800016
10228,2020-05-10,0.031060252672952093,0.9689397473270479
10229,2020-05-10,0.01115342197467184,0.9888465780253282
10230,2020-05-10,0.04974274937059464,0.9502572506294054
10231,2020-05-10,0.0039473931717630695,0.9960526068282369
10232,2020-05-10,0.01751406313685744,0.9824859368631426
10233,2020-05-10,0.012719994004887214,0.9872800059951128
10234,2020-05-10,0.012897543135459544,0.9871024568645405
10235,2020-05-10,0.014398868430687717,0.9856011315693123
10236,2020-05-10,0.009163000832922097,0.9908369991670779
10237,2020-05-10,0.009761076561393134,0.9902389234386069
10238,2020-05-10,0.009424750139007565,0.9905752498609924
10239,2020-05-10,0.05371966721788812,0.9462803327821119
10240,2020-05-10,0.027464712591152463,0.9725352874088475
10241,2020-05-10,0.027043121447052787,0.9729568785529472
10242,2020-05-10,0.0075960956076807085,0.9924039043923193
10243,2020-05-10,0.004569862039285777,0.9954301379607142
10245,2020-05-10,0.007244831581050604,0.9927551684189494
10246,2020-05-10,0.01171926656615685,0.9882807334338432
10247,2020-05-10,0.002410944685770855,0.9975890553142291
10248,2020-05-10,0.008180724339068357,0.9918192756609316
10249,2020-05-10,0.018885126028970523,0.9811148739710295
10250,2020-05-10,0.0029325684269685404,0.9970674315730315
10251,2020-05-10,0.004850389912797404,0.9951496100872026
10252,2020-05-10,0.01266078379862634,0.9873392162013737
10253,2020-05-10,0.04035210270592471,0.9596478972940753
10255,2020-05-10,0.03251496408116261,0.9674850359188374
10256,2020-05-10,0.018830406978264103,0.9811695930217359
10257,2020-05-10,0.10464341454470194,0.8953565854552981
10258,2020-05-10,0.029464489664596805,0.9705355103354032
10259,2020-05-10,0.0031105863992648697,0.9968894136007351
10261,2020-05-10,0.011936352781948267,0.9880636472180517
10262,2020-05-10,0.020470670419500347,0.9795293295804997
10263,2020-05-10,0.00278796132250525,0.9972120386774947
10264,2020-05-10,0.06617541292746454,0.9338245870725355
10265,2020-05-10,0.046130209383454246,0.9538697906165458
10267,2020-05-10,0.020393294890115543,0.9796067051098845
10268,2020-05-10,0.0418875155712487,0.9581124844287513
10269,2020-05-10,0.011583028827418462,0.9884169711725815
10271,2020-05-10,0.020676546093035375,0.9793234539069646
10272,2020-05-10,0.018559071963684892,0.9814409280363151
10273,2020-05-10,0.0020336697461963427,0.9979663302538037
10274,2020-05-10,0.026601432363902333,0.9733985676360977
10275,2020-05-10,0.004364881235567886,0.9956351187644321
10276,2020-05-10,0.010945246215633198,0.9890547537843668
10277,2020-05-10,0.034106367712893104,0.9658936322871069
10278,2020-05-10,0.0030086012815959684,0.996991398718404
10279,2020-05-10,0.011982713339101836,0.9880172866608982
10280,2020-05-10,0.011410701857958006,0.988589298142042
10281,2020-05-10,0.003569296165411573,0.9964307038345884
10282,2020-05-10,0.009970911712598562,0.9900290882874014
10283,2020-05-10,0.013571456009849436,0.9864285439901506
10284,2020-05-10,0.006380232930302654,0.9936197670696973
10285,2020-05-10,0.012091087298552794,0.9879089127014472
10286,2020-05-10,0.0031350280952155973,0.9968649719047844
10287,2020-05-10,0.008299123991834967,0.991700876008165
10288,2020-05-10,0.036419293593974,0.963580706406026
10289,2020-05-10,0.022788923018370544,0.9772110769816295
10290,2020-05-10,0.008888639401634202,0.9911113605983658
10291,2020-05-10,0.005279265932459087,0.9947207340675409
10292,2020-05-10,0.007526093388561805,0.9924739066114382
10293,2020-05-10,0.004361540617046744,0.9956384593829533
10295,2020-05-10,0.027693874975565747,0.9723061250244343
10296,2020-05-10,0.04056754553947339,0.9594324544605266
10297,2020-05-10,0.005794367659908373,0.9942056323400916
10298,2020-05-10,0.02130949612245725,0.9786905038775428
10299,2020-05-10,0.008660132016781508,0.9913398679832185
10300,2020-05-10,0.014537383320637587,0.9854626166793624
10301,2020-05-10,0.02012462219611877,0.9798753778038812
10302,2020-05-10,0.0032167972643381004,0.9967832027356619
10303,2020-05-10,0.007343601389924848,0.9926563986100752
10304,2020-05-10,0.028668467749566884,0.9713315322504331
10305,2020-05-10,0.022856821582937892,0.9771431784170621
10306,2020-05-10,0.016564444419517543,0.9834355555804825
10307,2020-05-10,0.04896936173199762,0.9510306382680024
10308,2020-05-10,0.0036543456078900194,0.99634565439211
10309,2020-05-10,0.0045484512808284805,0.9954515487191715
10310,2020-05-10,0.003352711537804698,0.9966472884621953
10311,2020-05-10,0.027951409243247793,0.9720485907567522
10312,2020-05-10,0.02656711941769796,0.973432880582302
10313,2020-05-10,0.023661292286238367,0.9763387077137616
10315,2020-05-10,0.0036519480114372005,0.9963480519885628
10316,2020-05-10,0.004568860684246667,0.9954311393157533
10317,2020-05-10,0.005846594416561213,0.9941534055834388
10318,2020-05-10,0.02562373916060734,0.9743762608393927
10319,2020-05-10,0.025713415135780737,0.9742865848642193
10320,2020-05-10,0.0069160812522987,0.9930839187477013
10321,2020-05-10,0.0584561970000359,0.9415438029999641
10322,2020-05-10,0.03391875354979046,0.9660812464502095
10323,2020-05-10,0.004852527818044683,0.9951474721819553
10324,2020-05-10,0.006023727445940041,0.99397627255406
10325,2020-05-10,0.00832972448709568,0.9916702755129043
10326,2020-05-10,0.016525652206397123,0.9834743477936029
10327,2020-05-10,0.017162619879689256,0.9828373801203107
10328,2020-05-10,0.03167247911707782,0.9683275208829222
10330,2020-05-10,0.04870988068098059,0.9512901193190194
10332,2020-05-10,0.009049074416696445,0.9909509255833036
10334,2020-05-10,0.021285396471584672,0.9787146035284153
10335,2020-05-10,0.007113042443542272,0.9928869575564577
10336,2020-05-10,0.02346657951590514,0.9765334204840949
10337,2020-05-10,0.01930690971721094,0.9806930902827891
10338,2020-05-10,0.014234639906079205,0.9857653600939208
10339,2020-05-10,0.022761275604664677,0.9772387243953353
10340,2020-05-10,0.020065627076873538,0.9799343729231265
10341,2020-05-10,0.02509282167137472,0.9749071783286253
10342,2020-05-10,0.0038570457235257427,0.9961429542764743
10343,2020-05-10,0.007757735412391997,0.992242264587608
10344,2020-05-10,0.02975859525326563,0.9702414047467344
10345,2020-05-10,0.009578675869991393,0.9904213241300086
10346,2020-05-10,0.028705131850997323,0.9712948681490027
10348,2020-05-10,0.0036185800415051705,0.9963814199584948
10349,2020-05-10,0.01962888976616539,0.9803711102338346
10350,2020-05-10,0.01669389164791768,0.9833061083520823
10351,2020-05-10,0.024193327963892397,0.9758066720361076
10353,2020-05-10,0.002856199162011741,0.9971438008379883
10354,2020-05-10,0.02489165285362649,0.9751083471463735
10355,2020-05-10,0.010218753423286597,0.9897812465767134
10356,2020-05-10,0.016271294448876428,0.9837287055511236
10357,2020-05-10,0.01597351546052561,0.9840264845394744
10358,2020-05-10,0.019203283915659286,0.9807967160843407
10359,2020-05-10,0.002620255020434392,0.9973797449795656
10360,2020-05-10,0.007583970096822323,0.9924160299031777
10362,2020-05-10,0.028008061306677545,0.9719919386933225
10363,2020-05-10,0.006064551348466396,0.9939354486515336
10364,2020-05-10,0.00601740011191787,0.9939825998880821
10365,2020-05-10,0.009566631098073208,0.9904333689019268
10366,2020-05-10,0.01648400832481034,0.9835159916751897
10367,2020-05-10,0.037872222712999504,0.9621277772870005
10368,2020-05-10,0.059940904406991624,0.9400590955930084
10370,2020-05-10,0.02046259047634369,0.9795374095236563
10371,2020-05-10,0.02419354135348184,0.9758064586465182
10372,2020-05-10,0.022350245470629915,0.9776497545293701
10373,2020-05-10,0.007226843057989596,0.9927731569420104
10374,2020-05-10,0.021938308061102085,0.9780616919388979
10375,2020-05-10,0.012305703427575643,0.9876942965724244
10376,2020-05-10,0.022765763356821345,0.9772342366431787
10377,2020-05-10,0.0152686090751194,0.9847313909248806
10378,2020-05-10,0.006989354928307434,0.9930106450716926
10379,2020-05-10,0.021742211029147862,0.9782577889708521
10380,2020-05-10,0.0025281246700720184,0.997471875329928
10381,2020-05-10,0.035486643199000634,0.9645133568009994
10382,2020-05-10,0.02634575222639235,0.9736542477736077
10383,2020-05-10,0.013564287627185645,0.9864357123728144
10384,2020-05-10,0.013216502746047354,0.9867834972539526
10385,2020-05-10,0.0015595843999990366,0.998440415600001
10386,2020-05-10,0.007193340364584744,0.9928066596354153
10387,2020-05-10,0.03834994908734268,0.9616500509126573
10388,2020-05-10,0.016609926989367474,0.9833900730106325
10389,2020-05-10,0.021793466301995634,0.9782065336980044
10390,2020-05-10,0.014671934641246165,0.9853280653587538
10391,2020-05-10,0.021449818675968735,0.9785501813240313
10392,2020-05-10,0.013686188501183416,0.9863138114988166
10393,2020-05-10,0.004140335028030462,0.9958596649719695
10394,2020-05-10,0.01722217611684551,0.9827778238831545
10395,2020-05-10,0.010751810671733586,0.9892481893282664
10396,2020-05-10,0.009772543272148937,0.9902274567278511
10397,2020-05-10,0.0198506778782247,0.9801493221217753
10398,2020-05-10,0.01646214415721714,0.9835378558427829
10399,2020-05-10,0.0030723782358894614,0.9969276217641105
10400,2020-05-10,0.0330140519146116,0.9669859480853884
10402,2020-05-10,0.028017758715146668,0.9719822412848533
10403,2020-05-10,0.002888363870640065,0.9971116361293599
10404,2020-05-10,0.005144039987645899,0.9948559600123541
10405,2020-05-10,0.0233118670109822,0.9766881329890178
10406,2020-05-10,0.007577425360183021,0.992422574639817
10407,2020-05-10,0.014333453710632327,0.9856665462893677
10408,2020-05-10,0.015866204333246592,0.9841337956667534
10409,2020-05-10,0.015392253957861368,0.9846077460421386
10410,2020-05-10,0.013620824350848881,0.9863791756491511
10412,2020-05-10,0.008653964397130065,0.9913460356028699
10414,2020-05-10,0.027011985846987607,0.9729880141530124
10415,2020-05-10,0.010286961319560195,0.9897130386804398
10416,2020-05-10,0.006073219933032781,0.9939267800669672
10417,2020-05-10,0.019436318085758297,0.9805636819142417
10418,2020-05-10,0.005600607168745109,0.9943993928312549
10419,2020-05-10,0.01961909744655621,0.9803809025534438
10420,2020-05-10,0.024177472198703365,0.9758225278012966
10421,2020-05-10,0.0042793794401790874,0.9957206205598209
10422,2020-05-10,0.007124201796006924,0.9928757982039931
10423,2020-05-10,0.014888429894741484,0.9851115701052585
10424,2020-05-10,0.00270491970422726,0.9972950802957727
10425,2020-05-10,0.008227194299677443,0.9917728057003226
10426,2020-05-10,0.029177025401479484,0.9708229745985205
10427,2020-05-10,0.0035579928008470096,0.996442007199153
10428,2020-05-10,0.03826156217056853,0.9617384378294315
10429,2020-05-10,0.011422479370581828,0.9885775206294182
10430,2020-05-10,0.024860817618509334,0.9751391823814907
10431,2020-05-10,0.04352122788258961,0.9564787721174104
10432,2020-05-10,0.031666051074831225,0.9683339489251688
10433,2020-05-10,0.006643148388406961,0.993356851611593
10434,2020-05-10,0.005520996428993952,0.994479003571006
10435,2020-05-10,0.00779314485466065,0.9922068551453394
10436,2020-05-10,0.008032687685015527,0.9919673123149845
10437,2020-05-10,0.007023545891206573,0.9929764541087934
10438,2020-05-10,0.018693450435478987,0.981306549564521
10439,2020-05-10,0.0036981779621287902,0.9963018220378712
10440,2020-05-10,0.030871605219247367,0.9691283947807526
10441,2020-05-10,0.0039866834459872935,0.9960133165540127
10442,2020-05-10,0.00613239601480875,0.9938676039851913
10443,2020-05-10,0.02722311847977854,0.9727768815202215
10444,2020-05-10,0.006286291661561694,0.9937137083384383
10446,2020-05-10,0.01442611677168204,0.985573883228318
10447,2020-05-10,0.013497304317824033,0.986502695682176
10448,2020-05-10,0.02652873092511354,0.9734712690748865
10449,2020-05-10,0.03839451641636804,0.961605483583632
10450,2020-05-10,0.01873770342397907,0.9812622965760209
10451,2020-05-10,0.011555692077239388,0.9884443079227606
10452,2020-05-10,0.028302331884178633,0.9716976681158214
10453,2020-05-10,0.038790265816558644,0.9612097341834414
10454,2020-05-10,0.01732150322887449,0.9826784967711255
10455,2020-05-10,0.01915162062389708,0.9808483793761029
10456,2020-05-10,0.02403323046236805,0.975966769537632
10457,2020-05-10,0.003946476628592488,0.9960535233714075
10458,2020-05-10,0.013277098329407155,0.9867229016705928
10460,2020-05-10,0.004072769185497038,0.995927230814503
10462,2020-05-10,0.039742951368086255,0.9602570486319137
10464,2020-05-10,0.01894395066253307,0.9810560493374669
10465,2020-05-10,0.007059253902667928,0.9929407460973321
10466,2020-05-10,0.012604049163537856,0.9873959508364621
10467,2020-05-10,0.005255827767590815,0.9947441722324092
10468,2020-05-10,0.019104977293151526,0.9808950227068485
10469,2020-05-10,0.030556073804631323,0.9694439261953687
10470,2020-05-10,0.03406230657156939,0.9659376934284306
10473,2020-05-10,0.029251189266451094,0.9707488107335489
10474,2020-05-10,0.0037213792086843167,0.9962786207913157
10475,2020-05-10,0.03954942412910045,0.9604505758708995
10476,2020-05-10,0.0031361438528684227,0.9968638561471316
10477,2020-05-10,0.012245220056849915,0.9877547799431501
10478,2020-05-10,0.003946596281520609,0.9960534037184794
10479,2020-05-10,0.005256586315515732,0.9947434136844843
10481,2020-05-10,0.010205216096018876,0.9897947839039811
10483,2020-05-10,0.0037589484341441493,0.9962410515658559
10484,2020-05-10,0.013771916747482904,0.9862280832525171
10485,2020-05-10,0.013383434741837452,0.9866165652581625
10486,2020-05-10,0.008082693778358574,0.9919173062216414
10487,2020-05-10,0.11160928685148475,0.8883907131485153
10488,2020-05-10,0.005165268139988188,0.9948347318600118
10489,2020-05-10,0.06985893691122824,0.9301410630887718
10490,2020-05-10,0.011798728705423756,0.9882012712945762
10491,2020-05-10,0.00854728947365635,0.9914527105263437
10492,2020-05-10,0.010822236667364149,0.9891777633326359
10493,2020-05-10,0.06018656755331908,0.9398134324466809
10494,2020-05-10,0.01512423328559187,0.9848757667144081
10495,2020-05-10,0.03020309837288271,0.9697969016271173
10496,2020-05-10,0.019657281659349657,0.9803427183406503
10497,2020-05-10,0.0078029455027059935,0.992197054497294
10498,2020-05-10,0.014155106203832313,0.9858448937961677
10499,2020-05-10,0.03687433755312197,0.963125662446878
10500,2020-05-10,0.045437956019587555,0.9545620439804124
10501,2020-05-10,0.015061130680602886,0.9849388693193971
10502,2020-05-10,0.003931923492150102,0.9960680765078499
10503,2020-05-10,0.006552241809434256,0.9934477581905657
10504,2020-05-10,0.01309844954086925,0.9869015504591307
10505,2020-05-10,0.006656344569245354,0.9933436554307546
10506,2020-05-10,0.022110543878404276,0.9778894561215957
10507,2020-05-10,0.04288702182319182,0.9571129781768082
10508,2020-05-10,0.012079574975525142,0.9879204250244749
10509,2020-05-10,0.02347024440327894,0.9765297555967211
10510,2020-05-10,0.009438254221244446,0.9905617457787556
10511,2020-05-10,0.04434932333161201,0.955650676668388
10512,2020-05-10,0.03537626575192343,0.9646237342480766
10513,2020-05-10,0.035340759244694486,0.9646592407553055
10514,2020-05-10,0.0200787974766391,0.9799212025233609
10515,2020-05-10,0.004922326076310601,0.9950776739236894
10516,2020-05-10,0.007030346550540689,0.9929696534494593
10517,2020-05-10,0.0326314147967085,0.9673685852032915
10518,2020-05-10,0.03305789315792329,0.9669421068420767
10519,2020-05-10,0.007965233868391541,0.9920347661316085
10520,2020-05-10,0.008319705246220721,0.9916802947537793
10523,2020-05-10,0.01721122630783334,0.9827887736921667
10524,2020-05-10,0.025162510301033447,0.9748374896989666
10525,2020-05-10,0.03087637199435067,0.9691236280056493
10526,2020-05-10,0.019910254846388864,0.9800897451536111
10528,2020-05-10,0.006317265427025598,0.9936827345729744
10529,2020-05-10,0.010899292286585482,0.9891007077134145
10530,2020-05-10,0.0043556411477267964,0.9956443588522732
10532,2020-05-10,0.058667518398842544,0.9413324816011575
10533,2020-05-10,0.017065721306083415,0.9829342786939166
10534,2020-05-10,0.002622946054728348,0.9973770539452717
10536,2020-05-10,0.030167671389184858,0.9698323286108151
10537,2020-05-10,0.04310797849642689,0.9568920215035731
10538,2020-05-10,0.03406877798423713,0.9659312220157629
10539,2020-05-10,0.021060044811914924,0.9789399551880851
10540,2020-05-10,0.038890782967672455,0.9611092170323275
10541,2020-05-10,0.009322861910402436,0.9906771380895976
10542,2020-05-10,0.009425655397357735,0.9905743446026423
10543,2020-05-10,0.01634631631608885,0.9836536836839112
10544,2020-05-10,0.009721995477613765,0.9902780045223862
10545,2020-05-10,0.006656261309139655,0.9933437386908603
10546,2020-05-10,0.07629224639789878,0.9237077536021012
10547,2020-05-10,0.0011302019891968884,0.9988697980108031
10549,2020-05-10,0.007613777980412739,0.9923862220195873
10550,2020-05-10,0.008251492549384842,0.9917485074506152
10551,2020-05-10,0.01813566495183372,0.9818643350481663
10552,2020-05-10,0.02232050531435459,0.9776794946856454
10553,2020-05-10,0.002467655082077802,0.9975323449179222
10555,2020-05-10,0.005384846703479829,0.9946151532965202
10556,2020-05-10,0.10187545464759118,0.8981245453524088
10557,2020-05-10,0.007460968931222389,0.9925390310687776
10559,2020-05-10,0.01608165927985905,0.983918340720141
10560,2020-05-10,0.0013479364400573735,0.9986520635599426
10561,2020-05-10,0.005441581387232275,0.9945584186127677
10562,2020-05-10,0.010113434308432145,0.9898865656915679
10563,2020-05-10,0.029673159355231626,0.9703268406447684
10564,2020-05-10,0.020150299086727608,0.9798497009132724
10565,2020-05-10,0.003700521773487786,0.9962994782265122
10566,2020-05-10,0.006149297294455014,0.993850702705545
10567,2020-05-10,0.01014618341959439,0.9898538165804056
10568,2020-05-10,0.013909350624118355,0.9860906493758816
10570,2020-05-10,0.014148581036823593,0.9858514189631764
10572,2020-05-10,0.00581315892229517,0.9941868410777048
10574,2020-05-10,0.003960407101287311,0.9960395928987127
10575,2020-05-10,0.03016148296230825,0.9698385170376917
10576,2020-05-10,0.04358210992512268,0.9564178900748773
10577,2020-05-10,0.009995858068994612,0.9900041419310054
10578,2020-05-10,0.0741069424498153,0.9258930575501847
10579,2020-05-10,0.006555267468870141,0.9934447325311299
10580,2020-05-10,0.015594237795839683,0.9844057622041603
10581,2020-05-10,0.002692192145933636,0.9973078078540664
10582,2020-05-10,0.0009106015437813086,0.9990893984562187
10585,2020-05-10,0.015016436903038777,0.9849835630969612
10586,2020-05-10,0.0048344534291445695,0.9951655465708554
10587,2020-05-10,0.022492098718356557,0.9775079012816434
10588,2020-05-10,0.021093133451242196,0.9789068665487578
10589,2020-05-10,0.06611587766700777,0.9338841223329922
10591,2020-05-10,0.010408037035126716,0.9895919629648733
10592,2020-05-10,0.019092465358103605,0.9809075346418964
10593,2020-05-10,0.02588860144650751,0.9741113985534925
10594,2020-05-10,0.018500918614186235,0.9814990813858138
10595,2020-05-10,0.0343406029022546,0.9656593970977454
10596,2020-05-10,0.010029136587277887,0.9899708634127221
10597,2020-05-10,0.005728856226045798,0.9942711437739542
10598,2020-05-10,0.00562857345473311,0.9943714265452669
10599,2020-05-10,0.022842609931341684,0.9771573900686583
10600,2020-05-10,0.013313230413939836,0.9866867695860602
10602,2020-05-10,0.006858760728650659,0.9931412392713493
10603,2020-05-10,0.0034726728424888664,0.9965273271575111
10604,2020-05-10,0.018076131382184002,0.981923868617816
10605,2020-05-10,0.01874666020669291,0.9812533397933071
10606,2020-05-10,0.09038784528985477,0.9096121547101452
10607,2020-05-10,0.014021460696680421,0.9859785393033196
10608,2020-05-10,0.006230666594959744,0.9937693334050403
10609,2020-05-10,0.032417524156903355,0.9675824758430966
10611,2020-05-10,0.0023483763243267175,0.9976516236756733
10612,2020-05-10,0.002447268997453067,0.9975527310025469
10613,2020-05-10,0.005227399841725822,0.9947726001582742
10614,2020-05-10,0.007437822317699294,0.9925621776823007
10615,2020-05-10,0.03246734772913529,0.9675326522708647
10616,2020-05-10,0.00489735158480642,0.9951026484151936
10617,2020-05-10,0.016972840369174236,0.9830271596308258
10618,2020-05-10,0.015609160637303443,0.9843908393626966
10619,2020-05-10,0.05153629724313025,0.9484637027568698
10621,2020-05-10,0.024534175317037832,0.9754658246829622
10622,2020-05-10,0.018221375736851675,0.9817786242631483
10623,2020-05-10,0.01074092215167577,0.9892590778483242
10624,2020-05-10,0.12470707875738019,0.8752929212426198
10625,2020-05-10,0.002201912621623947,0.997798087378376
10626,2020-05-10,0.02260400392934303,0.977395996070657
10627,2020-05-10,0.008031246797848057,0.9919687532021519
10628,2020-05-10,0.027035572696766152,0.9729644273032338
10629,2020-05-10,0.012632616800869356,0.9873673831991306
10630,2020-05-10,0.024358384554755808,0.9756416154452442
10631,2020-05-10,0.009916595864488786,0.9900834041355112
10632,2020-05-10,0.02166541715587733,0.9783345828441227
10633,2020-05-10,0.005114265921015271,0.9948857340789847
10634,2020-05-10,0.021210831586527923,0.9787891684134721
10636,2020-05-10,0.04232229336261506,0.9576777066373849
10637,2020-05-10,0.0012910332615317932,0.9987089667384682
10638,2020-05-10,0.0033307080801919797,0.996669291919808
10640,2020-05-10,0.014966332422397866,0.9850336675776021
10641,2020-05-10,0.006038401383640868,0.9939615986163591
10643,2020-05-10,0.010175745588985818,0.9898242544110142
10644,2020-05-10,0.017229694024102127,0.9827703059758979
10645,2020-05-10,0.016944088396233514,0.9830559116037665
10646,2020-05-10,0.00906124770375194,0.9909387522962481
10647,2020-05-10,0.036023516433879355,0.9639764835661206
10648,2020-05-10,0.011258255666740435,0.9887417443332596
10649,2020-05-10,0.005155165842730458,0.9948448341572695
10650,2020-05-10,0.014079045435648085,0.9859209545643519
10651,2020-05-10,0.004758691380387758,0.9952413086196122
10652,2020-05-10,0.026249164080076826,0.9737508359199232
10653,2020-05-10,0.010481405930025,0.989518594069975
10654,2020-05-10,0.0066301928717216185,0.9933698071282784
10655,2020-05-10,0.09228896986245627,0.9077110301375437
10657,2020-05-10,0.03021450160478023,0.9697854983952198
10658,2020-05-10,0.002007483280264677,0.9979925167197353
10659,2020-05-10,0.03926233382126565,0.9607376661787344
10660,2020-05-10,0.04096317617791945,0.9590368238220806
10662,2020-05-10,0.024621260214928387,0.9753787397850716
10663,2020-05-10,0.00786502164188918,0.9921349783581108
10664,2020-05-10,0.020805127024542625,0.9791948729754574
10666,2020-05-10,0.12368357673104113,0.8763164232689589
10667,2020-05-10,0.007970961861745951,0.992029038138254
10668,2020-05-10,0.013578587809674136,0.9864214121903259
10669,2020-05-10,0.003856658338791563,0.9961433416612084
10670,2020-05-10,0.01900217910800528,0.9809978208919947
10671,2020-05-10,0.00885504583565655,0.9911449541643435
10672,2020-05-10,0.018983509781772545,0.9810164902182275
10673,2020-05-10,0.0033180665370921014,0.9966819334629079
10675,2020-05-10,0.011466048502158266,0.9885339514978417
10676,2020-05-10,0.023128714581729493,0.9768712854182705
10677,2020-05-10,0.01751263538041392,0.9824873646195861
10678,2020-05-10,0.005070615869892547,0.9949293841301075
10679,2020-05-10,0.02013095584925817,0.9798690441507418
10681,2020-05-10,0.012405110301463074,0.9875948896985369
10682,2020-05-10,0.016955405057927142,0.9830445949420729
10683,2020-05-10,0.004558615054175319,0.9954413849458247
10685,2020-05-10,0.03584404809814534,0.9641559519018547
10686,2020-05-10,0.011017767903789166,0.9889822320962108
10687,2020-05-10,0.009029073361678908,0.9909709266383211
10688,2020-05-10,0.0016268267247384616,0.9983731732752615
10689,2020-05-10,0.013794623977417042,0.986205376022583
10690,2020-05-10,0.014526095536452455,0.9854739044635475
10691,2020-05-10,0.00902056962608122,0.9909794303739188
10692,2020-05-10,0.032471706907531095,0.9675282930924689
10693,2020-05-10,0.05367916997280231,0.9463208300271977
10694,2020-05-10,0.005865414077184439,0.9941345859228156
10695,2020-05-10,0.004687348110468004,0.995312651889532
10696,2020-05-10,0.013982440494557546,0.9860175595054425
10697,2020-05-10,0.01090206149485673,0.9890979385051433
10698,2020-05-10,0.017007506352817003,0.982992493647183
10699,2020-05-10,0.01651392180296274,0.9834860781970373
10700,2020-05-10,0.002417923804666322,0.9975820761953337
10701,2020-05-10,0.010444328455284868,0.9895556715447151
10702,2020-05-10,0.0065621875598261825,0.9934378124401738
10703,2020-05-10,0.015530120586090268,0.9844698794139097
10704,2020-05-10,0.03458022506297964,0.9654197749370204
10705,2020-05-10,0.005483083781585352,0.9945169162184146
10706,2020-05-10,0.006349156124451083,0.9936508438755489
10707,2020-05-10,0.01621659770959538,0.9837834022904046
10708,2020-05-10,0.008865490414945998,0.991134509585054
10709,2020-05-10,0.029895295392272425,0.9701047046077276
10710,2020-05-10,0.09690107683885152,0.9030989231611485
10711,2020-05-10,0.02882694804245345,0.9711730519575466
10712,2020-05-10,0.01629359891695259,0.9837064010830474
10713,2020-05-10,0.016799271853922715,0.9832007281460773
10715,2020-05-10,0.03056175601278377,0.9694382439872162
10716,2020-05-10,0.023695006317511647,0.9763049936824884
10717,2020-05-10,0.023002111781381895,0.9769978882186181
10718,2020-05-10,0.03109585345238064,0.9689041465476194
10719,2020-05-10,0.009070842327319362,0.9909291576726806
10720,2020-05-10,0.05759998606447925,0.9424000139355208
10721,2020-05-10,0.008069432670820387,0.9919305673291796
10722,2020-05-10,0.018732616995405738,0.9812673830045943
10723,2020-05-10,0.004751599110106031,0.995248400889894
10724,2020-05-10,0.01967401059288254,0.9803259894071175
10725,2020-05-10,0.019818531461206268,0.9801814685387937
10727,2020-05-10,0.007346672347179561,0.9926533276528204
10728,2020-05-10,0.007005218735637753,0.9929947812643622
10729,2020-05-10,0.0063109039846103165,0.9936890960153897
10730,2020-05-10,0.018874384745183992,0.981125615254816
10731,2020-05-10,0.004624986394747288,0.9953750136052527
10732,2020-05-10,0.0030909305163565604,0.9969090694836434
10733,2020-05-10,0.0010372731409140634,0.9989627268590859
10734,2020-05-10,0.053823749951823596,0.9461762500481764
10735,2020-05-10,0.0069007888853024335,0.9930992111146976
10736,2020-05-10,0.02571983998458649,0.9742801600154135
10737,2020-05-10,0.02912814370432315,0.9708718562956768
10738,2020-05-10,0.007601604508701398,0.9923983954912986
10740,2020-05-10,0.007048400972434421,0.9929515990275656
10741,2020-05-10,0.008302546574821879,0.9916974534251781
10742,2020-05-10,0.0846995218168276,0.9153004781831724
10744,2020-05-10,0.06427267153280058,0.9357273284671994
10745,2020-05-10,0.0013080596451620075,0.998691940354838
10746,2020-05-10,0.031598322333770135,0.9684016776662299
10747,2020-05-10,0.00639925318458201,0.993600746815418
10748,2020-05-10,0.007613496019476806,0.9923865039805232
10749,2020-05-10,0.003626832488736853,0.9963731675112631
10750,2020-05-10,0.009261008343741106,0.9907389916562589
10751,2020-05-10,0.019224845794062806,0.9807751542059372
10753,2020-05-10,0.01966937672273872,0.9803306232772613
10754,2020-05-10,0.005093128465362584,0.9949068715346374
10755,2020-05-10,0.0059715111552798295,0.9940284888447202
10756,2020-05-10,0.015761612624581867,0.9842383873754181
10757,2020-05-10,0.009769017895015275,0.9902309821049847
10758,2020-05-10,0.01770715556136848,0.9822928444386315
10759,2020-05-10,0.004526309171567822,0.9954736908284322
10760,2020-05-10,0.01783503814936982,0.9821649618506302
10761,2020-05-10,0.028031050602173258,0.9719689493978267
10762,2020-05-10,0.012410991160808682,0.9875890088391913
10763,2020-05-10,0.02918874626325929,0.9708112537367407
10765,2020-05-10,0.0054595786289968196,0.9945404213710032
10766,2020-05-10,0.011300450462418565,0.9886995495375814
10767,2020-05-10,0.0016095084015382843,0.9983904915984617
10768,2020-05-10,0.02019036197952717,0.9798096380204728
10769,2020-05-10,0.05268840737432989,0.9473115926256701
10770,2020-05-10,0.033041735734133826,0.9669582642658662
10771,2020-05-10,0.011490954620757443,0.9885090453792426
10772,2020-05-10,0.037262645625723345,0.9627373543742767
10773,2020-05-10,0.03213992259124576,0.9678600774087542
10774,2020-05-10,0.03229461942281253,0.9677053805771875
10775,2020-05-10,0.011575485029035382,0.9884245149709646
10776,2020-05-10,0.022464291433113015,0.977535708566887
10777,2020-05-10,0.029486087531937377,0.9705139124680626
10778,2020-05-10,0.0012463584867626887,0.9987536415132373
10779,2020-05-10,0.0222355529422833,0.9777644470577167
10780,2020-05-10,0.031769162428237574,0.9682308375717624
10781,2020-05-10,0.004567027778535571,0.9954329722214644
10782,2020-05-10,0.029486560566643782,0.9705134394333562
10783,2020-05-10,0.0052849928461115026,0.9947150071538885
10784,2020-05-10,0.014641753106045985,0.985358246893954
10785,2020-05-10,0.014370589746286577,0.9856294102537134
10786,2020-05-10,0.01726919435217944,0.9827308056478206
10787,2020-05-10,0.007722714431343092,0.9922772855686569
10788,2020-05-10,0.00688133086224163,0.9931186691377584
10789,2020-05-10,0.028825007314634332,0.9711749926853657
10790,2020-05-10,0.003166314163521422,0.9968336858364786
10791,2020-05-10,0.019196597500234835,0.9808034024997652
10792,2020-05-10,0.006998979233871161,0.9930010207661288
10793,2020-05-10,0.04853972254937755,0.9514602774506224
10794,2020-05-10,0.05016656674277187,0.9498334332572281
10795,2020-05-10,0.011478337657879534,0.9885216623421205
10796,2020-05-10,0.013592624441324586,0.9864073755586754
10797,2020-05-10,0.011160337101245865,0.9888396628987541
10801,2020-05-10,0.021694029275442284,0.9783059707245577
10802,2020-05-10,0.01792937239968695,0.982070627600313
10803,2020-05-10,0.01125490030124987,0.9887450996987501
10804,2020-05-10,0.05306896475770784,0.9469310352422922
10806,2020-05-10,0.016917268008490915,0.9830827319915091
10807,2020-05-10,0.01564337124574322,0.9843566287542568
10809,2020-05-10,0.004706158595224608,0.9952938414047754
10810,2020-05-10,0.0020218936660040265,0.997978106333996
10811,2020-05-10,0.008058517280821742,0.9919414827191783
10813,2020-05-10,0.012831992809371418,0.9871680071906286
10814,2020-05-10,0.10901918164019508,0.8909808183598049
10815,2020-05-10,0.10517727240634966,0.8948227275936503
10816,2020-05-10,0.035196029792198824,0.9648039702078012
10817,2020-05-10,0.010607957058654471,0.9893920429413455
10818,2020-05-10,0.006560557391330657,0.9934394426086693
10819,2020-05-10,0.05099777764981139,0.9490022223501886
10820,2020-05-10,0.01873844105734812,0.9812615589426519
10821,2020-05-10,0.024764569656571034,0.975235430343429
10823,2020-05-10,0.016946024491762635,0.9830539755082374
10824,2020-05-10,0.014826126478380552,0.9851738735216194
10825,2020-05-10,0.0067050732903121135,0.9932949267096879
10826,2020-05-10,0.03264397341081726,0.9673560265891827
10827,2020-05-10,0.008733298172276194,0.9912667018277238
10828,2020-05-10,0.04659461545306931,0.9534053845469307
10829,2020-05-10,0.02719115442830644,0.9728088455716936
10830,2020-05-10,0.028245244333890973,0.971754755666109
10832,2020-05-10,0.02153774525491048,0.9784622547450895
10833,2020-05-10,0.030772426589649626,0.9692275734103504
10834,2020-05-10,0.008597123350965408,0.9914028766490346
10835,2020-05-10,0.06832440952009722,0.9316755904799028
10836,2020-05-10,0.015315482349460119,0.9846845176505399
10837,2020-05-10,0.021313280713966543,0.9786867192860335
10838,2020-05-10,0.0244943810718371,0.9755056189281629
10839,2020-05-10,0.005965414358596988,0.994034585641403
10840,2020-05-10,0.008890145206954858,0.9911098547930451
10841,2020-05-10,0.026145551461451588,0.9738544485385484
10842,2020-05-10,0.010400119215993486,0.9895998807840065
10843,2020-05-10,0.011192227802868437,0.9888077721971316
10844,2020-05-10,0.011570142844144926,0.9884298571558551
10845,2020-05-10,0.0173717721670974,0.9826282278329026
10846,2020-05-10,0.02504706270596202,0.974952937294038
10847,2020-05-10,0.02164610184711402,0.978353898152886
10848,2020-05-10,0.004789861175033883,0.9952101388249661
10849,2020-05-10,0.02651245521652934,0.9734875447834707
10850,2020-05-10,0.02058433870438192,0.9794156612956181
10851,2020-05-10,0.040329370269426956,0.959670629730573
10852,2020-05-10,0.016435896781933246,0.9835641032180668
10853,2020-05-10,0.016300485947612242,0.9836995140523878
10854,2020-05-10,0.10230119557337214,0.8976988044266279
10855,2020-05-10,0.008448720380498487,0.9915512796195015
10856,2020-05-10,0.01459058384758638,0.9854094161524136
10857,2020-05-10,0.04665747686989874,0.9533425231301013
10858,2020-05-10,0.014515354186296014,0.985484645813704
10859,2020-05-10,0.003301193836034222,0.9966988061639658
10860,2020-05-10,0.12634917273611868,0.8736508272638813
10861,2020-05-10,0.05231823440927408,0.9476817655907259
10862,2020-05-10,0.03452914017683939,0.9654708598231606
10863,2020-05-10,0.022871711221534863,0.9771282887784651
10864,2020-05-10,0.023664690827290502,0.9763353091727095
10865,2020-05-10,0.025811829044167345,0.9741881709558327
10866,2020-05-10,0.00221583582479723,0.9977841641752028
10867,2020-05-10,0.008067124420173655,0.9919328755798263
10869,2020-05-10,0.03765170055891642,0.9623482994410836
10870,2020-05-10,0.030669725272286397,0.9693302747277136
10871,2020-05-10,0.02624376965638542,0.9737562303436146
10872,2020-05-10,0.02614645042367847,0.9738535495763215
10873,2020-05-10,0.013045149949685753,0.9869548500503142
10874,2020-05-10,0.016998361390076155,0.9830016386099238
10875,2020-05-10,0.010809469837093633,0.9891905301629064
10876,2020-05-10,0.013851055826602732,0.9861489441733973
10877,2020-05-10,0.007811005078239286,0.9921889949217607
10878,2020-05-10,0.03159508024129587,0.9684049197587041
10879,2020-05-10,0.023732346810392935,0.9762676531896071
10880,2020-05-10,0.003409183833154361,0.9965908161668456
10881,2020-05-10,0.01627140341618316,0.9837285965838168
10882,2020-05-10,0.007889768351552529,0.9921102316484475
10883,2020-05-10,0.025045740542118722,0.9749542594578813
10884,2020-05-10,0.0033210173374038643,0.9966789826625961
10885,2020-05-10,0.01354117269331978,0.9864588273066802
10886,2020-05-10,0.015778036876844426,0.9842219631231556
10887,2020-05-10,0.012621381053924297,0.9873786189460757
10888,2020-05-10,0.0020835817355991937,0.9979164182644008
10889,2020-05-10,0.004961794016001608,0.9950382059839984
10890,2020-05-10,0.06381398470300925,0.9361860152969907
10891,2020-05-10,0.04443173011540402,0.955568269884596
10893,2020-05-10,0.005648971215122867,0.9943510287848771
10894,2020-05-10,0.017369167558022425,0.9826308324419776
10895,2020-05-10,0.008719200341034239,0.9912807996589658
10896,2020-05-10,0.012776311856464884,0.9872236881435351
10897,2020-05-10,0.011907889499112922,0.9880921105008871
10898,2020-05-10,0.01571264809806161,0.9842873519019384
10899,2020-05-10,0.03577107061791096,0.964228929382089
10901,2020-05-10,0.020471412408339495,0.9795285875916605
10902,2020-05-10,0.012401477528748317,0.9875985224712517
10903,2020-05-10,0.0032484312685883143,0.9967515687314117
10904,2020-05-10,0.0074423834345553885,0.9925576165654446
10905,2020-05-10,0.01738177533715035,0.9826182246628496
10906,2020-05-10,0.017597385410320077,0.9824026145896799
10907,2020-05-10,0.014353987502600862,0.9856460124973991
10908,2020-05-10,0.007540601773553202,0.9924593982264468
10909,2020-05-10,0.033538086460588534,0.9664619135394115
10910,2020-05-10,0.009718012545504306,0.9902819874544957
10911,2020-05-10,0.0052521343430266265,0.9947478656569734
10913,2020-05-10,0.03455165086227452,0.9654483491377255
10914,2020-05-10,0.01891328847772633,0.9810867115222737
10916,2020-05-10,0.038304543862490714,0.9616954561375093
10917,2020-05-10,0.013501199951315268,0.9864988000486847
10918,2020-05-10,0.00941929674606079,0.9905807032539392
10919,2020-05-10,0.0037690494517549356,0.9962309505482451
10920,2020-05-10,0.008624223720398838,0.9913757762796012
10922,2020-05-10,0.01380782602086117,0.9861921739791388
10923,2020-05-10,0.03446985255893564,0.9655301474410644
10924,2020-05-10,0.014958530963566252,0.9850414690364337
10925,2020-05-10,0.011923919953998996,0.988076080046001
10926,2020-05-10,0.06660920026879213,0.9333907997312079
10927,2020-05-10,0.01819499790487511,0.9818050020951249
10928,2020-05-10,0.011983061436745879,0.9880169385632541
10929,2020-05-10,0.004150828968821907,0.9958491710311781
10930,2020-05-10,0.0008107685072454851,0.9991892314927545
10931,2020-05-10,0.015007767940003247,0.9849922320599968
10933,2020-05-10,0.06637221431547446,0.9336277856845255
10934,2020-05-10,0.019327687954439954,0.98067231204556
10935,2020-05-10,0.0032455552117265363,0.9967544447882735
10936,2020-05-10,0.05243987698920438,0.9475601230107956
10937,2020-05-10,0.013408052661307734,0.9865919473386923
10938,2020-05-10,0.008691231916814979,0.991308768083185
10940,2020-05-10,0.00549299150445548,0.9945070084955445
10941,2020-05-10,0.028825697757597246,0.9711743022424028
10942,2020-05-10,0.014933890847685927,0.9850661091523141
10943,2020-05-10,0.04934155010438457,0.9506584498956154
10944,2020-05-10,0.010370942680160367,0.9896290573198396
10945,2020-05-10,0.0027117451205591614,0.9972882548794408
10946,2020-05-10,0.010327526417689636,0.9896724735823104
10947,2020-05-10,0.009980623531188448,0.9900193764688116
10948,2020-05-10,0.016178464043767105,0.9838215359562329
10950,2020-05-10,0.006147739397512897,0.9938522606024871
10951,2020-05-10,0.010832672207536476,0.9891673277924635
10953,2020-05-10,0.008235390929849373,0.9917646090701506
10954,2020-05-10,0.011074682067555686,0.9889253179324443
10955,2020-05-10,0.028477615373245446,0.9715223846267546
10957,2020-05-10,0.010946747367536203,0.9890532526324638
10958,2020-05-10,0.007012383719154247,0.9929876162808458
10959,2020-05-10,0.008986483111686705,0.9910135168883133
10960,2020-05-10,0.0012728094805062318,0.9987271905194938
10961,2020-05-10,0.011147586790024366,0.9888524132099756
10962,2020-05-10,0.004658139825027496,0.9953418601749725
10963,2020-05-10,0.02702315960406576,0.9729768403959342
10964,2020-05-10,0.008919213080151978,0.991080786919848
10965,2020-05-10,0.007995851830400524,0.9920041481695995
10966,2020-05-10,0.003485031592376786,0.9965149684076232
10968,2020-05-10,0.013617821159870314,0.9863821788401297
10969,2020-05-10,0.028859207262525666,0.9711407927374743
10970,2020-05-10,0.01668072740758586,0.9833192725924141
10971,2020-05-10,0.02106077303198317,0.9789392269680168
10972,2020-05-10,0.002073346418314359,0.9979266535816856
10973,2020-05-10,0.003060633084528752,0.9969393669154712
10974,2020-05-10,0.0111351981425023,0.9888648018574977
10975,2020-05-10,0.009824272657324773,0.9901757273426752
10976,2020-05-10,0.028402108773287638,0.9715978912267124
10977,2020-05-10,0.010363679518632263,0.9896363204813677
10978,2020-05-10,0.01727088225616924,0.9827291177438308
10979,2020-05-10,0.018059848128548106,0.9819401518714519
10981,2020-05-10,0.005238407627950026,0.99476159237205
10982,2020-05-10,0.022852201431051156,0.9771477985689488
10984,2020-05-10,0.00933677778934261,0.9906632222106574
10985,2020-05-10,0.005203676030102078,0.9947963239698979
10986,2020-05-10,0.010504180143902642,0.9894958198560974
10987,2020-05-10,0.00837370506817292,0.9916262949318271
10988,2020-05-10,0.009690410267718774,0.9903095897322812
10989,2020-05-10,0.0019252346519297303,0.9980747653480703
10990,2020-05-10,0.033384496806698305,0.9666155031933017
10991,2020-05-10,0.016936858110394026,0.983063141889606
10992,2020-05-10,0.016791486168746705,0.9832085138312533
10994,2020-05-10,0.014548854089736829,0.9854511459102632
10995,2020-05-10,0.044567304425945475,0.9554326955740545
10997,2020-05-10,0.012633472779937871,0.9873665272200621
10998,2020-05-10,0.051700808038975476,0.9482991919610245
10999,2020-05-10,0.015791320007477405,0.9842086799925226
11000,2020-05-10,0.008224987022801611,0.9917750129771984
11001,2020-05-10,0.010353186662763747,0.9896468133372363
11002,2020-05-10,0.03649354143384875,0.9635064585661512
11003,2020-05-10,0.007127949363268549,0.9928720506367315
11004,2020-05-10,0.00248497962848937,0.9975150203715106
11005,2020-05-10,0.07032078824928867,0.9296792117507113
11006,2020-05-10,0.01714981780106417,0.9828501821989358
11007,2020-05-10,0.0770728987254008,0.9229271012745992
11008,2020-05-10,0.025807161791488675,0.9741928382085113
11010,2020-05-10,0.01243484772784853,0.9875651522721515
11011,2020-05-10,0.006801819350646943,0.9931981806493531
11012,2020-05-10,0.009396527999398052,0.990603472000602
11013,2020-05-10,0.018946610012244625,0.9810533899877554
11014,2020-05-10,0.004607179698456254,0.9953928203015437
11015,2020-05-10,0.014799741903067876,0.9852002580969321
11016,2020-05-10,0.00804253708279512,0.9919574629172049
11017,2020-05-10,0.13825148220744077,0.8617485177925592
11018,2020-05-10,0.009888308258783507,0.9901116917412165
11020,2020-05-10,0.00769754793723032,0.9923024520627697
11021,2020-05-10,0.01825876854462749,0.9817412314553725
11022,2020-05-10,0.007587941773687268,0.9924120582263127
11023,2020-05-10,0.01161250248200063,0.9883874975179994
11024,2020-05-10,0.013896983196784896,0.9861030168032151
11026,2020-05-10,0.003989762779615713,0.9960102372203843
11027,2020-05-10,0.015963496730205695,0.9840365032697943
11028,2020-05-10,0.001000182838267638,0.9989998171617324
11029,2020-05-10,0.03144815468753248,0.9685518453124675
11030,2020-05-10,0.021744237887836415,0.9782557621121636
11031,2020-05-10,0.034697888232097074,0.9653021117679029
11032,2020-05-10,0.008085517601742587,0.9919144823982574
11033,2020-05-10,0.025021006730082784,0.9749789932699172
11035,2020-05-10,0.019512946470276127,0.9804870535297239
11036,2020-05-10,0.007284533814865379,0.9927154661851346
11038,2020-05-10,0.005332668392510009,0.99466733160749
11039,2020-05-10,0.018816811606941486,0.9811831883930585
11040,2020-05-10,0.012662395157564177,0.9873376048424358
11042,2020-05-10,0.014856605807068712,0.9851433941929313
11043,2020-05-10,0.026161494318182377,0.9738385056818176
11045,2020-05-10,0.007777326346081526,0.9922226736539185
11046,2020-05-10,0.010135339940889665,0.9898646600591103
11047,2020-05-10,0.05434571735919458,0.9456542826408054
11048,2020-05-10,0.010646422546713552,0.9893535774532864
11049,2020-05-10,0.009186177944785157,0.9908138220552148
11050,2020-05-10,0.009982686208057867,0.9900173137919421
11051,2020-05-10,0.05613518818267205,0.943864811817328
11052,2020-05-10,0.007469884535376781,0.9925301154646232
11053,2020-05-10,0.019849377548845082,0.9801506224511549
11054,2020-05-10,0.0041253056059628035,0.9958746943940372
11055,2020-05-10,0.015004378173108734,0.9849956218268913
11056,2020-05-10,0.06982952691946998,0.93017047308053
11057,2020-05-10,0.007586709735433073,0.9924132902645669
11058,2020-05-10,0.010560598352410855,0.9894394016475891
11059,2020-05-10,0.021583155266313492,0.9784168447336865
11060,2020-05-10,0.006031014993353234,0.9939689850066468
11061,2020-05-10,0.013874800467979176,0.9861251995320208
11062,2020-05-10,0.002849479241986752,0.9971505207580132
11063,2020-05-10,0.016602894159029047,0.983397105840971
11064,2020-05-10,0.07167528732643602,0.928324712673564
11065,2020-05-10,0.0242710978189562,0.9757289021810438
11066,2020-05-10,0.009688901698258978,0.990311098301741
11068,2020-05-10,0.030447134582884616,0.9695528654171154
11069,2020-05-10,0.05027842636156665,0.9497215736384333
11070,2020-05-10,0.013569133928769128,0.9864308660712309
11071,2020-05-10,0.011382028166034397,0.9886179718339656
11072,2020-05-10,0.02779686433190165,0.9722031356680984
11073,2020-05-10,0.004172950204466286,0.9958270497955337
11074,2020-05-10,0.016159649387846087,0.9838403506121539
11075,2020-05-10,0.026106741527629485,0.9738932584723705
11076,2020-05-10,0.014278341647135595,0.9857216583528644
11077,2020-05-10,0.011580705646087153,0.9884192943539128
11078,2020-05-10,0.007100023764840646,0.9928999762351594
11081,2020-05-10,0.0019332987785907196,0.9980667012214093
11082,2020-05-10,0.0048899618747378915,0.9951100381252621
11083,2020-05-10,0.04538811142619459,0.9546118885738054
11084,2020-05-10,0.015694690383759813,0.9843053096162402
11085,2020-05-10,0.004858051492572679,0.9951419485074273
11086,2020-05-10,0.01059887967555595,0.989401120324444
11087,2020-05-10,0.008405858832461144,0.9915941411675389
11088,2020-05-10,0.0023293470981753384,0.9976706529018247
11089,2020-05-10,0.009338262091409422,0.9906617379085906
11091,2020-05-10,0.030788078678825492,0.9692119213211745
11092,2020-05-10,0.03497603470754829,0.9650239652924517
11093,2020-05-10,0.021475103628173953,0.978524896371826
11094,2020-05-10,0.007127786297036698,0.9928722137029633
11095,2020-05-10,0.010029598229565506,0.9899704017704345
11096,2020-05-10,0.007259035342946363,0.9927409646570536
11097,2020-05-10,0.002894199950632559,0.9971058000493674
11098,2020-05-10,0.03163311070455943,0.9683668892954406
11099,2020-05-10,0.006748766228172887,0.9932512337718271
11100,2020-05-10,0.0056966796569937195,0.9943033203430063
11101,2020-05-10,0.06746134227303058,0.9325386577269694
11102,2020-05-10,0.012802373981182669,0.9871976260188173
11103,2020-05-10,0.028014963743039578,0.9719850362569604
11104,2020-05-10,0.005950898035916752,0.9940491019640832
11105,2020-05-10,0.008120929435244006,0.991879070564756
11106,2020-05-10,0.019840678129185885,0.9801593218708141
11107,2020-05-10,0.014467342688527784,0.9855326573114722
11108,2020-05-10,0.008631363424234095,0.9913686365757659
11109,2020-05-10,0.017941335149207482,0.9820586648507925
11110,2020-05-10,0.00784271785740076,0.9921572821425992
11111,2020-05-10,0.02821825611785511,0.9717817438821449
11114,2020-05-10,0.003900962779157413,0.9960990372208426
11115,2020-05-10,0.011488898150240456,0.9885111018497595
11116,2020-05-10,0.051392615118989515,0.9486073848810105
11117,2020-05-10,0.01568332963024055,0.9843166703697594
11118,2020-05-10,0.021187298751171646,0.9788127012488284
11119,2020-05-10,0.007184852995119506,0.9928151470048805
11120,2020-05-10,0.020774981786977675,0.9792250182130223
11121,2020-05-10,0.02062610998271841,0.9793738900172816
11122,2020-05-10,0.021112930183317502,0.9788870698166825
11123,2020-05-10,0.008772235209428714,0.9912277647905713
11124,2020-05-10,0.01898058876577524,0.9810194112342248
11125,2020-05-10,0.006426590043500102,0.9935734099564999
11126,2020-05-10,0.03375120080472027,0.9662487991952797
11127,2020-05-10,0.0033416259277151417,0.9966583740722849
11128,2020-05-10,0.008474674404032823,0.9915253255959672
11129,2020-05-10,0.007887951479497168,0.9921120485205028
11130,2020-05-10,0.04055835295165977,0.9594416470483402
11131,2020-05-10,0.005355245075223225,0.9946447549247768
11132,2020-05-10,0.0074010551993888285,0.9925989448006112
11133,2020-05-10,0.007762785130944638,0.9922372148690554
11134,2020-05-10,0.0226848264587709,0.9773151735412291
11135,2020-05-10,0.0045507403079353415,0.9954492596920647
11136,2020-05-10,0.04025155260836477,0.9597484473916352
11137,2020-05-10,0.014330966393100275,0.9856690336068997
11138,2020-05-10,0.02201341232368559,0.9779865876763144
11139,2020-05-10,0.003511571073305464,0.9964884289266945
11140,2020-05-10,0.017713235036053265,0.9822867649639467
11141,2020-05-10,0.02807649752167163,0.9719235024783284
11142,2020-05-10,0.014667333902435464,0.9853326660975645
11143,2020-05-10,0.0019814488706114686,0.9980185511293885
11144,2020-05-10,0.009521298005817358,0.9904787019941826
11145,2020-05-10,0.0064614646247953544,0.9935385353752046
11146,2020-05-10,0.04512103045978455,0.9548789695402154
11147,2020-05-10,0.08254948945440788,0.9174505105455921
11148,2020-05-10,0.008872599191263375,0.9911274008087366
11149,2020-05-10,0.013800745005916548,0.9861992549940835
11150,2020-05-10,0.010005025294341885,0.9899949747056581
11152,2020-05-10,0.025419076100602345,0.9745809238993977
11153,2020-05-10,0.003530149939201088,0.9964698500607989
11154,2020-05-10,0.020390319453173378,0.9796096805468266
11155,2020-05-10,0.00816740046827813,0.9918325995317219
11156,2020-05-10,0.009091192955073768,0.9909088070449262
11157,2020-05-10,0.07377644233341407,0.9262235576665859
11158,2020-05-10,0.006627448604600628,0.9933725513953994
11159,2020-05-10,0.05223558485562407,0.9477644151443759
11160,2020-05-10,0.007162784385822185,0.9928372156141778
11161,2020-05-10,0.019350476568139152,0.9806495234318608
11162,2020-05-10,0.01184874946664527,0.9881512505333547
11163,2020-05-10,0.004605138625219829,0.9953948613747802
11164,2020-05-10,0.01151660031409718,0.9884833996859028
11165,2020-05-10,0.012287009587482078,0.9877129904125179
11166,2020-05-10,0.006722164098157513,0.9932778359018425
11167,2020-05-10,0.006272808781092376,0.9937271912189076
11168,2020-05-10,0.008055018226522437,0.9919449817734776
11169,2020-05-10,0.013616925396423563,0.9863830746035764
11170,2020-05-10,0.021604259361408973,0.978395740638591
11171,2020-05-10,0.012529550836552827,0.9874704491634472
11172,2020-05-10,0.01781764670514563,0.9821823532948544
11173,2020-05-10,0.020142825394393382,0.9798571746056066
11174,2020-05-10,0.003529970858613285,0.9964700291413867
11175,2020-05-10,0.019516999622623876,0.9804830003773761
11176,2020-05-10,0.007912181935629814,0.9920878180643702
11177,2020-05-10,0.003586209796835438,0.9964137902031646
11178,2020-05-10,0.007511675857643008,0.992488324142357
11179,2020-05-10,0.008913343134013929,0.9910866568659861
11180,2020-05-10,0.02329012511216988,0.9767098748878301
11181,2020-05-10,0.007463663258844289,0.9925363367411557
11182,2020-05-10,0.010711124323602439,0.9892888756763976
11183,2020-05-10,0.00209928847813845,0.9979007115218615
11184,2020-05-10,0.005092259036448499,0.9949077409635515
11185,2020-05-10,0.010851572704909884,0.9891484272950901
11186,2020-05-10,0.006909028218282431,0.9930909717817176
11187,2020-05-10,0.012445008758580123,0.9875549912414199
11188,2020-05-10,0.007336941753513959,0.992663058246486
11189,2020-05-10,0.025443753577907402,0.9745562464220926
11190,2020-05-10,0.004686383302893393,0.9953136166971066
11191,2020-05-10,0.037241665704571436,0.9627583342954286
11192,2020-05-10,0.013100960260133077,0.9868990397398669
11193,2020-05-10,0.04017228523759053,0.9598277147624095
11194,2020-05-10,0.01845612237814931,0.9815438776218507
11196,2020-05-10,0.015980017374603306,0.9840199826253967
11198,2020-05-10,0.023089793232724865,0.9769102067672751
11199,2020-05-10,0.0011141325739163488,0.9988858674260837
11200,2020-05-10,0.011052109897960571,0.9889478901020394
11201,2020-05-10,0.011310485099464973,0.988689514900535
11202,2020-05-10,0.0688570509754245,0.9311429490245755
11203,2020-05-10,0.00522356287551784,0.9947764371244822
11204,2020-05-10,0.02325298785167418,0.9767470121483258
11205,2020-05-10,0.014507732649413185,0.9854922673505868
11206,2020-05-10,0.017738232990933578,0.9822617670090664
11207,2020-05-10,0.020207185595177868,0.9797928144048221
11208,2020-05-10,0.04483302248460752,0.9551669775153925
11209,2020-05-10,0.07981036832970523,0.9201896316702948
11210,2020-05-10,0.0041603202125988226,0.9958396797874012
11212,2020-05-10,0.0068433146544850665,0.9931566853455149
11213,2020-05-10,0.020309053467655325,0.9796909465323447
11214,2020-05-10,0.0060893069736076555,0.9939106930263923
11215,2020-05-10,0.006883559315894017,0.993116440684106
11216,2020-05-10,0.008795424188186796,0.9912045758118132
11217,2020-05-10,0.025773576967896172,0.9742264230321038
11218,2020-05-10,0.03083899440236393,0.9691610055976361
11219,2020-05-10,0.09142554983876383,0.9085744501612362
11220,2020-05-10,0.028553352626556783,0.9714466473734432
11222,2020-05-10,0.021914695536200512,0.9780853044637995
11223,2020-05-10,0.016532053765107024,0.983467946234893
11224,2020-05-10,0.028711349582003387,0.9712886504179966
11225,2020-05-10,0.004761620069728467,0.9952383799302715
11226,2020-05-10,0.024192000758802457,0.9758079992411975
11227,2020-05-10,0.011274125006219604,0.9887258749937804
11228,2020-05-10,0.008125188943287842,0.9918748110567122
11229,2020-05-10,0.035814107660163796,0.9641858923398362
11230,2020-05-10,0.011444393714759027,0.988555606285241
11231,2020-05-10,0.05814306375053846,0.9418569362494615
11232,2020-05-10,0.006091328626177228,0.9939086713738228
11233,2020-05-10,0.006011943214091819,0.9939880567859082
11234,2020-05-10,0.07462197118573466,0.9253780288142653
11235,2020-05-10,0.010867195296547671,0.9891328047034523
11236,2020-05-10,0.01668602114065265,0.9833139788593473
11237,2020-05-10,0.03238658893476998,0.96761341106523
11238,2020-05-10,0.01080237736236711,0.9891976226376329
11239,2020-05-10,0.0010701188953859964,0.998929881104614
11240,2020-05-10,0.0020569796583290723,0.9979430203416709
11241,2020-05-10,0.0071931245457904636,0.9928068754542095
11242,2020-05-10,0.022031927616749436,0.9779680723832506
11243,2020-05-10,0.021679583207995012,0.978320416792005
11244,2020-05-10,0.005606276078015893,0.9943937239219841
11245,2020-05-10,0.005394573985398221,0.9946054260146018
11246,2020-05-10,0.027555762140965334,0.9724442378590347
11247,2020-05-10,0.0005261408199316309,0.9994738591800684
11248,2020-05-10,0.009979334754875335,0.9900206652451247
11249,2020-05-10,0.015544314220550137,0.9844556857794499
11250,2020-05-10,0.03431894086266407,0.9656810591373359
11251,2020-05-10,0.0029831740510026794,0.9970168259489973
11252,2020-05-10,0.010985121835152545,0.9890148781648475
11253,2020-05-10,0.035972782205309084,0.9640272177946909
11254,2020-05-10,0.027458648413819176,0.9725413515861808
11255,2020-05-10,0.008651013386189454,0.9913489866138105
11256,2020-05-10,0.007734424677174334,0.9922655753228257
11257,2020-05-10,0.028918162793555302,0.9710818372064447
11258,2020-05-10,0.00424576537590049,0.9957542346240995
11260,2020-05-10,0.043632566303766995,0.956367433696233
11262,2020-05-10,0.016058400737581358,0.9839415992624186
11263,2020-05-10,0.0021157352782157357,0.9978842647217843
11264,2020-05-10,0.02469882724650485,0.9753011727534951
11265,2020-05-10,0.04030049700500282,0.9596995029949972
11266,2020-05-10,0.014696201500964401,0.9853037984990356
11267,2020-05-10,0.015390468861110285,0.9846095311388897
11268,2020-05-10,0.005599363041342564,0.9944006369586574
11269,2020-05-10,0.03095744028001557,0.9690425597199844
11270,2020-05-10,0.003737282819820553,0.9962627171801794
11271,2020-05-10,0.018483927293809765,0.9815160727061902
11272,2020-05-10,0.032998384486987886,0.9670016155130121
11273,2020-05-10,0.009336879335357762,0.9906631206646422
11274,2020-05-10,0.010648243538716406,0.9893517564612836
11275,2020-05-10,0.05820327098864664,0.9417967290113534
11276,2020-05-10,0.01705399437447508,0.9829460056255249
11277,2020-05-10,0.008513840969990971,0.991486159030009
11278,2020-05-10,0.00815805208740028,0.9918419479125997
11279,2020-05-10,0.0018460517560600076,0.99815394824394
11280,2020-05-10,0.005629969990574302,0.9943700300094257
11281,2020-05-10,0.008191328275922616,0.9918086717240774
11282,2020-05-10,0.029054091902058765,0.9709459080979412
11283,2020-05-10,0.0144560261136365,0.9855439738863635
11284,2020-05-10,0.008226152586240487,0.9917738474137595
11285,2020-05-10,0.007365925038080756,0.9926340749619192
11286,2020-05-10,0.023627617326756667,0.9763723826732433
11287,2020-05-10,0.012986780215968885,0.9870132197840311
11288,2020-05-10,0.005801802155619207,0.9941981978443808
11289,2020-05-10,0.013040831557446175,0.9869591684425538
11290,2020-05-10,0.006234327316525623,0.9937656726834744
11291,2020-05-10,0.008936062652122545,0.9910639373478775
11292,2020-05-10,0.0036819405888715018,0.9963180594111285
11293,2020-05-10,0.014244851143781712,0.9857551488562183
11294,2020-05-10,0.01637482307151028,0.9836251769284897
11295,2020-05-10,0.014107080628760427,0.9858929193712396
11296,2020-05-10,0.09706870662239986,0.9029312933776001
11297,2020-05-10,0.008623763306049081,0.9913762366939509
11298,2020-05-10,0.005698367893087752,0.9943016321069122
11299,2020-05-10,0.004104512248287562,0.9958954877517124
11300,2020-05-10,0.023408422907366333,0.9765915770926337
11301,2020-05-10,0.017958578042809425,0.9820414219571906
11302,2020-05-10,0.06006470128149688,0.9399352987185031
11303,2020-05-10,0.00469224123985279,0.9953077587601472
11304,2020-05-10,0.010124242892545543,0.9898757571074545
11305,2020-05-10,0.042519502787243035,0.957480497212757
11307,2020-05-10,0.00965235138464271,0.9903476486153573
11308,2020-05-10,0.007956423923801581,0.9920435760761984
11309,2020-05-10,0.035907891885759824,0.9640921081142402
11311,2020-05-10,0.0013586856018144022,0.9986413143981856
11312,2020-05-10,0.013076721486867338,0.9869232785131327
11313,2020-05-10,0.008542714109111338,0.9914572858908887
11315,2020-05-10,0.010524121299152145,0.9894758787008479
11316,2020-05-10,0.009173096451006058,0.9908269035489939
11317,2020-05-10,0.010101805297980881,0.9898981947020191
11318,2020-05-10,0.011902742106239761,0.9880972578937602
11319,2020-05-10,0.03296365989581318,0.9670363401041868
11320,2020-05-10,0.0032634061181631147,0.9967365938818369
11321,2020-05-10,0.025400308725252563,0.9745996912747474
11322,2020-05-10,0.006227867813084709,0.9937721321869153
11323,2020-05-10,0.022891951622607598,0.9771080483773924
11324,2020-05-10,0.053247427072846354,0.9467525729271536
11325,2020-05-10,0.006831742899872095,0.9931682571001279
11326,2020-05-10,0.007445203239814013,0.992554796760186
11327,2020-05-10,0.028116965074593048,0.971883034925407
11328,2020-05-10,0.009210870197551957,0.990789129802448
11329,2020-05-10,0.015121914993612373,0.9848780850063876
11330,2020-05-10,0.006273023255201848,0.9937269767447982
11331,2020-05-10,0.004589290141663871,0.9954107098583361
11332,2020-05-10,0.01044674661260414,0.9895532533873959
11333,2020-05-10,0.024583861106985516,0.9754161388930145
11334,2020-05-10,0.022773420235228548,0.9772265797647715
11335,2020-05-10,0.05043128058861246,0.9495687194113875
11336,2020-05-10,0.008789875231418387,0.9912101247685816
11337,2020-05-10,0.011825565181159847,0.9881744348188402
11338,2020-05-10,0.048570547311851175,0.9514294526881488
11339,2020-05-10,0.045784984219539915,0.9542150157804601
11340,2020-05-10,0.024326044978396855,0.9756739550216031
11341,2020-05-10,0.008353073669483901,0.9916469263305161
11342,2020-05-10,0.006231396203219441,0.9937686037967806
11343,2020-05-10,0.006269814253699324,0.9937301857463007
11344,2020-05-10,0.02021538744144291,0.9797846125585571
11345,2020-05-10,0.014779877119546425,0.9852201228804536
11346,2020-05-10,0.006248897359793726,0.9937511026402063
11347,2020-05-10,0.0062186048491050805,0.9937813951508949
11348,2020-05-10,0.027483085540834895,0.9725169144591651
11349,2020-05-10,0.019944819166331396,0.9800551808336686
11350,2020-05-10,0.035068725955124225,0.9649312740448758
11351,2020-05-10,0.05302141622313117,0.9469785837768688
11353,2020-05-10,0.0019930188090248047,0.9980069811909752
11354,2020-05-10,0.03983427803674222,0.9601657219632578
11355,2020-05-10,0.045426325928453415,0.9545736740715466
11356,2020-05-10,0.00433752907314322,0.9956624709268568
11357,2020-05-10,0.04557514097895299,0.954424859021047
11358,2020-05-10,0.003376561375186826,0.9966234386248132
11359,2020-05-10,0.008250351469659134,0.9917496485303409
11360,2020-05-10,0.0070847459920820866,0.9929152540079179
11361,2020-05-10,0.036734160087116496,0.9632658399128835
11362,2020-05-10,0.0010027712646528686,0.9989972287353471
11363,2020-05-10,0.07093740772888368,0.9290625922711163
11364,2020-05-10,0.029253330637829533,0.9707466693621705
11365,2020-05-10,0.004298989713031998,0.995701010286968
11366,2020-05-10,0.020373625049320387,0.9796263749506796
11367,2020-05-10,0.019959396274868757,0.9800406037251312
11368,2020-05-10,0.034904091705920015,0.96509590829408
11369,2020-05-10,0.013093712154746084,0.9869062878452539
11370,2020-05-10,0.03148700549612338,0.9685129945038766
11371,2020-05-10,0.0489485929209833,0.9510514070790167
11372,2020-05-10,0.024307476281113738,0.9756925237188863
11373,2020-05-10,0.0022449065975391758,0.9977550934024608
11374,2020-05-10,0.011506539923978099,0.9884934600760219
11375,2020-05-10,0.010879056857209246,0.9891209431427908
11378,2020-05-10,0.002989132182997345,0.9970108678170027
11380,2020-05-10,0.013876423619466505,0.9861235763805335
11381,2020-05-10,0.018154732603564705,0.9818452673964353
11382,2020-05-10,0.02121797485343413,0.9787820251465659
11383,2020-05-10,0.008527332396186083,0.9914726676038139
11385,2020-05-10,0.019086945975747893,0.9809130540242521
11386,2020-05-10,0.07281699230365779,0.9271830076963422
11387,2020-05-10,0.043596358272378066,0.9564036417276219
11388,2020-05-10,0.00829718597317508,0.9917028140268249
11389,2020-05-10,0.010745793945698856,0.9892542060543011
11390,2020-05-10,0.019788746579025296,0.9802112534209747
11391,2020-05-10,0.015138106488383207,0.9848618935116168
11392,2020-05-10,0.01786662223366231,0.9821333777663377
11393,2020-05-10,0.004370983417356311,0.9956290165826437
11394,2020-05-10,0.0077105029130180025,0.992289497086982
11395,2020-05-10,0.008696426281131986,0.991303573718868
11396,2020-05-10,0.00680281699444818,0.9931971830055518
11397,2020-05-10,0.02653936530183576,0.9734606346981642
11398,2020-05-10,0.06473311338400223,0.9352668866159978
11399,2020-05-10,0.03263032540178623,0.9673696745982138
11400,2020-05-10,0.012477180962390921,0.9875228190376091
11401,2020-05-10,0.0021490780821493694,0.9978509219178506
11402,2020-05-10,0.004543911373594667,0.9954560886264053
11403,2020-05-10,0.010325026803042037,0.989674973196958
11404,2020-05-10,0.02574942941455083,0.9742505705854492
11405,2020-05-10,0.003268146755858292,0.9967318532441417
11406,2020-05-10,0.002640651908212055,0.997359348091788
11407,2020-05-10,0.0030144802022755712,0.9969855197977244
11409,2020-05-10,0.01283647858938719,0.9871635214106128
11410,2020-05-10,0.017486823149441166,0.9825131768505588
11411,2020-05-10,0.03727958157051303,0.962720418429487
11412,2020-05-10,0.03917135285543161,0.9608286471445684
11415,2020-05-10,0.01801819496564505,0.981981805034355
11417,2020-05-10,0.007954994718864183,0.9920450052811358
11418,2020-05-10,0.005730342231687446,0.9942696577683126
11419,2020-05-10,0.006766442626275571,0.9932335573737244
11420,2020-05-10,0.052655143727827314,0.9473448562721727
11421,2020-05-10,0.023563925790800244,0.9764360742091998
11422,2020-05-10,0.09431257698692985,0.9056874230130701
11423,2020-05-10,0.08640964057024325,0.9135903594297567
11424,2020-05-10,0.0028461589114083807,0.9971538410885916
11425,2020-05-10,0.032434120591991245,0.9675658794080088
11426,2020-05-10,0.01888619657258306,0.9811138034274169
11427,2020-05-10,0.01619693580675985,0.9838030641932402
11428,2020-05-10,0.020278321846111336,0.9797216781538887
11429,2020-05-10,0.0189946801516806,0.9810053198483194
11430,2020-05-10,0.00735856290563186,0.9926414370943681
11432,2020-05-10,0.028431482099490646,0.9715685179005094
11433,2020-05-10,0.01234632503664479,0.9876536749633552
11434,2020-05-10,0.004577301244890086,0.9954226987551099
11435,2020-05-10,0.005923109038629248,0.9940768909613708
11436,2020-05-10,0.0076850446359174596,0.9923149553640825
11437,2020-05-10,0.005642285280789472,0.9943577147192105
11438,2020-05-10,0.013087193635132999,0.986912806364867
11439,2020-05-10,0.010962306834926938,0.9890376931650731
11441,2020-05-10,0.04278500973150412,0.9572149902684959
11442,2020-05-10,0.006923117899167774,0.9930768821008322
11443,2020-05-10,0.004644264328465875,0.9953557356715341
11444,2020-05-10,0.005871692267266804,0.9941283077327332
11445,2020-05-10,0.04955850591230626,0.9504414940876937
11446,2020-05-10,0.013407458340735423,0.9865925416592646
11447,2020-05-10,0.005600918088943807,0.9943990819110562
11448,2020-05-10,0.014110531290541517,0.9858894687094585
11449,2020-05-10,0.011336177171749062,0.9886638228282509
11450,2020-05-10,0.008025700827626658,0.9919742991723733
11451,2020-05-10,0.005120170552968761,0.9948798294470312
11452,2020-05-10,0.007790797902901048,0.992209202097099
11453,2020-05-10,0.13663860690464202,0.863361393095358
11454,2020-05-10,0.004448661663606246,0.9955513383363938
11455,2020-05-10,0.007137940669024068,0.9928620593309759
11456,2020-05-10,0.0071824984369386335,0.9928175015630614
11457,2020-05-10,0.016826397606854337,0.9831736023931457
11458,2020-05-10,0.0326473740833616,0.9673526259166384
11459,2020-05-10,0.0037119049485790923,0.9962880950514209
11460,2020-05-10,0.007446409955119693,0.9925535900448803
11461,2020-05-10,0.10712480290474835,0.8928751970952516
11462,2020-05-10,0.059954200956639836,0.9400457990433602
11463,2020-05-10,0.023764746641537937,0.9762352533584621
11464,2020-05-10,0.008249505046021288,0.9917504949539787
11465,2020-05-10,0.08821417532699405,0.911785824673006
11466,2020-05-10,0.013041369880482212,0.9869586301195178
11467,2020-05-10,0.02048885425238367,0.9795111457476163
11469,2020-05-10,0.011114977221045486,0.9888850227789545
11470,2020-05-10,0.007862949301836397,0.9921370506981636
11471,2020-05-10,0.012903145532038418,0.9870968544679616
11472,2020-05-10,0.02368430000752919,0.9763156999924708
11473,2020-05-10,0.00972254660832117,0.9902774533916788
11474,2020-05-10,0.04210801027900568,0.9578919897209943
11476,2020-05-10,0.016253928750877167,0.9837460712491228
11477,2020-05-10,0.012633029593505762,0.9873669704064942
11478,2020-05-10,0.00930088640557214,0.9906991135944279
11479,2020-05-10,0.009492980891632974,0.990507019108367
11480,2020-05-10,0.014600405069712497,0.9853995949302875
11481,2020-05-10,0.005266974867940477,0.9947330251320595
11482,2020-05-10,0.034371512132714055,0.965628487867286
11483,2020-05-10,0.02294509547543233,0.9770549045245677
11484,2020-05-10,0.002735597697128833,0.9972644023028712
11485,2020-05-10,0.013268957734841602,0.9867310422651584
11486,2020-05-10,0.003794933046004978,0.996205066953995
11487,2020-05-10,0.045245469756508894,0.9547545302434911
11488,2020-05-10,0.07767658438546521,0.9223234156145348
11489,2020-05-10,0.0014932224408994443,0.9985067775591006
11490,2020-05-10,0.008489020647978074,0.9915109793520219
11491,2020-05-10,0.0270697232600009,0.9729302767399991
11492,2020-05-10,0.04205484733921827,0.9579451526607817
11493,2020-05-10,0.02200624142783747,0.9779937585721625
11494,2020-05-10,0.0061813251048783435,0.9938186748951217
11495,2020-05-10,0.021423042532999315,0.9785769574670007
11496,2020-05-10,0.00462520439514591,0.9953747956048541
11497,2020-05-10,0.010533944601570089,0.9894660553984299
11498,2020-05-10,0.0028863318781481295,0.9971136681218519
11499,2020-05-10,0.019625555733916666,0.9803744442660833
11500,2020-05-10,0.002172959037679556,0.9978270409623204
11501,2020-05-10,0.0034711298271610236,0.996528870172839
11502,2020-05-10,0.0018381739836051958,0.9981618260163948
11503,2020-05-10,0.004087382597228739,0.9959126174027713
11504,2020-05-10,0.011084570923163506,0.9889154290768365
11505,2020-05-10,0.011523684640630472,0.9884763153593695
11506,2020-05-10,0.0019532782534065207,0.9980467217465935
11507,2020-05-10,0.0687479343010311,0.9312520656989689
11508,2020-05-10,0.013660127520157772,0.9863398724798422
11509,2020-05-10,0.04942605914274367,0.9505739408572563
11510,2020-05-10,0.007492164787261113,0.9925078352127389
11511,2020-05-10,0.008754037818346605,0.9912459621816534
11512,2020-05-10,0.016346905534615708,0.9836530944653843
11513,2020-05-10,0.01810030727700518,0.9818996927229948
11514,2020-05-10,0.015051405564963427,0.9849485944350366
11515,2020-05-10,0.0451697657336364,0.9548302342663636
11517,2020-05-10,0.007488200857230232,0.9925117991427698
11518,2020-05-10,0.0032830799063455762,0.9967169200936544
11519,2020-05-10,0.028882152960291285,0.9711178470397087
11520,2020-05-10,0.02869048978376898,0.971309510216231
11521,2020-05-10,0.005148573533137357,0.9948514264668626
11523,2020-05-10,0.0343820456705084,0.9656179543294916
11524,2020-05-10,0.006761181766603008,0.993238818233397
11525,2020-05-10,0.00923993402054335,0.9907600659794566
11526,2020-05-10,0.01171435134620391,0.9882856486537961
11527,2020-05-10,0.015188486938760737,0.9848115130612393
11528,2020-05-10,0.01642267488604421,0.9835773251139558
11529,2020-05-10,0.010825444048359834,0.9891745559516402
11530,2020-05-10,0.008782412431293296,0.9912175875687067
11531,2020-05-10,0.049906721362290796,0.9500932786377092
11532,2020-05-10,0.024041004006443933,0.9759589959935561
11534,2020-05-10,0.002111150560966446,0.9978888494390336
11535,2020-05-10,0.003978175193917521,0.9960218248060825
11536,2020-05-10,0.008232556366776222,0.9917674436332238
11537,2020-05-10,0.023054632055395152,0.9769453679446048
11538,2020-05-10,0.06691059334588156,0.9330894066541184
11539,2020-05-10,0.007048931673329761,0.9929510683266702
11540,2020-05-10,0.015565708315106508,0.9844342916848935
11541,2020-05-10,0.02553518491503637,0.9744648150849636
11542,2020-05-10,0.011241245452458748,0.9887587545475413
11543,2020-05-10,0.020037346329901062,0.9799626536700989
11544,2020-05-10,0.02031110505202638,0.9796888949479736
11545,2020-05-10,0.04119456048779668,0.9588054395122033
11546,2020-05-10,0.017577564388627787,0.9824224356113722
11547,2020-05-10,0.07529833485098092,0.9247016651490191
11548,2020-05-10,0.039009575678487174,0.9609904243215128
11551,2020-05-10,0.012356607540805697,0.9876433924591943
11552,2020-05-10,0.0036921661064779343,0.9963078338935221
11553,2020-05-10,0.0024509504229019985,0.997549049577098
11554,2020-05-10,0.03871011922167944,0.9612898807783206
11555,2020-05-10,0.05966225808895631,0.9403377419110437
11556,2020-05-10,0.008237717599941297,0.9917622824000587
11557,2020-05-10,0.027626068203157272,0.9723739317968427
11558,2020-05-10,0.02634493865673715,0.9736550613432629
11559,2020-05-10,0.026248741636170636,0.9737512583638294
11561,2020-05-10,0.0030165235054319117,0.9969834764945681
11562,2020-05-10,0.052816795969749086,0.9471832040302509
11563,2020-05-10,0.005371798396745064,0.9946282016032549
11564,2020-05-10,0.029092561538982542,0.9709074384610175
11565,2020-05-10,0.018777227562820853,0.9812227724371791
11567,2020-05-10,0.009146128483013438,0.9908538715169866
11568,2020-05-10,0.006547945004077627,0.9934520549959224
11569,2020-05-10,0.01074075100356564,0.9892592489964344
11570,2020-05-10,0.004747184072726007,0.995252815927274
11571,2020-05-10,0.0039668425087201475,0.9960331574912799
11572,2020-05-10,0.006121878102250733,0.9938781218977493
11573,2020-05-10,0.019137814107279216,0.9808621858927208
11574,2020-05-10,0.03283118416328645,0.9671688158367135
11575,2020-05-10,0.01600438831056239,0.9839956116894376
11576,2020-05-10,0.018815916922841236,0.9811840830771588
11577,2020-05-10,0.019970601066871096,0.9800293989331289
11578,2020-05-10,0.005161945094776965,0.994838054905223
11579,2020-05-10,0.04586284159302012,0.9541371584069799
11580,2020-05-10,0.019507508506525273,0.9804924914934747
11581,2020-05-10,0.004744692856504362,0.9952553071434956
11582,2020-05-10,0.02302077279699588,0.9769792272030041
11583,2020-05-10,0.03455026612882617,0.9654497338711738
11584,2020-05-10,0.02194352269573019,0.9780564773042698
11585,2020-05-10,0.018020904150998218,0.9819790958490018
11586,2020-05-10,0.013314871415317064,0.9866851285846829
11588,2020-05-10,0.08146015441639598,0.918539845583604
11589,2020-05-10,0.010214480320369868,0.9897855196796301
11590,2020-05-10,0.023615356547011745,0.9763846434529883
11591,2020-05-10,0.013432008132634454,0.9865679918673655
11592,2020-05-10,0.00873139260935285,0.9912686073906471
11593,2020-05-10,0.01135365029105917,0.9886463497089408
11594,2020-05-10,0.012225363395082844,0.9877746366049172
11596,2020-05-10,0.015037194572015689,0.9849628054279843
11597,2020-05-10,0.006576100701481735,0.9934238992985183
11598,2020-05-10,0.01617292464830189,0.9838270753516981
11599,2020-05-10,0.018738954976844524,0.9812610450231555
11600,2020-05-10,0.02995621336039922,0.9700437866396008
11601,2020-05-10,0.0038316028717820805,0.9961683971282179
11602,2020-05-10,0.011312693904797277,0.9886873060952027
11603,2020-05-10,0.016533306847070106,0.9834666931529299
11604,2020-05-10,0.010513177096628024,0.989486822903372
11605,2020-05-10,0.02192040179639998,0.9780795982036
11607,2020-05-10,0.0012912410661122253,0.9987087589338878
11608,2020-05-10,0.024053243314341555,0.9759467566856584
11609,2020-05-10,0.0058729341627775655,0.9941270658372224
11610,2020-05-10,0.0847450941640372,0.9152549058359628
11611,2020-05-10,0.007536812174877561,0.9924631878251224
11612,2020-05-10,0.005826844071904813,0.9941731559280952
11613,2020-05-10,0.021461094732714514,0.9785389052672855
11614,2020-05-10,0.06382520026072502,0.936174799739275
11615,2020-05-10,0.04332376685834205,0.956676233141658
11616,2020-05-10,0.025667800049220313,0.9743321999507797
11617,2020-05-10,0.005019747956217735,0.9949802520437823
11618,2020-05-10,0.022446053750253214,0.9775539462497468
11619,2020-05-10,0.03930167751636082,0.9606983224836392
11621,2020-05-10,0.006548409674768996,0.993451590325231
11622,2020-05-10,0.03221665653421202,0.967783343465788
11623,2020-05-10,0.004282661431328938,0.9957173385686711
11624,2020-05-10,0.01880147454300618,0.9811985254569938
11625,2020-05-10,0.0057517090874381616,0.9942482909125618
11626,2020-05-10,0.009845043308950197,0.9901549566910498
11628,2020-05-10,0.01437476371479851,0.9856252362852015
11629,2020-05-10,0.0038301808549173755,0.9961698191450826
11630,2020-05-10,0.009428616122390432,0.9905713838776096
11631,2020-05-10,0.04251181812437943,0.9574881818756206
11633,2020-05-10,0.008483163446635134,0.9915168365533649
11634,2020-05-10,0.016104063237708632,0.9838959367622914
11635,2020-05-10,0.016826687693051623,0.9831733123069484
11636,2020-05-10,0.04523703539822499,0.954762964601775
11637,2020-05-10,0.010387899642876008,0.989612100357124
11638,2020-05-10,0.03413713341997926,0.9658628665800207
11639,2020-05-10,0.008197546150780721,0.9918024538492193
11640,2020-05-10,0.0193099498898055,0.9806900501101945
11641,2020-05-10,0.040527763850450205,0.9594722361495498
11642,2020-05-10,0.11220477498827908,0.8877952250117209
11643,2020-05-10,0.002164849513262679,0.9978351504867373
11644,2020-05-10,0.07024032187547746,0.9297596781245225
11645,2020-05-10,0.0037469220262839054,0.9962530779737161
11646,2020-05-10,0.045557093557167194,0.9544429064428328
11647,2020-05-10,0.0053002868447968865,0.9946997131552031
11648,2020-05-10,0.018266936205706963,0.981733063794293
11649,2020-05-10,0.010236373879663918,0.9897636261203361
11650,2020-05-10,0.0254639216331376,0.9745360783668624
11651,2020-05-10,0.012097590104807154,0.9879024098951928
11652,2020-05-10,0.02074950253350416,0.9792504974664958
11653,2020-05-10,0.003958080279551357,0.9960419197204486
11654,2020-05-10,0.023729058461631647,0.9762709415383684
11655,2020-05-10,0.0043802816416060875,0.9956197183583939
11656,2020-05-10,0.06786589121708853,0.9321341087829115
11657,2020-05-10,0.017575146158102406,0.9824248538418976
11658,2020-05-10,0.016158969294938208,0.9838410307050618
11659,2020-05-10,0.011882023708511436,0.9881179762914886
11660,2020-05-10,0.015003405256472258,0.9849965947435277
11661,2020-05-10,0.046971919813245666,0.9530280801867543
11662,2020-05-10,0.008957351363140909,0.9910426486368591
11663,2020-05-10,0.023430884380809425,0.9765691156191906
11664,2020-05-10,0.020708640853773774,0.9792913591462262
11665,2020-05-10,0.005333635278377158,0.9946663647216228
11666,2020-05-10,0.016793365154359363,0.9832066348456406
11667,2020-05-10,0.018282554935367457,0.9817174450646325
11668,2020-05-10,0.025298101863701072,0.9747018981362989
11670,2020-05-10,0.007654696544752482,0.9923453034552475
11672,2020-05-10,0.01893906719508831,0.9810609328049117
11673,2020-05-10,0.007666235807134103,0.9923337641928659
11674,2020-05-10,0.0030256852817820423,0.996974314718218
11675,2020-05-10,0.020798027859372126,0.9792019721406279
11676,2020-05-10,0.02028985523315363,0.9797101447668464
11677,2020-05-10,0.04762261171986182,0.9523773882801382
11678,2020-05-10,0.021255918157226605,0.9787440818427734
11679,2020-05-10,0.0025198811184974357,0.9974801188815026
11680,2020-05-10,0.0029837541723292116,0.9970162458276708
11681,2020-05-10,0.008158304104445513,0.9918416958955545
11683,2020-05-10,0.01799742756543843,0.9820025724345616
11684,2020-05-10,0.0170293372806416,0.9829706627193584
11686,2020-05-10,0.030804769170757584,0.9691952308292424
11687,2020-05-10,0.007938414695170315,0.9920615853048297
11688,2020-05-10,0.006315670130256912,0.9936843298697431
11689,2020-05-10,0.07737784973403172,0.9226221502659683
11690,2020-05-10,0.06261373158496952,0.9373862684150305
11691,2020-05-10,0.016389325966393087,0.9836106740336069
11692,2020-05-10,0.0028024857374370216,0.997197514262563
11693,2020-05-10,0.004517635882429261,0.9954823641175707
11694,2020-05-10,0.008059598244306465,0.9919404017556935
11695,2020-05-10,0.004590384180188867,0.9954096158198111
11696,2020-05-10,0.023271041900136735,0.9767289580998633
11697,2020-05-10,0.0030822775310590522,0.996917722468941
11698,2020-05-10,0.03927202858057144,0.9607279714194286
11700,2020-05-10,0.0027952484175874925,0.9972047515824125
11701,2020-05-10,0.011193342551764851,0.9888066574482351
11702,2020-05-10,0.009882640342421478,0.9901173596575785
11704,2020-05-10,0.0007885336889106309,0.9992114663110894
11705,2020-05-10,0.040877354519674114,0.9591226454803259
11707,2020-05-10,0.010755309813579306,0.9892446901864207
11708,2020-05-10,0.008993116950090974,0.991006883049909
11709,2020-05-10,0.022138954201410654,0.9778610457985893
11710,2020-05-10,0.007051679368436203,0.9929483206315638
11711,2020-05-10,0.030820608608648103,0.9691793913913519
11712,2020-05-10,0.011924304107834294,0.9880756958921657
11713,2020-05-10,0.0409753962539966,0.9590246037460034
11714,2020-05-10,0.017234595689932686,0.9827654043100673
11715,2020-05-10,0.013473647392235333,0.9865263526077647
11716,2020-05-10,0.017645680831612776,0.9823543191683872
11717,2020-05-10,0.006591361728471523,0.9934086382715285
11718,2020-05-10,0.005064406782231412,0.9949355932177686
11719,2020-05-10,0.0043545612169250125,0.995645438783075
11720,2020-05-10,0.01879247454038724,0.9812075254596128
11721,2020-05-10,0.0057427029460572765,0.9942572970539427
11722,2020-05-10,0.022754285164286903,0.9772457148357131
11723,2020-05-10,0.0011908058285117207,0.9988091941714883
11724,2020-05-10,0.011674983199558175,0.9883250168004418
11725,2020-05-10,0.0261590697761086,0.9738409302238914
11726,2020-05-10,0.007833533269529624,0.9921664667304704
11727,2020-05-10,0.009564164927678087,0.9904358350723219
11728,2020-05-10,0.022264523297458982,0.977735476702541
11730,2020-05-10,0.005713398935712211,0.9942866010642878
11731,2020-05-10,0.024869553291893887,0.9751304467081061
11732,2020-05-10,0.023980282427967126,0.9760197175720329
11733,2020-05-10,0.015771817547205136,0.9842281824527949
11734,2020-05-10,0.003956537012604566,0.9960434629873954
11735,2020-05-10,0.03407658458517915,0.9659234154148209
11736,2020-05-10,0.01907632832016881,0.9809236716798312
11737,2020-05-10,0.042788254239662704,0.9572117457603373
11738,2020-05-10,0.018656713182483076,0.9813432868175169
11739,2020-05-10,0.005829780220207859,0.9941702197797921
11740,2020-05-10,0.0062538378207359635,0.993746162179264
11741,2020-05-10,0.018357635089792046,0.981642364910208
11742,2020-05-10,0.01123823227872045,0.9887617677212795
11743,2020-05-10,0.010738454771191175,0.9892615452288088
11744,2020-05-10,0.015725895417333047,0.984274104582667
11745,2020-05-10,0.014279192633983806,0.9857208073660162
11746,2020-05-10,0.03463812334129135,0.9653618766587087
11747,2020-05-10,0.0055891845055047185,0.9944108154944953
11748,2020-05-10,0.0014306341797576394,0.9985693658202424
11749,2020-05-10,0.00928450195517827,0.9907154980448217
11750,2020-05-10,0.01377371371335634,0.9862262862866437
11751,2020-05-10,0.003007033142208959,0.996992966857791
11752,2020-05-10,0.014623800151614241,0.9853761998483858
11753,2020-05-10,0.009408547111020571,0.9905914528889794
11754,2020-05-10,0.023034046223421423,0.9769659537765786
11756,2020-05-10,0.01591568269695709,0.9840843173030429
11757,2020-05-10,0.01828844999099477,0.9817115500090052
11758,2020-05-10,0.016914237375640684,0.9830857626243593
11759,2020-05-10,0.04611455147279908,0.9538854485272009
11760,2020-05-10,0.03709604481418505,0.962903955185815
11761,2020-05-10,0.035709863026491595,0.9642901369735084
11762,2020-05-10,0.035654713889454626,0.9643452861105454
11763,2020-05-10,0.004292121865692833,0.9957078781343072
11764,2020-05-10,0.010665962941698859,0.9893340370583011
11765,2020-05-10,0.019580968115258446,0.9804190318847416
11766,2020-05-10,0.006361224323672365,0.9936387756763276
11767,2020-05-10,0.006546822252324058,0.9934531777476759
11768,2020-05-10,0.01089173638297447,0.9891082636170255
11769,2020-05-10,0.0173239884176688,0.9826760115823312
11770,2020-05-10,0.0036813480238855334,0.9963186519761145
11771,2020-05-10,0.007092658386916195,0.9929073416130838
11772,2020-05-10,0.020074338084358545,0.9799256619156415
11773,2020-05-10,0.03152734090549558,0.9684726590945044
11774,2020-05-10,0.0020937948471222434,0.9979062051528778
11775,2020-05-10,0.00598187042185061,0.9940181295781494
11776,2020-05-10,0.013070892504403853,0.9869291074955961
11777,2020-05-10,0.008629142491342723,0.9913708575086573
11778,2020-05-10,0.029703174038499536,0.9702968259615005
11779,2020-05-10,0.007954167176193794,0.9920458328238062
11780,2020-05-10,0.012155804866517794,0.9878441951334822
11781,2020-05-10,0.00438049919716077,0.9956195008028392
11782,2020-05-10,0.017566076411003273,0.9824339235889967
11783,2020-05-10,0.04609082362531436,0.9539091763746856
11784,2020-05-10,0.0064797473084799995,0.99352025269152
11785,2020-05-10,0.015123530970762578,0.9848764690292374
11786,2020-05-10,0.038006803057058725,0.9619931969429413
11787,2020-05-10,0.014314133844378518,0.9856858661556215
11788,2020-05-10,0.0580797596570608,0.9419202403429392
11789,2020-05-10,0.07684362774462095,0.923156372255379
11790,2020-05-10,0.009523462379497305,0.9904765376205027
11791,2020-05-10,0.007103391024589678,0.9928966089754103
11792,2020-05-10,0.011655804802677139,0.9883441951973229
11793,2020-05-10,0.015977801188074126,0.9840221988119259
11794,2020-05-10,0.04279224216212252,0.9572077578378775
11795,2020-05-10,0.008066662217504406,0.9919333377824956
11796,2020-05-10,0.011613862961858956,0.988386137038141
11797,2020-05-10,0.00783413143129763,0.9921658685687024
11798,2020-05-10,0.03528837440021848,0.9647116255997815
11799,2020-05-10,0.009617511362142728,0.9903824886378573
11800,2020-05-10,0.029072103308481756,0.9709278966915182
11801,2020-05-10,0.012519491779449998,0.98748050822055
11802,2020-05-10,0.03589078050142125,0.9641092194985788
11803,2020-05-10,0.010106424071888775,0.9898935759281112
11804,2020-05-10,0.004092505615924891,0.9959074943840751
11806,2020-05-10,0.024947069585617987,0.975052930414382
11807,2020-05-10,0.005290100386257213,0.9947098996137428
11808,2020-05-10,0.003464193198264298,0.9965358068017357
11809,2020-05-10,0.0052142001965964635,0.9947857998034035
11810,2020-05-10,0.015501973631976806,0.9844980263680232
11811,2020-05-10,0.02892890165924833,0.9710710983407517
11812,2020-05-10,0.020347306644937557,0.9796526933550624
11813,2020-05-10,0.031873180638319454,0.9681268193616805
11814,2020-05-10,0.010791157109856675,0.9892088428901433
11815,2020-05-10,0.035682197684312245,0.9643178023156878
11816,2020-05-10,0.008294721313133913,0.9917052786868661
11817,2020-05-10,0.03092033947190087,0.9690796605280991
11818,2020-05-10,0.023234557659952526,0.9767654423400475
11819,2020-05-10,0.00799588778199023,0.9920041122180098
11820,2020-05-10,0.0040170124201035495,0.9959829875798965
11821,2020-05-10,0.10364512942616222,0.8963548705738378
11822,2020-05-10,0.03400149463533719,0.9659985053646628
11823,2020-05-10,0.05863271155794525,0.9413672884420548
11824,2020-05-10,0.013266359737919564,0.9867336402620804
11825,2020-05-10,0.009709244996208954,0.990290755003791
11826,2020-05-10,0.054629159002573036,0.945370840997427
11827,2020-05-10,0.03542301842666851,0.9645769815733315
11828,2020-05-10,0.023384782176817387,0.9766152178231826
11829,2020-05-10,0.019981219229263103,0.9800187807707369
11830,2020-05-10,0.025819052971683187,0.9741809470283168
11831,2020-05-10,0.036523308786078124,0.9634766912139219
11832,2020-05-10,0.0156865388772488,0.9843134611227512
11833,2020-05-10,0.018040533115529334,0.9819594668844707
11834,2020-05-10,0.003905119401894419,0.9960948805981056
11836,2020-05-10,0.017877805852541395,0.9821221941474586
11837,2020-05-10,0.006007726859388107,0.9939922731406119
11838,2020-05-10,0.028253441789370393,0.9717465582106296
11839,2020-05-10,0.022787746892432792,0.9772122531075672
11840,2020-05-10,0.000923318961768893,0.9990766810382311
11841,2020-05-10,0.028337140678912687,0.9716628593210873
11845,2020-05-10,0.004542000113116229,0.9954579998868838
11846,2020-05-10,0.010738296615561915,0.9892617033844381
11847,2020-05-10,0.017234655089984008,0.982765344910016
11848,2020-05-10,0.01776346170061427,0.9822365382993857
11849,2020-05-10,0.06463598595259712,0.9353640140474029
11850,2020-05-10,0.005803682589692327,0.9941963174103077
11851,2020-05-10,0.006801318258885858,0.9931986817411141
11852,2020-05-10,0.0032802554683497576,0.9967197445316502
11853,2020-05-10,0.009296978590734306,0.9907030214092657
11854,2020-05-10,0.02996214865066682,0.9700378513493332
11856,2020-05-10,0.17020227446492353,0.8297977255350765
11857,2020-05-10,0.0021016039042767165,0.9978983960957233
11858,2020-05-10,0.013876272301992398,0.9861237276980076
11859,2020-05-10,0.008074500207949531,0.9919254997920505
11860,2020-05-10,0.04173033981520713,0.9582696601847929
11861,2020-05-10,0.01037992592353476,0.9896200740764652
11862,2020-05-10,0.006303640700177193,0.9936963592998228
11863,2020-05-10,0.005359813747974451,0.9946401862520255
11864,2020-05-10,0.035415574978897024,0.964584425021103
11865,2020-05-10,0.030285822481727176,0.9697141775182728
11866,2020-05-10,0.019136538993290597,0.9808634610067094
11867,2020-05-10,0.0022755988852257714,0.9977244011147742
11868,2020-05-10,0.015503288382886837,0.9844967116171132
11869,2020-05-10,0.003951040396997563,0.9960489596030024
11870,2020-05-10,0.005398753577813609,0.9946012464221864
11871,2020-05-10,0.002991053947715594,0.9970089460522844
11872,2020-05-10,0.03206986767968101,0.967930132320319
11873,2020-05-10,0.012453989996592307,0.9875460100034077
11874,2020-05-10,0.05362304667184836,0.9463769533281516
11875,2020-05-10,0.002231469134319819,0.9977685308656802
11876,2020-05-10,0.00559096823110905,0.994409031768891
11877,2020-05-10,0.0024839985357552052,0.9975160014642448
11878,2020-05-10,0.0038885029576370966,0.9961114970423629
11879,2020-05-10,0.008714557972225867,0.9912854420277741
11880,2020-05-10,0.057127808782124534,0.9428721912178755
11881,2020-05-10,0.0023781275476404407,0.9976218724523596
11882,2020-05-10,0.060423926875016964,0.939576073124983
11883,2020-05-10,0.0075657142278187095,0.9924342857721813
11884,2020-05-10,0.030081676319528516,0.9699183236804715
11885,2020-05-10,0.04936025132161048,0.9506397486783895
11886,2020-05-10,0.00487915267797967,0.9951208473220203
11887,2020-05-10,0.033128760458781215,0.9668712395412188
11889,2020-05-10,0.029856018193834433,0.9701439818061656
11890,2020-05-10,0.007704223937690213,0.9922957760623098
11891,2020-05-10,0.02607575404653628,0.9739242459534637
11892,2020-05-10,0.006250357147970287,0.9937496428520297
11893,2020-05-10,0.030479840000664726,0.9695201599993353
11894,2020-05-10,0.0025579144109345586,0.9974420855890654
11895,2020-05-10,0.02280873726489452,0.9771912627351055
11896,2020-05-10,0.0026118992518787687,0.9973881007481212
11897,2020-05-10,0.020740190358881194,0.9792598096411188
11899,2020-05-10,0.012958973509704652,0.9870410264902953
11900,2020-05-10,0.0028723313457746924,0.9971276686542253
11901,2020-05-10,0.01903794781070378,0.9809620521892962
11903,2020-05-10,0.02376779440328991,0.9762322055967101
11904,2020-05-10,0.031642556778187725,0.9683574432218123
11905,2020-05-10,0.017356487293814893,0.9826435127061851
11906,2020-05-10,0.0005547198888845584,0.9994452801111154
11908,2020-05-10,0.033951441943791516,0.9660485580562085
11909,2020-05-10,0.012022321841232197,0.9879776781587678
11910,2020-05-10,0.015900837429023595,0.9840991625709764
11911,2020-05-10,0.01898296244413511,0.9810170375558649
11912,2020-05-10,0.004017001821945754,0.9959829981780542
11914,2020-05-10,0.0010729444420166656,0.9989270555579833
11915,2020-05-10,0.004931285503257388,0.9950687144967426
11916,2020-05-10,0.014577750669096057,0.9854222493309039
11918,2020-05-10,0.02474911505758315,0.9752508849424169
11919,2020-05-10,0.09634631111113234,0.9036536888888677
11920,2020-05-10,0.031127213243832275,0.9688727867561677
11921,2020-05-10,0.004242781840945731,0.9957572181590543
11922,2020-05-10,0.007726622046355103,0.9922733779536449
11924,2020-05-10,0.022007030644537684,0.9779929693554623
11925,2020-05-10,0.005188898047192914,0.9948111019528071
11926,2020-05-10,0.017335885324429312,0.9826641146755707
11927,2020-05-10,0.04629453428157937,0.9537054657184206
11928,2020-05-10,0.028757406725151036,0.971242593274849
11929,2020-05-10,0.020959557157163577,0.9790404428428364
11930,2020-05-10,0.006889498040019926,0.9931105019599801
11931,2020-05-10,0.01666035576242786,0.9833396442375721
11932,2020-05-10,0.02311607196726917,0.9768839280327308
11933,2020-05-10,0.0049965119414507875,0.9950034880585492
11934,2020-05-10,0.004343049641976515,0.9956569503580235
11935,2020-05-10,0.014814396256698004,0.985185603743302
11936,2020-05-10,0.022066859389129334,0.9779331406108707
11937,2020-05-10,0.002887435834089569,0.9971125641659104
11938,2020-05-10,0.017623679096017697,0.9823763209039823
11939,2020-05-10,0.024357877107832326,0.9756421228921677
11940,2020-05-10,0.03229590534792637,0.9677040946520736
11941,2020-05-10,0.07581036342649483,0.9241896365735052
11942,2020-05-10,0.008207073276345067,0.9917929267236549
11943,2020-05-10,0.014940642135656046,0.985059357864344
11944,2020-05-10,0.0062773170852640225,0.993722682914736
11945,2020-05-10,0.003931569958049996,0.99606843004195
11946,2020-05-10,0.06117493665036111,0.9388250633496389
11947,2020-05-10,0.019324678825085373,0.9806753211749146
11948,2020-05-10,0.009116072763238114,0.9908839272367619
11949,2020-05-10,0.01086236026131493,0.9891376397386851
11950,2020-05-10,0.007975511414042624,0.9920244885859574
11951,2020-05-10,0.028105522018889717,0.9718944779811103
11952,2020-05-10,0.036394806825760795,0.9636051931742392
11953,2020-05-10,0.03680514988769357,0.9631948501123064
11955,2020-05-10,0.00183066811587973,0.9981693318841203
11956,2020-05-10,0.012561643109484821,0.9874383568905152
11957,2020-05-10,0.021894173839419495,0.9781058261605805
11958,2020-05-10,0.01021839247424472,0.9897816075257553
11959,2020-05-10,0.008286650884617663,0.9917133491153823
11960,2020-05-10,0.030938398301350367,0.9690616016986496
11961,2020-05-10,0.005556238011169001,0.994443761988831
11962,2020-05-10,0.03841576948551484,0.9615842305144852
11963,2020-05-10,0.015980706456665383,0.9840192935433346
11964,2020-05-10,0.022011410798965292,0.9779885892010347
11965,2020-05-10,0.011157747494985548,0.9888422525050145
11966,2020-05-10,0.014058149982360324,0.9859418500176397
11967,2020-05-10,0.008873121391789973,0.99112687860821
11968,2020-05-10,0.0037582498693844446,0.9962417501306156
11969,2020-05-10,0.008452584704062183,0.9915474152959378
11970,2020-05-10,0.013963568836624751,0.9860364311633752
11971,2020-05-10,0.034300344523432225,0.9656996554765678
11974,2020-05-10,0.0044588020169706866,0.9955411979830293
11975,2020-05-10,0.04679412337509037,0.9532058766249096
11976,2020-05-10,0.008872834001934615,0.9911271659980654
11977,2020-05-10,0.010439212210602067,0.9895607877893979
11978,2020-05-10,0.0031778140658839105,0.9968221859341161
11980,2020-05-10,0.00355836048016811,0.9964416395198319
11981,2020-05-10,0.05280354405585197,0.947196455944148
11982,2020-05-10,0.004659300413303424,0.9953406995866966
11983,2020-05-10,0.020838398131009406,0.9791616018689906
11984,2020-05-10,0.00402992694444837,0.9959700730555516
11985,2020-05-10,0.0045359310836055045,0.9954640689163945
11986,2020-05-10,0.016155623857066592,0.9838443761429334
11987,2020-05-10,0.03828310095602738,0.9617168990439726
11988,2020-05-10,0.009804646613958634,0.9901953533860414
11989,2020-05-10,0.025719368142193,0.974280631857807
11990,2020-05-10,0.00655257697903755,0.9934474230209625
11991,2020-05-10,0.012932269314321787,0.9870677306856782
11992,2020-05-10,0.016886222264244632,0.9831137777357554
11993,2020-05-10,0.010847920728435101,0.9891520792715649
11994,2020-05-10,0.035488403228272736,0.9645115967717273
11995,2020-05-10,0.01685361300949273,0.9831463869905073
11996,2020-05-10,0.0050223950071516255,0.9949776049928484
11997,2020-05-10,0.005249437101660148,0.9947505628983399
11998,2020-05-10,0.0372871362023971,0.9627128637976029
11999,2020-05-10,0.010585233446417042,0.989414766553583
12000,2020-05-10,0.002720310705361717,0.9972796892946383
12001,2020-05-10,0.008797951280611338,0.9912020487193887
12002,2020-05-10,0.017334971184552295,0.9826650288154477
12003,2020-05-10,0.006636972171724209,0.9933630278282758
12005,2020-05-10,0.06247957334143117,0.9375204266585688
12006,2020-05-10,0.01473563154206825,0.9852643684579317
12007,2020-05-10,0.010192250980952222,0.9898077490190478
12008,2020-05-10,0.04851366493660625,0.9514863350633938
12009,2020-05-10,0.0073479145984864935,0.9926520854015135
12010,2020-05-10,0.042667849279662384,0.9573321507203376
12011,2020-05-10,0.022093609406615422,0.9779063905933846
12012,2020-05-10,0.0343173242924979,0.9656826757075021
12013,2020-05-10,0.025409929262591002,0.974590070737409
12014,2020-05-10,0.020928425011223162,0.9790715749887768
12015,2020-05-10,0.0075543400755404555,0.9924456599244595
12016,2020-05-10,0.0080719504098139,0.9919280495901861
12017,2020-05-10,0.04957081067036917,0.9504291893296308
12018,2020-05-10,0.019594419494723847,0.9804055805052762
12019,2020-05-10,0.015061059509760555,0.9849389404902394
12020,2020-05-10,0.008883483458084207,0.9911165165419158
12021,2020-05-10,0.010447564817077759,0.9895524351829222
12022,2020-05-10,0.011585634234397069,0.9884143657656029
12023,2020-05-10,0.007668040947364063,0.9923319590526359
12024,2020-05-10,0.028085712234534488,0.9719142877654655
12025,2020-05-10,0.029275680332103704,0.9707243196678963
12026,2020-05-10,0.00882118598121795,0.991178814018782
12027,2020-05-10,0.0030179225635528217,0.9969820774364472
12028,2020-05-10,0.005623247973193912,0.9943767520268061
12029,2020-05-10,0.05263518476393492,0.9473648152360651
12030,2020-05-10,0.09273886871673354,0.9072611312832665
12032,2020-05-10,0.002565173127230147,0.9974348268727699
12033,2020-05-10,0.005924360767633696,0.9940756392323663
12034,2020-05-10,0.008865730070990008,0.99113426992901
12035,2020-05-10,0.004268295242086495,0.9957317047579135
12036,2020-05-10,0.016896341909018453,0.9831036580909815
12037,2020-05-10,0.009431496174781895,0.9905685038252181
12038,2020-05-10,0.0036730143181153974,0.9963269856818846
12039,2020-05-10,0.023374548163973885,0.9766254518360261
12040,2020-05-10,0.007417969287925152,0.9925820307120748
12041,2020-05-10,0.01826555085647308,0.9817344491435269
12042,2020-05-10,0.02638036453959791,0.9736196354604021
12043,2020-05-10,0.014726743106196705,0.9852732568938033
12044,2020-05-10,0.011396424989855491,0.9886035750101445
12046,2020-05-10,0.010373668654208967,0.989626331345791
12047,2020-05-10,0.014628018143548638,0.9853719818564514
12048,2020-05-10,0.0423864421770227,0.9576135578229773
12049,2020-05-10,0.016152314503471432,0.9838476854965286
12050,2020-05-10,0.0023511087211434134,0.9976488912788566
12051,2020-05-10,0.017378869294891297,0.9826211307051087
12052,2020-05-10,0.024987020438097307,0.9750129795619027
12053,2020-05-10,0.01047826985517264,0.9895217301448274
12054,2020-05-10,0.008815080843321388,0.9911849191566786
12055,2020-05-10,0.012812879476578276,0.9871871205234217
12056,2020-05-10,0.019732229719045646,0.9802677702809544
12057,2020-05-10,0.010378378794413168,0.9896216212055868
12058,2020-05-10,0.016204429060173053,0.983795570939827
12059,2020-05-10,0.004318887275315708,0.9956811127246843
12060,2020-05-10,0.0626455628492254,0.9373544371507746
12061,2020-05-10,0.005445182171168295,0.9945548178288317
12062,2020-05-10,0.011066709517355,0.988933290482645
12063,2020-05-10,0.06668015133883576,0.9333198486611642
12064,2020-05-10,0.04365497496036985,0.9563450250396301
12065,2020-05-10,0.022948944487732104,0.9770510555122679
12066,2020-05-10,0.01499490878734333,0.9850050912126567
12067,2020-05-10,0.016099806320692633,0.9839001936793074
12068,2020-05-10,0.023874731297671148,0.9761252687023289
12069,2020-05-10,0.025982069719794887,0.9740179302802051
12070,2020-05-10,0.022382527477861958,0.977617472522138
12071,2020-05-10,0.02351730811635222,0.9764826918836478
12072,2020-05-10,0.023183841267982563,0.9768161587320174
12073,2020-05-10,0.06595837099621638,0.9340416290037836
12074,2020-05-10,0.14598720654683406,0.8540127934531659
12075,2020-05-10,0.014712343892657853,0.9852876561073421
12076,2020-05-10,0.04652846964822843,0.9534715303517716
12077,2020-05-10,0.09902042173231529,0.9009795782676847
12078,2020-05-10,0.014194111474514659,0.9858058885254853
12079,2020-05-10,0.0020128285794687173,0.9979871714205313
12080,2020-05-10,0.007396325151603822,0.9926036748483962
12081,2020-05-10,0.012101596564764394,0.9878984034352356
12082,2020-05-10,0.010428839615626462,0.9895711603843735
12083,2020-05-10,0.04592761861460237,0.9540723813853976
12084,2020-05-10,0.01777448855415653,0.9822255114458435
12085,2020-05-10,0.006805472482185992,0.993194527517814
12086,2020-05-10,0.0017012727463971977,0.9982987272536028
12087,2020-05-10,0.007972269681695288,0.9920277303183047
12089,2020-05-10,0.01637339714807362,0.9836266028519264
12091,2020-05-10,0.007851889928366718,0.9921481100716333
12092,2020-05-10,0.013591100999350458,0.9864088990006495
12093,2020-05-10,0.02393879406045818,0.9760612059395418
12094,2020-05-10,0.005205495178063457,0.9947945048219365
12095,2020-05-10,0.02129393810208069,0.9787060618979193
12096,2020-05-10,0.006532077818456994,0.993467922181543
12097,2020-05-10,0.015816024148947783,0.9841839758510522
12098,2020-05-10,0.023235173489527194,0.9767648265104728
12099,2020-05-10,0.0072666105489537225,0.9927333894510463
12100,2020-05-10,0.007901666524605,0.992098333475395
12103,2020-05-10,0.005684090952535303,0.9943159090474647
12104,2020-05-10,0.010418662008267687,0.9895813379917323
12105,2020-05-10,0.044264897825863736,0.9557351021741363
12106,2020-05-10,0.002536643890036605,0.9974633561099634
12107,2020-05-10,0.01744319143567652,0.9825568085643235
12108,2020-05-10,0.008505935043740975,0.991494064956259
12110,2020-05-10,0.00196097330913525,0.9980390266908648
12111,2020-05-10,0.00639074538978035,0.9936092546102196
12112,2020-05-10,0.019109662122045012,0.980890337877955
12113,2020-05-10,0.02207095797249703,0.977929042027503
12114,2020-05-10,0.044659739569172796,0.9553402604308272
12115,2020-05-10,0.0985847164298368,0.9014152835701632
12116,2020-05-10,0.041526986560371126,0.9584730134396289
12117,2020-05-10,0.054318347042071835,0.9456816529579282
12118,2020-05-10,0.012890654635686727,0.9871093453643133
12119,2020-05-10,0.006269976361088725,0.9937300236389113
12120,2020-05-10,0.024388542741324404,0.9756114572586756
12121,2020-05-10,0.06911335550127184,0.9308866444987282
12122,2020-05-10,0.07641957877525307,0.9235804212247469
12123,2020-05-10,0.12541615868189215,0.8745838413181078
12124,2020-05-10,0.02847460036647953,0.9715253996335205
12126,2020-05-10,0.0033583679377402476,0.9966416320622598
12127,2020-05-10,0.013890654336766839,0.9861093456632332
12128,2020-05-10,0.0386111085259454,0.9613888914740546
12129,2020-05-10,0.02405817467467597,0.975941825325324
12130,2020-05-10,0.008992554450336865,0.9910074455496631
12131,2020-05-10,0.015803896711945487,0.9841961032880545
12133,2020-05-10,0.012122735801503248,0.9878772641984968
12134,2020-05-10,0.06848019109316428,0.9315198089068357
12135,2020-05-10,0.007056123330137831,0.9929438766698622
12136,2020-05-10,0.03938430196871112,0.9606156980312889
12138,2020-05-10,0.0031087467188612994,0.9968912532811387
12139,2020-05-10,0.015014633112735987,0.984985366887264
12140,2020-05-10,0.009645802444137819,0.9903541975558622
12141,2020-05-10,0.014378493780039636,0.9856215062199604
12142,2020-05-10,0.3659408730948872,0.6340591269051128
12143,2020-05-10,0.02476129817469208,0.9752387018253079
12144,2020-05-10,0.01899488632454427,0.9810051136754557
12145,2020-05-10,0.12691267178128685,0.8730873282187132
12146,2020-05-10,0.004649052231035511,0.9953509477689645
12147,2020-05-10,0.02460294599000379,0.9753970540099962
12148,2020-05-10,0.06349294549014861,0.9365070545098514
12149,2020-05-10,0.004859724909600405,0.9951402750903996
12150,2020-05-10,0.042419495594295364,0.9575805044057046
12151,2020-05-10,0.015970354056804248,0.9840296459431958
12152,2020-05-10,0.0008737226564381473,0.9991262773435619
12154,2020-05-10,0.010503004856125986,0.989496995143874
12155,2020-05-10,0.035703751147898255,0.9642962488521017
12158,2020-05-10,0.010100797314950949,0.989899202685049
12159,2020-05-10,0.01292923622285258,0.9870707637771474
12160,2020-05-10,0.006855242742369594,0.9931447572576304
12161,2020-05-10,0.06358718322429979,0.9364128167757002
12163,2020-05-10,0.012391011904770766,0.9876089880952292
12164,2020-05-10,0.01930519738605252,0.9806948026139475
12166,2020-05-10,0.0019487475963482215,0.9980512524036518
12167,2020-05-10,0.0013468767897691913,0.9986531232102308
12168,2020-05-10,0.02546615628160953,0.9745338437183905
12169,2020-05-10,0.008616612260527012,0.991383387739473
12170,2020-05-10,0.01466324101707206,0.9853367589829279
12171,2020-05-10,0.019670170148663346,0.9803298298513367
12172,2020-05-10,0.008614473263224953,0.991385526736775
12173,2020-05-10,0.020264752479422277,0.9797352475205777
12174,2020-05-10,0.00557135483389537,0.9944286451661046
12175,2020-05-10,0.01816075960812824,0.9818392403918718
12176,2020-05-10,0.015037302220765714,0.9849626977792343
12177,2020-05-10,0.025137000436927903,0.9748629995630721
12178,2020-05-10,0.02816573122984589,0.9718342687701541
12179,2020-05-10,0.004257922293646188,0.9957420777063538
12180,2020-05-10,0.014176151619458621,0.9858238483805414
12181,2020-05-10,0.027157002475909464,0.9728429975240905
12184,2020-05-10,0.008493713466326325,0.9915062865336737
12185,2020-05-10,0.012505738951619771,0.9874942610483802
12186,2020-05-10,0.0460714597679992,0.9539285402320008
12187,2020-05-10,0.008803187385284739,0.9911968126147153
12188,2020-05-10,0.006289213646605174,0.9937107863533948
12189,2020-05-10,0.027441255045032698,0.9725587449549673
12190,2020-05-10,0.21592659698015282,0.7840734030198472
12191,2020-05-10,0.017374670387308222,0.9826253296126918
12192,2020-05-10,0.01120878113528101,0.988791218864719
12193,2020-05-10,0.0060023781307834145,0.9939976218692166
12194,2020-05-10,0.014386695323617915,0.9856133046763821
12197,2020-05-10,0.02379542374904542,0.9762045762509546
12198,2020-05-10,0.0180197114548849,0.9819802885451151
12199,2020-05-10,0.014439588223595368,0.9855604117764046
12200,2020-05-10,0.01801807470162431,0.9819819252983757
12201,2020-05-10,0.00995869305446817,0.9900413069455318
12202,2020-05-10,0.03773435163901695,0.962265648360983
12203,2020-05-10,0.03873632027684626,0.9612636797231537
12204,2020-05-10,0.003875873660367679,0.9961241263396323
12205,2020-05-10,0.02572536367825351,0.9742746363217465
12206,2020-05-10,0.040782509253758925,0.9592174907462411
12208,2020-05-10,0.009881918555230795,0.9901180814447692
12209,2020-05-10,0.0035199953305435905,0.9964800046694564
12210,2020-05-10,0.008895720561800768,0.9911042794381992
12211,2020-05-10,0.001996791541039822,0.9980032084589602
12214,2020-05-10,0.014296407172127323,0.9857035928278727
12215,2020-05-10,0.002318565922815208,0.9976814340771848
12216,2020-05-10,0.2246987864820087,0.7753012135179913
12217,2020-05-10,0.07657630002890425,0.9234236999710957
12218,2020-05-10,0.07273272622886462,0.9272672737711354
12219,2020-05-10,0.011307006209362647,0.9886929937906374
12220,2020-05-10,0.007788574070709098,0.9922114259292909
12221,2020-05-10,0.011213938371540055,0.98878606162846
12222,2020-05-10,0.02807623995016373,0.9719237600498363
12223,2020-05-10,0.02136970763558732,0.9786302923644127
12224,2020-05-10,0.0007707630055370229,0.999229236994463
12225,2020-05-10,0.22039046906160598,0.779609530938394
12226,2020-05-10,0.0016596533586161755,0.9983403466413838
12228,2020-05-10,0.015852620725490096,0.9841473792745099
12229,2020-05-10,0.029152315042254684,0.9708476849577453
12230,2020-05-10,0.007970286075615007,0.992029713924385
12231,2020-05-10,0.008718199845622165,0.9912818001543778
12232,2020-05-10,0.02415267854971337,0.9758473214502866
12233,2020-05-10,0.004128057899728921,0.9958719421002711
12234,2020-05-10,0.013874657063885354,0.9861253429361146
12235,2020-05-10,0.15143717593235517,0.8485628240676448
12236,2020-05-10,0.025801175457361047,0.974198824542639
12237,2020-05-10,0.021153252328795502,0.9788467476712045
12238,2020-05-10,0.03548840179579105,0.964511598204209
12239,2020-05-10,0.009334578206529498,0.9906654217934705
12240,2020-05-10,0.07613515084386224,0.9238648491561378
12241,2020-05-10,0.007060688570547646,0.9929393114294524
12243,2020-05-10,0.010581856505176512,0.9894181434948235
12244,2020-05-10,0.014316873304861533,0.9856831266951385
12245,2020-05-10,0.021403953808365017,0.978596046191635
12246,2020-05-10,0.009161684684832139,0.9908383153151679
12247,2020-05-10,0.01508401831486661,0.9849159816851334
12248,2020-05-10,0.03172738268870012,0.9682726173112999
12250,2020-05-10,0.048004947963126154,0.9519950520368738
12252,2020-05-10,0.11241819793114782,0.8875818020688522
12254,2020-05-10,0.005031518941232327,0.9949684810587677
12255,2020-05-10,0.0009563035635853367,0.9990436964364147
12256,2020-05-10,0.02801115085795347,0.9719888491420465
12257,2020-05-10,0.024936268106086956,0.975063731893913
12259,2020-05-10,0.032540505521971075,0.9674594944780289
12260,2020-05-10,0.009120456738226701,0.9908795432617733
12261,2020-05-10,0.02208720735321812,0.9779127926467819
12262,2020-05-10,0.014617101765882157,0.9853828982341178
12264,2020-05-10,0.06456683538072527,0.9354331646192747
12265,2020-05-10,0.03839648418830377,0.9616035158116962
12266,2020-05-10,0.022564304876061203,0.9774356951239388
12268,2020-05-10,0.02774286475915555,0.9722571352408445
12269,2020-05-10,0.02862941972951094,0.9713705802704891
12270,2020-05-10,0.01071349732336857,0.9892865026766314
12272,2020-05-10,0.011748265987599038,0.988251734012401
12275,2020-05-10,0.023736307343021013,0.976263692656979
12276,2020-05-10,0.012318714209454074,0.9876812857905459
12277,2020-05-10,0.005115186624646162,0.9948848133753538
12278,2020-05-10,0.010023943641719546,0.9899760563582805
12279,2020-05-10,0.01642264742292021,0.9835773525770798
12281,2020-05-10,0.023818774363143946,0.976181225636856
12282,2020-05-10,0.007632398854853117,0.9923676011451469
12283,2020-05-10,0.042717366344865226,0.9572826336551348
12284,2020-05-10,0.0310793399608702,0.9689206600391298
12285,2020-05-10,0.008104206268976344,0.9918957937310237
12286,2020-05-10,0.014393301085472765,0.9856066989145272
12287,2020-05-10,0.02602648840900401,0.973973511590996
12288,2020-05-10,0.019043954067082036,0.980956045932918
12289,2020-05-10,0.011303875092769866,0.9886961249072301
12290,2020-05-10,0.014417753603004013,0.985582246396996
12291,2020-05-10,0.10068128012852195,0.899318719871478
12294,2020-05-10,0.016618902196445795,0.9833810978035542
12296,2020-05-10,0.047985082092104614,0.9520149179078954
12297,2020-05-10,0.02966428045529501,0.970335719544705
12298,2020-05-10,0.012826197146530216,0.9871738028534698
12299,2020-05-10,0.029077350115435774,0.9709226498845642
12300,2020-05-10,0.022420626878900007,0.9775793731211
12301,2020-05-10,0.00265008350908158,0.9973499164909184
12302,2020-05-10,0.01031713271716439,0.9896828672828356
12304,2020-05-10,0.05600769597975419,0.9439923040202458
12305,2020-05-10,0.00480044878174557,0.9951995512182544
12306,2020-05-10,0.03446644301418056,0.9655335569858194
12307,2020-05-10,0.041743262471592435,0.9582567375284076
12308,2020-05-10,0.07368818126557397,0.926311818734426
12309,2020-05-10,0.035816942710276356,0.9641830572897236
12310,2020-05-10,0.16543078015367962,0.8345692198463204
12311,2020-05-10,0.04335169178620424,0.9566483082137958
12312,2020-05-10,0.012617614922923681,0.9873823850770763
12313,2020-05-10,0.016573070252713817,0.9834269297472862
12315,2020-05-10,0.04226920041712334,0.9577307995828767
12316,2020-05-10,0.015621645837952114,0.9843783541620479
12317,2020-05-10,0.04266472341566341,0.9573352765843366
12318,2020-05-10,0.0815776683521835,0.9184223316478165
12319,2020-05-10,0.030301260717740308,0.9696987392822597
12321,2020-05-10,0.05760900137924685,0.9423909986207532
12322,2020-05-10,0.012281932740367596,0.9877180672596324
12325,2020-05-10,0.008483972286695507,0.9915160277133045
12327,2020-05-10,0.02796919541559839,0.9720308045844016
12328,2020-05-10,0.11136706668204388,0.8886329333179561
12330,2020-05-10,0.02544457024817437,0.9745554297518256
12331,2020-05-10,0.013181651109057113,0.9868183488909429
12332,2020-05-10,0.012067344044336292,0.9879326559556637
12333,2020-05-10,0.04481904702181938,0.9551809529781806
12334,2020-05-10,0.009631533467839404,0.9903684665321606
12335,2020-05-10,0.03732208242779678,0.9626779175722032
12337,2020-05-10,0.004987774894245622,0.9950122251057544
12338,2020-05-10,0.004633898074193121,0.9953661019258069
12340,2020-05-10,0.011833352038969291,0.9881666479610307
12341,2020-05-10,0.04613772802120186,0.9538622719787981
12342,2020-05-10,0.05304991502455492,0.9469500849754451
12343,2020-05-10,0.04636195513020003,0.9536380448698
12344,2020-05-10,0.02532461201697056,0.9746753879830294
12346,2020-05-10,0.0017799097835791144,0.9982200902164209
12347,2020-05-10,0.03207042292752815,0.9679295770724718
12349,2020-05-10,0.004652950533042155,0.9953470494669578
12351,2020-05-10,0.07965134480283531,0.9203486551971647
12353,2020-05-10,0.0770797856062263,0.9229202143937737
12354,2020-05-10,0.010637533339913907,0.9893624666600861
12355,2020-05-10,0.008214280970914256,0.9917857190290857
12356,2020-05-10,0.07133825748681921,0.9286617425131808
12357,2020-05-10,0.06349514621613184,0.9365048537838682
12358,2020-05-10,0.024111344300036364,0.9758886556999636
12359,2020-05-10,0.03289685921076324,0.9671031407892368
12360,2020-05-10,0.02370361153627709,0.9762963884637229
12361,2020-05-10,0.011360351176945338,0.9886396488230547
12363,2020-05-10,0.017852959837950655,0.9821470401620493
12364,2020-05-10,0.059906043598643155,0.9400939564013568
12365,2020-05-10,0.0064123279152780155,0.993587672084722
12366,2020-05-10,0.007724975847427928,0.9922750241525721
12367,2020-05-10,0.005947371361788467,0.9940526286382115
12369,2020-05-10,0.023592376663373438,0.9764076233366266
12371,2020-05-10,0.007576799555048086,0.9924232004449519
12372,2020-05-10,0.017029407121608386,0.9829705928783916
12373,2020-05-10,0.008189084925292467,0.9918109150747075
12374,2020-05-10,0.0030498741480682323,0.9969501258519318
12375,2020-05-10,0.004394702327857658,0.9956052976721423
12377,2020-05-10,0.021677675868041257,0.9783223241319587
12378,2020-05-10,0.007158650987340809,0.9928413490126592
12379,2020-05-10,0.0038348251761929353,0.9961651748238071
12380,2020-05-10,0.012694515246940541,0.9873054847530595
12382,2020-05-10,0.005622844902281043,0.994377155097719
12383,2020-05-10,0.012725317904030309,0.9872746820959697
12384,2020-05-10,0.04385291433440208,0.9561470856655979
12385,2020-05-10,0.017957900802839988,0.98204209919716
12387,2020-05-10,0.018623861899896843,0.9813761381001032
12388,2020-05-10,0.008316244250508475,0.9916837557494915
12391,2020-05-10,0.011510181120585883,0.9884898188794141
12393,2020-05-10,0.09255258860035065,0.9074474113996494
12394,2020-05-10,0.030444111234109617,0.9695558887658904
12395,2020-05-10,0.021089895594046837,0.9789101044059532
12396,2020-05-10,0.023420916054415986,0.976579083945584
12397,2020-05-10,0.03663050293497816,0.9633694970650218
12398,2020-05-10,0.012898574434387688,0.9871014255656123
12399,2020-05-10,0.005340639028008853,0.9946593609719911
12400,2020-05-10,0.023725765357489936,0.9762742346425101
12401,2020-05-10,0.018450473088470254,0.9815495269115297
12402,2020-05-10,0.018756880785743668,0.9812431192142563
12403,2020-05-10,0.03738860636252439,0.9626113936374756
12405,2020-05-10,0.029394661637311303,0.9706053383626887
12407,2020-05-10,0.013683221223770858,0.9863167787762291
12408,2020-05-10,0.004358470569359119,0.9956415294306409
12410,2020-05-10,0.030076012384287254,0.9699239876157127
12411,2020-05-10,0.014272726052618201,0.9857272739473818
12412,2020-05-10,0.012799347005741257,0.9872006529942587
12415,2020-05-10,0.03720754980153118,0.9627924501984688
12416,2020-05-10,0.006558176309721886,0.9934418236902781
12417,2020-05-10,0.05585002256915661,0.9441499774308434
12418,2020-05-10,0.023443495696568006,0.976556504303432
12420,2020-05-10,0.0069369927293477796,0.9930630072706522
12422,2020-05-10,0.0031914444095579864,0.996808555590442
12423,2020-05-10,0.013761162232347246,0.9862388377676528
12424,2020-05-10,0.02390455406331138,0.9760954459366886
12427,2020-05-10,0.021268279808197232,0.9787317201918028
12428,2020-05-10,0.03001593054821694,0.9699840694517831
12429,2020-05-10,0.005439848585871876,0.9945601514141281
12430,2020-05-10,0.009164083577298143,0.9908359164227019
12431,2020-05-10,0.012642527728258801,0.9873574722717412
12432,2020-05-10,0.01870308079694505,0.981296919203055
12433,2020-05-10,0.013697028916883847,0.9863029710831162
12434,2020-05-10,0.012554893230912745,0.9874451067690873
12435,2020-05-10,0.08356809165014545,0.9164319083498546
12436,2020-05-10,0.05511711025531596,0.944882889744684
12437,2020-05-10,0.0033736167907316705,0.9966263832092683
12438,2020-05-10,0.04936255545014867,0.9506374445498513
12439,2020-05-10,0.018822233965987034,0.981177766034013
12441,2020-05-10,0.0492998700138263,0.9507001299861737
12442,2020-05-10,0.011587835173954564,0.9884121648260454
12443,2020-05-10,0.029085170364222535,0.9709148296357775
12444,2020-05-10,0.011783057643613204,0.9882169423563868
12445,2020-05-10,0.017545761276125615,0.9824542387238744
12446,2020-05-10,0.03510517049244033,0.9648948295075597
12447,2020-05-10,0.013170654063252019,0.986829345936748
12448,2020-05-10,0.02718276516570628,0.9728172348342937
12449,2020-05-10,0.011916314969870778,0.9880836850301292
12450,2020-05-10,0.025297228370866676,0.9747027716291333
12451,2020-05-10,0.018295870074365395,0.9817041299256346
12452,2020-05-10,0.01989457383407145,0.9801054261659286
12453,2020-05-10,0.013935010150246785,0.9860649898497532
12454,2020-05-10,0.0608121434389608,0.9391878565610392
12455,2020-05-10,0.07537158445839598,0.924628415541604
12457,2020-05-10,0.14164000654166842,0.8583599934583316
12458,2020-05-10,0.03940332954218351,0.9605966704578165
12459,2020-05-10,0.07423760192767415,0.9257623980723259
12460,2020-05-10,0.01989749583202738,0.9801025041679726
12462,2020-05-10,0.006081980169525769,0.9939180198304742
12463,2020-05-10,0.10218988274836016,0.8978101172516398
12464,2020-05-10,0.005418964146148619,0.9945810358538514
12465,2020-05-10,0.0235587538266141,0.9764412461733859
12466,2020-05-10,0.014427019062902002,0.985572980937098
12467,2020-05-10,0.018651615472609406,0.9813483845273906
12468,2020-05-10,0.027466650184292174,0.9725333498157078
12469,2020-05-10,0.018849682263953782,0.9811503177360462
12470,2020-05-10,0.0027744472921795715,0.9972255527078204
12472,2020-05-10,0.0336064110581632,0.9663935889418368
12473,2020-05-10,0.029096061640024318,0.9709039383599757
12474,2020-05-10,0.03125488766128037,0.9687451123387196
12476,2020-05-10,0.0756215211835487,0.9243784788164513
12477,2020-05-10,0.01323481091033163,0.9867651890896684
12478,2020-05-10,0.005590412563247549,0.9944095874367525
12479,2020-05-10,0.0009508510490440214,0.999049148950956
12481,2020-05-10,0.024120391552097442,0.9758796084479026
12482,2020-05-10,0.011912919321452775,0.9880870806785472
12484,2020-05-10,0.05350313045803623,0.9464968695419638
12485,2020-05-10,0.015581732246420121,0.9844182677535799
12486,2020-05-10,0.07167427136890803,0.928325728631092
12487,2020-05-10,0.11830512027905005,0.88169487972095
12488,2020-05-10,0.00474392456222561,0.9952560754377744
12489,2020-05-10,0.01363094789709629,0.9863690521029037
12490,2020-05-10,0.034825288621156636,0.9651747113788434
12491,2020-05-10,0.09533500207074552,0.9046649979292545
12492,2020-05-10,0.04506990597087712,0.9549300940291229
12493,2020-05-10,0.09959882517092222,0.9004011748290778
12494,2020-05-10,0.034926672906119505,0.9650733270938805
12495,2020-05-10,0.008724211057901887,0.9912757889420981
12496,2020-05-10,0.01376359860719012,0.9862364013928099
12497,2020-05-10,0.16387172002919947,0.8361282799708005
12498,2020-05-10,0.012634067282628836,0.9873659327173712
12499,2020-05-10,0.011448730090088177,0.9885512699099118
12500,2020-05-10,0.006148397663879535,0.9938516023361205
12501,2020-05-10,0.012516971816468714,0.9874830281835313
12502,2020-05-10,0.01442702059802492,0.9855729794019751
12505,2020-05-10,0.05276774151093255,0.9472322584890674
12506,2020-05-10,0.0018625676943787584,0.9981374323056212
12507,2020-05-10,0.01134055736572892,0.9886594426342711
12508,2020-05-10,0.011561970794052745,0.9884380292059473
12509,2020-05-10,0.009278469414846002,0.990721530585154
12510,2020-05-10,0.011156815504372863,0.9888431844956271
12511,2020-05-10,0.05407240417104686,0.9459275958289531
12512,2020-05-10,0.04368185066852792,0.9563181493314721
12514,2020-05-10,0.004096207061301094,0.9959037929386989
12515,2020-05-10,0.03121809488194982,0.9687819051180502
12516,2020-05-10,0.005959943375074217,0.9940400566249258
12518,2020-05-10,0.04735576984885681,0.9526442301511432
12519,2020-05-10,0.02872889600865236,0.9712711039913476
12520,2020-05-10,0.20010570593681454,0.7998942940631855
12521,2020-05-10,0.006893289961920401,0.9931067100380796
12522,2020-05-10,0.016351174124435208,0.9836488258755648
12523,2020-05-10,0.01566714287321025,0.9843328571267898
12524,2020-05-10,0.0032085151947851553,0.9967914848052148
12525,2020-05-10,0.007241295447162233,0.9927587045528378
12526,2020-05-10,0.005744214222622279,0.9942557857773777
12528,2020-05-10,0.01898515973169257,0.9810148402683074
12529,2020-05-10,0.00772554615152643,0.9922744538484736
12530,2020-05-10,0.022004197744778686,0.9779958022552213
12531,2020-05-10,0.0017906477418984101,0.9982093522581016
12532,2020-05-10,0.01138733114604118,0.9886126688539588
12533,2020-05-10,0.009772803706111666,0.9902271962938883
12534,2020-05-10,0.014467248679620237,0.9855327513203798
12535,2020-05-10,0.1349535973193109,0.8650464026806891
12536,2020-05-10,0.008613475208707921,0.9913865247912921
12537,2020-05-10,0.044866551799899956,0.9551334482001
12538,2020-05-10,0.005156373591154395,0.9948436264088456
12539,2020-05-10,0.0484647435243063,0.9515352564756937
12540,2020-05-10,0.0023107101405671626,0.9976892898594328
12541,2020-05-10,0.021351606425629055,0.978648393574371
12542,2020-05-10,0.027591475471290594,0.9724085245287094
12543,2020-05-10,0.013006273073039476,0.9869937269269605
12544,2020-05-10,0.007249774027498268,0.9927502259725017
12545,2020-05-10,0.024720463898528333,0.9752795361014717
12546,2020-05-10,0.027182444799188854,0.9728175552008111
12547,2020-05-10,0.011396021935115352,0.9886039780648846
12548,2020-05-10,0.0011025245780186266,0.9988974754219814
12550,2020-05-10,0.005029618511523837,0.9949703814884762
12551,2020-05-10,0.017499092561780283,0.9825009074382197
12552,2020-05-10,0.16878555226206782,0.8312144477379322
12553,2020-05-10,0.03650269728414435,0.9634973027158557
12554,2020-05-10,0.10113285763867241,0.8988671423613276
12555,2020-05-10,0.028699285577186706,0.9713007144228133
12557,2020-05-10,0.026048710943732734,0.9739512890562673
12558,2020-05-10,0.048719268341425814,0.9512807316585742
12559,2020-05-10,0.0041668606109833695,0.9958331393890166
12560,2020-05-10,0.012535240903875255,0.9874647590961247
12561,2020-05-10,0.08042190548729267,0.9195780945127073
12562,2020-05-10,0.04106730310236528,0.9589326968976347
12563,2020-05-10,0.006459327310908924,0.9935406726890911
12564,2020-05-10,0.007607333194035393,0.9923926668059646
12565,2020-05-10,0.004021600573044903,0.9959783994269551
12566,2020-05-10,0.020989618386847986,0.979010381613152
12567,2020-05-10,0.00513498554305758,0.9948650144569424
12568,2020-05-10,0.028345203855740575,0.9716547961442594
12570,2020-05-10,0.003286778941254842,0.9967132210587452
12571,2020-05-10,0.08289114270862352,0.9171088572913765
12573,2020-05-10,0.009865996264149524,0.9901340037358505
12574,2020-05-10,0.016313831088878517,0.9836861689111215
12575,2020-05-10,0.0610969142279858,0.9389030857720142
12577,2020-05-10,0.04415877111673039,0.9558412288832696
12578,2020-05-10,0.02281672796316192,0.9771832720368381
12579,2020-05-10,0.031268316624458836,0.9687316833755412
12581,2020-05-10,0.01019043026288402,0.989809569737116
12582,2020-05-10,0.01918935906372987,0.9808106409362701
12583,2020-05-10,0.008572768555866861,0.9914272314441331
12584,2020-05-10,0.0017968827115676378,0.9982031172884324
12585,2020-05-10,0.011097606559618667,0.9889023934403813
12586,2020-05-10,0.06155273008508544,0.9384472699149146
12587,2020-05-10,0.04050851837389757,0.9594914816261024
12588,2020-05-10,0.04082686390575119,0.9591731360942488
12589,2020-05-10,0.019614847397390722,0.9803851526026093
12591,2020-05-10,0.04167747948579903,0.958322520514201
12592,2020-05-10,0.01760510464546794,0.9823948953545321
12593,2020-05-10,0.020267955548388672,0.9797320444516113
12594,2020-05-10,0.010251251751933532,0.9897487482480665
12595,2020-05-10,0.005866629806103307,0.9941333701938967
12596,2020-05-10,0.028079019642225922,0.9719209803577741
12597,2020-05-10,0.017305494509119335,0.9826945054908807
12598,2020-05-10,0.03786234779290698,0.962137652207093
12599,2020-05-10,0.011657163706150997,0.988342836293849
12600,2020-05-10,0.00429637836697605,0.995703621633024
12601,2020-05-10,0.012871243800079535,0.9871287561999205
12602,2020-05-10,0.0462596568703284,0.9537403431296716
12604,2020-05-10,0.047305548628434946,0.952694451371565
12605,2020-05-10,0.004089847227033094,0.9959101527729669
12606,2020-05-10,0.057621018227179355,0.9423789817728206
12607,2020-05-10,0.02648320514926561,0.9735167948507344
12608,2020-05-10,0.047486153172019874,0.9525138468279801
12609,2020-05-10,0.04329441929208233,0.9567055807079177
12612,2020-05-10,0.017075612872050172,0.9829243871279498
12613,2020-05-10,0.025336933727855504,0.9746630662721445
12614,2020-05-10,0.11275735955956412,0.8872426404404359
12615,2020-05-10,0.007494972509817455,0.9925050274901825
12616,2020-05-10,0.011070547727879632,0.9889294522721204
12618,2020-05-10,0.02400552871046502,0.975994471289535
12620,2020-05-10,0.005239411258224913,0.9947605887417751
12621,2020-05-10,0.03300871815516815,0.9669912818448319
12622,2020-05-10,0.007644825580020442,0.9923551744199796
12623,2020-05-10,0.002886000762220342,0.9971139992377797
12624,2020-05-10,0.013164986408606194,0.9868350135913938
12625,2020-05-10,0.045374774517991656,0.9546252254820083
12627,2020-05-10,0.004945366800801709,0.9950546331991983
12629,2020-05-10,0.007003696015876804,0.9929963039841232
12630,2020-05-10,0.07114410908560176,0.9288558909143982
12631,2020-05-10,0.0047233945831589574,0.995276605416841
12632,2020-05-10,0.033144027750745986,0.966855972249254
12633,2020-05-10,0.0041715305284684145,0.9958284694715316
12634,2020-05-10,0.046595300696209874,0.9534046993037901
12635,2020-05-10,0.0063331077187775975,0.9936668922812224
12637,2020-05-10,0.020136821154524642,0.9798631788454754
12638,2020-05-10,0.08003453131906357,0.9199654686809364
12639,2020-05-10,0.05937290780146365,0.9406270921985364
12641,2020-05-10,0.0179835555810004,0.9820164444189996
12642,2020-05-10,0.012809914191998062,0.9871900858080019
12643,2020-05-10,0.012525346209215638,0.9874746537907844
12644,2020-05-10,0.06528875334491524,0.9347112466550848
12645,2020-05-10,0.005369707798776435,0.9946302922012236
12646,2020-05-10,0.0026469402297496503,0.9973530597702503
12647,2020-05-10,0.010698992776479677,0.9893010072235203
12648,2020-05-10,0.020507857185813938,0.9794921428141861
12649,2020-05-10,0.010478132300889564,0.9895218676991104
12650,2020-05-10,0.14081643762782814,0.8591835623721719
12651,2020-05-10,0.025845435535834516,0.9741545644641655
12652,2020-05-10,0.03328376129408417,0.9667162387059158
12653,2020-05-10,0.028051566584462173,0.9719484334155378
12654,2020-05-10,0.024231095037589134,0.9757689049624109
12655,2020-05-10,0.08148014013930172,0.9185198598606983
12656,2020-05-10,0.008097769931285193,0.9919022300687148
12657,2020-05-10,0.0746816334056718,0.9253183665943282
12658,2020-05-10,0.004882182232892607,0.9951178177671074
12660,2020-05-10,0.03742296232628639,0.9625770376737136
12661,2020-05-10,0.006388566985899069,0.9936114330141009
12662,2020-05-10,0.0031123356401916435,0.9968876643598084
12663,2020-05-10,0.004773662646267773,0.9952263373537322
12664,2020-05-10,0.011628247210575426,0.9883717527894246
12666,2020-05-10,0.015893156145736942,0.9841068438542631
12667,2020-05-10,0.07488556811785019,0.9251144318821498
12668,2020-05-10,0.09651279924066414,0.9034872007593359
12669,2020-05-10,0.010007126637756714,0.9899928733622433
12670,2020-05-10,0.0060360857928437595,0.9939639142071562
12671,2020-05-10,0.019812949559433246,0.9801870504405668
12672,2020-05-10,0.008438020288465409,0.9915619797115346
12673,2020-05-10,0.02285748262775178,0.9771425173722482
12675,2020-05-10,0.020019857929053253,0.9799801420709467
12676,2020-05-10,0.022771050572704454,0.9772289494272955
12677,2020-05-10,0.014449445468871613,0.9855505545311284
12680,2020-05-10,0.014925916794000349,0.9850740832059997
12681,2020-05-10,0.001597588427258101,0.9984024115727419
12682,2020-05-10,0.017631314721873625,0.9823686852781264
12683,2020-05-10,0.0901045723844548,0.9098954276155452
12686,2020-05-10,0.014194673674195246,0.9858053263258048
12688,2020-05-10,0.028142412726240407,0.9718575872737596
12689,2020-05-10,0.00669968267787191,0.9933003173221281
12690,2020-05-10,0.04779104797921141,0.9522089520207886
12691,2020-05-10,0.058133735385751395,0.9418662646142486
12692,2020-05-10,0.025472359519240206,0.9745276404807598
12693,2020-05-10,0.005283512211023966,0.994716487788976
12694,2020-05-10,0.13217158873182167,0.8678284112681783
12697,2020-05-10,0.011480889223392854,0.9885191107766071
12698,2020-05-10,0.0503810070830627,0.9496189929169373
12699,2020-05-10,0.05122594017838644,0.9487740598216136
12700,2020-05-10,0.047263323772624655,0.9527366762273753
12701,2020-05-10,0.006451806480433864,0.9935481935195661
12702,2020-05-10,0.10624761536725491,0.8937523846327451
12703,2020-05-10,0.01780548062811982,0.9821945193718802
12704,2020-05-10,0.049454749548150545,0.9505452504518495
12705,2020-05-10,0.060057377940357703,0.9399426220596423
12706,2020-05-10,0.019661997138867404,0.9803380028611326
12707,2020-05-10,0.019293871323551204,0.9807061286764488
12708,2020-05-10,0.03373550740611497,0.966264492593885
12709,2020-05-10,0.028724169720942938,0.9712758302790571
12710,2020-05-10,0.07195348284043812,0.9280465171595619
12711,2020-05-10,0.014778813613969044,0.985221186386031
12713,2020-05-10,0.023296102712071498,0.9767038972879285
12714,2020-05-10,0.022630955382307305,0.9773690446176927
12715,2020-05-10,0.005295560958318513,0.9947044390416815
12716,2020-05-10,0.038095547238535366,0.9619044527614646
12720,2020-05-10,0.0487095340498489,0.9512904659501511
12721,2020-05-10,0.002499588435047162,0.9975004115649528
12722,2020-05-10,0.0065931145582361905,0.9934068854417638
12723,2020-05-10,0.010286703792680263,0.9897132962073197
12724,2020-05-10,0.03160870169366592,0.9683912983063341
12725,2020-05-10,0.008705196579617325,0.9912948034203827
12727,2020-05-10,0.014916737666671454,0.9850832623333285
12728,2020-05-10,0.04518206201964714,0.9548179379803529
12729,2020-05-10,0.03881797150632904,0.961182028493671
12730,2020-05-10,0.02278806107986775,0.9772119389201323
12731,2020-05-10,0.017381840305245366,0.9826181596947546
12732,2020-05-10,0.007205216871100539,0.9927947831288995
12733,2020-05-10,0.0067817589347640705,0.9932182410652359
12734,2020-05-10,0.004194211535144543,0.9958057884648555
12736,2020-05-10,0.02798210104410881,0.9720178989558912
12737,2020-05-10,0.02402098522924012,0.9759790147707599
12738,2020-05-10,0.018002920174783332,0.9819970798252167
12739,2020-05-10,0.008158020028509183,0.9918419799714908
12742,2020-05-10,0.05174095167243653,0.9482590483275635
12743,2020-05-10,0.0480576087863438,0.9519423912136562
12744,2020-05-10,0.03424579395633964,0.9657542060436604
12745,2020-05-10,0.014112955161090235,0.9858870448389098
12746,2020-05-10,0.037479815923712745,0.9625201840762873
12747,2020-05-10,0.03136516129577627,0.9686348387042237
12748,2020-05-10,0.007559871490746328,0.9924401285092537
12749,2020-05-10,0.012363401170439547,0.9876365988295605
12750,2020-05-10,0.007593351210808952,0.992406648789191
12752,2020-05-10,0.005783111112328654,0.9942168888876713
12753,2020-05-10,0.015566666819260555,0.9844333331807394
12754,2020-05-10,0.02606160488572884,0.9739383951142712
12755,2020-05-10,0.12120174162893593,0.8787982583710641
12756,2020-05-10,0.004074658064712966,0.995925341935287
12757,2020-05-10,0.005162062828408254,0.9948379371715917
12758,2020-05-10,0.05037944192471133,0.9496205580752887
12759,2020-05-10,0.00395494148947062,0.9960450585105294
12760,2020-05-10,0.029783920945845255,0.9702160790541547
12761,2020-05-10,0.06751937190935708,0.9324806280906429
12762,2020-05-10,0.002958073462662747,0.9970419265373373
12763,2020-05-10,0.014774868395630247,0.9852251316043698
12764,2020-05-10,0.02246126641559698,0.977538733584403
12766,2020-05-10,0.02136115980240838,0.9786388401975916
12767,2020-05-10,0.04009109827582835,0.9599089017241716
12768,2020-05-10,0.02292889947726362,0.9770711005227364
12769,2020-05-10,0.014723902817436851,0.9852760971825631
12770,2020-05-10,0.02291709820819987,0.9770829017918001
12772,2020-05-10,0.014610748255899475,0.9853892517441005
12773,2020-05-10,0.018594509345026933,0.9814054906549731
12774,2020-05-10,0.003187739225132713,0.9968122607748673
12775,2020-05-10,0.002403084245551801,0.9975969157544482
12776,2020-05-10,0.023314180464139467,0.9766858195358605
12777,2020-05-10,0.03697487432170954,0.9630251256782905
12778,2020-05-10,0.006639310725982117,0.9933606892740179
12779,2020-05-10,0.021380995243772127,0.9786190047562279
12780,2020-05-10,0.009873083753107803,0.9901269162468922
12781,2020-05-10,0.013078636239446606,0.9869213637605534
12782,2020-05-10,0.009156171016832304,0.9908438289831677
12784,2020-05-10,0.026196168731364877,0.9738038312686351
12785,2020-05-10,0.003589049368863617,0.9964109506311364
12786,2020-05-10,0.0216757995228124,0.9783242004771876
12787,2020-05-10,0.031904339893647604,0.9680956601063524
12788,2020-05-10,0.07736181778099938,0.9226381822190006
12789,2020-05-10,0.012402497076418384,0.9875975029235816
12790,2020-05-10,0.03378585706942161,0.9662141429305784
12791,2020-05-10,0.03009960954692248,0.9699003904530775
12793,2020-05-10,0.06302654684342057,0.9369734531565794
12795,2020-05-10,0.027295516738629177,0.9727044832613708
12796,2020-05-10,0.033856627151050867,0.9661433728489491
12797,2020-05-10,0.00666310395956482,0.9933368960404352
12799,2020-05-10,0.007988898418868184,0.9920111015811318
12800,2020-05-10,0.14176265120268283,0.8582373487973172
12801,2020-05-10,0.017272589219528678,0.9827274107804713
12803,2020-05-10,0.018058148592398404,0.9819418514076016
12804,2020-05-10,0.024679254412824037,0.975320745587176
12805,2020-05-10,0.01604214121073555,0.9839578587892645
12807,2020-05-10,0.0054240221618866435,0.9945759778381134
12808,2020-05-10,0.005798865455211799,0.9942011345447882
12809,2020-05-10,0.016783178974198676,0.9832168210258013
12811,2020-05-10,0.004993095396179981,0.99500690460382
12813,2020-05-10,0.007424591914771628,0.9925754080852284
12814,2020-05-10,0.02157341730395257,0.9784265826960474
12815,2020-05-10,0.03999921557323549,0.9600007844267645
12816,2020-05-10,0.08287462151865066,0.9171253784813493
12817,2020-05-10,0.021290522327851447,0.9787094776721486
12818,2020-05-10,0.0035743252656188496,0.9964256747343812
12819,2020-05-10,0.013155462172929844,0.9868445378270702
12821,2020-05-10,0.03943753746044021,0.9605624625395598
12822,2020-05-10,0.00943521863238328,0.9905647813676167
12823,2020-05-10,0.027741630938515005,0.972258369061485
12825,2020-05-10,0.019375412023183713,0.9806245879768163
12826,2020-05-10,0.08465545727053059,0.9153445427294694
12827,2020-05-10,0.0020594729961534997,0.9979405270038465
12828,2020-05-10,0.010660704071860816,0.9893392959281392
12829,2020-05-10,0.02161425898602154,0.9783857410139785
12830,2020-05-10,0.034243327642815014,0.965756672357185
12832,2020-05-10,0.004949196359594676,0.9950508036404053
12833,2020-05-10,0.1130856644277296,0.8869143355722704
12835,2020-05-10,0.00944701630527156,0.9905529836947284
12838,2020-05-10,0.05393602819513732,0.9460639718048627
12839,2020-05-10,0.029640974708455947,0.970359025291544
12840,2020-05-10,0.028693268519110138,0.9713067314808899
12841,2020-05-10,0.01842952170949408,0.9815704782905059
12842,2020-05-10,0.015051550782592349,0.9849484492174077
12844,2020-05-10,0.008136590265891974,0.991863409734108
12845,2020-05-10,0.021465165875268477,0.9785348341247315
12846,2020-05-10,0.01202872615825512,0.9879712738417449
12847,2020-05-10,0.023435366354257026,0.976564633645743
12848,2020-05-10,0.002238012349715879,0.9977619876502841
12849,2020-05-10,0.029237707029007742,0.9707622929709923
12850,2020-05-10,0.01658762852782869,0.9834123714721713
12851,2020-05-10,0.0026107477446375427,0.9973892522553625
12852,2020-05-10,0.009347268594635416,0.9906527314053646
12853,2020-05-10,0.04421090913154013,0.9557890908684599
12854,2020-05-10,0.06257733831808132,0.9374226616819187
12855,2020-05-10,0.004693164383444137,0.9953068356165559
12856,2020-05-10,0.09284421336464777,0.9071557866353522
12857,2020-05-10,0.17174023534399452,0.8282597646560055
12859,2020-05-10,0.013685322513856235,0.9863146774861438
12860,2020-05-10,0.013923213129313439,0.9860767868706866
12861,2020-05-10,0.026514775201572083,0.9734852247984279
12862,2020-05-10,0.02049517526637823,0.9795048247336218
12863,2020-05-10,0.016789203870308023,0.983210796129692
12864,2020-05-10,0.03944678139884894,0.9605532186011511
12865,2020-05-10,0.004201603749790284,0.9957983962502097
12866,2020-05-10,0.017167902848323147,0.9828320971516769
12867,2020-05-10,0.056905049228530014,0.94309495077147
12869,2020-05-10,0.017135840830601823,0.9828641591693982
12870,2020-05-10,0.0019598910557581117,0.9980401089442419
12871,2020-05-10,0.038806817031853735,0.9611931829681463
12873,2020-05-10,0.004565856443626504,0.9954341435563735
12874,2020-05-10,0.01924611868045767,0.9807538813195423
12876,2020-05-10,0.05476648075848456,0.9452335192415154
12877,2020-05-10,0.1739688937237578,0.8260311062762422
12878,2020-05-10,0.03005428152899947,0.9699457184710005
12879,2020-05-10,0.033058343656485634,0.9669416563435144
12880,2020-05-10,0.010028625499864607,0.9899713745001354
12881,2020-05-10,0.08166266296234903,0.918337337037651
12882,2020-05-10,0.007493516377283127,0.9925064836227169
12884,2020-05-10,0.04440789979304838,0.9555921002069516
12885,2020-05-10,0.03940088491695415,0.9605991150830459
12886,2020-05-10,0.005093139012936843,0.9949068609870632
12887,2020-05-10,0.0029302563958191197,0.9970697436041809
12888,2020-05-10,0.03601492041845922,0.9639850795815408
12889,2020-05-10,0.02280891143062025,0.9771910885693798
12890,2020-05-10,0.014186774978178107,0.9858132250218219
12891,2020-05-10,0.01648247402845049,0.9835175259715495
12893,2020-05-10,0.014114903031861914,0.9858850969681381
12894,2020-05-10,0.0842264844852676,0.9157735155147324
12895,2020-05-10,0.006390564474698435,0.9936094355253016
12896,2020-05-10,0.054786546015127446,0.9452134539848726
12897,2020-05-10,0.01522700844794167,0.9847729915520583
12898,2020-05-10,0.04392914446617113,0.9560708555338289
12899,2020-05-10,0.019137252881769262,0.9808627471182307
12901,2020-05-10,0.029666561038921846,0.9703334389610782
12902,2020-05-10,0.0046997193531483905,0.9953002806468516
12903,2020-05-10,0.004972133159026448,0.9950278668409736
12904,2020-05-10,0.0109005698746093,0.9890994301253907
12905,2020-05-10,0.0773859761852762,0.9226140238147238
12906,2020-05-10,0.14588607465980286,0.8541139253401971
12907,2020-05-10,0.023437873321192182,0.9765621266788078
12908,2020-05-10,0.009519875740752859,0.9904801242592471
12910,2020-05-10,0.0031667557899874854,0.9968332442100125
12912,2020-05-10,0.0017762694029159753,0.998223730597084
12913,2020-05-10,0.010834973716839502,0.9891650262831605
12914,2020-05-10,0.02397402273464644,0.9760259772653536
12915,2020-05-10,0.005023042192226268,0.9949769578077737
12916,2020-05-10,0.0176461296185646,0.9823538703814354
12917,2020-05-10,0.028539601532099113,0.9714603984679009
12918,2020-05-10,0.014279722927281746,0.9857202770727183
12919,2020-05-10,0.042035231266850714,0.9579647687331493
12920,2020-05-10,0.024746845152589958,0.97525315484741
12921,2020-05-10,0.02037407411048664,0.9796259258895134
12923,2020-05-10,0.03379906769856911,0.9662009323014309
12924,2020-05-10,0.11038739419649357,0.8896126058035064
12925,2020-05-10,0.02401618551661311,0.9759838144833869
12926,2020-05-10,0.00910356240124377,0.9908964375987562
12927,2020-05-10,0.011797423288993136,0.9882025767110069
12929,2020-05-10,0.005646349422303798,0.9943536505776962
12930,2020-05-10,0.01585018747005018,0.9841498125299498
12933,2020-05-10,0.013452599461117765,0.9865474005388822
12934,2020-05-10,0.01116255266608801,0.988837447333912
12935,2020-05-10,0.015357894391723304,0.9846421056082767
12936,2020-05-10,0.011628075225226242,0.9883719247747738
12937,2020-05-10,0.02820009158747183,0.9717999084125282
12938,2020-05-10,0.018119765093476792,0.9818802349065232
12939,2020-05-10,0.022636315135538543,0.9773636848644615
12940,2020-05-10,0.11572945387453493,0.8842705461254651
12941,2020-05-10,0.03418498058393393,0.9658150194160661
12942,2020-05-10,0.006841330885697605,0.9931586691143024
12943,2020-05-10,0.07183683191891777,0.9281631680810822
12945,2020-05-10,0.017538291109664095,0.9824617088903359
12947,2020-05-10,0.013859927501139513,0.9861400724988605
12948,2020-05-10,0.004435651425158227,0.9955643485748418
12949,2020-05-10,0.005959225994318862,0.9940407740056811
12951,2020-05-10,0.0061834365329793695,0.9938165634670206
12952,2020-05-10,0.0036053296654430245,0.996394670334557
12953,2020-05-10,0.003946233033190527,0.9960537669668095
12955,2020-05-10,0.005512565263625202,0.9944874347363748
12956,2020-05-10,0.07416736188875495,0.925832638111245
12957,2020-05-10,0.009628208086368106,0.9903717919136319
12958,2020-05-10,0.028234231291589418,0.9717657687084106
12959,2020-05-10,0.0029627084010592775,0.9970372915989407
12960,2020-05-10,0.015072235076256657,0.9849277649237433
12963,2020-05-10,0.022332505052825358,0.9776674949471746
12964,2020-05-10,0.01869533300588111,0.9813046669941189
12965,2020-05-10,0.03532590140343983,0.9646740985965602
12968,2020-05-10,0.00308066996206402,0.996919330037936
12969,2020-05-10,0.01547477583894763,0.9845252241610524
12970,2020-05-10,0.003693722287247736,0.9963062777127523
12971,2020-05-10,0.010064479521509129,0.9899355204784909
12972,2020-05-10,0.028156805963522435,0.9718431940364776
12973,2020-05-10,0.0015823672609047712,0.9984176327390952
12974,2020-05-10,0.013838537094948533,0.9861614629050515
12976,2020-05-10,0.009294403548547048,0.990705596451453
12977,2020-05-10,0.008442697371723762,0.9915573026282762
12978,2020-05-10,0.030331371030871468,0.9696686289691285
12979,2020-05-10,0.04457786940898312,0.9554221305910169
12980,2020-05-10,0.01471702256867835,0.9852829774313216
12981,2020-05-10,0.008418980939200793,0.9915810190607992
12983,2020-05-10,0.004770026974666441,0.9952299730253336
12984,2020-05-10,0.003650112272765904,0.9963498877272341
12985,2020-05-10,0.05397432206898345,0.9460256779310166
12986,2020-05-10,0.049652316580903855,0.9503476834190961
12987,2020-05-10,0.014879847020087933,0.9851201529799121
12988,2020-05-10,0.020438385765340517,0.9795616142346595
12989,2020-05-10,0.030259785490723612,0.9697402145092764
12990,2020-05-10,0.012218467863949756,0.9877815321360502
12991,2020-05-10,0.015616770326743246,0.9843832296732568
12992,2020-05-10,0.05628668690416516,0.9437133130958348
12993,2020-05-10,0.02308721314581108,0.9769127868541889
12997,2020-05-10,0.012367902041486634,0.9876320979585134
12998,2020-05-10,0.027357819717947374,0.9726421802820526
12999,2020-05-10,0.07211603569004943,0.9278839643099506
13000,2020-05-10,0.143815137211311,0.856184862788689
13001,2020-05-10,0.044684600036276945,0.955315399963723
13002,2020-05-10,0.03700841362045648,0.9629915863795435
13003,2020-05-10,0.009856979150301037,0.990143020849699
13004,2020-05-10,0.0117352952488875,0.9882647047511125
13005,2020-05-10,0.010195454335075294,0.9898045456649247
13007,2020-05-10,0.0011552804111796267,0.9988447195888204
13008,2020-05-10,0.010795040879484352,0.9892049591205156
13009,2020-05-10,0.00949061528643258,0.9905093847135674
13010,2020-05-10,0.01636033772602119,0.9836396622739788
13011,2020-05-10,0.008397411453925363,0.9916025885460746
13012,2020-05-10,0.045654887590788173,0.9543451124092118
13013,2020-05-10,0.012255962600623227,0.9877440373993768
13014,2020-05-10,0.1294918386175924,0.8705081613824076
13017,2020-05-10,0.006275441972762086,0.9937245580272379
13018,2020-05-10,0.003232905954276055,0.996767094045724
13020,2020-05-10,0.01784208160648626,0.9821579183935137
13021,2020-05-10,0.012234515312426586,0.9877654846875734
13022,2020-05-10,0.040691844009502876,0.9593081559904971
13024,2020-05-10,0.027768308182919976,0.97223169181708
13025,2020-05-10,0.012113511643927044,0.987886488356073
13027,2020-05-10,0.001338521204574561,0.9986614787954254
13028,2020-05-10,0.029161416352151304,0.9708385836478487
13029,2020-05-10,0.05800363581179546,0.9419963641882045
13030,2020-05-10,0.0008234342754066537,0.9991765657245933
13031,2020-05-10,0.009436664514033577,0.9905633354859664
13032,2020-05-10,0.023153393054675786,0.9768466069453242
13033,2020-05-10,0.09116617565202845,0.9088338243479716
13034,2020-05-10,0.02150019006808368,0.9784998099319163
13035,2020-05-10,0.0029445571144779414,0.9970554428855221
13037,2020-05-10,0.009092584666708148,0.9909074153332919
13038,2020-05-10,0.011590530259934728,0.9884094697400653
13039,2020-05-10,0.0034678884753278627,0.9965321115246721
13040,2020-05-10,0.016942550837562798,0.9830574491624372
13041,2020-05-10,0.041529209772544595,0.9584707902274554
13042,2020-05-10,0.02399996557778561,0.9760000344222144
13043,2020-05-10,0.007486536762800644,0.9925134632371994
13044,2020-05-10,0.005979208105978628,0.9940207918940214
13045,2020-05-10,0.013166808280237974,0.986833191719762
13046,2020-05-10,0.019251624968491532,0.9807483750315085
13047,2020-05-10,0.05131122506117336,0.9486887749388266
13050,2020-05-10,0.04308597607496667,0.9569140239250333
13051,2020-05-10,0.025042269340821877,0.9749577306591781
13052,2020-05-10,0.0022343019437081058,0.9977656980562919
13053,2020-05-10,0.032225541239200184,0.9677744587607998
13054,2020-05-10,0.01756693999041703,0.982433060009583
13057,2020-05-10,0.05554095154899885,0.9444590484510011
13058,2020-05-10,0.004352819349757953,0.995647180650242
13060,2020-05-10,0.023626571720821277,0.9763734282791787
13061,2020-05-10,0.00742807245946564,0.9925719275405344
13062,2020-05-10,0.0033572429703334628,0.9966427570296665
13063,2020-05-10,0.015555861351709055,0.984444138648291
13064,2020-05-10,0.0023352118284913903,0.9976647881715086
13065,2020-05-10,0.04850444096462447,0.9514955590353755
13067,2020-05-10,0.002031011922165149,0.9979689880778349
13069,2020-05-10,0.01237619931867795,0.987623800681322
13070,2020-05-10,0.008620871723541867,0.9913791282764581
13071,2020-05-10,0.039741288595701585,0.9602587114042984
13072,2020-05-10,0.04653580488108744,0.9534641951189126
13073,2020-05-10,0.0047352471406791885,0.9952647528593208
13074,2020-05-10,0.002952731528603758,0.9970472684713962
13075,2020-05-10,0.03529616777868372,0.9647038322213163
13076,2020-05-10,0.02558096444719893,0.9744190355528011
13077,2020-05-10,0.02189982753255315,0.9781001724674468
13078,2020-05-10,0.003372034777028965,0.996627965222971
13079,2020-05-10,0.019029528339756574,0.9809704716602434
13080,2020-05-10,0.007692002476474724,0.9923079975235253
13081,2020-05-10,0.023536917160551063,0.9764630828394489
13083,2020-05-10,0.0056237439699350356,0.994376256030065
13084,2020-05-10,0.00816764648342283,0.9918323535165772
13085,2020-05-10,0.15306657614337116,0.8469334238566288
13087,2020-05-10,0.0285780306388409,0.9714219693611591
13088,2020-05-10,0.014114139404260428,0.9858858605957396
13090,2020-05-10,0.07708572060694974,0.9229142793930503
13091,2020-05-10,0.05287981186238433,0.9471201881376157
13093,2020-05-10,0.012785303968180672,0.9872146960318193
13094,2020-05-10,0.02052673765717017,0.9794732623428298
13095,2020-05-10,0.013746811594164465,0.9862531884058355
13096,2020-05-10,0.021949872763019074,0.9780501272369809
13097,2020-05-10,0.008215719970459334,0.9917842800295407
13099,2020-05-10,0.0795885186929528,0.9204114813070472
13100,2020-05-10,0.07177594503713913,0.9282240549628609
13102,2020-05-10,0.0045533799199940495,0.995446620080006
13103,2020-05-10,0.014770620985281258,0.9852293790147187
13104,2020-05-10,0.042541127824990754,0.9574588721750092
13105,2020-05-10,0.02020417574906419,0.9797958242509358
13106,2020-05-10,0.04461665419811145,0.9553833458018886
13107,2020-05-10,0.11871151459375451,0.8812884854062455
13108,2020-05-10,0.027340838953258784,0.9726591610467412
13109,2020-05-10,0.022600495927978304,0.9773995040720217
13110,2020-05-10,0.03132531810571315,0.9686746818942868
13111,2020-05-10,0.011536617725446119,0.9884633822745539
13112,2020-05-10,0.018549735043975946,0.981450264956024
13113,2020-05-10,0.002722257730256361,0.9972777422697436
13114,2020-05-10,0.10457024383150437,0.8954297561684956
13115,2020-05-10,0.0026032759952402396,0.9973967240047598
13116,2020-05-10,0.020066170006177164,0.9799338299938228
13117,2020-05-10,0.00276150876749659,0.9972384912325034
13118,2020-05-10,0.006347103449130809,0.9936528965508692
13119,2020-05-10,0.0027686801042736686,0.9972313198957263
13121,2020-05-10,0.023072999818807838,0.9769270001811922
13122,2020-05-10,0.028382737749328424,0.9716172622506716
13123,2020-05-10,0.027454230039754113,0.9725457699602459
13124,2020-05-10,0.018778686438719605,0.9812213135612804
13125,2020-05-10,0.10941626424028572,0.8905837357597143
13126,2020-05-10,0.022141629182580114,0.9778583708174199
13129,2020-05-10,0.012690054276881635,0.9873099457231184
13130,2020-05-10,0.03463629478858088,0.9653637052114191
13131,2020-05-10,0.02445689197971246,0.9755431080202875
13132,2020-05-10,0.025482679212204373,0.9745173207877956
13133,2020-05-10,0.0380142067641388,0.9619857932358612
13134,2020-05-10,0.010817769776499842,0.9891822302235002
13135,2020-05-10,0.01825600639887115,0.9817439936011289
13136,2020-05-10,0.008835916120632281,0.9911640838793677
13137,2020-05-10,0.015777706874102626,0.9842222931258974
13139,2020-05-10,0.03856296905356471,0.9614370309464353
13140,2020-05-10,0.017722142501307214,0.9822778574986928
13141,2020-05-10,0.024826071158093654,0.9751739288419063
13142,2020-05-10,0.002779985496160098,0.9972200145038399
13145,2020-05-10,0.11453098193692557,0.8854690180630744
13146,2020-05-10,0.008355922019947837,0.9916440779800522
13147,2020-05-10,0.07437299592709257,0.9256270040729074
13148,2020-05-10,0.05579125305713206,0.9442087469428679
13149,2020-05-10,0.041395014976701505,0.9586049850232985
13150,2020-05-10,0.021434145949967287,0.9785658540500327
13152,2020-05-10,0.004418690300267425,0.9955813096997326
13153,2020-05-10,0.023509398943598714,0.9764906010564013
13154,2020-05-10,0.035125401783740684,0.9648745982162593
13155,2020-05-10,0.03398813633591424,0.9660118636640858
13158,2020-05-10,0.02971071035764472,0.9702892896423553
13159,2020-05-10,0.030906777364562932,0.9690932226354371
13160,2020-05-10,0.004506314295951164,0.9954936857040488
13161,2020-05-10,0.03601312682072155,0.9639868731792784
13162,2020-05-10,0.0335840695902585,0.9664159304097415
13164,2020-05-10,0.05690713586237506,0.9430928641376249
13165,2020-05-10,0.009420741350950279,0.9905792586490497
13166,2020-05-10,0.009816335287618938,0.9901836647123811
13167,2020-05-10,0.05420181800138357,0.9457981819986164
13168,2020-05-10,0.03307983024882277,0.9669201697511772
13169,2020-05-10,0.07871479487090738,0.9212852051290926
13170,2020-05-10,0.02850903183435216,0.9714909681656478
13171,2020-05-10,0.01502774983388655,0.9849722501661134
13172,2020-05-10,0.001507455398250479,0.9984925446017495
13173,2020-05-10,0.017132168704232176,0.9828678312957678
13174,2020-05-10,0.035735810900834775,0.9642641890991652
13175,2020-05-10,0.0067618140946063,0.9932381859053937
13177,2020-05-10,0.0015222944095445445,0.9984777055904555
13178,2020-05-10,0.040765452867153495,0.9592345471328465
13180,2020-05-10,0.010471685376088558,0.9895283146239114
13181,2020-05-10,0.013662580268489322,0.9863374197315107
13183,2020-05-10,0.02810946289933025,0.9718905371006697
13184,2020-05-10,0.007608145495653251,0.9923918545043467
13185,2020-05-10,0.012054508202905101,0.9879454917970949
13186,2020-05-10,0.054364045631730695,0.9456359543682693
13187,2020-05-10,0.01083779433788612,0.9891622056621139
13188,2020-05-10,0.011518136402959622,0.9884818635970404
13189,2020-05-10,0.02493308555631457,0.9750669144436854
13190,2020-05-10,0.003938193980717264,0.9960618060192827
13191,2020-05-10,0.023821068353965025,0.976178931646035
13192,2020-05-10,0.04759567434003409,0.9524043256599659
13194,2020-05-10,0.036286900969727975,0.963713099030272
13195,2020-05-10,0.0037735641165399514,0.99622643588346
13196,2020-05-10,0.004383697348509519,0.9956163026514905
13197,2020-05-10,0.03387989575973993,0.9661201042402601
13198,2020-05-10,0.012765875522721348,0.9872341244772787
13199,2020-05-10,0.004537545208835647,0.9954624547911644
13200,2020-05-10,0.006046748272039548,0.9939532517279605
13201,2020-05-10,0.009724410384456705,0.9902755896155433
13202,2020-05-10,0.008868838905978005,0.991131161094022
13204,2020-05-10,0.018861276188845144,0.9811387238111549
13205,2020-05-10,0.06453261123694365,0.9354673887630564
13206,2020-05-10,0.12626729417067506,0.8737327058293249
13207,2020-05-10,0.08249860720997448,0.9175013927900255
13208,2020-05-10,0.014943892199766107,0.9850561078002339
13209,2020-05-10,0.01217973993334831,0.9878202600666517
13211,2020-05-10,0.0025564782397612396,0.9974435217602388
13212,2020-05-10,0.020344220746499664,0.9796557792535003
13213,2020-05-10,0.08532798402093456,0.9146720159790654
13214,2020-05-10,0.007368377266225079,0.9926316227337749
13215,2020-05-10,0.005669227855024439,0.9943307721449756
13217,2020-05-10,0.010960259145020523,0.9890397408549795
13218,2020-05-10,0.05954847867483548,0.9404515213251645
13220,2020-05-10,0.019564094205300808,0.9804359057946992
13223,2020-05-10,0.002229609784042186,0.9977703902159578
13224,2020-05-10,0.009776778926004481,0.9902232210739955
13225,2020-05-10,0.006640083042582567,0.9933599169574174
13226,2020-05-10,0.002661634413880787,0.9973383655861192
13227,2020-05-10,0.005903690062336486,0.9940963099376635
13230,2020-05-10,0.029881306033121557,0.9701186939668784
13231,2020-05-10,0.003039820720024511,0.9969601792799755
13233,2020-05-10,0.12995970377368649,0.8700402962263135
13234,2020-05-10,0.003918873307613535,0.9960811266923865
13235,2020-05-10,0.004676256557170855,0.9953237434428291
13236,2020-05-10,0.04600048519848554,0.9539995148015145
13237,2020-05-10,0.005240601411515389,0.9947593985884846
13238,2020-05-10,0.0019248151021987736,0.9980751848978012
13240,2020-05-10,0.006420471787997983,0.993579528212002
13241,2020-05-10,0.0373870753127552,0.9626129246872448
13242,2020-05-10,0.060489321224835524,0.9395106787751645
13243,2020-05-10,0.0399859048661545,0.9600140951338455
13244,2020-05-10,0.025060874951644774,0.9749391250483552
13245,2020-05-10,0.008062477570185078,0.9919375224298149
13246,2020-05-10,0.00910555051314954,0.9908944494868505
13247,2020-05-10,0.010182619216548283,0.9898173807834517
13248,2020-05-10,0.0017751504770091575,0.9982248495229908
13249,2020-05-10,0.0049869921482983415,0.9950130078517017
13251,2020-05-10,0.0062566546256378475,0.9937433453743622
13252,2020-05-10,0.018452363502075908,0.9815476364979241
13255,2020-05-10,0.02858617820720244,0.9714138217927976
13256,2020-05-10,0.05351702166576888,0.9464829783342311
13257,2020-05-10,0.012116963112410173,0.9878830368875898
13258,2020-05-10,0.05013341261444959,0.9498665873855504
13260,2020-05-10,0.0188056583620847,0.9811943416379153
13261,2020-05-10,0.005043058588421467,0.9949569414115785
13262,2020-05-10,0.006031487286565551,0.9939685127134344
13265,2020-05-10,0.029420338742323304,0.9705796612576767
13266,2020-05-10,0.006205624168919788,0.9937943758310802
13267,2020-05-10,0.0013696877747757519,0.9986303122252242
13268,2020-05-10,0.01127323767283106,0.9887267623271689
13269,2020-05-10,0.0023660027535775674,0.9976339972464224
13270,2020-05-10,0.07233382349711259,0.9276661765028874
13272,2020-05-10,0.009003322605888098,0.9909966773941119
13273,2020-05-10,0.007061716150503772,0.9929382838494962
13274,2020-05-10,0.007661027036642842,0.9923389729633572
13280,2020-05-10,0.040086714123488965,0.959913285876511
13281,2020-05-10,0.03656472970618796,0.963435270293812
13282,2020-05-10,0.005019726754587839,0.9949802732454122
13283,2020-05-10,0.00208448753920476,0.9979155124607952
13284,2020-05-10,0.004303806740268867,0.9956961932597311
13285,2020-05-10,0.018267972710633518,0.9817320272893665
13286,2020-05-10,0.05144311820218572,0.9485568817978143
13287,2020-05-10,0.007887946154494174,0.9921120538455058
13288,2020-05-10,0.009321508979516113,0.9906784910204839
13290,2020-05-10,0.0024770487155322263,0.9975229512844678
13291,2020-05-10,0.008689843854499002,0.991310156145501
13292,2020-05-10,0.0033845032635768657,0.9966154967364231
13293,2020-05-10,0.016191544091493926,0.9838084559085061
13294,2020-05-10,0.03932187775961882,0.9606781222403812
13295,2020-05-10,0.054942407867753174,0.9450575921322468
13296,2020-05-10,0.08188176816096482,0.9181182318390352
13298,2020-05-10,0.03906629568289666,0.9609337043171033
13299,2020-05-10,0.01057810501659262,0.9894218949834074
13300,2020-05-10,0.004682321750037022,0.995317678249963
13301,2020-05-10,0.02445150753571368,0.9755484924642863
13304,2020-05-10,0.044189928967996006,0.955810071032004
13305,2020-05-10,0.0033528021497559735,0.996647197850244
13306,2020-05-10,0.05843673072164579,0.9415632692783542
13307,2020-05-10,0.019716369455625937,0.9802836305443741
13308,2020-05-10,0.03608495933856104,0.963915040661439
13309,2020-05-10,0.004415237613386802,0.9955847623866132
