account_id,last_metric_time,churn_prob,retention_prob
0,2020-05-10,0.01020156319507326,0.9897984368049267
1,2020-05-10,0.018324718282152097,0.9816752817178479
2,2020-05-10,0.01235079308825593,0.9876492069117441
4,2020-05-10,0.005142164387706316,0.9948578356122937
6,2020-05-10,0.03339160114950945,0.9666083988504905
7,2020-05-10,0.02589151317992655,0.9741084868200734
9,2020-05-10,0.030316346939195826,0.9696836530608042
10,2020-05-10,0.0140169425736687,0.9859830574263313
12,2020-05-10,0.027962183987172873,0.9720378160128271
13,2020-05-10,0.01607506735418851,0.9839249326458115
14,2020-05-10,0.02953042997278521,0.9704695700272148
15,2020-05-10,0.013606294112028516,0.9863937058879715
16,2020-05-10,0.03677495719654167,0.9632250428034583
17,2020-05-10,0.03351854307240987,0.9664814569275901
18,2020-05-10,0.006881612107106694,0.9931183878928933
19,2020-05-10,0.009565561428459768,0.9904344385715402
20,2020-05-10,0.051676588958273206,0.9483234110417268
21,2020-05-10,0.02213570812302812,0.9778642918769719
22,2020-05-10,0.007186503702111935,0.9928134962978881
23,2020-05-10,0.09196405757929627,0.9080359424207037
25,2020-05-10,0.06727605548448634,0.9327239445155137
26,2020-05-10,0.01956101210548633,0.9804389878945137
27,2020-05-10,0.0693915814277356,0.9306084185722644
28,2020-05-10,0.023517356531679412,0.9764826434683206
29,2020-05-10,0.04025900293804363,0.9597409970619564
30,2020-05-10,0.019063547597858443,0.9809364524021416
31,2020-05-10,0.016333557839120716,0.9836664421608793
32,2020-05-10,0.051388406113845764,0.9486115938861542
33,2020-05-10,0.00562593363941799,0.994374066360582
34,2020-05-10,0.024573735027313304,0.9754262649726867
35,2020-05-10,0.007533249780962592,0.9924667502190374
37,2020-05-10,0.0059999368018782695,0.9940000631981217
38,2020-05-10,0.014306552542832529,0.9856934474571675
39,2020-05-10,0.004866854061019943,0.9951331459389801
40,2020-05-10,0.004435601003171863,0.9955643989968281
41,2020-05-10,0.006647977863116439,0.9933520221368836
42,2020-05-10,0.02020040218032315,0.9797995978196768
43,2020-05-10,0.013655459018560356,0.9863445409814396
45,2020-05-10,0.0032416622428625974,0.9967583377571374
46,2020-05-10,0.012285640691802713,0.9877143593081973
47,2020-05-10,0.006784544995403374,0.9932154550045966
48,2020-05-10,0.028034472833106006,0.971965527166894
49,2020-05-10,0.0343280446739771,0.9656719553260229
51,2020-05-10,0.007465583402272102,0.9925344165977279
52,2020-05-10,0.035063990697643876,0.9649360093023561
54,2020-05-10,0.020377433008720525,0.9796225669912795
55,2020-05-10,0.015022033560326498,0.9849779664396735
56,2020-05-10,0.006181827655315275,0.9938181723446847
57,2020-05-10,0.044280694645200014,0.9557193053548
59,2020-05-10,0.04128545536533146,0.9587145446346685
60,2020-05-10,0.003366055238612331,0.9966339447613877
61,2020-05-10,0.017351472213229857,0.9826485277867701
62,2020-05-10,0.08037527646358855,0.9196247235364114
63,2020-05-10,0.027553394567179534,0.9724466054328205
64,2020-05-10,0.025888562912654733,0.9741114370873453
65,2020-05-10,0.023849504139748734,0.9761504958602513
66,2020-05-10,0.017746941304276898,0.9822530586957231
67,2020-05-10,0.005937646388759155,0.9940623536112408
68,2020-05-10,0.01132392634135937,0.9886760736586406
70,2020-05-10,0.040494758424818866,0.9595052415751811
71,2020-05-10,0.024298416870926487,0.9757015831290735
72,2020-05-10,0.003465768266348479,0.9965342317336515
73,2020-05-10,0.011528339174684654,0.9884716608253153
74,2020-05-10,0.022090249077540203,0.9779097509224598
75,2020-05-10,0.013477221546214002,0.986522778453786
77,2020-05-10,0.005099669106685467,0.9949003308933145
78,2020-05-10,0.025699213675065335,0.9743007863249347
79,2020-05-10,0.01542228712292426,0.9845777128770757
80,2020-05-10,0.015461413239000521,0.9845385867609995
81,2020-05-10,0.007406264190807588,0.9925937358091924
82,2020-05-10,0.008205467733591987,0.991794532266408
83,2020-05-10,0.037515593635382705,0.9624844063646173
84,2020-05-10,0.019449639534077412,0.9805503604659226
85,2020-05-10,0.029854982515739925,0.9701450174842601
86,2020-05-10,0.04646495644146831,0.9535350435585317
87,2020-05-10,0.026407672526336357,0.9735923274736636
88,2020-05-10,0.022884121784223943,0.9771158782157761
89,2020-05-10,0.0296078184227081,0.9703921815772919
90,2020-05-10,0.009437031884574343,0.9905629681154257
91,2020-05-10,0.014402000302465967,0.985597999697534
92,2020-05-10,0.01939870160679924,0.9806012983932008
93,2020-05-10,0.0018256170727820598,0.9981743829272179
94,2020-05-10,0.017878329429363737,0.9821216705706363
95,2020-05-10,0.01362579680028797,0.986374203199712
96,2020-05-10,0.04892647861960764,0.9510735213803924
97,2020-05-10,0.004829108733047649,0.9951708912669524
98,2020-05-10,0.04175734879640769,0.9582426512035923
99,2020-05-10,0.0021974055430330486,0.997802594456967
100,2020-05-10,0.04639970807550775,0.9536002919244922
101,2020-05-10,0.0165141800534524,0.9834858199465476
102,2020-05-10,0.004908275319461031,0.995091724680539
103,2020-05-10,0.009876517213835756,0.9901234827861642
104,2020-05-10,0.03728231918518177,0.9627176808148182
105,2020-05-10,0.014563620262203036,0.985436379737797
106,2020-05-10,0.030374541195690608,0.9696254588043094
107,2020-05-10,0.024743591921342234,0.9752564080786578
108,2020-05-10,0.0006683276013692563,0.9993316723986307
109,2020-05-10,0.020309088624665517,0.9796909113753345
111,2020-05-10,0.03356134271204847,0.9664386572879515
112,2020-05-10,0.004050800056750736,0.9959491999432493
113,2020-05-10,0.0034585552227943683,0.9965414447772056
114,2020-05-10,0.015230457090384952,0.984769542909615
115,2020-05-10,0.010276533549428701,0.9897234664505713
116,2020-05-10,0.061071924621342366,0.9389280753786576
117,2020-05-10,0.02921337587671846,0.9707866241232815
118,2020-05-10,0.0030209827366688424,0.9969790172633312
119,2020-05-10,0.007767890658988086,0.9922321093410119
120,2020-05-10,0.007754501898556865,0.9922454981014431
121,2020-05-10,0.0035982850857660953,0.9964017149142339
122,2020-05-10,0.027436838247369755,0.9725631617526302
123,2020-05-10,0.04195088028976124,0.9580491197102388
124,2020-05-10,0.01942310396397806,0.9805768960360219
126,2020-05-10,0.045091911278383745,0.9549080887216163
127,2020-05-10,0.01680887758685401,0.983191122413146
128,2020-05-10,0.005054634452231532,0.9949453655477685
129,2020-05-10,0.011237767484194694,0.9887622325158053
130,2020-05-10,0.007082655560710305,0.9929173444392897
131,2020-05-10,0.009447098386907604,0.9905529016130924
132,2020-05-10,0.03307688345741433,0.9669231165425857
133,2020-05-10,0.026138281262713225,0.9738617187372868
135,2020-05-10,0.013187866439087426,0.9868121335609126
136,2020-05-10,0.01431546426011221,0.9856845357398878
137,2020-05-10,0.021204799478306335,0.9787952005216937
138,2020-05-10,0.018307664516681754,0.9816923354833182
139,2020-05-10,0.01359388366283909,0.9864061163371609
140,2020-05-10,0.006233339086826328,0.9937666609131737
141,2020-05-10,0.002402840022554087,0.9975971599774459
143,2020-05-10,0.006826885580532016,0.993173114419468
144,2020-05-10,0.05247349453592487,0.9475265054640751
145,2020-05-10,0.018186500609332024,0.981813499390668
146,2020-05-10,0.05455224885453258,0.9454477511454674
147,2020-05-10,0.0064091147383410485,0.993590885261659
148,2020-05-10,0.008981096224994767,0.9910189037750052
149,2020-05-10,0.015403766453625067,0.9845962335463749
150,2020-05-10,0.09080197124710598,0.909198028752894
151,2020-05-10,0.013919788031831026,0.986080211968169
152,2020-05-10,0.004653820212077497,0.9953461797879225
153,2020-05-10,0.04282219006821253,0.9571778099317875
155,2020-05-10,0.0068159775399069256,0.9931840224600931
156,2020-05-10,0.023931945462494997,0.976068054537505
157,2020-05-10,0.008197179880695349,0.9918028201193047
158,2020-05-10,0.03961768058203596,0.960382319417964
159,2020-05-10,0.03545163782626204,0.964548362173738
160,2020-05-10,0.011641728893386438,0.9883582711066136
161,2020-05-10,0.009653930870528571,0.9903460691294714
162,2020-05-10,0.02135743961103931,0.9786425603889607
163,2020-05-10,0.012428536541203905,0.9875714634587961
164,2020-05-10,0.005379381235816494,0.9946206187641835
165,2020-05-10,0.00313454508517208,0.9968654549148279
166,2020-05-10,0.00888898354651968,0.9911110164534803
167,2020-05-10,0.0064691907719997,0.9935308092280003
169,2020-05-10,0.008627900410125289,0.9913720995898747
170,2020-05-10,0.020657068208170926,0.9793429317918291
171,2020-05-10,0.009297846556151734,0.9907021534438483
172,2020-05-10,0.01024504637317536,0.9897549536268246
174,2020-05-10,0.009390706361565249,0.9906092936384348
175,2020-05-10,0.0046729984496143295,0.9953270015503857
176,2020-05-10,0.0017949034424638022,0.9982050965575362
177,2020-05-10,0.007519041960906803,0.9924809580390932
178,2020-05-10,0.017916420999760208,0.9820835790002398
179,2020-05-10,0.022857704667552103,0.9771422953324479
181,2020-05-10,0.03248133628147176,0.9675186637185282
182,2020-05-10,0.02230708855048702,0.977692911449513
183,2020-05-10,0.05186913118955372,0.9481308688104463
184,2020-05-10,0.011715058881361373,0.9882849411186386
186,2020-05-10,0.0025230951824545267,0.9974769048175455
187,2020-05-10,0.0430215603782762,0.9569784396217238
188,2020-05-10,0.008053175582899086,0.9919468244171009
190,2020-05-10,0.0043580925246391455,0.9956419074753609
191,2020-05-10,0.004365131899680352,0.9956348681003196
192,2020-05-10,0.017338320329364665,0.9826616796706353
193,2020-05-10,0.0032667157408993175,0.9967332842591007
194,2020-05-10,0.02477824667359696,0.975221753326403
195,2020-05-10,0.021854529872901263,0.9781454701270987
196,2020-05-10,0.017763569866526163,0.9822364301334738
197,2020-05-10,0.012573292342974773,0.9874267076570252
199,2020-05-10,0.03505330469053902,0.964946695309461
200,2020-05-10,0.019526041063099076,0.9804739589369009
201,2020-05-10,0.024124477937459088,0.9758755220625409
202,2020-05-10,0.051503207716447896,0.9484967922835521
203,2020-05-10,0.011962429242480921,0.9880375707575191
204,2020-05-10,0.015591950818940603,0.9844080491810594
205,2020-05-10,0.022631684029204013,0.977368315970796
206,2020-05-10,0.03193549722100664,0.9680645027789934
207,2020-05-10,0.005895221628058667,0.9941047783719413
208,2020-05-10,0.03303112993902191,0.9669688700609781
209,2020-05-10,0.01246446350788577,0.9875355364921142
211,2020-05-10,0.0068057133174709294,0.9931942866825291
212,2020-05-10,0.015425313542217767,0.9845746864577822
213,2020-05-10,0.015373593907665462,0.9846264060923345
214,2020-05-10,0.005226292933059762,0.9947737070669402
215,2020-05-10,0.013032525968537323,0.9869674740314627
216,2020-05-10,0.019328119038199087,0.9806718809618009
217,2020-05-10,0.07046451549416499,0.929535484505835
218,2020-05-10,0.0014252177579501257,0.9985747822420499
220,2020-05-10,0.013151818989010744,0.9868481810109893
221,2020-05-10,0.08712535082308415,0.9128746491769159
222,2020-05-10,0.01304425293543865,0.9869557470645614
223,2020-05-10,0.06025627099316044,0.9397437290068396
224,2020-05-10,0.058999003993521204,0.9410009960064788
225,2020-05-10,0.007757332829199215,0.9922426671708008
226,2020-05-10,0.006780969203160958,0.993219030796839
227,2020-05-10,0.01684337792513324,0.9831566220748668
228,2020-05-10,0.008147330290702248,0.9918526697092978
229,2020-05-10,0.0260950735591835,0.9739049264408165
230,2020-05-10,0.02037862017776748,0.9796213798222325
231,2020-05-10,0.0025959149915795177,0.9974040850084205
232,2020-05-10,0.14379298310945499,0.856207016890545
235,2020-05-10,0.01903482457259531,0.9809651754274047
236,2020-05-10,0.011946462906251454,0.9880535370937485
237,2020-05-10,0.010779403143712507,0.9892205968562875
241,2020-05-10,0.000993588810292656,0.9990064111897073
242,2020-05-10,0.01216419645428679,0.9878358035457132
243,2020-05-10,0.021334818117020204,0.9786651818829798
244,2020-05-10,0.017226908497958715,0.9827730915020413
245,2020-05-10,0.02467790774900558,0.9753220922509944
246,2020-05-10,0.027505924979995933,0.9724940750200041
247,2020-05-10,0.005120240823277444,0.9948797591767226
248,2020-05-10,0.024908582327680562,0.9750914176723194
249,2020-05-10,0.01134315862967017,0.9886568413703298
250,2020-05-10,0.02039611424710963,0.9796038857528904
252,2020-05-10,0.009109178996150824,0.9908908210038492
253,2020-05-10,0.054249982297425836,0.9457500177025742
254,2020-05-10,0.1860916242945464,0.8139083757054536
255,2020-05-10,0.007549290479268778,0.9924507095207312
257,2020-05-10,0.03839521451259309,0.9616047854874069
258,2020-05-10,0.010201484635599556,0.9897985153644004
259,2020-05-10,0.006834804969502395,0.9931651950304976
260,2020-05-10,0.009792989103228344,0.9902070108967717
261,2020-05-10,0.02450595906087938,0.9754940409391206
262,2020-05-10,0.004528152292381793,0.9954718477076182
263,2020-05-10,0.02048555395176821,0.9795144460482318
264,2020-05-10,0.017151792104724173,0.9828482078952758
265,2020-05-10,0.024892466823639436,0.9751075331763606
266,2020-05-10,0.0064849807996855136,0.9935150192003145
267,2020-05-10,0.020271036728385705,0.9797289632716143
268,2020-05-10,0.01310861127735985,0.9868913887226402
269,2020-05-10,0.0006406683688637838,0.9993593316311362
270,2020-05-10,0.018973986292970202,0.9810260137070298
271,2020-05-10,0.0011669241631677707,0.9988330758368322
272,2020-05-10,0.006893544649278938,0.9931064553507211
273,2020-05-10,0.003662546220016716,0.9963374537799833
275,2020-05-10,0.05191540767621228,0.9480845923237877
276,2020-05-10,0.022462301216620073,0.9775376987833799
277,2020-05-10,0.006838545319771683,0.9931614546802283
278,2020-05-10,0.010221974459513117,0.9897780255404869
279,2020-05-10,0.00862010362885024,0.9913798963711498
280,2020-05-10,0.01808624637043854,0.9819137536295615
281,2020-05-10,0.0145403258830189,0.9854596741169811
282,2020-05-10,0.014148485039103709,0.9858515149608963
283,2020-05-10,0.0017868022182295773,0.9982131977817704
284,2020-05-10,0.020660782059050198,0.9793392179409498
285,2020-05-10,0.058174341266061025,0.941825658733939
286,2020-05-10,0.02075529772451945,0.9792447022754805
287,2020-05-10,0.03040990169640223,0.9695900983035978
288,2020-05-10,0.026933040535896957,0.973066959464103
289,2020-05-10,0.01329469288224705,0.986705307117753
290,2020-05-10,0.026567668027962066,0.9734323319720379
291,2020-05-10,0.01660576981672024,0.9833942301832798
292,2020-05-10,0.019460592804594,0.980539407195406
293,2020-05-10,0.002736815281469629,0.9972631847185304
294,2020-05-10,0.026481079431945775,0.9735189205680542
295,2020-05-10,0.0669355717797514,0.9330644282202486
296,2020-05-10,0.007481045447667034,0.992518954552333
297,2020-05-10,0.02277963217867207,0.9772203678213279
298,2020-05-10,0.009554304565421612,0.9904456954345784
300,2020-05-10,0.0046470147649322335,0.9953529852350678
301,2020-05-10,0.007313955964087904,0.9926860440359121
302,2020-05-10,0.017029016166276056,0.9829709838337239
303,2020-05-10,0.02495678475830354,0.9750432152416965
304,2020-05-10,0.004757183716643132,0.9952428162833569
305,2020-05-10,0.008734697705074623,0.9912653022949254
306,2020-05-10,0.004649252222279077,0.9953507477777209
307,2020-05-10,0.02370470330700014,0.9762952966929999
308,2020-05-10,0.01552822433913581,0.9844717756608642
309,2020-05-10,0.025208455908915295,0.9747915440910847
310,2020-05-10,0.002763027436993526,0.9972369725630065
311,2020-05-10,0.041662240070067025,0.958337759929933
312,2020-05-10,0.04933470032952658,0.9506652996704734
313,2020-05-10,0.019722863750162967,0.980277136249837
315,2020-05-10,0.015852671085291203,0.9841473289147088
317,2020-05-10,0.007803954413340364,0.9921960455866596
319,2020-05-10,0.04571483713292768,0.9542851628670723
320,2020-05-10,0.005647439602230908,0.9943525603977691
321,2020-05-10,0.010702650057440977,0.989297349942559
322,2020-05-10,0.013799071784040162,0.9862009282159598
323,2020-05-10,0.011043722782962506,0.9889562772170375
324,2020-05-10,0.014498344957483922,0.9855016550425161
325,2020-05-10,0.02104689592198472,0.9789531040780153
326,2020-05-10,0.012385128666709377,0.9876148713332906
327,2020-05-10,0.014222077629677865,0.9857779223703221
328,2020-05-10,0.005401192190219728,0.9945988078097803
329,2020-05-10,0.02598331111106833,0.9740166888889317
330,2020-05-10,0.027449410735802315,0.9725505892641977
331,2020-05-10,0.01484682271882809,0.9851531772811719
333,2020-05-10,0.009422294793362429,0.9905777052066376
334,2020-05-10,0.05259131105378012,0.9474086889462199
335,2020-05-10,0.012409470746250095,0.9875905292537499
337,2020-05-10,0.02953269848338369,0.9704673015166163
338,2020-05-10,0.03054041897654991,0.9694595810234501
340,2020-05-10,0.0064445937852192214,0.9935554062147808
341,2020-05-10,0.028792318353817792,0.9712076816461822
342,2020-05-10,0.014529839089894914,0.9854701609101051
343,2020-05-10,0.007490426407044004,0.992509573592956
344,2020-05-10,0.007396049840819319,0.9926039501591807
345,2020-05-10,0.00469637654666577,0.9953036234533342
346,2020-05-10,0.006783328834952584,0.9932166711650474
347,2020-05-10,0.033287906304439785,0.9667120936955602
348,2020-05-10,0.008687532983602253,0.9913124670163977
349,2020-05-10,0.06194974741667936,0.9380502525833206
350,2020-05-10,0.003514616285510308,0.9964853837144897
351,2020-05-10,0.02559219599573881,0.9744078040042612
352,2020-05-10,0.07379753959663549,0.9262024604033645
354,2020-05-10,0.01576847749122512,0.9842315225087749
355,2020-05-10,0.007704903499623494,0.9922950965003765
356,2020-05-10,0.0013217027235339351,0.9986782972764661
357,2020-05-10,0.01876799869077217,0.9812320013092278
358,2020-05-10,0.011562087804980914,0.9884379121950191
359,2020-05-10,0.028764999619351084,0.9712350003806489
360,2020-05-10,0.031614852809120686,0.9683851471908793
361,2020-05-10,0.014286746340903433,0.9857132536590966
362,2020-05-10,0.01789302306420648,0.9821069769357935
363,2020-05-10,0.01147401678770854,0.9885259832122915
365,2020-05-10,0.013250933235134155,0.9867490667648658
366,2020-05-10,0.037661698817303524,0.9623383011826965
367,2020-05-10,0.007705058885356997,0.992294941114643
368,2020-05-10,0.007884092357973604,0.9921159076420264
369,2020-05-10,0.01380285955049787,0.9861971404495021
370,2020-05-10,0.037767478814865085,0.9622325211851349
371,2020-05-10,0.0063952116639806045,0.9936047883360194
372,2020-05-10,0.014264924342781371,0.9857350756572186
373,2020-05-10,0.0066561034374876815,0.9933438965625123
374,2020-05-10,0.003942460723015739,0.9960575392769843
375,2020-05-10,0.002279474564507389,0.9977205254354926
376,2020-05-10,0.0012359953333265228,0.9987640046666735
377,2020-05-10,0.046640232293238104,0.9533597677067619
378,2020-05-10,0.017728695661236804,0.9822713043387632
379,2020-05-10,0.011547265804638274,0.9884527341953617
380,2020-05-10,0.016921027598851057,0.9830789724011489
381,2020-05-10,0.03202056592869307,0.9679794340713069
382,2020-05-10,0.005623874441475385,0.9943761255585246
383,2020-05-10,0.009402467858144359,0.9905975321418556
385,2020-05-10,0.028771527600808033,0.971228472399192
386,2020-05-10,0.02246126855155839,0.9775387314484416
387,2020-05-10,0.02154155095698207,0.9784584490430179
389,2020-05-10,0.007362237024573948,0.992637762975426
390,2020-05-10,0.007427565255580193,0.9925724347444198
394,2020-05-10,0.03392406767361844,0.9660759323263816
395,2020-05-10,0.01028656771974834,0.9897134322802517
396,2020-05-10,0.009749116449013995,0.990250883550986
397,2020-05-10,0.009336343159765281,0.9906636568402347
398,2020-05-10,0.007200764583718988,0.992799235416281
399,2020-05-10,0.015674452984679732,0.9843255470153203
400,2020-05-10,0.0422115308633757,0.9577884691366243
401,2020-05-10,0.012089758181130672,0.9879102418188693
402,2020-05-10,0.011484955746534298,0.9885150442534657
403,2020-05-10,0.018732911516797346,0.9812670884832027
404,2020-05-10,0.008348558965919017,0.991651441034081
405,2020-05-10,0.030038145927582027,0.969961854072418
407,2020-05-10,0.016217231011011357,0.9837827689889886
408,2020-05-10,0.009536227372401451,0.9904637726275985
409,2020-05-10,0.0061354157203981075,0.9938645842796019
410,2020-05-10,0.005450939511702058,0.9945490604882979
411,2020-05-10,0.03061028661230447,0.9693897133876955
412,2020-05-10,0.03339044156433857,0.9666095584356614
413,2020-05-10,0.006345365319462282,0.9936546346805377
414,2020-05-10,0.02361662835111622,0.9763833716488838
415,2020-05-10,0.006554548141585181,0.9934454518584148
417,2020-05-10,0.029526444179777345,0.9704735558202227
418,2020-05-10,0.008230591140547028,0.991769408859453
419,2020-05-10,0.01788296366069253,0.9821170363393075
420,2020-05-10,0.010540744308999428,0.9894592556910006
421,2020-05-10,0.009597256374687668,0.9904027436253123
422,2020-05-10,0.013519582795095686,0.9864804172049043
423,2020-05-10,0.014653733790126355,0.9853462662098736
424,2020-05-10,0.024330620387659874,0.9756693796123401
425,2020-05-10,0.03768695768052954,0.9623130423194705
426,2020-05-10,0.0633327160122873,0.9366672839877127
427,2020-05-10,0.01142225795364249,0.9885777420463575
428,2020-05-10,0.014645569181916174,0.9853544308180838
430,2020-05-10,0.007815864301799036,0.992184135698201
432,2020-05-10,0.0615266626327845,0.9384733373672155
433,2020-05-10,0.015001241122076459,0.9849987588779235
434,2020-05-10,0.0037148148139398707,0.9962851851860601
435,2020-05-10,0.009656516222460887,0.9903434837775391
436,2020-05-10,0.03027469768147162,0.9697253023185284
437,2020-05-10,0.0362503338612955,0.9637496661387045
438,2020-05-10,0.024891522466066962,0.975108477533933
439,2020-05-10,0.00531882379592874,0.9946811762040713
440,2020-05-10,0.07433031753963637,0.9256696824603636
441,2020-05-10,0.01237884654904342,0.9876211534509566
442,2020-05-10,0.005573599371900495,0.9944264006280995
443,2020-05-10,0.01807982533917807,0.9819201746608219
445,2020-05-10,0.0008358572043520862,0.9991641427956479
446,2020-05-10,0.0033651676617154624,0.9966348323382845
447,2020-05-10,0.015642399721292333,0.9843576002787077
449,2020-05-10,0.03352936554883634,0.9664706344511637
450,2020-05-10,0.006762519385931753,0.9932374806140682
451,2020-05-10,0.015085984827366561,0.9849140151726334
452,2020-05-10,0.008641640173346121,0.9913583598266539
454,2020-05-10,0.05898526823002659,0.9410147317699734
455,2020-05-10,0.09659660545729987,0.9034033945427001
456,2020-05-10,0.0028359394020661677,0.9971640605979338
457,2020-05-10,0.011376859420959784,0.9886231405790402
458,2020-05-10,0.013608970250702734,0.9863910297492973
459,2020-05-10,0.0280469159646074,0.9719530840353926
460,2020-05-10,0.006619263903884232,0.9933807360961158
461,2020-05-10,0.01086114732775334,0.9891388526722467
462,2020-05-10,0.008249457924844772,0.9917505420751552
463,2020-05-10,0.017759134608100968,0.982240865391899
464,2020-05-10,0.03501875409827604,0.964981245901724
465,2020-05-10,0.019361107087421003,0.980638892912579
466,2020-05-10,0.03641693653475264,0.9635830634652474
467,2020-05-10,0.018429477435629726,0.9815705225643703
468,2020-05-10,0.01664480890909592,0.9833551910909041
469,2020-05-10,0.007982314159172943,0.9920176858408271
470,2020-05-10,0.008189589165634392,0.9918104108343656
471,2020-05-10,0.0123298172454267,0.9876701827545733
472,2020-05-10,0.028807044871395515,0.9711929551286045
473,2020-05-10,0.08807425397994728,0.9119257460200527
475,2020-05-10,0.034835483335430406,0.9651645166645696
476,2020-05-10,0.0028654586465582943,0.9971345413534417
477,2020-05-10,0.010422552894235326,0.9895774471057647
478,2020-05-10,0.017634808080569275,0.9823651919194307
479,2020-05-10,0.0012790452125842622,0.9987209547874157
480,2020-05-10,0.01951205067691897,0.980487949323081
481,2020-05-10,0.007704221553484714,0.9922957784465153
482,2020-05-10,0.007655084532903422,0.9923449154670966
483,2020-05-10,0.01460001144362244,0.9853999885563776
484,2020-05-10,0.017156919629801592,0.9828430803701984
485,2020-05-10,0.012301583088461077,0.9876984169115389
486,2020-05-10,0.04382615842903892,0.9561738415709611
487,2020-05-10,0.022747696672562268,0.9772523033274377
488,2020-05-10,0.0495173945522418,0.9504826054477582
489,2020-05-10,0.015512021214348914,0.9844879787856511
490,2020-05-10,0.007048981097651397,0.9929510189023486
491,2020-05-10,0.007490589428127414,0.9925094105718726
492,2020-05-10,0.005662723267312875,0.9943372767326871
493,2020-05-10,0.024529474179751487,0.9754705258202485
494,2020-05-10,0.02718802624734651,0.9728119737526535
495,2020-05-10,0.021389877390547207,0.9786101226094528
496,2020-05-10,0.02272171914137211,0.9772782808586279
497,2020-05-10,0.04031757340856801,0.959682426591432
498,2020-05-10,0.042743850040578235,0.9572561499594218
499,2020-05-10,0.014286940240653578,0.9857130597593464
500,2020-05-10,0.01233393747314171,0.9876660625268583
501,2020-05-10,0.016830188798407142,0.9831698112015929
502,2020-05-10,0.011059643084374238,0.9889403569156258
503,2020-05-10,0.03577393945885976,0.9642260605411402
504,2020-05-10,0.0020780081205912238,0.9979219918794088
505,2020-05-10,0.013479146927250163,0.9865208530727498
506,2020-05-10,0.06574878038514997,0.93425121961485
508,2020-05-10,0.006230199801704472,0.9937698001982955
509,2020-05-10,0.015326111449971536,0.9846738885500285
510,2020-05-10,0.025330415093663627,0.9746695849063364
511,2020-05-10,0.0037725344773167357,0.9962274655226833
512,2020-05-10,0.0037059873675370225,0.996294012632463
513,2020-05-10,0.004934949832835489,0.9950650501671645
514,2020-05-10,0.029434228080932545,0.9705657719190675
515,2020-05-10,0.02917046307802118,0.9708295369219788
516,2020-05-10,0.01043386243678801,0.989566137563212
517,2020-05-10,0.02105190260489509,0.9789480973951049
518,2020-05-10,0.022629658740563552,0.9773703412594364
519,2020-05-10,0.0076505004135198895,0.9923494995864801
520,2020-05-10,0.003863207160781368,0.9961367928392186
521,2020-05-10,0.039362797942625094,0.9606372020573749
522,2020-05-10,0.011227024411593067,0.9887729755884069
523,2020-05-10,0.018456466814284367,0.9815435331857156
524,2020-05-10,0.02024485880950433,0.9797551411904957
525,2020-05-10,0.025624639648154535,0.9743753603518455
526,2020-05-10,0.02080853338447397,0.979191466615526
527,2020-05-10,0.07087555953373692,0.9291244404662631
528,2020-05-10,0.03512010784370012,0.9648798921562999
529,2020-05-10,0.02149395411716226,0.9785060458828377
530,2020-05-10,0.24747407678339783,0.7525259232166022
531,2020-05-10,0.044978615879440964,0.955021384120559
533,2020-05-10,0.028600880505960324,0.9713991194940397
535,2020-05-10,0.008569741301197698,0.9914302586988023
537,2020-05-10,0.004348076864107875,0.9956519231358921
538,2020-05-10,0.002996148608171656,0.9970038513918283
539,2020-05-10,0.008987706900428494,0.9910122930995715
540,2020-05-10,0.0024757091136408116,0.9975242908863592
541,2020-05-10,0.026179644405099456,0.9738203555949005
542,2020-05-10,0.017137632395095692,0.9828623676049043
543,2020-05-10,0.005739309873598608,0.9942606901264014
544,2020-05-10,0.017377184378164046,0.982622815621836
545,2020-05-10,0.06182348339565713,0.9381765166043429
546,2020-05-10,0.02512367955161887,0.9748763204483811
547,2020-05-10,0.013418192088337944,0.9865818079116621
548,2020-05-10,0.046203804092895706,0.9537961959071043
549,2020-05-10,0.022819130106417784,0.9771808698935822
551,2020-05-10,0.05454139564485094,0.9454586043551491
552,2020-05-10,0.005074761732895117,0.9949252382671049
553,2020-05-10,0.02204228164457933,0.9779577183554207
555,2020-05-10,0.005281907206829861,0.9947180927931701
556,2020-05-10,0.01905877010213386,0.9809412298978661
557,2020-05-10,0.015183117655755418,0.9848168823442446
558,2020-05-10,0.004227952193430307,0.9957720478065697
559,2020-05-10,0.006233637475225762,0.9937663625247742
560,2020-05-10,0.019178464471394707,0.9808215355286053
561,2020-05-10,0.02690012364067107,0.9730998763593289
562,2020-05-10,0.023220749388159434,0.9767792506118406
564,2020-05-10,0.09166882421326272,0.9083311757867373
565,2020-05-10,0.03918443110458225,0.9608155688954177
568,2020-05-10,0.00468803286216346,0.9953119671378365
569,2020-05-10,0.01667175479802252,0.9833282452019775
570,2020-05-10,0.009683182215759811,0.9903168177842402
571,2020-05-10,0.028030015497315985,0.971969984502684
572,2020-05-10,0.004450199625892992,0.995549800374107
573,2020-05-10,0.03318813874451931,0.9668118612554807
574,2020-05-10,0.01117182901415914,0.9888281709858409
575,2020-05-10,0.005515537149179184,0.9944844628508208
578,2020-05-10,0.007972699890924417,0.9920273001090756
579,2020-05-10,0.009205055771726811,0.9907949442282732
580,2020-05-10,0.010042751337342337,0.9899572486626577
581,2020-05-10,0.009741256190744174,0.9902587438092558
582,2020-05-10,0.025723093822603738,0.9742769061773963
584,2020-05-10,0.016070764078018107,0.9839292359219819
585,2020-05-10,0.017127492451259108,0.9828725075487409
586,2020-05-10,0.006055220329762134,0.9939447796702379
587,2020-05-10,0.012737769303753144,0.9872622306962469
590,2020-05-10,0.030237833163815675,0.9697621668361843
591,2020-05-10,0.05976967979516801,0.940230320204832
592,2020-05-10,0.011062233842792812,0.9889377661572072
593,2020-05-10,0.0016345112446277676,0.9983654887553722
594,2020-05-10,0.011878788705392274,0.9881212112946077
595,2020-05-10,0.009772180256932939,0.9902278197430671
596,2020-05-10,0.009927066802070561,0.9900729331979294
597,2020-05-10,0.0228823361898155,0.9771176638101845
598,2020-05-10,0.010891842595566303,0.9891081574044337
599,2020-05-10,0.023656113305461024,0.976343886694539
600,2020-05-10,0.03037950188668448,0.9696204981133155
601,2020-05-10,0.012453125553146371,0.9875468744468536
602,2020-05-10,0.10238436442569832,0.8976156355743017
603,2020-05-10,0.0091202132626661,0.9908797867373339
605,2020-05-10,0.013826962863330294,0.9861730371366697
607,2020-05-10,0.025856123340078474,0.9741438766599215
608,2020-05-10,0.017545667389985642,0.9824543326100144
609,2020-05-10,0.0019098806234493226,0.9980901193765507
610,2020-05-10,0.005958882408666155,0.9940411175913338
611,2020-05-10,0.016211667589797307,0.9837883324102027
612,2020-05-10,0.0012810490237011862,0.9987189509762988
614,2020-05-10,0.044541825043701966,0.955458174956298
615,2020-05-10,0.0026644327545063407,0.9973355672454937
616,2020-05-10,0.008702105187157305,0.9912978948128427
617,2020-05-10,0.017786711017494072,0.9822132889825059
618,2020-05-10,0.06048093711908176,0.9395190628809182
619,2020-05-10,0.003855780588341351,0.9961442194116586
620,2020-05-10,0.012728334017809262,0.9872716659821907
621,2020-05-10,0.022294856585687084,0.9777051434143129
622,2020-05-10,0.02428437692653107,0.9757156230734689
623,2020-05-10,0.013778160044853993,0.986221839955146
624,2020-05-10,0.005497573440507386,0.9945024265594926
625,2020-05-10,0.002935772962553318,0.9970642270374467
627,2020-05-10,0.015044851811811255,0.9849551481881887
628,2020-05-10,0.04117365065195977,0.9588263493480402
629,2020-05-10,0.047454458572109615,0.9525455414278904
630,2020-05-10,0.017927907424436618,0.9820720925755634
633,2020-05-10,0.0170333771401584,0.9829666228598416
634,2020-05-10,0.010349417405567718,0.9896505825944323
636,2020-05-10,0.06182760801198617,0.9381723919880138
637,2020-05-10,0.043441658830503105,0.9565583411694969
638,2020-05-10,0.0785616210180009,0.9214383789819991
639,2020-05-10,0.0136197521637208,0.9863802478362792
640,2020-05-10,0.027844285054251405,0.9721557149457486
641,2020-05-10,0.005878029909594629,0.9941219700904054
642,2020-05-10,0.008238282256112228,0.9917617177438878
643,2020-05-10,0.014857958121237691,0.9851420418787623
644,2020-05-10,0.010528853742827526,0.9894711462571725
645,2020-05-10,0.02600283626023936,0.9739971637397606
646,2020-05-10,0.010748402353515485,0.9892515976464845
647,2020-05-10,0.022448360146648527,0.9775516398533515
648,2020-05-10,0.009580172508218743,0.9904198274917813
649,2020-05-10,0.016994360367996952,0.983005639632003
650,2020-05-10,0.0016182132234382474,0.9983817867765618
651,2020-05-10,0.013806799514210155,0.9861932004857898
652,2020-05-10,0.00784198135450842,0.9921580186454916
653,2020-05-10,0.011895089345126841,0.9881049106548732
654,2020-05-10,0.04197713591199159,0.9580228640880084
655,2020-05-10,0.019284646662493965,0.980715353337506
656,2020-05-10,0.007047755295570335,0.9929522447044297
658,2020-05-10,0.01463731403147317,0.9853626859685268
660,2020-05-10,0.012944351535649101,0.9870556484643509
661,2020-05-10,0.01919392026608957,0.9808060797339104
662,2020-05-10,0.005678551265855258,0.9943214487341447
663,2020-05-10,0.004780396082294525,0.9952196039177055
664,2020-05-10,0.006756735430988536,0.9932432645690115
665,2020-05-10,0.04972647990418666,0.9502735200958133
666,2020-05-10,0.02462409861114323,0.9753759013888568
667,2020-05-10,0.00905590629937858,0.9909440937006214
668,2020-05-10,0.008143871341441455,0.9918561286585585
669,2020-05-10,0.020538799460852686,0.9794612005391473
670,2020-05-10,0.0033063995760703735,0.9966936004239296
671,2020-05-10,0.008505518708554871,0.9914944812914451
673,2020-05-10,0.004442019397714381,0.9955579806022856
674,2020-05-10,0.004458389053451528,0.9955416109465485
675,2020-05-10,0.06842013373289846,0.9315798662671015
676,2020-05-10,0.007068361892128894,0.9929316381078711
677,2020-05-10,0.00813013883068503,0.991869861169315
678,2020-05-10,0.0022808784567543983,0.9977191215432456
679,2020-05-10,0.012731696238131418,0.9872683037618686
680,2020-05-10,0.022339665333167225,0.9776603346668328
681,2020-05-10,0.008519271103853643,0.9914807288961464
682,2020-05-10,0.0034433716053742236,0.9965566283946258
683,2020-05-10,0.03212350377653772,0.9678764962234623
684,2020-05-10,0.020431598173537457,0.9795684018264625
685,2020-05-10,0.010904302060512294,0.9890956979394877
687,2020-05-10,0.016963705770462023,0.983036294229538
688,2020-05-10,0.016267726372441893,0.9837322736275581
689,2020-05-10,0.029048500683108824,0.9709514993168912
690,2020-05-10,0.004466432021607236,0.9955335679783928
691,2020-05-10,0.004958533029504109,0.9950414669704959
692,2020-05-10,0.005992075177990386,0.9940079248220096
693,2020-05-10,0.006838635621043809,0.9931613643789562
694,2020-05-10,0.014470028196396312,0.9855299718036037
695,2020-05-10,0.007973878920452537,0.9920261210795475
696,2020-05-10,0.023141491184603402,0.9768585088153966
697,2020-05-10,0.012594536177447435,0.9874054638225526
698,2020-05-10,0.007533589423380893,0.9924664105766191
699,2020-05-10,0.042080260268393954,0.957919739731606
700,2020-05-10,0.04775024891161739,0.9522497510883826
701,2020-05-10,0.020321593153204476,0.9796784068467955
703,2020-05-10,0.0056176323003040984,0.9943823676996959
704,2020-05-10,0.0014140746199075016,0.9985859253800925
705,2020-05-10,0.03521721946601486,0.9647827805339851
706,2020-05-10,0.06250105759296509,0.9374989424070349
707,2020-05-10,0.005316708291182137,0.9946832917088179
708,2020-05-10,0.014262973017720726,0.9857370269822793
709,2020-05-10,0.02918006185663402,0.970819938143366
710,2020-05-10,0.06757301857752962,0.9324269814224704
711,2020-05-10,0.002987656853010834,0.9970123431469892
712,2020-05-10,0.0033257966629083313,0.9966742033370917
713,2020-05-10,0.039659309126034326,0.9603406908739657
714,2020-05-10,0.01442681701895776,0.9855731829810422
715,2020-05-10,0.003219605506434964,0.996780394493565
716,2020-05-10,0.006981260611036988,0.993018739388963
717,2020-05-10,0.02286021650154957,0.9771397834984504
718,2020-05-10,0.055212665231973435,0.9447873347680266
719,2020-05-10,0.003619890645571444,0.9963801093544286
720,2020-05-10,0.0072123626366813465,0.9927876373633187
721,2020-05-10,0.01919553944630692,0.9808044605536931
722,2020-05-10,0.005787944763223862,0.9942120552367761
723,2020-05-10,0.03221125742221931,0.9677887425777807
724,2020-05-10,0.08398791808039252,0.9160120819196075
725,2020-05-10,0.07223580288927534,0.9277641971107247
726,2020-05-10,0.020678187051515473,0.9793218129484845
727,2020-05-10,0.008508050722386251,0.9914919492776137
728,2020-05-10,0.0025196443031788585,0.9974803556968211
729,2020-05-10,0.00936196335916184,0.9906380366408382
730,2020-05-10,0.0033900640010411376,0.9966099359989589
731,2020-05-10,0.008739212692162712,0.9912607873078373
732,2020-05-10,0.01446089488063107,0.9855391051193689
733,2020-05-10,0.039564203583248414,0.9604357964167516
734,2020-05-10,0.02098007530442203,0.979019924695578
735,2020-05-10,0.029420495849695194,0.9705795041503048
736,2020-05-10,0.007692675151916406,0.9923073248480836
737,2020-05-10,0.006960595645577494,0.9930394043544225
738,2020-05-10,0.026875467417317722,0.9731245325826823
739,2020-05-10,0.06317939128537198,0.936820608714628
740,2020-05-10,0.006356521255309389,0.9936434787446906
741,2020-05-10,0.053022827217081514,0.9469771727829185
742,2020-05-10,0.029297777000788172,0.9707022229992118
744,2020-05-10,0.0029984188819475177,0.9970015811180525
745,2020-05-10,0.01561492842657386,0.9843850715734261
746,2020-05-10,0.019476976294990678,0.9805230237050093
747,2020-05-10,0.02158998121739153,0.9784100187826085
748,2020-05-10,0.010246814984955166,0.9897531850150448
749,2020-05-10,0.002913761300029183,0.9970862386999708
750,2020-05-10,0.02485875012529626,0.9751412498747037
751,2020-05-10,0.019816946786764267,0.9801830532132357
752,2020-05-10,0.08414609475508106,0.9158539052449189
753,2020-05-10,0.012613435537870754,0.9873865644621292
754,2020-05-10,0.003605197186731579,0.9963948028132684
755,2020-05-10,0.003583487758595738,0.9964165122414043
756,2020-05-10,0.040888884873677145,0.9591111151263229
757,2020-05-10,0.008714175484465958,0.991285824515534
760,2020-05-10,0.0037622264361446556,0.9962377735638553
761,2020-05-10,0.02636478710902579,0.9736352128909742
762,2020-05-10,0.02074879812089181,0.9792512018791082
763,2020-05-10,0.06412525604686681,0.9358747439531332
764,2020-05-10,0.013771434639062718,0.9862285653609373
765,2020-05-10,0.008225275923831266,0.9917747240761687
766,2020-05-10,0.008265303743729913,0.9917346962562701
767,2020-05-10,0.03550588222910256,0.9644941177708974
768,2020-05-10,0.14074307161829636,0.8592569283817036
769,2020-05-10,0.002699057825819029,0.997300942174181
770,2020-05-10,0.024932044944676157,0.9750679550553238
771,2020-05-10,0.012930801023393501,0.9870691989766065
772,2020-05-10,0.023295504047569415,0.9767044959524306
773,2020-05-10,0.009907338757507822,0.9900926612424922
774,2020-05-10,0.006624092205528287,0.9933759077944717
775,2020-05-10,0.004713655412409867,0.9952863445875901
777,2020-05-10,0.014970074783478449,0.9850299252165216
778,2020-05-10,0.033866483785728096,0.9661335162142719
779,2020-05-10,0.003821757826685923,0.9961782421733141
780,2020-05-10,0.007188931663268172,0.9928110683367318
781,2020-05-10,0.010591288738079019,0.989408711261921
782,2020-05-10,0.05141459009788041,0.9485854099021196
783,2020-05-10,0.010935951367393892,0.9890640486326061
784,2020-05-10,0.01015936314703414,0.9898406368529659
785,2020-05-10,0.012083147942729244,0.9879168520572708
786,2020-05-10,0.008303687719434016,0.991696312280566
787,2020-05-10,0.043592837710984544,0.9564071622890155
788,2020-05-10,0.0035745145834876757,0.9964254854165123
789,2020-05-10,0.012491043051389372,0.9875089569486106
790,2020-05-10,0.007917834357955678,0.9920821656420443
793,2020-05-10,0.03364265050816273,0.9663573494918373
794,2020-05-10,0.011003047206415095,0.9889969527935849
795,2020-05-10,0.009343094817547692,0.9906569051824523
796,2020-05-10,0.0165174113380937,0.9834825886619063
797,2020-05-10,0.05146226392707487,0.9485377360729251
798,2020-05-10,0.018206903066713465,0.9817930969332865
799,2020-05-10,0.007315820162494657,0.9926841798375053
800,2020-05-10,0.016461624642573613,0.9835383753574264
801,2020-05-10,0.058591965575561566,0.9414080344244384
802,2020-05-10,0.006187685882707128,0.9938123141172929
803,2020-05-10,0.01337496587446707,0.9866250341255329
804,2020-05-10,0.01472563928133419,0.9852743607186658
805,2020-05-10,0.012370885688747668,0.9876291143112523
806,2020-05-10,0.060810795084725755,0.9391892049152742
807,2020-05-10,0.0073462026551666115,0.9926537973448334
808,2020-05-10,0.014003489277343073,0.9859965107226569
809,2020-05-10,0.013819332795602324,0.9861806672043977
810,2020-05-10,0.03768624348521443,0.9623137565147856
811,2020-05-10,0.0031085972429164554,0.9968914027570835
812,2020-05-10,0.01888952585161685,0.9811104741483831
814,2020-05-10,0.003074989403444306,0.9969250105965557
816,2020-05-10,0.013665751977178564,0.9863342480228214
817,2020-05-10,0.009863232526624466,0.9901367674733755
818,2020-05-10,0.005130419643435413,0.9948695803565646
819,2020-05-10,0.031354860377655336,0.9686451396223447
820,2020-05-10,0.02126967698265647,0.9787303230173435
822,2020-05-10,0.016241476958728907,0.9837585230412711
823,2020-05-10,0.04537837900214614,0.9546216209978539
824,2020-05-10,0.09520435867440435,0.9047956413255956
825,2020-05-10,0.026603214220578875,0.9733967857794211
826,2020-05-10,0.009614482669213054,0.990385517330787
827,2020-05-10,0.005484701976513406,0.9945152980234866
828,2020-05-10,0.003917363099062765,0.9960826369009372
829,2020-05-10,0.01833730205821693,0.9816626979417831
830,2020-05-10,0.005412997929035379,0.9945870020709646
831,2020-05-10,0.0018890394181716452,0.9981109605818284
832,2020-05-10,0.0038994579237423554,0.9961005420762576
833,2020-05-10,0.012239544823865356,0.9877604551761346
834,2020-05-10,0.022670171280889106,0.9773298287191109
835,2020-05-10,0.006305040584978716,0.9936949594150213
836,2020-05-10,0.03556197325431387,0.9644380267456861
837,2020-05-10,0.0065322647632721775,0.9934677352367278
838,2020-05-10,0.0335552942755547,0.9664447057244453
839,2020-05-10,0.0034980379104655457,0.9965019620895345
840,2020-05-10,0.021997232728793503,0.9780027672712065
841,2020-05-10,0.008214803820553618,0.9917851961794464
842,2020-05-10,0.012019249272756771,0.9879807507272432
843,2020-05-10,0.038058707443811346,0.9619412925561887
844,2020-05-10,0.009248134079920423,0.9907518659200796
845,2020-05-10,0.036993774941921354,0.9630062250580786
846,2020-05-10,0.0038456296965406755,0.9961543703034593
847,2020-05-10,0.03893369077789177,0.9610663092221082
848,2020-05-10,0.018411585771303307,0.9815884142286967
849,2020-05-10,0.021028439967733403,0.9789715600322666
851,2020-05-10,0.005858555878316962,0.994141444121683
852,2020-05-10,0.018381437513355303,0.9816185624866447
853,2020-05-10,0.0029743559028219124,0.9970256440971781
854,2020-05-10,0.007613119963181925,0.9923868800368181
855,2020-05-10,0.008920459416958737,0.9910795405830413
856,2020-05-10,0.012780521732233208,0.9872194782677668
857,2020-05-10,0.0005723619412453251,0.9994276380587547
858,2020-05-10,0.022122954922797033,0.977877045077203
859,2020-05-10,0.04139057819483938,0.9586094218051606
860,2020-05-10,0.018734060672618735,0.9812659393273813
861,2020-05-10,0.016769861732995106,0.9832301382670049
862,2020-05-10,0.04053574875751631,0.9594642512424837
863,2020-05-10,0.012564185918976012,0.987435814081024
864,2020-05-10,0.009017661698616397,0.9909823383013836
866,2020-05-10,0.028989292687856216,0.9710107073121438
867,2020-05-10,0.011675208739441945,0.988324791260558
868,2020-05-10,0.020154964844062984,0.979845035155937
869,2020-05-10,0.016516813876364833,0.9834831861236352
870,2020-05-10,0.06649460178828381,0.9335053982117162
871,2020-05-10,0.00579678379923676,0.9942032162007632
872,2020-05-10,0.016704354963318013,0.983295645036682
873,2020-05-10,0.00790816650069781,0.9920918334993022
874,2020-05-10,0.012120291804538108,0.9878797081954619
875,2020-05-10,0.008785996624705472,0.9912140033752945
876,2020-05-10,0.024644616960152854,0.9753553830398471
877,2020-05-10,0.018488475284221373,0.9815115247157786
878,2020-05-10,0.025232848208811998,0.974767151791188
879,2020-05-10,0.006400773356622813,0.9935992266433772
880,2020-05-10,0.004949960555723831,0.9950500394442762
881,2020-05-10,0.010944407000639811,0.9890555929993602
882,2020-05-10,0.00921473886539248,0.9907852611346075
883,2020-05-10,0.024000061005126305,0.9759999389948737
884,2020-05-10,0.04297658229886103,0.957023417701139
885,2020-05-10,0.010063429851005168,0.9899365701489948
886,2020-05-10,0.015029329339062092,0.9849706706609379
887,2020-05-10,0.010465571953089503,0.9895344280469105
888,2020-05-10,0.03930735896760296,0.960692641032397
889,2020-05-10,0.027201605235627535,0.9727983947643725
890,2020-05-10,0.010891652329029666,0.9891083476709703
891,2020-05-10,0.004879010379255422,0.9951209896207446
892,2020-05-10,0.017112723474405178,0.9828872765255948
893,2020-05-10,0.018074968650805268,0.9819250313491947
894,2020-05-10,0.008956526213564353,0.9910434737864356
895,2020-05-10,0.01135962612169461,0.9886403738783054
896,2020-05-10,0.004539843656111042,0.995460156343889
898,2020-05-10,0.025098373282284148,0.9749016267177159
899,2020-05-10,0.02329994190221174,0.9767000580977883
900,2020-05-10,0.011430937309521272,0.9885690626904787
901,2020-05-10,0.024471099583485145,0.9755289004165149
902,2020-05-10,0.0059778192636049665,0.994022180736395
904,2020-05-10,0.013151627901721419,0.9868483720982786
905,2020-05-10,0.006668761221457653,0.9933312387785423
906,2020-05-10,0.07386581200965103,0.926134187990349
907,2020-05-10,0.03806894275903727,0.9619310572409627
908,2020-05-10,0.012034266015379158,0.9879657339846208
909,2020-05-10,0.006301727197824847,0.9936982728021752
910,2020-05-10,0.001184959985609857,0.9988150400143901
911,2020-05-10,0.010133208752023282,0.9898667912479767
912,2020-05-10,0.00829078079858303,0.991709219201417
913,2020-05-10,0.040157190118946806,0.9598428098810532
914,2020-05-10,0.019019290957933865,0.9809807090420661
915,2020-05-10,0.00496118339828433,0.9950388166017157
916,2020-05-10,0.012738451762484782,0.9872615482375152
917,2020-05-10,0.0019297414074113117,0.9980702585925887
918,2020-05-10,0.004547668457135279,0.9954523315428647
920,2020-05-10,0.028108689195658565,0.9718913108043414
921,2020-05-10,0.02511939739780822,0.9748806026021918
922,2020-05-10,0.009950953854346078,0.9900490461456539
923,2020-05-10,0.06919432126795955,0.9308056787320405
924,2020-05-10,0.010213696822622187,0.9897863031773778
925,2020-05-10,0.03424228392425277,0.9657577160757472
926,2020-05-10,0.01046548901990263,0.9895345109800974
928,2020-05-10,0.005593002752772636,0.9944069972472274
929,2020-05-10,0.041319600861642214,0.9586803991383578
930,2020-05-10,0.012050866713491093,0.9879491332865089
931,2020-05-10,0.03045313838048913,0.9695468616195109
932,2020-05-10,0.02808251667589179,0.9719174833241082
933,2020-05-10,0.001286546111654685,0.9987134538883453
935,2020-05-10,0.009584351231453514,0.9904156487685465
936,2020-05-10,0.009360166684650228,0.9906398333153498
937,2020-05-10,0.0052851960529290976,0.9947148039470709
938,2020-05-10,0.0021980610046755666,0.9978019389953244
939,2020-05-10,0.012370755512295273,0.9876292444877047
940,2020-05-10,0.044509630630209185,0.9554903693697908
941,2020-05-10,0.02845049464869487,0.9715495053513051
942,2020-05-10,0.007427075361597257,0.9925729246384027
943,2020-05-10,0.0034816683513220203,0.996518331648678
944,2020-05-10,0.022426903429033418,0.9775730965709666
945,2020-05-10,0.011856295916245485,0.9881437040837545
946,2020-05-10,0.0069517759305337545,0.9930482240694662
947,2020-05-10,0.014275717920158693,0.9857242820798413
948,2020-05-10,0.01317555378149815,0.9868244462185018
949,2020-05-10,0.01038844796257643,0.9896115520374236
950,2020-05-10,0.009260117171551396,0.9907398828284486
951,2020-05-10,0.007107109335556805,0.9928928906644432
952,2020-05-10,0.004789001267134774,0.9952109987328652
953,2020-05-10,0.019940378892820743,0.9800596211071793
955,2020-05-10,0.005208977425599004,0.994791022574401
956,2020-05-10,0.028475495965983755,0.9715245040340162
957,2020-05-10,0.022206281834893926,0.9777937181651061
958,2020-05-10,0.0011878540384228087,0.9988121459615772
959,2020-05-10,0.04142908861960626,0.9585709113803937
961,2020-05-10,0.008187013058424841,0.9918129869415752
962,2020-05-10,0.0021046297291430482,0.997895370270857
963,2020-05-10,0.03244639677998973,0.9675536032200103
964,2020-05-10,0.002024303826232976,0.997975696173767
965,2020-05-10,0.013165554474058205,0.9868344455259418
966,2020-05-10,0.019747641677479333,0.9802523583225207
967,2020-05-10,0.0253516619503944,0.9746483380496056
968,2020-05-10,0.008262561401967905,0.9917374385980321
969,2020-05-10,0.009837936565024852,0.9901620634349751
970,2020-05-10,0.0047151543234786875,0.9952848456765213
971,2020-05-10,0.01913965649740834,0.9808603435025917
972,2020-05-10,0.0024199266005020537,0.997580073399498
973,2020-05-10,0.03856002688180471,0.9614399731181953
975,2020-05-10,0.0026491217666897438,0.9973508782333103
976,2020-05-10,0.011078130200045222,0.9889218697999548
977,2020-05-10,0.008713512015410152,0.9912864879845898
978,2020-05-10,0.0044365935820464,0.9955634064179536
979,2020-05-10,0.024073206210917797,0.9759267937890822
980,2020-05-10,0.04159527479947844,0.9584047252005216
981,2020-05-10,0.018287955761716046,0.981712044238284
982,2020-05-10,0.009145999233053592,0.9908540007669464
983,2020-05-10,0.016974988706638605,0.9830250112933614
984,2020-05-10,0.003192075294648933,0.9968079247053511
986,2020-05-10,0.010441472301298216,0.9895585276987018
987,2020-05-10,0.03655628984112591,0.9634437101588741
988,2020-05-10,0.02576285916786969,0.9742371408321303
989,2020-05-10,0.01348520277192633,0.9865147972280737
990,2020-05-10,0.005773509957995193,0.9942264900420048
991,2020-05-10,0.00390430978610401,0.996095690213896
992,2020-05-10,0.0017869802139944824,0.9982130197860055
993,2020-05-10,0.003378732676190932,0.9966212673238091
994,2020-05-10,0.012855263707457487,0.9871447362925425
995,2020-05-10,0.015203697588165532,0.9847963024118345
996,2020-05-10,0.016385937536909867,0.9836140624630901
997,2020-05-10,0.02040254787095208,0.9795974521290479
1000,2020-05-10,0.010969954826863249,0.9890300451731368
1001,2020-05-10,0.017309293512818957,0.982690706487181
1002,2020-05-10,0.015024846595278363,0.9849751534047216
1003,2020-05-10,0.006971298241978285,0.9930287017580217
1004,2020-05-10,0.007473375600472232,0.9925266243995278
1005,2020-05-10,0.019752613466708424,0.9802473865332916
1006,2020-05-10,0.013013312044893977,0.986986687955106
1008,2020-05-10,0.033105238182004504,0.9668947618179955
1009,2020-05-10,0.02910098520308224,0.9708990147969178
1011,2020-05-10,0.046327822836538135,0.9536721771634619
1012,2020-05-10,0.0418255261498468,0.9581744738501532
1013,2020-05-10,0.016984582413120064,0.9830154175868799
1014,2020-05-10,0.008104437276153509,0.9918955627238465
1015,2020-05-10,0.08061114906562938,0.9193888509343706
1017,2020-05-10,0.0022488352739032935,0.9977511647260967
1018,2020-05-10,0.024344044612012894,0.9756559553879871
1019,2020-05-10,0.013001439218234934,0.9869985607817651
1020,2020-05-10,0.013712422347248676,0.9862875776527513
1021,2020-05-10,0.04589098460905061,0.9541090153909494
1022,2020-05-10,0.01726035962317496,0.982739640376825
1023,2020-05-10,0.009630819595121687,0.9903691804048783
1024,2020-05-10,0.00706667502550562,0.9929333249744944
1025,2020-05-10,0.0414349261438941,0.9585650738561059
1026,2020-05-10,0.026450150721908372,0.9735498492780916
1027,2020-05-10,0.004831660782798952,0.995168339217201
1028,2020-05-10,0.010502910982553515,0.9894970890174465
1029,2020-05-10,0.015278589580542512,0.9847214104194575
1030,2020-05-10,0.03034562474426028,0.9696543752557397
1032,2020-05-10,0.018556712200989534,0.9814432877990105
1034,2020-05-10,0.00607649856750303,0.993923501432497
1035,2020-05-10,0.06298952859272255,0.9370104714072774
1036,2020-05-10,0.013757229607771149,0.9862427703922289
1037,2020-05-10,0.014293009864867368,0.9857069901351326
1038,2020-05-10,0.024620147839563566,0.9753798521604364
1039,2020-05-10,0.04713055333355198,0.952869446666448
1042,2020-05-10,0.07752238080015117,0.9224776191998488
1043,2020-05-10,0.016048940320354643,0.9839510596796454
1044,2020-05-10,0.013368673346214166,0.9866313266537858
1045,2020-05-10,0.008822286150901859,0.9911777138490981
1046,2020-05-10,0.004568923853879081,0.9954310761461209
1047,2020-05-10,0.013362614120886573,0.9866373858791134
1048,2020-05-10,0.00600328073046541,0.9939967192695346
1049,2020-05-10,0.004194735527227489,0.9958052644727725
1050,2020-05-10,0.0030555491559095538,0.9969444508440904
1051,2020-05-10,0.12412525147801279,0.8758747485219872
1052,2020-05-10,0.017839504864701983,0.982160495135298
1053,2020-05-10,0.025689380234914627,0.9743106197650854
1054,2020-05-10,0.046558319255756264,0.9534416807442437
1056,2020-05-10,0.004039252391143222,0.9959607476088568
1057,2020-05-10,0.02278687193744755,0.9772131280625524
1058,2020-05-10,0.014330446985672984,0.985669553014327
1059,2020-05-10,0.024812903089445948,0.975187096910554
1060,2020-05-10,0.010942681145328037,0.989057318854672
1061,2020-05-10,0.006940274918632694,0.9930597250813673
1062,2020-05-10,0.005868856803444622,0.9941311431965554
1063,2020-05-10,0.002092212568509222,0.9979077874314908
1064,2020-05-10,0.010623506053469178,0.9893764939465308
1065,2020-05-10,0.014552731109055639,0.9854472688909444
1066,2020-05-10,0.01479432795944391,0.9852056720405561
1067,2020-05-10,0.013566021155496433,0.9864339788445036
1068,2020-05-10,0.01168924392928361,0.9883107560707164
1069,2020-05-10,0.05617707804614147,0.9438229219538585
1070,2020-05-10,0.01965279750203852,0.9803472024979615
1071,2020-05-10,0.019823704994437197,0.9801762950055628
1072,2020-05-10,0.011745989968335202,0.9882540100316648
1073,2020-05-10,0.05242768891104099,0.947572311088959
1074,2020-05-10,0.04380902625751182,0.9561909737424882
1075,2020-05-10,0.01263619188100329,0.9873638081189967
1076,2020-05-10,0.04626613848391736,0.9537338615160826
1077,2020-05-10,0.003778380085506905,0.9962216199144931
1078,2020-05-10,0.01260192235996993,0.9873980776400301
1079,2020-05-10,0.02487388040299865,0.9751261195970014
1081,2020-05-10,0.011448146902785616,0.9885518530972144
1082,2020-05-10,0.0067459413796464585,0.9932540586203535
1083,2020-05-10,0.014941990807339267,0.9850580091926607
1085,2020-05-10,0.005306502394724633,0.9946934976052754
1086,2020-05-10,0.020270061528695038,0.979729938471305
1087,2020-05-10,0.012528348144964951,0.987471651855035
1088,2020-05-10,0.041790702571418814,0.9582092974285812
1089,2020-05-10,0.003415977973706519,0.9965840220262935
1090,2020-05-10,0.09514254493591956,0.9048574550640804
1091,2020-05-10,0.0043623951341557055,0.9956376048658443
1094,2020-05-10,0.006444310119887775,0.9935556898801122
1095,2020-05-10,0.01107197841763774,0.9889280215823623
1096,2020-05-10,0.005090186577473066,0.9949098134225269
1097,2020-05-10,0.011492391502328392,0.9885076084976716
1098,2020-05-10,0.02665215868380455,0.9733478413161955
1099,2020-05-10,0.01251804644670007,0.9874819535532999
1100,2020-05-10,0.003911027163154945,0.996088972836845
1101,2020-05-10,0.02443988597970137,0.9755601140202986
1102,2020-05-10,0.007012145765285305,0.9929878542347147
1103,2020-05-10,0.019035424391966926,0.9809645756080331
1104,2020-05-10,0.013525157395699039,0.986474842604301
1105,2020-05-10,0.00796778869152348,0.9920322113084765
1106,2020-05-10,0.01525799199573985,0.9847420080042601
1107,2020-05-10,0.005417840014450226,0.9945821599855498
1108,2020-05-10,0.014127543294074174,0.9858724567059258
1109,2020-05-10,0.03539346756345141,0.9646065324365486
1110,2020-05-10,0.016610612939193192,0.9833893870608068
1111,2020-05-10,0.01019242635649198,0.989807573643508
1112,2020-05-10,0.012655534812747504,0.9873444651872525
1113,2020-05-10,0.010073304132429683,0.9899266958675703
1114,2020-05-10,0.02066831478220965,0.9793316852177903
1115,2020-05-10,0.026755711425760165,0.9732442885742398
1116,2020-05-10,0.005783467404427922,0.9942165325955721
1117,2020-05-10,0.005521573389481116,0.9944784266105189
1119,2020-05-10,0.06348182484137965,0.9365181751586203
1120,2020-05-10,0.024318372413105416,0.9756816275868946
1121,2020-05-10,0.027962394961431047,0.972037605038569
1122,2020-05-10,0.020475807196203566,0.9795241928037964
1123,2020-05-10,0.019749118622972683,0.9802508813770273
1124,2020-05-10,0.00738394595611358,0.9926160540438864
1125,2020-05-10,0.0427394439783767,0.9572605560216233
1126,2020-05-10,0.0026413680385126703,0.9973586319614873
1127,2020-05-10,0.010250147851312508,0.9897498521486875
1128,2020-05-10,0.02147530094513983,0.9785246990548602
1129,2020-05-10,0.017712895553778196,0.9822871044462218
1130,2020-05-10,0.008481875650150128,0.9915181243498499
1131,2020-05-10,0.007510382249037217,0.9924896177509628
1132,2020-05-10,0.03749414520653993,0.9625058547934601
1133,2020-05-10,0.0068168854314097915,0.9931831145685902
1134,2020-05-10,0.020370564611840503,0.9796294353881595
1135,2020-05-10,0.0027189416141211176,0.9972810583858789
1136,2020-05-10,0.009291934931233259,0.9907080650687667
1137,2020-05-10,0.03406208962971702,0.965937910370283
1138,2020-05-10,0.02965217302946832,0.9703478269705317
1139,2020-05-10,0.009439418222785045,0.990560581777215
1140,2020-05-10,0.021232456377773157,0.9787675436222268
1141,2020-05-10,0.002708143263446705,0.9972918567365533
1142,2020-05-10,0.05009182621334629,0.9499081737866537
1144,2020-05-10,0.004533821440689589,0.9954661785593104
1145,2020-05-10,0.0685507261857844,0.9314492738142156
1146,2020-05-10,0.02482476536406064,0.9751752346359394
1147,2020-05-10,0.008979226977247512,0.9910207730227525
1148,2020-05-10,0.006855940759310286,0.9931440592406897
1149,2020-05-10,0.004152719065131261,0.9958472809348687
1150,2020-05-10,0.03804207024863271,0.9619579297513673
1151,2020-05-10,0.00884563643550118,0.9911543635644988
1152,2020-05-10,0.021478992717833045,0.978521007282167
1153,2020-05-10,0.03959467205157419,0.9604053279484258
1154,2020-05-10,0.0037987280568312354,0.9962012719431688
1155,2020-05-10,0.007091951532439356,0.9929080484675606
1156,2020-05-10,0.023970511717344323,0.9760294882826557
1157,2020-05-10,0.056463449676440014,0.94353655032356
1158,2020-05-10,0.004478173255708429,0.9955218267442916
1159,2020-05-10,0.01516333564077621,0.9848366643592238
1160,2020-05-10,0.032165883643191506,0.9678341163568085
1161,2020-05-10,0.03796245705052881,0.9620375429494712
1162,2020-05-10,0.007410737364792919,0.9925892626352071
1163,2020-05-10,0.013152455395136209,0.9868475446048638
1164,2020-05-10,0.012894102365277549,0.9871058976347225
1165,2020-05-10,0.032099564913046996,0.967900435086953
1166,2020-05-10,0.01857275570187078,0.9814272442981292
1167,2020-05-10,0.011260890924061684,0.9887391090759383
1168,2020-05-10,0.0032740476887818115,0.9967259523112182
1169,2020-05-10,0.008728704327467862,0.9912712956725321
1170,2020-05-10,0.03484021450476216,0.9651597854952378
1171,2020-05-10,0.006312262341888197,0.9936877376581118
1172,2020-05-10,0.009500177855221947,0.990499822144778
1173,2020-05-10,0.037071312395540734,0.9629286876044593
1174,2020-05-10,0.019388142015565824,0.9806118579844342
1175,2020-05-10,0.0039029718954513015,0.9960970281045487
1177,2020-05-10,0.006292856455641038,0.993707143544359
1178,2020-05-10,0.020525833221071155,0.9794741667789288
1179,2020-05-10,0.008122886249306793,0.9918771137506932
1180,2020-05-10,0.009077245454751748,0.9909227545452483
1181,2020-05-10,0.02338232950558916,0.9766176704944108
1182,2020-05-10,0.053276161513634124,0.9467238384863659
1183,2020-05-10,0.02069238011237562,0.9793076198876244
1184,2020-05-10,0.0024410363013438463,0.9975589636986562
1185,2020-05-10,0.039555013351500024,0.9604449866485
1186,2020-05-10,0.02288654681711,0.97711345318289
1188,2020-05-10,0.030067485192180166,0.9699325148078198
1189,2020-05-10,0.05410408609399653,0.9458959139060035
1190,2020-05-10,0.03972778242734987,0.9602722175726501
1191,2020-05-10,0.012847114063168852,0.9871528859368311
1193,2020-05-10,0.012600104034166781,0.9873998959658332
1195,2020-05-10,0.02118775500161485,0.9788122449983852
1196,2020-05-10,0.004876329999057294,0.9951236700009427
1197,2020-05-10,0.013610090133948982,0.986389909866051
1198,2020-05-10,0.05613506110462241,0.9438649388953776
1199,2020-05-10,0.020212230128832664,0.9797877698711673
1200,2020-05-10,0.008758570043648883,0.9912414299563511
1201,2020-05-10,0.037257042659641026,0.962742957340359
1202,2020-05-10,0.009507957104960552,0.9904920428950394
1203,2020-05-10,0.009344385102115993,0.990655614897884
1204,2020-05-10,0.029051447849560263,0.9709485521504397
1205,2020-05-10,0.02648347722422517,0.9735165227757748
1206,2020-05-10,0.08098581111991254,0.9190141888800875
1207,2020-05-10,0.02046332495138803,0.979536675048612
1208,2020-05-10,0.022120673278463565,0.9778793267215364
1209,2020-05-10,0.011109838199775401,0.9888901618002246
1210,2020-05-10,0.0020822605768580082,0.997917739423142
1211,2020-05-10,0.013920792665115367,0.9860792073348846
1214,2020-05-10,0.015000647255304811,0.9849993527446952
1215,2020-05-10,0.0007362166382892665,0.9992637833617107
1216,2020-05-10,0.04086762874326155,0.9591323712567384
1217,2020-05-10,0.007304598183734967,0.992695401816265
1218,2020-05-10,0.005356941800162107,0.9946430581998379
1219,2020-05-10,0.02210560603655931,0.9778943939634407
1220,2020-05-10,0.021866989489842226,0.9781330105101578
1221,2020-05-10,0.002828354720479931,0.9971716452795201
1222,2020-05-10,0.018627752402367248,0.9813722475976328
1223,2020-05-10,0.051687352036183465,0.9483126479638165
1225,2020-05-10,0.016993545709910518,0.9830064542900895
1226,2020-05-10,0.016093783012502194,0.9839062169874978
1227,2020-05-10,0.0010932998235685387,0.9989067001764315
1228,2020-05-10,0.014177946628280091,0.9858220533717199
1229,2020-05-10,0.01797828094494658,0.9820217190550534
1230,2020-05-10,0.011852745135353171,0.9881472548646468
1231,2020-05-10,0.025428602677999734,0.9745713973220003
1232,2020-05-10,0.025997050268607103,0.9740029497313929
1234,2020-05-10,0.004334835129575998,0.995665164870424
1235,2020-05-10,0.007519668750484265,0.9924803312495157
1236,2020-05-10,0.009070129623156897,0.9909298703768431
1237,2020-05-10,0.036313780706975884,0.9636862192930241
1238,2020-05-10,0.052856294410229765,0.9471437055897702
1239,2020-05-10,0.017723934633997573,0.9822760653660024
1240,2020-05-10,0.01217333072836102,0.987826669271639
1241,2020-05-10,0.01260050208142438,0.9873994979185756
1242,2020-05-10,0.03271669743348138,0.9672833025665186
1243,2020-05-10,0.017064054631640624,0.9829359453683594
1244,2020-05-10,0.07942666005197174,0.9205733399480283
1245,2020-05-10,0.016173006409006097,0.9838269935909939
1246,2020-05-10,0.020059861612946372,0.9799401383870536
1247,2020-05-10,0.04135823923976045,0.9586417607602395
1248,2020-05-10,0.0073155341072626,0.9926844658927374
1249,2020-05-10,0.023368715729007783,0.9766312842709922
1250,2020-05-10,0.02512493296373608,0.9748750670362639
1251,2020-05-10,0.01602729405240766,0.9839727059475923
1252,2020-05-10,0.009595485247778646,0.9904045147522214
1253,2020-05-10,0.010230272953489883,0.9897697270465101
1254,2020-05-10,0.02169007983258442,0.9783099201674156
1255,2020-05-10,0.0102357957850705,0.9897642042149295
1256,2020-05-10,0.026924692724304866,0.9730753072756951
1257,2020-05-10,0.00871142043417894,0.9912885795658211
1258,2020-05-10,0.02606709477889213,0.9739329052211079
1259,2020-05-10,0.012722565156245591,0.9872774348437544
1260,2020-05-10,0.018032191023224287,0.9819678089767757
1261,2020-05-10,0.01872596107939528,0.9812740389206047
1262,2020-05-10,0.00837536792887239,0.9916246320711276
1263,2020-05-10,0.013519184142335994,0.986480815857664
1264,2020-05-10,0.016234453252130354,0.9837655467478696
1265,2020-05-10,0.028087898656098065,0.9719121013439019
1268,2020-05-10,0.024279787007666198,0.9757202129923338
1269,2020-05-10,0.022801881478287322,0.9771981185217127
1270,2020-05-10,0.013074277759953179,0.9869257222400468
1271,2020-05-10,0.023615204251031696,0.9763847957489683
1272,2020-05-10,0.024717064985752213,0.9752829350142478
1273,2020-05-10,0.03517470455805438,0.9648252954419456
1274,2020-05-10,0.0060052057782084,0.9939947942217916
1275,2020-05-10,0.013350586826130995,0.986649413173869
1276,2020-05-10,0.01695442529341451,0.9830455747065855
1278,2020-05-10,0.017107763135251308,0.9828922368647487
1279,2020-05-10,0.017058905190904694,0.9829410948090953
1281,2020-05-10,0.013698241907379782,0.9863017580926202
1283,2020-05-10,0.0007310364653339008,0.9992689635346661
1284,2020-05-10,0.006608360103036781,0.9933916398969632
1285,2020-05-10,0.014453057822264692,0.9855469421777353
1287,2020-05-10,0.008390060640704133,0.9916099393592959
1288,2020-05-10,0.0016990569545980438,0.998300943045402
1289,2020-05-10,0.007420581175259677,0.9925794188247403
1290,2020-05-10,0.026095256742188155,0.9739047432578118
1292,2020-05-10,0.00995413501000808,0.9900458649899919
1293,2020-05-10,0.014501132878682266,0.9854988671213177
1294,2020-05-10,0.0029066057386467614,0.9970933942613532
1295,2020-05-10,0.036372873013259865,0.9636271269867401
1296,2020-05-10,0.027186916961937313,0.9728130830380627
1297,2020-05-10,0.004578230446981135,0.9954217695530189
1298,2020-05-10,0.0195911328193068,0.9804088671806932
1299,2020-05-10,0.010263283351953811,0.9897367166480462
1300,2020-05-10,0.03303376204791564,0.9669662379520844
1301,2020-05-10,0.012941770914672746,0.9870582290853273
1302,2020-05-10,0.012018624342818307,0.9879813756571817
1303,2020-05-10,0.02640527926419811,0.9735947207358019
1304,2020-05-10,0.029671919319511186,0.9703280806804888
1305,2020-05-10,0.06744542268688247,0.9325545773131175
1306,2020-05-10,0.003953440114858986,0.996046559885141
1307,2020-05-10,0.019980794008291114,0.9800192059917089
1308,2020-05-10,0.010054144135986487,0.9899458558640135
1309,2020-05-10,0.0037526227752916475,0.9962473772247084
1312,2020-05-10,0.025398843242923075,0.9746011567570769
1313,2020-05-10,0.008140561546067682,0.9918594384539323
1314,2020-05-10,0.011416088981112238,0.9885839110188878
1315,2020-05-10,0.0315361035734788,0.9684638964265212
1316,2020-05-10,0.07306913322783326,0.9269308667721667
1317,2020-05-10,0.008527700301314,0.991472299698686
1318,2020-05-10,0.012656097308157754,0.9873439026918422
1319,2020-05-10,0.01872669470974153,0.9812733052902585
1320,2020-05-10,0.004969338641634291,0.9950306613583657
1321,2020-05-10,0.021363454128226933,0.9786365458717731
1322,2020-05-10,0.03575139544952188,0.9642486045504781
1323,2020-05-10,0.005728318703720814,0.9942716812962792
1326,2020-05-10,0.015063809161696251,0.9849361908383037
1327,2020-05-10,0.013170111125376138,0.9868298888746239
1328,2020-05-10,0.0400619720599823,0.9599380279400177
1329,2020-05-10,0.045837124605673574,0.9541628753943264
1330,2020-05-10,0.025229199330936924,0.9747708006690631
1331,2020-05-10,0.006446042895636328,0.9935539571043637
1333,2020-05-10,0.015582599200160474,0.9844174007998395
1334,2020-05-10,0.009195964658735178,0.9908040353412648
1335,2020-05-10,0.008101983603128748,0.9918980163968713
1336,2020-05-10,0.022199772487095926,0.9778002275129041
1337,2020-05-10,0.029810329178060146,0.9701896708219399
1338,2020-05-10,0.00497202744727121,0.9950279725527288
1339,2020-05-10,0.012639877834050295,0.9873601221659497
1340,2020-05-10,0.013662192894278613,0.9863378071057214
1341,2020-05-10,0.012051999602794461,0.9879480003972055
1342,2020-05-10,0.026724958407637667,0.9732750415923623
1343,2020-05-10,0.017066063398411546,0.9829339366015885
1344,2020-05-10,0.014457085911207312,0.9855429140887927
1345,2020-05-10,0.03482212380235472,0.9651778761976453
1346,2020-05-10,0.008519847064560326,0.9914801529354397
1347,2020-05-10,0.0529420720446927,0.9470579279553073
1348,2020-05-10,0.04371877176709271,0.9562812282329073
1351,2020-05-10,0.03634741773568628,0.9636525822643137
1352,2020-05-10,0.06223954381726027,0.9377604561827397
1353,2020-05-10,0.02063191627808525,0.9793680837219148
1354,2020-05-10,0.009231630003369795,0.9907683699966302
1355,2020-05-10,0.026558211569736034,0.973441788430264
1356,2020-05-10,0.02863809359053404,0.971361906409466
1357,2020-05-10,0.04487730473934193,0.9551226952606581
1358,2020-05-10,0.01561121129316112,0.9843887887068389
1359,2020-05-10,0.10933271588316429,0.8906672841168357
1360,2020-05-10,0.006499273988554988,0.993500726011445
1361,2020-05-10,0.002910804821787516,0.9970891951782125
1362,2020-05-10,0.016873793134729698,0.9831262068652703
1363,2020-05-10,0.008485637358526366,0.9915143626414736
1364,2020-05-10,0.00805310391447378,0.9919468960855262
1365,2020-05-10,0.01568828639731923,0.9843117136026808
1366,2020-05-10,0.00932626969639705,0.990673730303603
1367,2020-05-10,0.009745237542533314,0.9902547624574667
1368,2020-05-10,0.011465018624467804,0.9885349813755322
1369,2020-05-10,0.009412018324003624,0.9905879816759964
1370,2020-05-10,0.07631257541660308,0.9236874245833969
1371,2020-05-10,0.015542785456231334,0.9844572145437687
1372,2020-05-10,0.01785315458235326,0.9821468454176467
1373,2020-05-10,0.008181928494417345,0.9918180715055827
1374,2020-05-10,0.01632967950107822,0.9836703204989218
1375,2020-05-10,0.024821441464401017,0.975178558535599
1376,2020-05-10,0.03364490219049998,0.9663550978095
1377,2020-05-10,0.005226264867650654,0.9947737351323493
1378,2020-05-10,0.010365700737686723,0.9896342992623133
1379,2020-05-10,0.004033568885344341,0.9959664311146557
1380,2020-05-10,0.01752175416213897,0.982478245837861
1381,2020-05-10,0.023329341431523765,0.9766706585684762
1382,2020-05-10,0.014513651937513417,0.9854863480624866
1383,2020-05-10,0.007939701070459715,0.9920602989295403
1384,2020-05-10,0.008124805448624928,0.9918751945513751
1386,2020-05-10,0.01550607294434736,0.9844939270556526
1387,2020-05-10,0.004982408730397125,0.9950175912696029
1388,2020-05-10,0.003817813660909164,0.9961821863390908
1389,2020-05-10,0.004299062716507929,0.9957009372834921
1390,2020-05-10,0.03370971650572696,0.966290283494273
1391,2020-05-10,0.006005195465244584,0.9939948045347554
1393,2020-05-10,0.034370569308156296,0.9656294306918437
1394,2020-05-10,0.005783769993208732,0.9942162300067913
1395,2020-05-10,0.0045655928851272565,0.9954344071148727
1396,2020-05-10,0.014012277935112505,0.9859877220648875
1397,2020-05-10,0.013575029697530883,0.9864249703024691
1398,2020-05-10,0.020770482894625464,0.9792295171053745
1399,2020-05-10,0.0071393116872364715,0.9928606883127635
1400,2020-05-10,0.016120864650943312,0.9838791353490567
1401,2020-05-10,0.0063796188467361015,0.9936203811532639
1402,2020-05-10,0.01489816003248079,0.9851018399675192
1403,2020-05-10,0.002526951005593636,0.9974730489944064
1404,2020-05-10,0.002181646749686683,0.9978183532503133
1405,2020-05-10,0.021642234563256424,0.9783577654367436
1406,2020-05-10,0.010643999798220949,0.989356000201779
1407,2020-05-10,0.005591652412006098,0.9944083475879939
1408,2020-05-10,0.008588539875442502,0.9914114601245575
1409,2020-05-10,0.012140782583870746,0.9878592174161293
1410,2020-05-10,0.010177676623190357,0.9898223233768096
1411,2020-05-10,0.006212069167839229,0.9937879308321608
1412,2020-05-10,0.023836561163265046,0.976163438836735
1413,2020-05-10,0.031834917453872236,0.9681650825461278
1414,2020-05-10,0.14982271653583001,0.85017728346417
1415,2020-05-10,0.010353702149172528,0.9896462978508275
1416,2020-05-10,0.015560563681304873,0.9844394363186951
1417,2020-05-10,0.035509590842654704,0.9644904091573453
1418,2020-05-10,0.004484762423364597,0.9955152375766354
1419,2020-05-10,0.026401884535713238,0.9735981154642868
1420,2020-05-10,0.0042136112048308805,0.9957863887951691
1421,2020-05-10,0.0056200814821143474,0.9943799185178857
1422,2020-05-10,0.007608378342837341,0.9923916216571627
1423,2020-05-10,0.017988774074205294,0.9820112259257947
1424,2020-05-10,0.04598005119058035,0.9540199488094196
1425,2020-05-10,0.012678353336512904,0.9873216466634871
1426,2020-05-10,0.007250313477774273,0.9927496865222257
1427,2020-05-10,0.04049970115788715,0.9595002988421129
1428,2020-05-10,0.015472490161387742,0.9845275098386123
1429,2020-05-10,0.022631466343051687,0.9773685336569483
1430,2020-05-10,0.08565647918242758,0.9143435208175724
1431,2020-05-10,0.01952176979296072,0.9804782302070393
1432,2020-05-10,0.0011050136804741095,0.9988949863195259
1433,2020-05-10,0.00571219528682998,0.99428780471317
1434,2020-05-10,0.007486598379996434,0.9925134016200036
1435,2020-05-10,0.013294010758768238,0.9867059892412318
1436,2020-05-10,0.0032993706686814672,0.9967006293313185
1437,2020-05-10,0.03180627342084297,0.968193726579157
1438,2020-05-10,0.03225039792056961,0.9677496020794304
1439,2020-05-10,0.023636461007310094,0.9763635389926899
1440,2020-05-10,0.016247447194511655,0.9837525528054883
1441,2020-05-10,0.017194754570775017,0.982805245429225
1442,2020-05-10,0.03448374455448355,0.9655162554455164
1443,2020-05-10,0.2225943794781582,0.7774056205218418
1444,2020-05-10,0.031611037318659885,0.9683889626813401
1445,2020-05-10,0.015953932426831297,0.9840460675731687
1446,2020-05-10,0.05194189107051472,0.9480581089294853
1447,2020-05-10,0.020133313226002425,0.9798666867739976
1448,2020-05-10,0.002696693693189367,0.9973033063068106
1449,2020-05-10,0.019638256793490516,0.9803617432065095
1450,2020-05-10,0.010158920767690316,0.9898410792323097
1451,2020-05-10,0.005290098212936578,0.9947099017870634
1452,2020-05-10,0.03050411987451873,0.9694958801254813
1453,2020-05-10,0.008602260051055022,0.991397739948945
1454,2020-05-10,0.002044903966403555,0.9979550960335964
1455,2020-05-10,0.017126940312852224,0.9828730596871478
1456,2020-05-10,0.007971617231715245,0.9920283827682848
1457,2020-05-10,0.032386982506876216,0.9676130174931238
1458,2020-05-10,0.03428213997678853,0.9657178600232115
1459,2020-05-10,0.008993400646323257,0.9910065993536767
1460,2020-05-10,0.005219967174093787,0.9947800328259062
1461,2020-05-10,0.025727736465040563,0.9742722635349594
1462,2020-05-10,0.008408609005803092,0.9915913909941969
1463,2020-05-10,0.012861999048099926,0.9871380009519001
1464,2020-05-10,0.00851338670038515,0.9914866132996148
1465,2020-05-10,0.02052879706025068,0.9794712029397493
1466,2020-05-10,0.016851666270404575,0.9831483337295954
1467,2020-05-10,0.03698367127419189,0.9630163287258081
1468,2020-05-10,0.06347249246317732,0.9365275075368227
1469,2020-05-10,0.026735546341677296,0.9732644536583227
1470,2020-05-10,0.01120799329190525,0.9887920067080948
1471,2020-05-10,0.0017953631412486182,0.9982046368587514
1472,2020-05-10,0.0054840876252264525,0.9945159123747735
1473,2020-05-10,0.014600652755961674,0.9853993472440383
1474,2020-05-10,0.05053343944350941,0.9494665605564906
1475,2020-05-10,0.046138653702589294,0.9538613462974107
1476,2020-05-10,0.0074647409189427805,0.9925352590810572
1477,2020-05-10,0.009082347585638417,0.9909176524143616
1478,2020-05-10,0.0392374736991532,0.9607625263008468
1479,2020-05-10,0.01736184519538253,0.9826381548046175
1480,2020-05-10,0.007202523509087233,0.9927974764909128
1481,2020-05-10,0.009144270904677287,0.9908557290953227
1482,2020-05-10,0.006355540296112738,0.9936444597038873
1483,2020-05-10,0.01975549864298698,0.980244501357013
1484,2020-05-10,0.03367221947467747,0.9663277805253225
1486,2020-05-10,0.05265842591224745,0.9473415740877525
1487,2020-05-10,0.01692042534498983,0.9830795746550102
1488,2020-05-10,0.027801702935663197,0.9721982970643368
1490,2020-05-10,0.010668968533979473,0.9893310314660205
1491,2020-05-10,0.0059061988572429724,0.994093801142757
1492,2020-05-10,0.011652051723252121,0.9883479482767479
1493,2020-05-10,0.02584999129511112,0.9741500087048889
1494,2020-05-10,0.01592314699702113,0.9840768530029789
1495,2020-05-10,0.009241473417397561,0.9907585265826024
1496,2020-05-10,0.06329574942559801,0.936704250574402
1497,2020-05-10,0.009991835264962723,0.9900081647350373
1498,2020-05-10,0.002482858811821864,0.9975171411881781
1499,2020-05-10,0.05969926054108676,0.9403007394589132
1500,2020-05-10,0.009384662262789,0.990615337737211
1501,2020-05-10,0.003552683781485988,0.996447316218514
1502,2020-05-10,0.0034958185870374026,0.9965041814129626
1503,2020-05-10,0.002904594869449606,0.9970954051305504
1504,2020-05-10,0.029348371678978746,0.9706516283210213
1505,2020-05-10,0.009869375752900589,0.9901306242470994
1506,2020-05-10,0.006640346554017573,0.9933596534459824
1507,2020-05-10,0.02117257681315443,0.9788274231868456
1508,2020-05-10,0.040485053419501926,0.9595149465804981
1509,2020-05-10,0.0076024739176872025,0.9923975260823128
1511,2020-05-10,0.009383665496601967,0.990616334503398
1512,2020-05-10,0.004608443832798015,0.995391556167202
1513,2020-05-10,0.0011592412904575244,0.9988407587095425
1514,2020-05-10,0.005813210558257453,0.9941867894417425
1515,2020-05-10,0.005864310831138253,0.9941356891688617
1516,2020-05-10,0.0077457096405255665,0.9922542903594744
1517,2020-05-10,0.014445660705352803,0.9855543392946472
1518,2020-05-10,0.017521909585447637,0.9824780904145524
1520,2020-05-10,0.018319189630671584,0.9816808103693284
1522,2020-05-10,0.06106797611642101,0.938932023883579
1523,2020-05-10,0.030024914292941407,0.9699750857070586
1524,2020-05-10,0.00822781270849482,0.9917721872915052
1525,2020-05-10,0.019635418417192185,0.9803645815828078
1526,2020-05-10,0.030382044953711773,0.9696179550462882
1527,2020-05-10,0.002183172071133943,0.9978168279288661
1528,2020-05-10,0.008288454522977329,0.9917115454770227
1529,2020-05-10,0.014356440512356738,0.9856435594876433
1530,2020-05-10,0.009289106247580614,0.9907108937524194
1531,2020-05-10,0.012187688795335272,0.9878123112046647
1532,2020-05-10,0.011698302503929003,0.988301697496071
1533,2020-05-10,0.018504107024192584,0.9814958929758074
1534,2020-05-10,0.009806902135178097,0.9901930978648219
1535,2020-05-10,0.0032851960058695173,0.9967148039941305
1536,2020-05-10,0.019519390565646888,0.9804806094343531
1537,2020-05-10,0.016273426538003788,0.9837265734619962
1538,2020-05-10,0.026827855635436326,0.9731721443645637
1539,2020-05-10,0.0033151984599080198,0.996684801540092
1540,2020-05-10,0.00613399091958633,0.9938660090804137
1541,2020-05-10,0.01383308628444646,0.9861669137155535
1544,2020-05-10,0.010290926387838906,0.9897090736121611
1545,2020-05-10,0.023378672990125415,0.9766213270098746
1546,2020-05-10,0.011056859407656328,0.9889431405923437
1547,2020-05-10,0.007470095998328596,0.9925299040016714
1548,2020-05-10,0.004482070327844534,0.9955179296721555
1549,2020-05-10,0.009564838987049629,0.9904351610129504
1550,2020-05-10,0.009880562681142124,0.9901194373188579
1551,2020-05-10,0.01629319823451958,0.9837068017654804
1552,2020-05-10,0.020545627238346298,0.9794543727616537
1553,2020-05-10,0.014603503413148422,0.9853964965868516
1554,2020-05-10,0.013273774469581445,0.9867262255304186
1556,2020-05-10,0.02121309583875286,0.9787869041612471
1557,2020-05-10,0.011514938022066823,0.9884850619779332
1558,2020-05-10,0.029151269135168523,0.9708487308648315
1559,2020-05-10,0.015790759084794104,0.9842092409152059
1560,2020-05-10,0.027026940573605107,0.9729730594263949
1561,2020-05-10,0.07409355404247453,0.9259064459575255
1562,2020-05-10,0.04314189961955617,0.9568581003804438
1563,2020-05-10,0.005290186849415179,0.9947098131505848
1564,2020-05-10,0.04976825651699912,0.9502317434830009
1565,2020-05-10,0.008607432738605092,0.9913925672613949
1566,2020-05-10,0.02415103358718884,0.9758489664128112
1567,2020-05-10,0.006568796074639227,0.9934312039253608
1569,2020-05-10,0.01606276202953605,0.983937237970464
1570,2020-05-10,0.004502686789399801,0.9954973132106002
1571,2020-05-10,0.0074606188846758625,0.9925393811153241
1572,2020-05-10,0.020887598092021675,0.9791124019079783
1573,2020-05-10,0.038585032679577025,0.961414967320423
1574,2020-05-10,0.040081507170382946,0.959918492829617
1575,2020-05-10,0.04169550283572321,0.9583044971642768
1576,2020-05-10,0.02043923691983207,0.9795607630801679
1577,2020-05-10,0.02006336419091237,0.9799366358090876
1578,2020-05-10,0.007530277547588171,0.9924697224524118
1579,2020-05-10,0.025235192119449468,0.9747648078805505
1580,2020-05-10,0.008550031576816775,0.9914499684231832
1581,2020-05-10,0.007540722803329847,0.9924592771966702
1582,2020-05-10,0.030754227690287128,0.9692457723097129
1583,2020-05-10,0.009451036276007296,0.9905489637239927
1584,2020-05-10,0.07207158143520231,0.9279284185647977
1585,2020-05-10,0.009009463946196505,0.9909905360538035
1586,2020-05-10,0.053083371558578785,0.9469166284414212
1588,2020-05-10,0.0043874600648925455,0.9956125399351075
1589,2020-05-10,0.002024918592096636,0.9979750814079034
1590,2020-05-10,0.01656221020372539,0.9834377897962746
1591,2020-05-10,0.032969512613621244,0.9670304873863788
1592,2020-05-10,0.07158393493308268,0.9284160650669173
1593,2020-05-10,0.027973790144382393,0.9720262098556176
1594,2020-05-10,0.012153328655476359,0.9878466713445236
1595,2020-05-10,0.06689269517762442,0.9331073048223756
1596,2020-05-10,0.005885496514592692,0.9941145034854073
1599,2020-05-10,0.010717052193779164,0.9892829478062208
1601,2020-05-10,0.008577315936283192,0.9914226840637168
1602,2020-05-10,0.00862207169768836,0.9913779283023116
1603,2020-05-10,0.06663420561605005,0.93336579438395
1604,2020-05-10,0.004744031338169696,0.9952559686618303
1605,2020-05-10,0.018758140292484904,0.9812418597075151
1606,2020-05-10,0.010631271941369258,0.9893687280586307
1607,2020-05-10,0.01434265201437801,0.985657347985622
1608,2020-05-10,0.0021192011493317287,0.9978807988506683
1609,2020-05-10,0.0183441763767197,0.9816558236232803
1610,2020-05-10,0.00356960938764439,0.9964303906123556
1611,2020-05-10,0.02278830169105528,0.9772116983089447
1612,2020-05-10,0.017385304343940033,0.98261469565606
1613,2020-05-10,0.030159746305135626,0.9698402536948644
1614,2020-05-10,0.011409352297481967,0.988590647702518
1615,2020-05-10,0.009521817899362128,0.9904781821006379
1616,2020-05-10,0.012492278974180926,0.9875077210258191
1617,2020-05-10,0.01424380158757066,0.9857561984124293
1619,2020-05-10,0.0063830740716209755,0.993616925928379
1620,2020-05-10,0.0037459702494704317,0.9962540297505296
1621,2020-05-10,0.02578467132833917,0.9742153286716608
1622,2020-05-10,0.024980594421611158,0.9750194055783888
1623,2020-05-10,0.00868495480484166,0.9913150451951583
1624,2020-05-10,0.013243449905749327,0.9867565500942507
1625,2020-05-10,0.010551008785230076,0.9894489912147699
1627,2020-05-10,0.014884081087475853,0.9851159189125241
1628,2020-05-10,0.014281143181749556,0.9857188568182504
1630,2020-05-10,0.024222610513920384,0.9757773894860796
1631,2020-05-10,0.024966225763159322,0.9750337742368407
1634,2020-05-10,0.03816215272328216,0.9618378472767178
1635,2020-05-10,0.021212150693876275,0.9787878493061237
1636,2020-05-10,0.012898900489129117,0.9871010995108709
1637,2020-05-10,0.049683914655898054,0.950316085344102
1638,2020-05-10,0.007151952351366453,0.9928480476486335
1639,2020-05-10,0.06063150238909232,0.9393684976109077
1640,2020-05-10,0.005797061361153988,0.994202938638846
1641,2020-05-10,0.002137494654151917,0.9978625053458481
1642,2020-05-10,0.0563428132999817,0.9436571867000183
1643,2020-05-10,0.020737563539449888,0.9792624364605501
1644,2020-05-10,0.027793200209249025,0.972206799790751
1645,2020-05-10,0.023113588093596982,0.976886411906403
1646,2020-05-10,0.016537016930767368,0.9834629830692326
1647,2020-05-10,0.003007598229025299,0.9969924017709747
1648,2020-05-10,0.006533980376804416,0.9934660196231956
1649,2020-05-10,0.01678821265627317,0.9832117873437268
1651,2020-05-10,0.025021041126866983,0.974978958873133
1652,2020-05-10,0.005316296659171549,0.9946837033408285
1654,2020-05-10,0.006993130786326351,0.9930068692136736
1655,2020-05-10,0.06977837252710073,0.9302216274728993
1656,2020-05-10,0.02260805024044532,0.9773919497595547
1657,2020-05-10,0.03929845513188002,0.96070154486812
1659,2020-05-10,0.015392816924719499,0.9846071830752805
1660,2020-05-10,0.008626414767943236,0.9913735852320568
1661,2020-05-10,0.00827169988354981,0.9917283001164502
1662,2020-05-10,0.007325549620278871,0.9926744503797211
1663,2020-05-10,0.009561390148616788,0.9904386098513832
1664,2020-05-10,0.02858783447670943,0.9714121655232906
1665,2020-05-10,0.005821539658502406,0.9941784603414976
1666,2020-05-10,0.0231455534660161,0.9768544465339839
1667,2020-05-10,0.0885788008217242,0.9114211991782758
1669,2020-05-10,0.08112238482792145,0.9188776151720786
1670,2020-05-10,0.004022798376938419,0.9959772016230616
1671,2020-05-10,0.010835177166947041,0.989164822833053
1672,2020-05-10,0.040408158788388104,0.9595918412116119
1673,2020-05-10,0.045441560065773934,0.9545584399342261
1674,2020-05-10,0.00922170935088007,0.9907782906491199
1677,2020-05-10,0.020938568622017706,0.9790614313779823
1678,2020-05-10,0.005009650744263849,0.9949903492557362
1679,2020-05-10,0.011628943124004198,0.9883710568759958
1680,2020-05-10,0.03583320896383846,0.9641667910361615
1681,2020-05-10,0.019010292904838466,0.9809897070951615
1682,2020-05-10,0.0028271481308436153,0.9971728518691564
1683,2020-05-10,0.04295629570836523,0.9570437042916348
1684,2020-05-10,0.00968806627805241,0.9903119337219476
1685,2020-05-10,0.01592361899750039,0.9840763810024996
1687,2020-05-10,0.012377970446804443,0.9876220295531956
1688,2020-05-10,0.0239865814748621,0.9760134185251379
1689,2020-05-10,0.015501651493983304,0.9844983485060167
1690,2020-05-10,0.008247279196766932,0.9917527208032331
1691,2020-05-10,0.019049932938633773,0.9809500670613662
1692,2020-05-10,0.005464255505524096,0.9945357444944759
1693,2020-05-10,0.014414582667240161,0.9855854173327598
1694,2020-05-10,0.016519793476856615,0.9834802065231434
1695,2020-05-10,0.013253133689748897,0.9867468663102511
1696,2020-05-10,0.004088686303929223,0.9959113136960708
1697,2020-05-10,0.027103857991240154,0.9728961420087598
1698,2020-05-10,0.007897800458700144,0.9921021995412999
1699,2020-05-10,0.04199416007893231,0.9580058399210677
1700,2020-05-10,0.015222944276656714,0.9847770557233433
1702,2020-05-10,0.005676220337816895,0.9943237796621831
1703,2020-05-10,0.009228571862881396,0.9907714281371186
1704,2020-05-10,0.009178049104522135,0.9908219508954779
1705,2020-05-10,0.00437498785352064,0.9956250121464794
1706,2020-05-10,0.009478195751437157,0.9905218042485628
1707,2020-05-10,0.009214280761881355,0.9907857192381186
1709,2020-05-10,0.0222149832660391,0.9777850167339609
1710,2020-05-10,0.006392237735441619,0.9936077622645584
1711,2020-05-10,0.01425083274600214,0.9857491672539979
1712,2020-05-10,0.07261025953941291,0.9273897404605871
1713,2020-05-10,0.059083803142813585,0.9409161968571864
1714,2020-05-10,0.013784315000286207,0.9862156849997138
1715,2020-05-10,0.03303749666744171,0.9669625033325583
1716,2020-05-10,0.0017761966724766376,0.9982238033275234
1717,2020-05-10,0.03157230845660719,0.9684276915433928
1718,2020-05-10,0.010272932620921105,0.9897270673790789
1719,2020-05-10,0.024915075885443283,0.9750849241145567
1720,2020-05-10,0.01854060264740154,0.9814593973525985
1721,2020-05-10,0.005065871269851363,0.9949341287301486
1722,2020-05-10,0.004057217657445156,0.9959427823425548
1723,2020-05-10,0.012177011454813313,0.9878229885451867
1724,2020-05-10,0.006163773105117509,0.9938362268948825
1726,2020-05-10,0.007283845684977308,0.9927161543150227
1727,2020-05-10,0.0013063445612299107,0.9986936554387701
1728,2020-05-10,0.0026109425043971957,0.9973890574956028
1729,2020-05-10,0.008381207397783252,0.9916187926022167
1730,2020-05-10,0.029994702471896506,0.9700052975281035
1731,2020-05-10,0.001931718404193039,0.998068281595807
1732,2020-05-10,0.007632841589543027,0.992367158410457
1733,2020-05-10,0.0017009609110045787,0.9982990390889954
1734,2020-05-10,0.014679833981948942,0.9853201660180511
1735,2020-05-10,0.029504749883003667,0.9704952501169963
1736,2020-05-10,0.01775865480346972,0.9822413451965303
1737,2020-05-10,0.03272868877063939,0.9672713112293606
1738,2020-05-10,0.05415894018075207,0.9458410598192479
1739,2020-05-10,0.01843361772450758,0.9815663822754924
1740,2020-05-10,0.0009118732193907908,0.9990881267806092
1741,2020-05-10,0.006660965430988375,0.9933390345690116
1743,2020-05-10,0.041306693454689625,0.9586933065453104
1744,2020-05-10,0.009205106681025477,0.9907948933189745
1745,2020-05-10,0.03174748239670089,0.9682525176032991
1746,2020-05-10,0.001981986445586892,0.9980180135544131
1747,2020-05-10,0.014129258369563913,0.9858707416304361
1748,2020-05-10,0.013435075587143075,0.9865649244128569
1749,2020-05-10,0.023361997558755454,0.9766380024412445
1750,2020-05-10,0.008950977737838484,0.9910490222621615
1751,2020-05-10,0.016667526618556416,0.9833324733814436
1752,2020-05-10,0.004282933612740458,0.9957170663872595
1754,2020-05-10,0.004685668448782709,0.9953143315512173
1755,2020-05-10,0.03161546166729967,0.9683845383327003
1756,2020-05-10,0.019515101324873108,0.9804848986751269
1757,2020-05-10,0.002550570079485892,0.9974494299205141
1759,2020-05-10,0.006823203769714792,0.9931767962302852
1760,2020-05-10,0.004040452415197127,0.9959595475848029
1761,2020-05-10,0.010943336279720328,0.9890566637202797
1762,2020-05-10,0.010068029532184997,0.989931970467815
1763,2020-05-10,0.003680819411103542,0.9963191805888965
1764,2020-05-10,0.015759475508270615,0.9842405244917294
1765,2020-05-10,0.00935987480702083,0.9906401251929792
1766,2020-05-10,0.06883842794241102,0.931161572057589
1767,2020-05-10,0.010143433128297352,0.9898565668717026
1768,2020-05-10,0.010274165065475072,0.9897258349345249
1769,2020-05-10,0.020976548804877537,0.9790234511951225
1771,2020-05-10,0.012906309915249325,0.9870936900847507
1772,2020-05-10,0.017831575027413282,0.9821684249725867
1773,2020-05-10,0.0058901798325612376,0.9941098201674388
1774,2020-05-10,0.005943463898001711,0.9940565361019983
1775,2020-05-10,0.017341987161831218,0.9826580128381688
1776,2020-05-10,0.002663074585707803,0.9973369254142922
1777,2020-05-10,0.0035249819650311487,0.9964750180349689
1779,2020-05-10,0.007102374957987823,0.9928976250420122
1780,2020-05-10,0.03418409792007926,0.9658159020799207
1781,2020-05-10,0.014489402642415605,0.9855105973575844
1782,2020-05-10,0.013539578964624543,0.9864604210353755
1783,2020-05-10,0.04582601096052474,0.9541739890394753
1784,2020-05-10,0.06771586932040019,0.9322841306795998
1785,2020-05-10,0.02864041665859729,0.9713595833414027
1786,2020-05-10,0.03442481153442012,0.9655751884655799
1787,2020-05-10,0.0033400899205580092,0.996659910079442
1788,2020-05-10,0.02341046361145338,0.9765895363885466
1789,2020-05-10,0.004702996892762434,0.9952970031072376
1790,2020-05-10,0.011406791973354813,0.9885932080266452
1791,2020-05-10,0.030286248952428707,0.9697137510475713
1792,2020-05-10,0.015135513353394803,0.9848644866466052
1793,2020-05-10,0.002696640375234094,0.9973033596247659
1794,2020-05-10,0.025898716217834905,0.9741012837821651
1795,2020-05-10,0.01978973430412634,0.9802102656958737
1796,2020-05-10,0.005913755181964575,0.9940862448180354
1797,2020-05-10,0.007872912214457961,0.992127087785542
1798,2020-05-10,0.017046126485392388,0.9829538735146076
1799,2020-05-10,0.043697707564381516,0.9563022924356185
1800,2020-05-10,0.029322964660816186,0.9706770353391838
1801,2020-05-10,0.018440798784432944,0.9815592012155671
1802,2020-05-10,0.00590165879426241,0.9940983412057376
1803,2020-05-10,0.01096753780933879,0.9890324621906612
1804,2020-05-10,0.010712023177051555,0.9892879768229484
1805,2020-05-10,0.013348582697761957,0.986651417302238
1806,2020-05-10,0.0057322874624905484,0.9942677125375095
1807,2020-05-10,0.01227570613517237,0.9877242938648276
1808,2020-05-10,0.016486507663594274,0.9835134923364057
1809,2020-05-10,0.008341760833762368,0.9916582391662376
1810,2020-05-10,0.013622706161260267,0.9863772938387397
1811,2020-05-10,0.00920948825405532,0.9907905117459447
1812,2020-05-10,0.011131007341037669,0.9888689926589623
1813,2020-05-10,0.013297766135137778,0.9867022338648622
1814,2020-05-10,0.016691749420429725,0.9833082505795703
1815,2020-05-10,0.00911880425946865,0.9908811957405314
1816,2020-05-10,0.005697845019883907,0.9943021549801161
1817,2020-05-10,0.015804673497868515,0.9841953265021315
1818,2020-05-10,0.042792656669849105,0.9572073433301509
1819,2020-05-10,0.0014016095758403457,0.9985983904241597
1820,2020-05-10,0.04101682152937214,0.9589831784706279
1821,2020-05-10,0.02098369840663039,0.9790163015933696
1822,2020-05-10,0.0033311838300215113,0.9966688161699785
1823,2020-05-10,0.03568146406829664,0.9643185359317034
1824,2020-05-10,0.014830977162678116,0.9851690228373219
1826,2020-05-10,0.003995766935691147,0.9960042330643089
1827,2020-05-10,0.04457349791837184,0.9554265020816282
1828,2020-05-10,0.032885044551872133,0.9671149554481279
1829,2020-05-10,0.0036459983719621114,0.9963540016280379
1831,2020-05-10,0.01509584887779225,0.9849041511222077
1832,2020-05-10,0.009270674360306264,0.9907293256396937
1833,2020-05-10,0.036647967004145854,0.9633520329958541
1835,2020-05-10,0.014903337407758954,0.985096662592241
1836,2020-05-10,0.024279342713804497,0.9757206572861955
1837,2020-05-10,0.017225024867597027,0.982774975132403
1838,2020-05-10,0.004897964158595114,0.9951020358414049
1839,2020-05-10,0.009509637862012754,0.9904903621379872
1841,2020-05-10,0.0136083721392255,0.9863916278607745
1842,2020-05-10,0.008076634613399025,0.991923365386601
1843,2020-05-10,0.06461951544792433,0.9353804845520757
1844,2020-05-10,0.004609267834608022,0.995390732165392
1845,2020-05-10,0.00294896997799754,0.9970510300220025
1846,2020-05-10,0.04303231372989058,0.9569676862701094
1847,2020-05-10,0.02419773752963761,0.9758022624703624
1848,2020-05-10,0.009647950525357496,0.9903520494746425
1849,2020-05-10,0.06587200156033024,0.9341279984396698
1850,2020-05-10,0.012217559006392209,0.9877824409936078
1851,2020-05-10,0.0024593296846265877,0.9975406703153734
1852,2020-05-10,0.014595750468151647,0.9854042495318484
1853,2020-05-10,0.025085314964618077,0.9749146850353819
1854,2020-05-10,0.0044126841637767145,0.9955873158362233
1855,2020-05-10,0.017172978607437606,0.9828270213925624
1857,2020-05-10,0.011864642735608721,0.9881353572643913
1858,2020-05-10,0.0013006452701704863,0.9986993547298295
1859,2020-05-10,0.014774926309890857,0.9852250736901091
1860,2020-05-10,0.013912782661125167,0.9860872173388748
1861,2020-05-10,0.010898788362202039,0.989101211637798
1862,2020-05-10,0.006050972060684057,0.9939490279393159
1863,2020-05-10,0.012967128867502398,0.9870328711324976
1864,2020-05-10,0.009399404307404824,0.9906005956925952
1865,2020-05-10,0.010318756018227071,0.9896812439817729
1866,2020-05-10,0.004442768950280729,0.9955572310497193
1867,2020-05-10,0.007865791685320977,0.992134208314679
1868,2020-05-10,0.01907085813729692,0.9809291418627031
1869,2020-05-10,0.013240540281507118,0.9867594597184929
1870,2020-05-10,0.013845088939631989,0.986154911060368
1871,2020-05-10,0.01473729107037558,0.9852627089296244
1872,2020-05-10,0.006361475606427969,0.993638524393572
1873,2020-05-10,0.003268251850807369,0.9967317481491926
1874,2020-05-10,0.006298338702371287,0.9937016612976287
1875,2020-05-10,0.0115767029896372,0.9884232970103628
1876,2020-05-10,0.04016280498976499,0.959837195010235
1878,2020-05-10,0.05055023731747477,0.9494497626825252
1880,2020-05-10,0.014112804386878453,0.9858871956131215
1882,2020-05-10,0.0026265205731093033,0.9973734794268907
1883,2020-05-10,0.018467146673835422,0.9815328533261646
1884,2020-05-10,0.02513909766026856,0.9748609023397314
1885,2020-05-10,0.05810295736900961,0.9418970426309904
1886,2020-05-10,0.05994341018655214,0.9400565898134479
1887,2020-05-10,0.025207443171994526,0.9747925568280055
1888,2020-05-10,0.035813048518270274,0.9641869514817297
1889,2020-05-10,0.046976843588616424,0.9530231564113836
1890,2020-05-10,0.04598916148830012,0.9540108385116999
1891,2020-05-10,0.0065328030058791065,0.9934671969941209
1892,2020-05-10,0.014687840137494912,0.9853121598625051
1893,2020-05-10,0.04897867342196338,0.9510213265780366
1894,2020-05-10,0.0035005419693324713,0.9964994580306675
1896,2020-05-10,0.01747431324735149,0.9825256867526485
1897,2020-05-10,0.003009213050434223,0.9969907869495658
1898,2020-05-10,0.005832673220067752,0.9941673267799322
1899,2020-05-10,0.03131159920589377,0.9686884007941062
1900,2020-05-10,0.032164290893634484,0.9678357091063655
1901,2020-05-10,0.019762736711399387,0.9802372632886006
1902,2020-05-10,0.006240753741366789,0.9937592462586332
1903,2020-05-10,0.00974535428461476,0.9902546457153852
1904,2020-05-10,0.00529890804841382,0.9947010919515862
1905,2020-05-10,0.011075956773560769,0.9889240432264392
1906,2020-05-10,0.011433617855376332,0.9885663821446237
1907,2020-05-10,0.008143338869199934,0.9918566611308001
1908,2020-05-10,0.006637663170194652,0.9933623368298053
1909,2020-05-10,0.025189939927154348,0.9748100600728457
1910,2020-05-10,0.01141596450499438,0.9885840354950056
1911,2020-05-10,0.012168284742673063,0.9878317152573269
1912,2020-05-10,0.00845320392460669,0.9915467960753933
1913,2020-05-10,0.06904875847343661,0.9309512415265634
1914,2020-05-10,0.001178660436965684,0.9988213395630343
1915,2020-05-10,0.008764809014046304,0.9912351909859537
1916,2020-05-10,0.01471749404155498,0.985282505958445
1917,2020-05-10,0.0540235631558188,0.9459764368441812
1918,2020-05-10,0.024841872512025853,0.9751581274879741
1920,2020-05-10,0.03284242078030353,0.9671575792196965
1921,2020-05-10,0.008989567895098638,0.9910104321049014
1922,2020-05-10,0.005667999484712194,0.9943320005152878
1924,2020-05-10,0.003306779089773171,0.9966932209102268
1925,2020-05-10,0.03901199554131918,0.9609880044586808
1926,2020-05-10,0.03867278044964073,0.9613272195503593
1927,2020-05-10,0.012248748125799902,0.9877512518742001
1928,2020-05-10,0.010826313689794365,0.9891736863102056
1929,2020-05-10,0.027691880700415727,0.9723081192995843
1930,2020-05-10,0.00728524148188181,0.9927147585181182
1931,2020-05-10,0.010311744281674473,0.9896882557183255
1932,2020-05-10,0.014461035222170682,0.9855389647778293
1933,2020-05-10,0.002665333314331053,0.997334666685669
1934,2020-05-10,0.014070919382906166,0.9859290806170938
1935,2020-05-10,0.024905001241314673,0.9750949987586853
1936,2020-05-10,0.028908308393849724,0.9710916916061503
1937,2020-05-10,0.004120113575760365,0.9958798864242396
1938,2020-05-10,0.023456807305764826,0.9765431926942352
1939,2020-05-10,0.018170619992615378,0.9818293800073846
1940,2020-05-10,0.0049079381133539934,0.995092061886646
1941,2020-05-10,0.05543376523717358,0.9445662347628264
1942,2020-05-10,0.031130650264630577,0.9688693497353694
1943,2020-05-10,0.006603729988386542,0.9933962700116135
1944,2020-05-10,0.0025147845864961216,0.9974852154135039
1945,2020-05-10,0.011480717967979892,0.9885192820320201
1946,2020-05-10,0.016789212116504082,0.9832107878834959
1947,2020-05-10,0.012733988844202626,0.9872660111557974
1948,2020-05-10,0.03581264934588235,0.9641873506541176
1949,2020-05-10,0.001375543470996221,0.9986244565290038
1950,2020-05-10,0.008840915897882273,0.9911590841021177
1951,2020-05-10,0.004129665495015478,0.9958703345049845
1952,2020-05-10,0.05379684022165443,0.9462031597783456
1953,2020-05-10,0.02800924924228576,0.9719907507577142
1954,2020-05-10,0.023079647353546395,0.9769203526464536
1955,2020-05-10,0.0035810634830909516,0.996418936516909
1956,2020-05-10,0.01671755208106951,0.9832824479189305
1957,2020-05-10,0.010839369609150329,0.9891606303908497
1958,2020-05-10,0.0072823604186389446,0.992717639581361
1959,2020-05-10,0.007653446139195053,0.992346553860805
1960,2020-05-10,0.0072986067225069284,0.9927013932774931
1961,2020-05-10,0.02789437149250351,0.9721056285074965
1962,2020-05-10,0.019831658916960926,0.9801683410830391
1963,2020-05-10,0.012819801444014178,0.9871801985559858
1965,2020-05-10,0.015025992418561618,0.9849740075814384
1966,2020-05-10,0.04728988914926169,0.9527101108507383
1967,2020-05-10,0.015983108336247165,0.9840168916637528
1968,2020-05-10,0.015457741391435631,0.9845422586085644
1969,2020-05-10,0.06661981545358708,0.9333801845464129
1970,2020-05-10,0.009662106403776405,0.9903378935962236
1971,2020-05-10,0.0721084035427848,0.9278915964572152
1972,2020-05-10,0.00470092476338535,0.9952990752366146
1973,2020-05-10,0.020536579855727988,0.979463420144272
1975,2020-05-10,0.010074835570743956,0.989925164429256
1976,2020-05-10,0.039386042080038486,0.9606139579199615
1977,2020-05-10,0.022380639159956917,0.9776193608400431
1978,2020-05-10,0.023596489825246314,0.9764035101747537
1979,2020-05-10,0.008821618357954586,0.9911783816420454
1980,2020-05-10,0.017918748578707233,0.9820812514212928
1981,2020-05-10,0.0191106376344925,0.9808893623655075
1982,2020-05-10,0.007247392754479498,0.9927526072455205
1983,2020-05-10,0.014919873063796052,0.985080126936204
1984,2020-05-10,0.006363105218633036,0.993636894781367
1985,2020-05-10,0.059298585037896645,0.9407014149621034
1986,2020-05-10,0.011319324270680609,0.9886806757293194
1988,2020-05-10,0.036235556677792546,0.9637644433222075
1989,2020-05-10,0.019308610631024514,0.9806913893689755
1990,2020-05-10,0.020035050069253213,0.9799649499307468
1991,2020-05-10,0.03873482718941179,0.9612651728105882
1992,2020-05-10,0.005531875477558401,0.9944681245224416
1993,2020-05-10,0.04492053959800446,0.9550794604019955
1994,2020-05-10,0.0014337631242902216,0.9985662368757098
1996,2020-05-10,0.0203027287266192,0.9796972712733808
1997,2020-05-10,0.012535596252608028,0.987464403747392
1998,2020-05-10,0.048000885708185725,0.9519991142918143
1999,2020-05-10,0.02015650474347641,0.9798434952565236
2000,2020-05-10,0.011534866774459918,0.9884651332255401
2001,2020-05-10,0.006057052540211494,0.9939429474597885
2002,2020-05-10,0.002910780992888551,0.9970892190071114
2003,2020-05-10,0.008394173059807386,0.9916058269401926
2004,2020-05-10,0.004771714019985995,0.995228285980014
2005,2020-05-10,0.036833308281586596,0.9631666917184134
2006,2020-05-10,0.009654639783134522,0.9903453602168655
2007,2020-05-10,0.0014147849069254814,0.9985852150930745
2008,2020-05-10,0.026133257391226072,0.9738667426087739
2009,2020-05-10,0.00793339701028728,0.9920666029897127
2010,2020-05-10,0.0053098802189256444,0.9946901197810744
2011,2020-05-10,0.005227195737058765,0.9947728042629412
2012,2020-05-10,0.0444533844536944,0.9555466155463056
2014,2020-05-10,0.03628451425744783,0.9637154857425522
2016,2020-05-10,0.008788741644877529,0.9912112583551225
2018,2020-05-10,0.07244059854005969,0.9275594014599403
2019,2020-05-10,0.007803114255195198,0.9921968857448048
2020,2020-05-10,0.018902151895919594,0.9810978481040804
2021,2020-05-10,0.04660851943078115,0.9533914805692189
2022,2020-05-10,0.020421743429198447,0.9795782565708016
2023,2020-05-10,0.012359675137822879,0.9876403248621771
2024,2020-05-10,0.01044485791001426,0.9895551420899857
2025,2020-05-10,0.03944533121864491,0.9605546687813551
2026,2020-05-10,0.008462475611889952,0.99153752438811
2027,2020-05-10,0.016929202933247733,0.9830707970667523
2028,2020-05-10,0.00948640835415393,0.9905135916458461
2029,2020-05-10,0.028861347587549213,0.9711386524124508
2030,2020-05-10,0.007132417892022569,0.9928675821079774
2031,2020-05-10,0.015581005365561618,0.9844189946344384
2032,2020-05-10,0.06979613024454456,0.9302038697554554
2033,2020-05-10,0.030903625702152326,0.9690963742978477
2034,2020-05-10,0.00959644312866148,0.9904035568713385
2035,2020-05-10,0.007166946023932308,0.9928330539760677
2036,2020-05-10,0.039934339227326365,0.9600656607726736
2037,2020-05-10,0.013617239039741214,0.9863827609602588
2038,2020-05-10,0.008119725404807543,0.9918802745951925
2039,2020-05-10,0.0033668873641902186,0.9966331126358098
2040,2020-05-10,0.010834293005925755,0.9891657069940742
2041,2020-05-10,0.01141961062382979,0.9885803893761702
2042,2020-05-10,0.009988205441351483,0.9900117945586485
2043,2020-05-10,0.01764183247884743,0.9823581675211526
2044,2020-05-10,0.04762556379464944,0.9523744362053506
2045,2020-05-10,0.00882619899023862,0.9911738010097614
2046,2020-05-10,0.03635440866969841,0.9636455913303016
2047,2020-05-10,0.005421085845060847,0.9945789141549392
2048,2020-05-10,0.008165993064851218,0.9918340069351488
2049,2020-05-10,0.01495314062271258,0.9850468593772874
2052,2020-05-10,0.010570637988824738,0.9894293620111753
2053,2020-05-10,0.001977198048278006,0.998022801951722
2054,2020-05-10,0.014211505781946077,0.9857884942180539
2055,2020-05-10,0.013956233239191707,0.9860437667608083
2056,2020-05-10,0.0570497916979843,0.9429502083020157
2059,2020-05-10,0.043853995582967875,0.9561460044170321
2060,2020-05-10,0.03646980367088293,0.9635301963291171
2061,2020-05-10,0.015834264464432812,0.9841657355355672
2062,2020-05-10,0.010994083327661497,0.9890059166723385
2063,2020-05-10,0.007447434789532914,0.9925525652104671
2064,2020-05-10,0.015815383650053305,0.9841846163499467
2065,2020-05-10,0.02120017069197666,0.9787998293080233
2066,2020-05-10,0.008377897464505346,0.9916221025354947
2067,2020-05-10,0.019462538151815312,0.9805374618481847
2068,2020-05-10,0.012311776347904146,0.9876882236520959
2069,2020-05-10,0.005123000336013761,0.9948769996639862
2070,2020-05-10,0.011669510046930731,0.9883304899530693
2072,2020-05-10,0.020638766409887155,0.9793612335901128
2073,2020-05-10,0.023412097440599133,0.9765879025594009
2074,2020-05-10,0.016334294947306538,0.9836657050526935
2075,2020-05-10,0.019463469057613758,0.9805365309423862
2076,2020-05-10,0.020719768587501686,0.9792802314124983
2077,2020-05-10,0.009685059433554244,0.9903149405664458
2078,2020-05-10,0.003920875434826776,0.9960791245651732
2079,2020-05-10,0.029580093526679674,0.9704199064733203
2080,2020-05-10,0.004825898538797224,0.9951741014612028
2081,2020-05-10,0.03296738087912099,0.967032619120879
2082,2020-05-10,0.00823590346615144,0.9917640965338486
2083,2020-05-10,0.010451993105180635,0.9895480068948194
2084,2020-05-10,0.0070381363586238255,0.9929618636413762
2085,2020-05-10,0.00762610853090806,0.9923738914690919
2086,2020-05-10,0.012916037600221753,0.9870839623997782
2087,2020-05-10,0.031867649243742524,0.9681323507562575
2088,2020-05-10,0.0036131214714333337,0.9963868785285667
2089,2020-05-10,0.03150359634445443,0.9684964036555456
2090,2020-05-10,0.05579048594792402,0.944209514052076
2091,2020-05-10,0.016646225472532805,0.9833537745274672
2092,2020-05-10,0.07257178248043172,0.9274282175195683
2094,2020-05-10,0.0088528193144507,0.9911471806855493
2095,2020-05-10,0.00638642679821344,0.9936135732017866
2096,2020-05-10,0.010090626967621197,0.9899093730323788
2097,2020-05-10,0.010785515828536596,0.9892144841714634
2098,2020-05-10,0.024410856721775565,0.9755891432782244
2099,2020-05-10,0.01739357059328628,0.9826064294067137
2100,2020-05-10,0.026380878955580833,0.9736191210444192
2101,2020-05-10,0.002387897839892794,0.9976121021601072
2102,2020-05-10,0.004839234722877617,0.9951607652771224
2103,2020-05-10,0.02588972040071391,0.9741102795992861
2104,2020-05-10,0.010680390660799843,0.9893196093392002
2105,2020-05-10,0.006310518268510035,0.99368948173149
2106,2020-05-10,0.029608848939651766,0.9703911510603482
2107,2020-05-10,0.02347196718448097,0.976528032815519
2108,2020-05-10,0.020859230621680713,0.9791407693783193
2110,2020-05-10,0.012401889818417833,0.9875981101815822
2111,2020-05-10,0.03160616290616536,0.9683938370938346
2113,2020-05-10,0.010210990482070414,0.9897890095179296
2114,2020-05-10,0.019464785089643444,0.9805352149103566
2115,2020-05-10,0.005722146108703696,0.9942778538912963
2116,2020-05-10,0.02052626321184725,0.9794737367881527
2117,2020-05-10,0.02341087473897896,0.976589125261021
2120,2020-05-10,0.013346246468721956,0.986653753531278
2121,2020-05-10,0.023081220771059674,0.9769187792289403
2122,2020-05-10,0.015589797598369537,0.9844102024016305
2123,2020-05-10,0.07510462129596174,0.9248953787040383
2124,2020-05-10,0.014456011790841217,0.9855439882091588
2126,2020-05-10,0.012453061484542505,0.9875469385154575
2127,2020-05-10,0.00832590427092128,0.9916740957290787
2128,2020-05-10,0.0021350026675187594,0.9978649973324812
2129,2020-05-10,0.016636441562010607,0.9833635584379894
2130,2020-05-10,0.019470642145341555,0.9805293578546584
2131,2020-05-10,0.01974603892915905,0.980253961070841
2132,2020-05-10,0.004997304584202111,0.9950026954157979
2133,2020-05-10,0.010076977167536305,0.9899230228324637
2134,2020-05-10,0.047338550592884276,0.9526614494071157
2135,2020-05-10,0.010658893500098743,0.9893411064999013
2136,2020-05-10,0.015232665104149334,0.9847673348958507
2137,2020-05-10,0.02371543432593437,0.9762845656740656
2138,2020-05-10,0.0066724537361927405,0.9933275462638073
2139,2020-05-10,0.02010628078819998,0.9798937192118
2140,2020-05-10,0.027702017772907372,0.9722979822270926
2141,2020-05-10,0.007968533979516579,0.9920314660204834
2142,2020-05-10,0.02119264850243019,0.9788073514975698
2143,2020-05-10,0.09239855870466096,0.907601441295339
2144,2020-05-10,0.004137954900366614,0.9958620450996334
2146,2020-05-10,0.01673885510707518,0.9832611448929248
2147,2020-05-10,0.017151412298939683,0.9828485877010603
2149,2020-05-10,0.005309049103931263,0.9946909508960687
2151,2020-05-10,0.031472323200924524,0.9685276767990755
2153,2020-05-10,0.009521882564510697,0.9904781174354893
2154,2020-05-10,0.01307831713349561,0.9869216828665044
2155,2020-05-10,0.022818505504899056,0.9771814944951009
2156,2020-05-10,0.021633962884875957,0.978366037115124
2157,2020-05-10,0.005543302008146567,0.9944566979918534
2158,2020-05-10,0.0031699527382763604,0.9968300472617236
2159,2020-05-10,0.06466526786164495,0.935334732138355
2160,2020-05-10,0.029650918132748227,0.9703490818672518
2161,2020-05-10,0.011879154293049088,0.9881208457069509
2162,2020-05-10,0.015996896066157062,0.9840031039338429
2163,2020-05-10,0.018834956966717553,0.9811650430332824
2165,2020-05-10,0.004747061933714325,0.9952529380662857
2166,2020-05-10,0.01668776717702014,0.9833122328229799
2168,2020-05-10,0.02868965958139713,0.9713103404186029
2169,2020-05-10,0.02473543890909602,0.975264561090904
2170,2020-05-10,0.008011251757489402,0.9919887482425106
2171,2020-05-10,0.030513378372854394,0.9694866216271456
2172,2020-05-10,0.023199773529978263,0.9768002264700217
2173,2020-05-10,0.02649177866303154,0.9735082213369685
2174,2020-05-10,0.009039729235444938,0.9909602707645551
2175,2020-05-10,0.009390510513272776,0.9906094894867272
2176,2020-05-10,0.002093178363389847,0.9979068216366102
2177,2020-05-10,0.022087757581449763,0.9779122424185502
2178,2020-05-10,0.040577214802314576,0.9594227851976854
2179,2020-05-10,0.007413059902524277,0.9925869400974757
2180,2020-05-10,0.017432467211712988,0.982567532788287
2181,2020-05-10,0.018273937303175503,0.9817260626968245
2182,2020-05-10,0.005832208756825219,0.9941677912431748
2183,2020-05-10,0.037628517470514544,0.9623714825294855
2184,2020-05-10,0.06371975530336493,0.9362802446966351
2185,2020-05-10,0.008246201731621161,0.9917537982683788
2186,2020-05-10,0.009446055453751656,0.9905539445462483
2187,2020-05-10,0.006182765186025563,0.9938172348139744
2188,2020-05-10,0.024715773828194787,0.9752842261718052
2189,2020-05-10,0.010829783254791114,0.9891702167452089
2190,2020-05-10,0.02277957400821906,0.9772204259917809
2191,2020-05-10,0.04537585601955629,0.9546241439804437
2192,2020-05-10,0.010053153194126807,0.9899468468058732
2193,2020-05-10,0.017655887928539227,0.9823441120714608
2194,2020-05-10,0.021833672546121563,0.9781663274538784
2196,2020-05-10,0.0023084203243474155,0.9976915796756526
2197,2020-05-10,0.007382983301363111,0.9926170166986369
2198,2020-05-10,0.023734636140459786,0.9762653638595402
2199,2020-05-10,0.05716934871327173,0.9428306512867283
2200,2020-05-10,0.014026411758468083,0.9859735882415319
2201,2020-05-10,0.00430541543314833,0.9956945845668517
2203,2020-05-10,0.002818940066030229,0.9971810599339698
2205,2020-05-10,0.0019197868309049904,0.998080213169095
2206,2020-05-10,0.019519655376721068,0.9804803446232789
2207,2020-05-10,0.06935502536383642,0.9306449746361636
2208,2020-05-10,0.00911709866530186,0.9908829013346981
2209,2020-05-10,0.010965295840146161,0.9890347041598538
2210,2020-05-10,0.014600324496963246,0.9853996755030368
2211,2020-05-10,0.030029552865981413,0.9699704471340186
2212,2020-05-10,0.007493939172196096,0.9925060608278039
2213,2020-05-10,0.04530603006806844,0.9546939699319316
2214,2020-05-10,0.03361092779223451,0.9663890722077655
2215,2020-05-10,0.02272755629696155,0.9772724437030385
2216,2020-05-10,0.01856249305784019,0.9814375069421598
2218,2020-05-10,0.011062109925837893,0.9889378900741621
2219,2020-05-10,0.011971204944518199,0.9880287950554818
2220,2020-05-10,0.005558520335914197,0.9944414796640858
2221,2020-05-10,0.024152471618097637,0.9758475283819024
2222,2020-05-10,0.003620758119053935,0.9963792418809461
2224,2020-05-10,0.019698025202987024,0.980301974797013
2225,2020-05-10,0.008515747977094867,0.9914842520229051
2226,2020-05-10,0.018210663229653368,0.9817893367703466
2227,2020-05-10,0.012567712914066442,0.9874322870859336
2228,2020-05-10,0.011640971621168728,0.9883590283788313
2229,2020-05-10,0.005859145601275317,0.9941408543987247
2230,2020-05-10,0.011455364821742253,0.9885446351782577
2231,2020-05-10,0.011309910559787362,0.9886900894402126
2232,2020-05-10,0.016021821549161985,0.983978178450838
2233,2020-05-10,0.00817411163951487,0.9918258883604851
2234,2020-05-10,0.005713479321067694,0.9942865206789323
2236,2020-05-10,0.029239365641006487,0.9707606343589935
2237,2020-05-10,0.033390012488941356,0.9666099875110586
2238,2020-05-10,0.014704597061944269,0.9852954029380557
2239,2020-05-10,0.00926466524016678,0.9907353347598332
2240,2020-05-10,0.019700606307057944,0.9802993936929421
2241,2020-05-10,0.012971345525788713,0.9870286544742113
2242,2020-05-10,0.00392006813480128,0.9960799318651987
2243,2020-05-10,0.010823521531926117,0.9891764784680739
2244,2020-05-10,0.004183251956586198,0.9958167480434138
2245,2020-05-10,0.02516459053922737,0.9748354094607726
2246,2020-05-10,0.02185264204794579,0.9781473579520542
2247,2020-05-10,0.01061784071477534,0.9893821592852247
2248,2020-05-10,0.028754812851415457,0.9712451871485845
2249,2020-05-10,0.010655257070188995,0.989344742929811
2250,2020-05-10,0.03588662496576989,0.9641133750342301
2251,2020-05-10,0.007327720991233355,0.9926722790087666
2252,2020-05-10,0.015775142032408707,0.9842248579675913
2253,2020-05-10,0.007468674086364979,0.992531325913635
2254,2020-05-10,0.011163397122621266,0.9888366028773787
2255,2020-05-10,0.006365750196666187,0.9936342498033338
2256,2020-05-10,0.05172888295660649,0.9482711170433935
2257,2020-05-10,0.005671679535012353,0.9943283204649876
2258,2020-05-10,0.044213252375805645,0.9557867476241944
2259,2020-05-10,0.010947157850584421,0.9890528421494156
2260,2020-05-10,0.02455513953027777,0.9754448604697222
2261,2020-05-10,0.038927604001051,0.961072395998949
2262,2020-05-10,0.02718573409257652,0.9728142659074235
2263,2020-05-10,0.01916383977328784,0.9808361602267122
2264,2020-05-10,0.00713780574303613,0.9928621942569639
2265,2020-05-10,0.02360983997011823,0.9763901600298818
2266,2020-05-10,0.011939156403397044,0.988060843596603
2268,2020-05-10,0.01811546692531707,0.9818845330746829
2269,2020-05-10,0.019298146515089654,0.9807018534849103
2270,2020-05-10,0.010771123582073439,0.9892288764179266
2271,2020-05-10,0.013327968520735367,0.9866720314792646
2272,2020-05-10,0.005053559418309428,0.9949464405816906
2273,2020-05-10,0.012059798627994,0.987940201372006
2274,2020-05-10,0.05067073684158219,0.9493292631584178
2275,2020-05-10,0.0451696465624819,0.9548303534375181
2276,2020-05-10,0.021699451623149346,0.9783005483768507
2277,2020-05-10,0.015696969208856326,0.9843030307911437
2278,2020-05-10,0.01378205730328863,0.9862179426967114
2279,2020-05-10,0.007527474451572647,0.9924725255484274
2280,2020-05-10,0.025839987665662756,0.9741600123343372
2281,2020-05-10,0.01573092659092734,0.9842690734090727
2282,2020-05-10,0.01445515782224882,0.9855448421777512
2284,2020-05-10,0.03360495286926679,0.9663950471307332
2285,2020-05-10,0.004049066037785987,0.995950933962214
2287,2020-05-10,0.016091458411783055,0.983908541588217
2288,2020-05-10,0.005096214203244354,0.9949037857967556
2289,2020-05-10,0.00689507388903432,0.9931049261109657
2290,2020-05-10,0.011719550514895594,0.9882804494851044
2291,2020-05-10,0.008968351598829027,0.991031648401171
2292,2020-05-10,0.0035450988915317616,0.9964549011084682
2293,2020-05-10,0.008089944405074934,0.9919100555949251
2294,2020-05-10,0.003607874744646633,0.9963921252553534
2295,2020-05-10,0.007168682835817508,0.9928313171641825
2296,2020-05-10,0.053931423002722134,0.9460685769972779
2297,2020-05-10,0.0051533443829617775,0.9948466556170382
2298,2020-05-10,0.03341778888142355,0.9665822111185765
2299,2020-05-10,0.02275563071159381,0.9772443692884062
2300,2020-05-10,0.006184848706916379,0.9938151512930836
2301,2020-05-10,0.0102020349718418,0.9897979650281582
2302,2020-05-10,0.005652858598365396,0.9943471414016346
2303,2020-05-10,0.004045552338944214,0.9959544476610558
2304,2020-05-10,0.03235391639988028,0.9676460836001197
2305,2020-05-10,0.0055353953120080845,0.9944646046879919
2306,2020-05-10,0.002540182364893173,0.9974598176351068
2307,2020-05-10,0.007617620328359442,0.9923823796716406
2308,2020-05-10,0.00449963059813796,0.995500369401862
2310,2020-05-10,0.005329667263791582,0.9946703327362084
2312,2020-05-10,0.02510222697525666,0.9748977730247433
2313,2020-05-10,0.031226570383377283,0.9687734296166227
2314,2020-05-10,0.004773768555039304,0.9952262314449607
2315,2020-05-10,0.026447656355082838,0.9735523436449172
2316,2020-05-10,0.03049899277817225,0.9695010072218277
2317,2020-05-10,0.021856639785223564,0.9781433602147764
2319,2020-05-10,0.004853957050738655,0.9951460429492613
2320,2020-05-10,0.0276711669831039,0.9723288330168961
2321,2020-05-10,0.0248797597023237,0.9751202402976763
2322,2020-05-10,0.0037391504975458068,0.9962608495024542
2323,2020-05-10,0.001858432201984006,0.998141567798016
2324,2020-05-10,0.054123423045495,0.945876576954505
2325,2020-05-10,0.02275655738554283,0.9772434426144572
2326,2020-05-10,0.018596703794483083,0.9814032962055169
2328,2020-05-10,0.029175958903438604,0.9708240410965614
2329,2020-05-10,0.030245598910180305,0.9697544010898197
2331,2020-05-10,0.028760813258683293,0.9712391867413167
2332,2020-05-10,0.010178171022929505,0.9898218289770705
2333,2020-05-10,0.003421685249408002,0.996578314750592
2334,2020-05-10,0.021359223537588568,0.9786407764624114
2335,2020-05-10,0.032771102690691944,0.9672288973093081
2336,2020-05-10,0.026160237902353112,0.9738397620976469
2337,2020-05-10,0.039086421009639105,0.9609135789903609
2338,2020-05-10,0.013441135347886823,0.9865588646521132
2339,2020-05-10,0.050186562815048075,0.9498134371849519
2340,2020-05-10,0.001493393398246945,0.998506606601753
2342,2020-05-10,0.00818126907425809,0.9918187309257419
2343,2020-05-10,0.03283800799314662,0.9671619920068534
2344,2020-05-10,0.041431747960714915,0.9585682520392851
2345,2020-05-10,0.009926391882475794,0.9900736081175242
2346,2020-05-10,0.009612366539466288,0.9903876334605337
2347,2020-05-10,0.031771596631520294,0.9682284033684797
2348,2020-05-10,0.025102369545862313,0.9748976304541377
2349,2020-05-10,0.012666544154065984,0.987333455845934
2350,2020-05-10,0.003608173668506187,0.9963918263314938
2352,2020-05-10,0.018840464915141908,0.9811595350848581
2355,2020-05-10,0.0224425247899801,0.9775574752100199
2356,2020-05-10,0.0022009787671823933,0.9977990212328176
2357,2020-05-10,0.012988697842922337,0.9870113021570777
2358,2020-05-10,0.01417255558169217,0.9858274444183078
2359,2020-05-10,0.01421838905555639,0.9857816109444436
2361,2020-05-10,0.030378364354800014,0.9696216356452
2362,2020-05-10,0.01373997658348447,0.9862600234165155
2363,2020-05-10,0.007138713916574502,0.9928612860834255
2364,2020-05-10,0.02366354755612321,0.9763364524438768
2365,2020-05-10,0.002817255977994093,0.9971827440220059
2366,2020-05-10,0.027885113016332674,0.9721148869836673
2367,2020-05-10,0.004292541403416061,0.9957074585965839
2368,2020-05-10,0.02450203059684808,0.9754979694031519
2369,2020-05-10,0.005860332505396193,0.9941396674946038
2370,2020-05-10,0.005942835773815047,0.994057164226185
2371,2020-05-10,0.012986076928171553,0.9870139230718284
2372,2020-05-10,0.007623637686566931,0.9923763623134331
2373,2020-05-10,0.013401095058829582,0.9865989049411704
2374,2020-05-10,0.022378735378300596,0.9776212646216994
2375,2020-05-10,0.01325428959320929,0.9867457104067907
2376,2020-05-10,0.0211337061032697,0.9788662938967303
2378,2020-05-10,0.006733125893786496,0.9932668741062135
2379,2020-05-10,0.0021010348471036666,0.9978989651528963
2380,2020-05-10,0.031080548881359027,0.968919451118641
2381,2020-05-10,0.01865731375813462,0.9813426862418654
2382,2020-05-10,0.004316577701305779,0.9956834222986942
2383,2020-05-10,0.0327096295340249,0.9672903704659751
2384,2020-05-10,0.06761600824951586,0.9323839917504841
2385,2020-05-10,0.006015637129264895,0.9939843628707351
2386,2020-05-10,0.006796447248724857,0.9932035527512751
2387,2020-05-10,0.0054681918157835074,0.9945318081842165
2388,2020-05-10,0.018112988119606155,0.9818870118803938
2389,2020-05-10,0.010308161341254563,0.9896918386587454
2390,2020-05-10,0.005910079850271699,0.9940899201497283
2391,2020-05-10,0.021528272071962173,0.9784717279280378
2393,2020-05-10,0.017082761495470833,0.9829172385045292
2394,2020-05-10,0.009669455114811765,0.9903305448851882
2395,2020-05-10,0.027799870808513205,0.9722001291914868
2396,2020-05-10,0.00835924738216376,0.9916407526178362
2397,2020-05-10,0.024595424772059893,0.9754045752279401
2398,2020-05-10,0.005133750265145398,0.9948662497348546
2399,2020-05-10,0.04101133881243013,0.9589886611875699
2401,2020-05-10,0.006314307165294242,0.9936856928347058
2402,2020-05-10,0.02175831339024281,0.9782416866097572
2404,2020-05-10,0.011793376830619873,0.9882066231693801
2405,2020-05-10,0.015841112083332387,0.9841588879166676
2406,2020-05-10,0.014976256497841955,0.985023743502158
2407,2020-05-10,0.02966048188696313,0.9703395181130369
2409,2020-05-10,0.00871938338268552,0.9912806166173145
2410,2020-05-10,0.006727476474747696,0.9932725235252523
2411,2020-05-10,0.02606887897933774,0.9739311210206623
2412,2020-05-10,0.001357603645898986,0.998642396354101
2413,2020-05-10,0.0038952785183241634,0.9961047214816758
2414,2020-05-10,0.016751105474709482,0.9832488945252905
2415,2020-05-10,0.03998483628812777,0.9600151637118722
2416,2020-05-10,0.0074231110830772495,0.9925768889169228
2417,2020-05-10,0.003437770095190973,0.996562229904809
2418,2020-05-10,0.013211202384200815,0.9867887976157992
2419,2020-05-10,0.0027867883924167502,0.9972132116075832
2420,2020-05-10,0.005769872859858305,0.9942301271401417
2421,2020-05-10,0.017336472088689492,0.9826635279113105
2423,2020-05-10,0.01130973708110583,0.9886902629188942
2424,2020-05-10,0.01751587351708417,0.9824841264829158
2425,2020-05-10,0.008588405981873382,0.9914115940181266
2426,2020-05-10,0.005898820004337391,0.9941011799956626
2428,2020-05-10,0.01385776925043447,0.9861422307495655
2429,2020-05-10,0.006386613199529267,0.9936133868004707
2430,2020-05-10,0.03222750814518749,0.9677724918548125
2431,2020-05-10,0.024329203500281782,0.9756707964997182
2432,2020-05-10,0.055730333145714295,0.9442696668542857
2433,2020-05-10,0.021926872361441085,0.9780731276385589
2434,2020-05-10,0.032977734271414594,0.9670222657285854
2435,2020-05-10,0.020909701965845406,0.9790902980341546
2436,2020-05-10,0.009432500889840933,0.9905674991101591
2437,2020-05-10,0.002011359389784917,0.9979886406102151
2440,2020-05-10,0.0027824907685408684,0.9972175092314591
2441,2020-05-10,0.06087789747464267,0.9391221025253573
2442,2020-05-10,0.01305150308382319,0.9869484969161768
2443,2020-05-10,0.01679948413036836,0.9832005158696316
2444,2020-05-10,0.031965074319238784,0.9680349256807612
2445,2020-05-10,0.007313617172419629,0.9926863828275804
2446,2020-05-10,0.01088748582450405,0.989112514175496
2447,2020-05-10,0.015455734115601083,0.9845442658843989
2448,2020-05-10,0.037437086935327546,0.9625629130646725
2449,2020-05-10,0.0034985459448548806,0.9965014540551451
2450,2020-05-10,0.03407854600593796,0.965921453994062
2451,2020-05-10,0.03936352521239761,0.9606364747876024
2452,2020-05-10,0.05680530191810618,0.9431946980818938
2453,2020-05-10,0.034856173309424476,0.9651438266905755
2454,2020-05-10,0.041184512444321086,0.9588154875556789
2455,2020-05-10,0.053825149975746056,0.9461748500242539
2456,2020-05-10,0.009100982523448597,0.9908990174765514
2457,2020-05-10,0.05304930434503041,0.9469506956549696
2458,2020-05-10,0.017039757628010355,0.9829602423719896
2459,2020-05-10,0.005298089289186736,0.9947019107108133
2460,2020-05-10,0.03500364267585565,0.9649963573241443
2461,2020-05-10,0.0061065213827287135,0.9938934786172713
2463,2020-05-10,0.01679847473841678,0.9832015252615832
2464,2020-05-10,0.022825011967693154,0.9771749880323068
2466,2020-05-10,0.021940241190219534,0.9780597588097805
2467,2020-05-10,0.009307315577350317,0.9906926844226497
2468,2020-05-10,0.013683411887420283,0.9863165881125797
2469,2020-05-10,0.004059922858670406,0.9959400771413296
2472,2020-05-10,0.008464189510804299,0.9915358104891957
2473,2020-05-10,0.00752979026098588,0.9924702097390141
2474,2020-05-10,0.0032573028679975247,0.9967426971320025
2475,2020-05-10,0.019006227100323625,0.9809937728996764
2476,2020-05-10,0.0074272572458981,0.9925727427541019
2477,2020-05-10,0.01721458188378,0.98278541811622
2478,2020-05-10,0.0075785639830681095,0.9924214360169319
2479,2020-05-10,0.018648568636176255,0.9813514313638237
2480,2020-05-10,0.02076005464986863,0.9792399453501314
2481,2020-05-10,0.010062455583667251,0.9899375444163327
2483,2020-05-10,0.049159695816971105,0.9508403041830289
2484,2020-05-10,0.006733074052762467,0.9932669259472375
2485,2020-05-10,0.011941943899956287,0.9880580561000437
2486,2020-05-10,0.0452582014667684,0.9547417985332316
2487,2020-05-10,0.012764130360185089,0.9872358696398149
2488,2020-05-10,0.041044686818364595,0.9589553131816354
2489,2020-05-10,0.006185674486081427,0.9938143255139186
2490,2020-05-10,0.01389109671363764,0.9861089032863624
2491,2020-05-10,0.00329449829658901,0.996705501703411
2492,2020-05-10,0.004202012638029662,0.9957979873619703
2493,2020-05-10,0.012173652578837957,0.987826347421162
2494,2020-05-10,0.03172991843150763,0.9682700815684924
2495,2020-05-10,0.01760066402257232,0.9823993359774277
2496,2020-05-10,0.009216534276742294,0.9907834657232577
2497,2020-05-10,0.004374336855526795,0.9956256631444732
2499,2020-05-10,0.010146645977321733,0.9898533540226783
2500,2020-05-10,0.02455992239506022,0.9754400776049398
2501,2020-05-10,0.0038377119684087635,0.9961622880315912
2502,2020-05-10,0.020442523649287225,0.9795574763507128
2503,2020-05-10,0.021165085989347965,0.978834914010652
2504,2020-05-10,0.014018301838744196,0.9859816981612558
2505,2020-05-10,0.01168199009098847,0.9883180099090115
2507,2020-05-10,0.004004888651855776,0.9959951113481442
2509,2020-05-10,0.020617100507587804,0.9793828994924122
2510,2020-05-10,0.06799335744719914,0.9320066425528009
2511,2020-05-10,0.015777437237223135,0.9842225627627769
2512,2020-05-10,0.048757074094263775,0.9512429259057362
2513,2020-05-10,0.008278629057401177,0.9917213709425988
2514,2020-05-10,0.0025115958342237787,0.9974884041657762
2515,2020-05-10,0.0014545785037342052,0.9985454214962658
2517,2020-05-10,0.0069752549990268475,0.9930247450009732
2518,2020-05-10,0.004131045906296316,0.9958689540937037
2519,2020-05-10,0.01906842255540364,0.9809315774445964
2520,2020-05-10,0.020265511553590798,0.9797344884464092
2521,2020-05-10,0.024064851612283333,0.9759351483877167
2523,2020-05-10,0.007294648350663735,0.9927053516493363
2524,2020-05-10,0.02530855734663917,0.9746914426533608
2525,2020-05-10,0.0015394196606549615,0.998460580339345
2526,2020-05-10,0.0589107251825165,0.9410892748174835
2527,2020-05-10,0.0019676829453226796,0.9980323170546773
2528,2020-05-10,0.052189283951698195,0.9478107160483018
2529,2020-05-10,0.03194217039877101,0.968057829601229
2530,2020-05-10,0.03229177292906382,0.9677082270709362
2531,2020-05-10,0.01375638122986389,0.9862436187701361
2532,2020-05-10,0.005442621117262458,0.9945573788827375
2533,2020-05-10,0.01535710162133408,0.9846428983786659
2534,2020-05-10,0.019211161995007053,0.980788838004993
2535,2020-05-10,0.0037426236314346273,0.9962573763685654
2536,2020-05-10,0.02778163558262381,0.9722183644173762
2537,2020-05-10,0.0042702556801081926,0.9957297443198918
2538,2020-05-10,0.016011089550889812,0.9839889104491102
2539,2020-05-10,0.010337036069084982,0.989662963930915
2540,2020-05-10,0.011199602316294355,0.9888003976837056
2541,2020-05-10,0.012211807131586871,0.9877881928684131
2542,2020-05-10,0.03565873529167096,0.964341264708329
2543,2020-05-10,0.0059770148145611435,0.9940229851854389
2544,2020-05-10,0.07185910083587888,0.9281408991641211
2545,2020-05-10,0.003991266210097932,0.9960087337899021
2546,2020-05-10,0.011491044911275061,0.9885089550887249
2547,2020-05-10,0.014659778016868352,0.9853402219831316
2548,2020-05-10,0.05626422365629091,0.9437357763437091
2549,2020-05-10,0.011926201822385352,0.9880737981776146
2550,2020-05-10,0.005928174236907946,0.994071825763092
2551,2020-05-10,0.011454711387962058,0.9885452886120379
2552,2020-05-10,0.011423982517518416,0.9885760174824816
2553,2020-05-10,0.012835731566221864,0.9871642684337781
2555,2020-05-10,0.023722373573217048,0.976277626426783
2556,2020-05-10,0.04892833264766827,0.9510716673523317
2557,2020-05-10,0.013075224490516235,0.9869247755094838
2559,2020-05-10,0.005901364500699557,0.9940986354993004
2560,2020-05-10,0.005080567889850118,0.9949194321101499
2561,2020-05-10,0.03550983047214307,0.9644901695278569
2563,2020-05-10,0.005457645579205805,0.9945423544207942
2564,2020-05-10,0.0731212033444959,0.9268787966555041
2566,2020-05-10,0.047354838368083185,0.9526451616319168
2567,2020-05-10,0.014386881362313475,0.9856131186376865
2568,2020-05-10,0.01196553987437432,0.9880344601256257
2569,2020-05-10,0.012442711735742074,0.9875572882642579
2570,2020-05-10,0.007208320802315038,0.992791679197685
2571,2020-05-10,0.007627831132168361,0.9923721688678316
2572,2020-05-10,0.0054204400335454705,0.9945795599664545
2573,2020-05-10,0.01602505745666727,0.9839749425433327
2574,2020-05-10,0.00700124367326771,0.9929987563267323
2575,2020-05-10,0.0019614260332161404,0.9980385739667839
2576,2020-05-10,0.02268650249336024,0.9773134975066398
2578,2020-05-10,0.031439594289115025,0.968560405710885
2579,2020-05-10,0.007126325712663029,0.992873674287337
2580,2020-05-10,0.03548348651922806,0.9645165134807719
2581,2020-05-10,0.022751439682280106,0.9772485603177199
2582,2020-05-10,0.01448238946981606,0.9855176105301839
2583,2020-05-10,0.07139864144153563,0.9286013585584644
2584,2020-05-10,0.015818137865747595,0.9841818621342524
2585,2020-05-10,0.044248805117489076,0.9557511948825109
2586,2020-05-10,0.012310129909695045,0.987689870090305
2587,2020-05-10,0.033901556169660285,0.9660984438303397
2589,2020-05-10,0.07785517653352891,0.9221448234664711
2590,2020-05-10,0.0076757845851209705,0.992324215414879
2591,2020-05-10,0.021393075030048614,0.9786069249699514
2592,2020-05-10,0.09442491060401015,0.9055750893959899
2593,2020-05-10,0.025763424690535497,0.9742365753094645
2594,2020-05-10,0.029120245979389114,0.9708797540206109
2595,2020-05-10,0.030136623164291,0.969863376835709
2596,2020-05-10,0.0320980228687473,0.9679019771312527
2597,2020-05-10,0.04364571442256249,0.9563542855774375
2598,2020-05-10,0.005254846755140985,0.994745153244859
2599,2020-05-10,0.0035719681773280776,0.9964280318226719
2600,2020-05-10,0.033138040504463895,0.9668619594955361
2601,2020-05-10,0.02977594663682992,0.9702240533631701
2603,2020-05-10,0.020251079168042252,0.9797489208319577
2604,2020-05-10,0.011446243476317619,0.9885537565236824
2605,2020-05-10,0.01570530755785149,0.9842946924421485
2607,2020-05-10,0.02990579783084113,0.9700942021691589
2608,2020-05-10,0.011133075739554243,0.9888669242604458
2609,2020-05-10,0.024810829639534515,0.9751891703604655
2610,2020-05-10,0.01131727768176527,0.9886827223182347
2611,2020-05-10,0.04787181467510293,0.9521281853248971
2612,2020-05-10,0.02184609608812127,0.9781539039118787
2613,2020-05-10,0.001297560506718587,0.9987024394932814
2614,2020-05-10,0.021493810845359063,0.9785061891546409
2615,2020-05-10,0.014295169335772573,0.9857048306642274
2616,2020-05-10,0.027149216448428826,0.9728507835515712
2617,2020-05-10,0.003311628431483138,0.9966883715685169
2619,2020-05-10,0.013350632065206258,0.9866493679347937
2620,2020-05-10,0.02138271316944973,0.9786172868305503
2621,2020-05-10,0.019775354209403906,0.9802246457905961
2622,2020-05-10,0.005901736582508921,0.9940982634174911
2623,2020-05-10,0.006068010451202421,0.9939319895487976
2624,2020-05-10,0.019203954286754588,0.9807960457132454
2625,2020-05-10,0.003471246536397077,0.9965287534636029
2626,2020-05-10,0.013645213070328954,0.986354786929671
2627,2020-05-10,0.00606221433327947,0.9939377856667205
2628,2020-05-10,0.023094247636372245,0.9769057523636278
2629,2020-05-10,0.005232851101048763,0.9947671488989512
2630,2020-05-10,0.02855060289503375,0.9714493971049663
2631,2020-05-10,0.02913168368766106,0.9708683163123389
2632,2020-05-10,0.0008793401254180155,0.999120659874582
2633,2020-05-10,0.001122105680365637,0.9988778943196344
2634,2020-05-10,0.017979316413417767,0.9820206835865822
2635,2020-05-10,0.010172714811384709,0.9898272851886153
2636,2020-05-10,0.001501689153630803,0.9984983108463692
2637,2020-05-10,0.006291279894207857,0.9937087201057921
2638,2020-05-10,0.00587053118991776,0.9941294688100822
2639,2020-05-10,0.03375511847516233,0.9662448815248377
2640,2020-05-10,0.0027933028987695563,0.9972066971012304
2641,2020-05-10,0.007678303660532015,0.992321696339468
2642,2020-05-10,0.001693886770127162,0.9983061132298728
2643,2020-05-10,0.009657152484464748,0.9903428475155353
2645,2020-05-10,0.0031584972726642624,0.9968415027273357
2646,2020-05-10,0.009830192364083445,0.9901698076359166
2647,2020-05-10,0.006279595684534733,0.9937204043154653
2648,2020-05-10,0.027941759110100328,0.9720582408898997
2649,2020-05-10,0.02537824396646604,0.974621756033534
2650,2020-05-10,0.03146961445049912,0.9685303855495009
2651,2020-05-10,0.007267380296639314,0.9927326197033607
2652,2020-05-10,0.013095141310141556,0.9869048586898584
2653,2020-05-10,0.0037555014823618116,0.9962444985176382
2654,2020-05-10,0.024274547465570673,0.9757254525344293
2655,2020-05-10,0.02556595932961525,0.9744340406703847
2656,2020-05-10,0.011921144169576792,0.9880788558304232
2657,2020-05-10,0.007906416309745645,0.9920935836902544
2658,2020-05-10,0.005802064555289199,0.9941979354447108
2659,2020-05-10,0.013587634237365975,0.986412365762634
2661,2020-05-10,0.023664649350783606,0.9763353506492164
2662,2020-05-10,0.015511525726235709,0.9844884742737643
2663,2020-05-10,0.012163563072555394,0.9878364369274446
2664,2020-05-10,0.009497680174518353,0.9905023198254816
2666,2020-05-10,0.008763882566777403,0.9912361174332226
2667,2020-05-10,0.08386412215571126,0.9161358778442887
2669,2020-05-10,0.03432709779458165,0.9656729022054183
2670,2020-05-10,0.00454511895034182,0.9954548810496582
2671,2020-05-10,0.018447018371462454,0.9815529816285375
2672,2020-05-10,0.006221523437379584,0.9937784765626204
2674,2020-05-10,0.008108700335061392,0.9918912996649386
2675,2020-05-10,0.024359811744462112,0.9756401882555379
2676,2020-05-10,0.0032113885558712196,0.9967886114441288
2677,2020-05-10,0.002826627451711916,0.9971733725482881
2678,2020-05-10,0.019859144837319986,0.98014085516268
2679,2020-05-10,0.06133253999639454,0.9386674600036055
2680,2020-05-10,0.02675977145043662,0.9732402285495634
2681,2020-05-10,0.011179926782669103,0.9888200732173309
2682,2020-05-10,0.02411001877816421,0.9758899812218358
2683,2020-05-10,0.019171121726696327,0.9808288782733037
2684,2020-05-10,0.002925688529262005,0.997074311470738
2685,2020-05-10,0.02313610622669704,0.976863893773303
2686,2020-05-10,0.0069984892773800045,0.99300151072262
2687,2020-05-10,0.01191549726839991,0.9880845027316001
2688,2020-05-10,0.06218869273251593,0.9378113072674841
2689,2020-05-10,0.05226745326360216,0.9477325467363978
2690,2020-05-10,0.009617611669327064,0.9903823883306729
2691,2020-05-10,0.013132616125472896,0.9868673838745271
2692,2020-05-10,0.01083105255666672,0.9891689474433333
2693,2020-05-10,0.015521057330229682,0.9844789426697703
2695,2020-05-10,0.02276550433346569,0.9772344956665343
2696,2020-05-10,0.005380244853870231,0.9946197551461298
2697,2020-05-10,0.019759154179537886,0.9802408458204621
2698,2020-05-10,0.03423834094206202,0.965761659057938
2699,2020-05-10,0.008285528583799051,0.991714471416201
2700,2020-05-10,0.029312066832023587,0.9706879331679764
2701,2020-05-10,0.03861212639728984,0.9613878736027102
2702,2020-05-10,0.06042633766287642,0.9395736623371236
2704,2020-05-10,0.0382914287356485,0.9617085712643515
2705,2020-05-10,0.004785032267491163,0.9952149677325088
2706,2020-05-10,0.012865588090006597,0.9871344119099934
2708,2020-05-10,0.005727487541841825,0.9942725124581582
2709,2020-05-10,0.0009090651787012627,0.9990909348212987
2710,2020-05-10,0.0032986312136764617,0.9967013687863235
2711,2020-05-10,0.006060969691916163,0.9939390303080838
2713,2020-05-10,0.003904481889126732,0.9960955181108733
2714,2020-05-10,0.015263926634652925,0.9847360733653471
2715,2020-05-10,0.008308339321251301,0.9916916606787487
2716,2020-05-10,0.013480465227127425,0.9865195347728726
2717,2020-05-10,0.007261473195953938,0.9927385268040461
2718,2020-05-10,0.03831094552538383,0.9616890544746162
2719,2020-05-10,0.012433559033238617,0.9875664409667614
2720,2020-05-10,0.01174665447295331,0.9882533455270467
2721,2020-05-10,0.022174976918466927,0.9778250230815331
2722,2020-05-10,0.007012395298033991,0.992987604701966
2723,2020-05-10,0.04867866487260908,0.9513213351273909
2724,2020-05-10,0.01723826884801194,0.9827617311519881
2725,2020-05-10,0.033516290886339895,0.9664837091136601
2726,2020-05-10,0.004747699470669886,0.9952523005293301
2728,2020-05-10,0.00424574243682585,0.9957542575631741
2729,2020-05-10,0.0062010879501092075,0.9937989120498908
2731,2020-05-10,0.01162184712805936,0.9883781528719406
2732,2020-05-10,0.012054451996376558,0.9879455480036234
2733,2020-05-10,0.006732907580678682,0.9932670924193213
2734,2020-05-10,0.0042759019605932425,0.9957240980394068
2735,2020-05-10,0.00379319946123291,0.9962068005387671
2736,2020-05-10,0.06260557762100993,0.9373944223789901
2737,2020-05-10,0.019492152276132102,0.9805078477238679
2738,2020-05-10,0.003489154847276743,0.9965108451527233
2739,2020-05-10,0.011198700065983447,0.9888012999340166
2740,2020-05-10,0.021511302333766635,0.9784886976662334
2741,2020-05-10,0.008855428511779562,0.9911445714882204
2742,2020-05-10,0.037304566654770666,0.9626954333452293
2743,2020-05-10,0.003174544398492518,0.9968254556015075
2744,2020-05-10,0.0210021667957222,0.9789978332042778
2745,2020-05-10,0.059051406659740846,0.9409485933402592
2747,2020-05-10,0.035764850881056076,0.9642351491189439
2748,2020-05-10,0.00970840747068924,0.9902915925293108
2749,2020-05-10,0.010812296388531872,0.9891877036114681
2750,2020-05-10,0.02174744019481578,0.9782525598051842
2751,2020-05-10,0.062164238479151424,0.9378357615208486
2752,2020-05-10,0.16283822548115123,0.8371617745188488
2754,2020-05-10,0.013697500023691633,0.9863024999763084
2755,2020-05-10,0.01673393965114267,0.9832660603488573
2756,2020-05-10,0.019000893130920793,0.9809991068690792
2757,2020-05-10,0.005070259616061112,0.9949297403839389
2759,2020-05-10,0.023009801236170024,0.97699019876383
2760,2020-05-10,0.012250599658559125,0.9877494003414409
2762,2020-05-10,0.020011331552484135,0.9799886684475159
2763,2020-05-10,0.02942438813812287,0.9705756118618771
2764,2020-05-10,0.0005246897105417592,0.9994753102894582
2765,2020-05-10,0.0115119180286396,0.9884880819713604
2766,2020-05-10,0.0715251261032579,0.9284748738967421
2767,2020-05-10,0.040558961335270816,0.9594410386647292
2768,2020-05-10,0.0025325259928513644,0.9974674740071486
2769,2020-05-10,0.006558676821939224,0.9934413231780608
2771,2020-05-10,0.009798118804886013,0.990201881195114
2772,2020-05-10,0.008369208504980463,0.9916307914950195
2773,2020-05-10,0.0018907709852801213,0.9981092290147199
2774,2020-05-10,0.05833447235622313,0.9416655276437769
2775,2020-05-10,0.003990101272685842,0.9960098987273142
2776,2020-05-10,0.010552061107402477,0.9894479388925975
2777,2020-05-10,0.025679013290703212,0.9743209867092968
2778,2020-05-10,0.0077055973617013995,0.9922944026382986
2779,2020-05-10,0.0028139963276360147,0.997186003672364
2780,2020-05-10,0.03726239978805623,0.9627376002119438
2781,2020-05-10,0.0281088769680784,0.9718911230319216
2782,2020-05-10,0.03282972836244136,0.9671702716375586
2783,2020-05-10,0.008223768557181987,0.991776231442818
2784,2020-05-10,0.011782354998099986,0.9882176450019
2785,2020-05-10,0.0188734245637322,0.9811265754362678
2786,2020-05-10,0.006200252624949609,0.9937997473750504
2787,2020-05-10,0.00812367059878416,0.9918763294012158
2790,2020-05-10,0.027829918720909563,0.9721700812790904
2791,2020-05-10,0.009464871306970823,0.9905351286930292
2792,2020-05-10,0.018373009326621115,0.9816269906733789
2793,2020-05-10,0.003144984723706834,0.9968550152762932
2794,2020-05-10,0.02197666313623603,0.978023336863764
2795,2020-05-10,0.015183997263639504,0.9848160027363605
2796,2020-05-10,0.01654836007181948,0.9834516399281805
2797,2020-05-10,0.015511424618095293,0.9844885753819047
2798,2020-05-10,0.01851285326976737,0.9814871467302326
2799,2020-05-10,0.0166044503865046,0.9833955496134954
2800,2020-05-10,0.0297163885366708,0.9702836114633292
2801,2020-05-10,0.010779026140702141,0.9892209738592979
2802,2020-05-10,0.010431510646429998,0.98956848935357
2803,2020-05-10,0.004867071973848058,0.9951329280261519
2804,2020-05-10,0.04559059122043485,0.9544094087795651
2805,2020-05-10,0.014178354024451223,0.9858216459755488
2806,2020-05-10,0.014856652926213632,0.9851433470737864
2807,2020-05-10,0.01681693507531401,0.983183064924686
2808,2020-05-10,0.0078044450586628455,0.9921955549413372
2809,2020-05-10,0.13225593937362068,0.8677440606263793
2810,2020-05-10,0.05963150986443544,0.9403684901355646
2811,2020-05-10,0.023236305941373492,0.9767636940586265
2812,2020-05-10,0.028044739187829237,0.9719552608121708
2813,2020-05-10,0.014333725872857084,0.9856662741271429
2814,2020-05-10,0.0156046473615713,0.9843953526384287
2816,2020-05-10,0.01309625052669372,0.9869037494733063
2817,2020-05-10,0.011994285422635254,0.9880057145773647
2818,2020-05-10,0.02519235856583113,0.9748076414341689
2819,2020-05-10,0.013449523096231486,0.9865504769037685
2820,2020-05-10,0.060535618113364276,0.9394643818866357
2821,2020-05-10,0.008773319189713247,0.9912266808102868
2822,2020-05-10,0.00996356441957158,0.9900364355804284
2823,2020-05-10,0.016489765625045227,0.9835102343749548
2824,2020-05-10,0.009308191107677999,0.990691808892322
2825,2020-05-10,0.007188653692118074,0.9928113463078819
2827,2020-05-10,0.02731422325970101,0.972685776740299
2828,2020-05-10,0.018532357875135075,0.9814676421248649
2829,2020-05-10,0.022892523148677735,0.9771074768513223
2830,2020-05-10,0.0339342158367828,0.9660657841632172
2832,2020-05-10,0.02699418177012769,0.9730058182298723
2833,2020-05-10,0.06206357490980641,0.9379364250901936
2834,2020-05-10,0.0591334748822544,0.9408665251177456
2835,2020-05-10,0.005670845244037381,0.9943291547559626
2836,2020-05-10,0.03964232979734317,0.9603576702026568
2837,2020-05-10,0.016828813800508713,0.9831711861994913
2838,2020-05-10,0.014951768276720068,0.9850482317232799
2839,2020-05-10,0.01679704814283478,0.9832029518571652
2840,2020-05-10,0.016224126312204268,0.9837758736877957
2842,2020-05-10,0.02002342797399126,0.9799765720260087
2843,2020-05-10,0.027230631217693646,0.9727693687823064
2844,2020-05-10,0.0008256247534801364,0.9991743752465199
2845,2020-05-10,0.011188981013468768,0.9888110189865312
2846,2020-05-10,0.019734202142172808,0.9802657978578272
2847,2020-05-10,0.040317286388890095,0.9596827136111099
2848,2020-05-10,0.013509636401937919,0.9864903635980621
2849,2020-05-10,0.015110440130479241,0.9848895598695208
2850,2020-05-10,0.016187849090451012,0.983812150909549
2852,2020-05-10,0.007284781515467298,0.9927152184845327
2853,2020-05-10,0.008521871132304737,0.9914781288676953
2854,2020-05-10,0.01498968737894002,0.98501031262106
2855,2020-05-10,0.029203399560522314,0.9707966004394777
2856,2020-05-10,0.028801248907305732,0.9711987510926943
2857,2020-05-10,0.021870679258842562,0.9781293207411574
2858,2020-05-10,0.016780055342705102,0.9832199446572949
2859,2020-05-10,0.04090490456368201,0.959095095436318
2860,2020-05-10,0.019579477494354403,0.9804205225056456
2861,2020-05-10,0.007677901861243841,0.9923220981387562
2862,2020-05-10,0.055176743532120875,0.9448232564678791
2863,2020-05-10,0.03884119134983677,0.9611588086501632
2864,2020-05-10,0.00439775195396197,0.995602248046038
2865,2020-05-10,0.02111045013099422,0.9788895498690058
2866,2020-05-10,0.011843759169362977,0.988156240830637
2867,2020-05-10,0.014504806495716727,0.9854951935042833
2868,2020-05-10,0.05791217365253698,0.942087826347463
2869,2020-05-10,0.08316774253254122,0.9168322574674588
2870,2020-05-10,0.025699780984833387,0.9743002190151666
2871,2020-05-10,0.02863127141333288,0.9713687285866671
2872,2020-05-10,0.007046362812448526,0.9929536371875515
2873,2020-05-10,0.02069626490528531,0.9793037350947147
2874,2020-05-10,0.017082970712197665,0.9829170292878023
2875,2020-05-10,0.04540673056016742,0.9545932694398326
2876,2020-05-10,0.003331666596249283,0.9966683334037507
2877,2020-05-10,0.01672872819218385,0.9832712718078161
2878,2020-05-10,0.015018519807509456,0.9849814801924905
2880,2020-05-10,0.020571542359005268,0.9794284576409947
2881,2020-05-10,0.005363754981043911,0.9946362450189561
2883,2020-05-10,0.017039460602218504,0.9829605393977815
2884,2020-05-10,0.05010688704905064,0.9498931129509494
2885,2020-05-10,0.004257810089555503,0.9957421899104445
2886,2020-05-10,0.018717892987739848,0.9812821070122602
2887,2020-05-10,0.015812573183427103,0.9841874268165729
2888,2020-05-10,0.011283476837149142,0.9887165231628509
2889,2020-05-10,0.019585566905496954,0.980414433094503
2890,2020-05-10,0.002286778127192135,0.9977132218728079
2891,2020-05-10,0.05089337304885655,0.9491066269511435
2892,2020-05-10,0.0279005040401199,0.9720994959598801
2893,2020-05-10,0.02622945500667151,0.9737705449933285
2894,2020-05-10,0.014502003794322538,0.9854979962056775
2895,2020-05-10,0.005854831672862049,0.994145168327138
2896,2020-05-10,0.02604509840202529,0.9739549015979747
2897,2020-05-10,0.0627219408530264,0.9372780591469736
2898,2020-05-10,0.018913427057404952,0.981086572942595
2899,2020-05-10,0.006902289545618667,0.9930977104543813
2900,2020-05-10,0.003779206336793073,0.9962207936632069
2901,2020-05-10,0.060197012386440596,0.9398029876135594
2902,2020-05-10,0.03148067843141222,0.9685193215685878
2903,2020-05-10,0.005697084297217825,0.9943029157027822
2904,2020-05-10,0.003695445060094338,0.9963045549399057
2905,2020-05-10,0.03540578818710516,0.9645942118128948
2906,2020-05-10,0.07148671456569256,0.9285132854343074
2907,2020-05-10,0.004055862250146092,0.9959441377498539
2908,2020-05-10,0.0348621239075646,0.9651378760924354
2909,2020-05-10,0.005410693058039429,0.9945893069419606
2910,2020-05-10,0.020637379266843836,0.9793626207331562
2911,2020-05-10,0.013561320581941483,0.9864386794180585
2913,2020-05-10,0.008888920607184936,0.9911110793928151
2914,2020-05-10,0.006377758524910737,0.9936222414750893
2915,2020-05-10,0.014353981023544793,0.9856460189764552
2917,2020-05-10,0.029434748707499958,0.9705652512925
2918,2020-05-10,0.05052015402290089,0.9494798459770991
2919,2020-05-10,0.012130212682806785,0.9878697873171932
2920,2020-05-10,0.043910806687447956,0.956089193312552
2921,2020-05-10,0.03726128989527211,0.9627387101047279
2922,2020-05-10,0.0155985394471011,0.9844014605528989
2923,2020-05-10,0.006622537026310549,0.9933774629736895
2924,2020-05-10,0.008199204069818777,0.9918007959301812
2925,2020-05-10,0.017372009561928414,0.9826279904380716
2926,2020-05-10,0.02025517569273727,0.9797448243072627
2927,2020-05-10,0.008205475336163004,0.991794524663837
2928,2020-05-10,0.016739726425957335,0.9832602735740427
2929,2020-05-10,0.0008665132086691507,0.9991334867913308
2930,2020-05-10,0.030788388829495306,0.9692116111705047
2931,2020-05-10,0.00878760365719311,0.9912123963428069
2932,2020-05-10,0.005242528828553361,0.9947574711714466
2933,2020-05-10,0.01541079835014958,0.9845892016498504
2935,2020-05-10,0.00931703266499806,0.9906829673350019
2936,2020-05-10,0.004414938440455929,0.9955850615595441
2937,2020-05-10,0.004601421813683171,0.9953985781863168
2939,2020-05-10,0.01756024662589173,0.9824397533741083
2940,2020-05-10,0.0031116034358562583,0.9968883965641437
2942,2020-05-10,0.08812678808834007,0.9118732119116599
2943,2020-05-10,0.012814277789634287,0.9871857222103657
2944,2020-05-10,0.012586921703416132,0.9874130782965839
2946,2020-05-10,0.05557118230813951,0.9444288176918605
2947,2020-05-10,0.0558618948407803,0.9441381051592197
2948,2020-05-10,0.01465377955618874,0.9853462204438113
2949,2020-05-10,0.015438685986286727,0.9845613140137133
2950,2020-05-10,0.01710143326093494,0.9828985667390651
2951,2020-05-10,0.009395641367997531,0.9906043586320025
2953,2020-05-10,0.02721074058561268,0.9727892594143873
2954,2020-05-10,0.007509072518998683,0.9924909274810013
2955,2020-05-10,0.011960235563407862,0.9880397644365921
2956,2020-05-10,0.05861381287017142,0.9413861871298286
2957,2020-05-10,0.020997540197473685,0.9790024598025263
2958,2020-05-10,0.011058548485408326,0.9889414515145917
2959,2020-05-10,0.004232480195168975,0.995767519804831
2961,2020-05-10,0.008150141898800256,0.9918498581011997
2962,2020-05-10,0.022494639239434178,0.9775053607605658
2964,2020-05-10,0.017692308903803355,0.9823076910961966
2966,2020-05-10,0.010180563795043285,0.9898194362049567
2967,2020-05-10,0.08398936600969109,0.9160106339903089
2968,2020-05-10,0.016074219623675057,0.9839257803763249
2969,2020-05-10,0.036664307000158325,0.9633356929998417
2970,2020-05-10,0.005981911852351529,0.9940180881476485
2971,2020-05-10,0.05145573985330132,0.9485442601466987
2972,2020-05-10,0.03553351547143502,0.964466484528565
2973,2020-05-10,0.01616206723057001,0.98383793276943
2974,2020-05-10,0.0049090000974810755,0.9950909999025189
2975,2020-05-10,0.1469862020685292,0.8530137979314708
2976,2020-05-10,0.009713355807119295,0.9902866441928807
2977,2020-05-10,0.014937328771470582,0.9850626712285294
2978,2020-05-10,0.04931320604155898,0.950686793958441
2979,2020-05-10,0.036741439034504664,0.9632585609654953
2980,2020-05-10,0.03241197775792315,0.9675880222420769
2982,2020-05-10,0.012415417173289978,0.98758458282671
2983,2020-05-10,0.005219152553088802,0.9947808474469112
2984,2020-05-10,0.010870304138970832,0.9891296958610292
2985,2020-05-10,0.004732538625091265,0.9952674613749087
2988,2020-05-10,0.028836351640608826,0.9711636483593912
2990,2020-05-10,0.022965628010418127,0.9770343719895819
2991,2020-05-10,0.03925585350270833,0.9607441464972917
2992,2020-05-10,0.03971101730059079,0.9602889826994092
2993,2020-05-10,0.00723873579373735,0.9927612642062627
2994,2020-05-10,0.006156494483636199,0.9938435055163638
2995,2020-05-10,0.0013472521667506898,0.9986527478332493
2996,2020-05-10,0.00406889291953727,0.9959311070804627
2997,2020-05-10,0.021793112624226563,0.9782068873757734
2998,2020-05-10,0.03677009725866609,0.9632299027413339
2999,2020-05-10,0.005315752021565534,0.9946842479784345
3000,2020-05-10,0.002824922223905846,0.9971750777760942
3001,2020-05-10,0.021239412731772656,0.9787605872682273
3002,2020-05-10,0.03342044678073963,0.9665795532192604
3003,2020-05-10,0.027980581617242817,0.9720194183827572
3004,2020-05-10,0.004935643372076415,0.9950643566279236
3005,2020-05-10,0.0012703541007034191,0.9987296458992966
3006,2020-05-10,0.02132153824629468,0.9786784617537053
3007,2020-05-10,0.02343645395390892,0.9765635460460911
3008,2020-05-10,0.010442261309362433,0.9895577386906376
3009,2020-05-10,0.03509170318941068,0.9649082968105893
3010,2020-05-10,0.02045589197772424,0.9795441080222758
3011,2020-05-10,0.0092164134202809,0.9907835865797191
3012,2020-05-10,0.007221869783933577,0.9927781302160664
3013,2020-05-10,0.0015948394816271971,0.9984051605183728
3014,2020-05-10,0.05330555240377988,0.9466944475962201
3015,2020-05-10,0.018714411839344414,0.9812855881606556
3016,2020-05-10,0.0058361162980307135,0.9941638837019693
3017,2020-05-10,0.023005312232774355,0.9769946877672256
3018,2020-05-10,0.04435134422816578,0.9556486557718342
3019,2020-05-10,0.053140131032946236,0.9468598689670538
3020,2020-05-10,0.14321867772256935,0.8567813222774306
3021,2020-05-10,0.01411297954358015,0.9858870204564198
3022,2020-05-10,0.0050299149148413935,0.9949700850851586
3023,2020-05-10,0.02028733397110294,0.9797126660288971
3024,2020-05-10,0.04452797571429934,0.9554720242857007
3025,2020-05-10,0.009777601374268752,0.9902223986257312
3027,2020-05-10,0.010306655947716292,0.9896933440522837
3030,2020-05-10,0.01198793019468114,0.9880120698053189
3031,2020-05-10,0.028074193423769822,0.9719258065762302
3032,2020-05-10,0.01552580666295289,0.9844741933370471
3034,2020-05-10,0.013735797439486719,0.9862642025605133
3035,2020-05-10,0.013434015781413122,0.9865659842185869
3036,2020-05-10,0.0038867978458598795,0.9961132021541401
3038,2020-05-10,0.01941057580593719,0.9805894241940628
3039,2020-05-10,0.0469534291890773,0.9530465708109227
3040,2020-05-10,0.01893236200762971,0.9810676379923703
3041,2020-05-10,0.0352066601533878,0.9647933398466122
3042,2020-05-10,0.049209848925537814,0.9507901510744622
3043,2020-05-10,0.026111306567646042,0.973888693432354
3044,2020-05-10,0.0042478300208033115,0.9957521699791967
3045,2020-05-10,0.011489139847598584,0.9885108601524014
3046,2020-05-10,0.00963452675930121,0.9903654732406988
3047,2020-05-10,0.021716195047585707,0.9782838049524143
3048,2020-05-10,0.006482532767333682,0.9935174672326663
3049,2020-05-10,0.015760959808931774,0.9842390401910682
3050,2020-05-10,0.011106305285969675,0.9888936947140303
3051,2020-05-10,0.01526154107831279,0.9847384589216872
3052,2020-05-10,0.015654517884515218,0.9843454821154848
3053,2020-05-10,0.003821908787273842,0.9961780912127262
3054,2020-05-10,0.02907953075451941,0.9709204692454806
3055,2020-05-10,0.008271902552194788,0.9917280974478052
3056,2020-05-10,0.08758974284094767,0.9124102571590523
3057,2020-05-10,0.007294738616113294,0.9927052613838867
3058,2020-05-10,0.002393873444094141,0.9976061265559059
3059,2020-05-10,0.030196679926393077,0.9698033200736069
3060,2020-05-10,0.005942222162987787,0.9940577778370122
3061,2020-05-10,0.0048956936657226224,0.9951043063342774
3062,2020-05-10,0.003935475528609844,0.9960645244713902
3063,2020-05-10,0.030102000489333203,0.9698979995106668
3064,2020-05-10,0.03568556912989174,0.9643144308701083
3065,2020-05-10,0.02344969485954629,0.9765503051404537
3066,2020-05-10,0.0013564257516738287,0.9986435742483262
3067,2020-05-10,0.07921564991699681,0.9207843500830032
3068,2020-05-10,0.00619705913710511,0.9938029408628949
3069,2020-05-10,0.018528306645087866,0.9814716933549121
3070,2020-05-10,0.030633831484475293,0.9693661685155247
3071,2020-05-10,0.019943576482713055,0.980056423517287
3072,2020-05-10,0.002904433941782192,0.9970955660582178
3073,2020-05-10,0.02565277110335651,0.9743472288966435
3074,2020-05-10,0.0067524390497776254,0.9932475609502224
3075,2020-05-10,0.04481550317127869,0.9551844968287213
3076,2020-05-10,0.008377951810227713,0.9916220481897723
3078,2020-05-10,0.010617943917346828,0.9893820560826532
3079,2020-05-10,0.024599029979559983,0.97540097002044
3080,2020-05-10,0.04170784862573318,0.9582921513742668
3081,2020-05-10,0.013776770769388103,0.9862232292306119
3082,2020-05-10,0.011184065882652638,0.9888159341173474
3083,2020-05-10,0.015396250020023317,0.9846037499799767
3084,2020-05-10,0.005088446278000314,0.9949115537219997
3086,2020-05-10,0.01561289471940075,0.9843871052805993
3087,2020-05-10,0.015250098636835574,0.9847499013631644
3088,2020-05-10,0.0040570917317320765,0.9959429082682679
3089,2020-05-10,0.009129746774768521,0.9908702532252315
3090,2020-05-10,0.02545070964725238,0.9745492903527476
3091,2020-05-10,0.01895710945995821,0.9810428905400418
3092,2020-05-10,0.021908509769900997,0.978091490230099
3093,2020-05-10,0.00779638323432319,0.9922036167656768
3094,2020-05-10,0.019502893316386105,0.9804971066836139
3095,2020-05-10,0.0019041580772041211,0.9980958419227959
3096,2020-05-10,0.02899329526389638,0.9710067047361036
3097,2020-05-10,0.007373072905151656,0.9926269270948483
3098,2020-05-10,0.04085370474738048,0.9591462952526195
3099,2020-05-10,0.017763119531755467,0.9822368804682445
3100,2020-05-10,0.0021187718041328907,0.9978812281958671
3101,2020-05-10,0.03068330421844656,0.9693166957815534
3102,2020-05-10,0.04457381527651472,0.9554261847234853
3103,2020-05-10,0.0014831855789012582,0.9985168144210987
3104,2020-05-10,0.030256557074486268,0.9697434429255137
3105,2020-05-10,0.0023674881093601607,0.9976325118906398
3106,2020-05-10,0.008098371638453838,0.9919016283615462
3107,2020-05-10,0.033696132585689265,0.9663038674143107
3108,2020-05-10,0.004408482168857142,0.9955915178311429
3109,2020-05-10,0.0266038850859035,0.9733961149140965
3110,2020-05-10,0.0020939001037096894,0.9979060998962903
3111,2020-05-10,0.03109146476275415,0.9689085352372458
3112,2020-05-10,0.004951335513980304,0.9950486644860197
3113,2020-05-10,0.009682837817552192,0.9903171621824478
3114,2020-05-10,0.02383449647449043,0.9761655035255096
3115,2020-05-10,0.01945335084693589,0.9805466491530641
3116,2020-05-10,0.02473886613101217,0.9752611338689878
3117,2020-05-10,0.013812061547557208,0.9861879384524428
3118,2020-05-10,0.019716820461312845,0.9802831795386872
3119,2020-05-10,0.001787544666832841,0.9982124553331672
3120,2020-05-10,0.013196500532206668,0.9868034994677933
3121,2020-05-10,0.046215239364479244,0.9537847606355208
3122,2020-05-10,0.007027221856192756,0.9929727781438072
3123,2020-05-10,0.02718708910350842,0.9728129108964916
3124,2020-05-10,0.0019239458100775986,0.9980760541899224
3125,2020-05-10,0.03184288087124132,0.9681571191287587
3126,2020-05-10,0.01408514501407232,0.9859148549859277
3127,2020-05-10,0.045814982060918275,0.9541850179390817
3128,2020-05-10,0.00585545408244581,0.9941445459175542
3129,2020-05-10,0.03958955993506874,0.9604104400649313
3131,2020-05-10,0.008493863253281275,0.9915061367467187
3132,2020-05-10,0.010841980011491947,0.989158019988508
3133,2020-05-10,0.008885751392192276,0.9911142486078077
3134,2020-05-10,0.004278308174889611,0.9957216918251104
3135,2020-05-10,0.0026987549308994385,0.9973012450691006
3136,2020-05-10,0.03320422822362212,0.9667957717763779
3137,2020-05-10,0.01625211309338348,0.9837478869066165
3138,2020-05-10,0.012680191095886917,0.9873198089041131
3140,2020-05-10,0.008125973453047886,0.9918740265469521
3141,2020-05-10,0.012872302666709134,0.9871276973332909
3142,2020-05-10,0.004539516407163546,0.9954604835928365
3143,2020-05-10,0.012371563603564173,0.9876284363964358
3144,2020-05-10,0.015775961605311917,0.9842240383946881
3145,2020-05-10,0.01647889222672083,0.9835211077732792
3146,2020-05-10,0.01208309679700692,0.9879169032029931
3147,2020-05-10,0.019250689593553583,0.9807493104064464
3148,2020-05-10,0.03636721888749561,0.9636327811125044
3150,2020-05-10,0.017608350471198464,0.9823916495288015
3151,2020-05-10,0.009165749554015945,0.990834250445984
3152,2020-05-10,0.02546332382590677,0.9745366761740932
3154,2020-05-10,0.0024072228784266514,0.9975927771215733
3155,2020-05-10,0.05472719272612092,0.9452728072738791
3156,2020-05-10,0.005289733682055098,0.9947102663179449
3157,2020-05-10,0.0151608119556218,0.9848391880443782
3158,2020-05-10,0.03348904829496657,0.9665109517050334
3159,2020-05-10,0.05185121281446026,0.9481487871855397
3162,2020-05-10,0.01761936364406369,0.9823806363559363
3163,2020-05-10,0.005313805326311205,0.9946861946736888
3164,2020-05-10,0.047187034736866695,0.9528129652631333
3165,2020-05-10,0.0030672260618710423,0.996932773938129
3166,2020-05-10,0.019060288634419886,0.9809397113655801
3168,2020-05-10,0.002746054362703476,0.9972539456372965
3169,2020-05-10,0.044344984618947536,0.9556550153810525
3170,2020-05-10,0.05907349046090671,0.9409265095390933
3172,2020-05-10,0.005613301896044809,0.9943866981039552
3173,2020-05-10,0.018715581963287486,0.9812844180367125
3174,2020-05-10,0.015880389421277452,0.9841196105787225
3175,2020-05-10,0.020044139401729666,0.9799558605982703
3176,2020-05-10,0.017828324106282434,0.9821716758937176
3177,2020-05-10,0.0308455000468445,0.9691544999531555
3178,2020-05-10,0.051818039183365805,0.9481819608166342
3179,2020-05-10,0.018828143119171914,0.9811718568808281
3180,2020-05-10,0.009051986589611483,0.9909480134103885
3181,2020-05-10,0.010905382922515194,0.9890946170774848
3182,2020-05-10,0.0059646658640758465,0.9940353341359242
3183,2020-05-10,0.019602553013270185,0.9803974469867298
3184,2020-05-10,0.025861907015638397,0.9741380929843616
3185,2020-05-10,0.021240912054886985,0.978759087945113
3186,2020-05-10,0.012958627106132492,0.9870413728938675
3187,2020-05-10,0.012188424951303123,0.9878115750486969
3188,2020-05-10,0.013979698845864363,0.9860203011541356
3189,2020-05-10,0.006479557755748155,0.9935204422442518
3190,2020-05-10,0.015325212001855992,0.984674787998144
3191,2020-05-10,0.01828681830887513,0.9817131816911249
3192,2020-05-10,0.004881820447921736,0.9951181795520783
3193,2020-05-10,0.012180869343258238,0.9878191306567418
3194,2020-05-10,0.0019491735549500566,0.9980508264450499
3195,2020-05-10,0.011397680110838193,0.9886023198891618
3196,2020-05-10,0.029180684360282427,0.9708193156397176
3197,2020-05-10,0.029498530407610968,0.970501469592389
3198,2020-05-10,0.005830195618021783,0.9941698043819782
3199,2020-05-10,0.018789663473274265,0.9812103365267257
3200,2020-05-10,0.019904678817085353,0.9800953211829146
3203,2020-05-10,0.00263578482367377,0.9973642151763262
3204,2020-05-10,0.005957314693894378,0.9940426853061056
3206,2020-05-10,0.007809234708029855,0.9921907652919701
3209,2020-05-10,0.027901099365407078,0.9720989006345929
3210,2020-05-10,0.00586544569658809,0.9941345543034119
3211,2020-05-10,0.031802201168871,0.968197798831129
3212,2020-05-10,0.02385817767633358,0.9761418223236664
3213,2020-05-10,0.01930034736567643,0.9806996526343236
3214,2020-05-10,0.0114758916412675,0.9885241083587325
3215,2020-05-10,0.006899020969487135,0.9931009790305129
3216,2020-05-10,0.01816440593134705,0.981835594068653
3217,2020-05-10,0.0025070716722241926,0.9974929283277758
3218,2020-05-10,0.0025331416363911785,0.9974668583636088
3220,2020-05-10,0.006387076614949083,0.9936129233850509
3221,2020-05-10,0.028067685517751295,0.9719323144822487
3222,2020-05-10,0.012315287172149358,0.9876847128278506
3223,2020-05-10,0.02959938691469499,0.970400613085305
3224,2020-05-10,0.0032579943836745784,0.9967420056163254
3225,2020-05-10,0.007118710664131833,0.9928812893358682
3226,2020-05-10,0.010465623388775214,0.9895343766112248
3227,2020-05-10,0.00972963733893717,0.9902703626610628
3228,2020-05-10,0.02265348311422999,0.97734651688577
3230,2020-05-10,0.034774668458010805,0.9652253315419892
3231,2020-05-10,0.06480011790631879,0.9351998820936812
3232,2020-05-10,0.014706726756589905,0.9852932732434101
3233,2020-05-10,0.01688617771286738,0.9831138222871326
3234,2020-05-10,0.0066380661302849475,0.993361933869715
3235,2020-05-10,0.006075324658370573,0.9939246753416294
3236,2020-05-10,0.0029050815464596313,0.9970949184535404
3237,2020-05-10,0.004152731441389168,0.9958472685586108
3238,2020-05-10,0.018259063221332195,0.9817409367786678
3239,2020-05-10,0.01746950858963736,0.9825304914103626
3241,2020-05-10,0.007086350414797105,0.9929136495852029
3242,2020-05-10,0.01038027424787702,0.989619725752123
3243,2020-05-10,0.01880384852076633,0.9811961514792337
3244,2020-05-10,0.04734507524578091,0.9526549247542191
3245,2020-05-10,0.003533825357122322,0.9964661746428777
3247,2020-05-10,0.005746981979150023,0.99425301802085
3248,2020-05-10,0.003031499565995799,0.9969685004340042
3250,2020-05-10,0.019042741221306003,0.980957258778694
3251,2020-05-10,0.007377801661268668,0.9926221983387313
3252,2020-05-10,0.041129426330951846,0.9588705736690482
3253,2020-05-10,0.025515371043879576,0.9744846289561204
3254,2020-05-10,0.018774815724868388,0.9812251842751316
3255,2020-05-10,0.022984560267442555,0.9770154397325574
3256,2020-05-10,0.004156476342267346,0.9958435236577327
3257,2020-05-10,0.05841115068588976,0.9415888493141102
3258,2020-05-10,0.012702658856480697,0.9872973411435193
3259,2020-05-10,0.003470999352972237,0.9965290006470278
3260,2020-05-10,0.010946046684891186,0.9890539533151088
3261,2020-05-10,0.00900874961647491,0.9909912503835251
3262,2020-05-10,0.005062881449304446,0.9949371185506956
3263,2020-05-10,0.030820002108900235,0.9691799978910998
3264,2020-05-10,0.016979141522410535,0.9830208584775895
3265,2020-05-10,0.0818220084898792,0.9181779915101208
3266,2020-05-10,0.018469956879833438,0.9815300431201666
3267,2020-05-10,0.046899424478409,0.953100575521591
3268,2020-05-10,0.011371359813671544,0.9886286401863285
3269,2020-05-10,0.0025069802985270284,0.997493019701473
3270,2020-05-10,0.04323695936927752,0.9567630406307225
3271,2020-05-10,0.0049139590132324384,0.9950860409867676
3272,2020-05-10,0.021972036223741553,0.9780279637762584
3273,2020-05-10,0.0027481658581983703,0.9972518341418016
3274,2020-05-10,0.004886786663208076,0.9951132133367919
3275,2020-05-10,0.0019051356118245932,0.9980948643881754
3276,2020-05-10,0.004940226747530696,0.9950597732524693
3277,2020-05-10,0.01484854323585394,0.9851514567641461
3278,2020-05-10,0.007752872344693906,0.9922471276553061
3280,2020-05-10,0.0065094118227089215,0.9934905881772911
3281,2020-05-10,0.025370003904556016,0.974629996095444
3283,2020-05-10,0.10665257054698962,0.8933474294530104
3284,2020-05-10,0.008120077108455193,0.9918799228915448
3286,2020-05-10,0.017931696679283182,0.9820683033207168
3287,2020-05-10,0.0119965924558314,0.9880034075441686
3288,2020-05-10,0.017916354808609092,0.9820836451913909
3289,2020-05-10,0.0009098524520818607,0.9990901475479181
3290,2020-05-10,0.0030066131983615962,0.9969933868016384
3292,2020-05-10,0.011294435510822542,0.9887055644891775
3293,2020-05-10,0.02308788074096757,0.9769121192590324
3294,2020-05-10,0.010531535439204265,0.9894684645607957
3295,2020-05-10,0.020597751591689306,0.9794022484083107
3296,2020-05-10,0.003169370540031191,0.9968306294599688
3297,2020-05-10,0.007980001303129702,0.9920199986968703
3298,2020-05-10,0.006051429127328367,0.9939485708726716
3299,2020-05-10,0.005429376672661634,0.9945706233273384
3300,2020-05-10,0.016428900102123833,0.9835710998978762
3301,2020-05-10,0.020365866234972607,0.9796341337650274
3302,2020-05-10,0.002006232156617216,0.9979937678433828
3303,2020-05-10,0.01063862699508622,0.9893613730049138
3305,2020-05-10,0.009229846938972996,0.990770153061027
3306,2020-05-10,0.00658222491247884,0.9934177750875212
3307,2020-05-10,0.026185162613907687,0.9738148373860923
3308,2020-05-10,0.014814700701167638,0.9851852992988324
3309,2020-05-10,0.02136218143948676,0.9786378185605132
3310,2020-05-10,0.00383669317523061,0.9961633068247694
3311,2020-05-10,0.0077071426270389765,0.992292857372961
3312,2020-05-10,0.01727223154579427,0.9827277684542057
3314,2020-05-10,0.017315014820907026,0.982684985179093
3315,2020-05-10,0.004441839344921594,0.9955581606550784
3316,2020-05-10,0.009388242192837848,0.9906117578071622
3317,2020-05-10,0.013518656520545402,0.9864813434794546
3318,2020-05-10,0.03289432792074909,0.9671056720792509
3319,2020-05-10,0.011097933027427453,0.9889020669725725
3321,2020-05-10,0.050090437107590535,0.9499095628924095
3322,2020-05-10,0.029903484800038793,0.9700965151999612
3323,2020-05-10,0.006277509049259722,0.9937224909507403
3324,2020-05-10,0.01498649344641112,0.9850135065535889
3325,2020-05-10,0.008809699607120303,0.9911903003928797
3326,2020-05-10,0.008965990037735683,0.9910340099622643
3327,2020-05-10,0.00459676387424357,0.9954032361257564
3328,2020-05-10,0.062124265811674184,0.9378757341883258
3329,2020-05-10,0.004964679154478513,0.9950353208455215
3331,2020-05-10,0.00998472425120911,0.9900152757487909
3332,2020-05-10,0.01200469884805433,0.9879953011519457
3333,2020-05-10,0.027906992096764505,0.9720930079032355
3334,2020-05-10,0.0063226195780125005,0.9936773804219875
3336,2020-05-10,0.012116553144020603,0.9878834468559794
3337,2020-05-10,0.008029522476680762,0.9919704775233192
3338,2020-05-10,0.010554185309677111,0.9894458146903229
3339,2020-05-10,0.016658649865955777,0.9833413501340442
3340,2020-05-10,0.003079895185498893,0.9969201048145011
3341,2020-05-10,0.005667029160479342,0.9943329708395207
3342,2020-05-10,0.009008256156258887,0.9909917438437411
3343,2020-05-10,0.04233407859875893,0.9576659214012411
3344,2020-05-10,0.037356949002645856,0.9626430509973541
3345,2020-05-10,0.014834419372307894,0.9851655806276921
3347,2020-05-10,0.020261937606430247,0.9797380623935698
3348,2020-05-10,0.01581918003343974,0.9841808199665603
3349,2020-05-10,0.019315603054696262,0.9806843969453037
3351,2020-05-10,0.008775594061358749,0.9912244059386413
3352,2020-05-10,0.003434345267933514,0.9965656547320665
3353,2020-05-10,0.00390695276998565,0.9960930472300144
3354,2020-05-10,0.013428254870543888,0.9865717451294561
3356,2020-05-10,0.06394731944657184,0.9360526805534282
3358,2020-05-10,0.019239235761042806,0.9807607642389572
3359,2020-05-10,0.020286067310213096,0.9797139326897869
3362,2020-05-10,0.01978536155455235,0.9802146384454477
3364,2020-05-10,0.02348238363868682,0.9765176163613132
3365,2020-05-10,0.012167808000172697,0.9878321919998273
3366,2020-05-10,0.0033965511822755534,0.9966034488177244
3367,2020-05-10,0.018300785704516098,0.9816992142954839
3368,2020-05-10,0.00560321181996104,0.994396788180039
3369,2020-05-10,0.008703773084480892,0.9912962269155191
3370,2020-05-10,0.023519378493859877,0.9764806215061401
3371,2020-05-10,0.013576930607281379,0.9864230693927186
3372,2020-05-10,0.00999543721152174,0.9900045627884783
3373,2020-05-10,0.050403569609648424,0.9495964303903516
3374,2020-05-10,0.004250179388820108,0.9957498206111799
3375,2020-05-10,0.0389466736839269,0.9610533263160731
3376,2020-05-10,0.06934845432258041,0.9306515456774196
3377,2020-05-10,0.013700689476279448,0.9862993105237206
3378,2020-05-10,0.045028199826702475,0.9549718001732975
3379,2020-05-10,0.02209807571073974,0.9779019242892603
3380,2020-05-10,0.007530358080859556,0.9924696419191404
3381,2020-05-10,0.012408422372417016,0.987591577627583
3383,2020-05-10,0.00553181002375025,0.9944681899762498
3384,2020-05-10,0.07918249893765861,0.9208175010623414
3386,2020-05-10,0.014659473845259896,0.9853405261547401
3387,2020-05-10,0.007882259048436424,0.9921177409515636
3388,2020-05-10,0.014406741494552566,0.9855932585054474
3389,2020-05-10,0.02854946973819128,0.9714505302618087
3390,2020-05-10,0.03527591152874343,0.9647240884712566
3391,2020-05-10,0.013562126908303052,0.986437873091697
3392,2020-05-10,0.006273549843624382,0.9937264501563756
3393,2020-05-10,0.04212382078281407,0.9578761792171859
3394,2020-05-10,0.046429006762535474,0.9535709932374645
3395,2020-05-10,0.032008099298892145,0.9679919007011079
3396,2020-05-10,0.0505227452242627,0.9494772547757373
3397,2020-05-10,0.002969859472429892,0.9970301405275701
3399,2020-05-10,0.057917081030091855,0.9420829189699081
3400,2020-05-10,0.023208828467583986,0.976791171532416
3401,2020-05-10,0.009977754808466521,0.9900222451915335
3402,2020-05-10,0.014921303700235033,0.985078696299765
3403,2020-05-10,0.010200275904607814,0.9897997240953922
3404,2020-05-10,0.009431763601239873,0.9905682363987601
3405,2020-05-10,0.01814840425376507,0.9818515957462349
3406,2020-05-10,0.007225366269423827,0.9927746337305762
3407,2020-05-10,0.012998370230527634,0.9870016297694724
3408,2020-05-10,0.027684260268970307,0.9723157397310297
3409,2020-05-10,0.008866456537664491,0.9911335434623355
3410,2020-05-10,0.03632405361446145,0.9636759463855386
3411,2020-05-10,0.00453186815090878,0.9954681318490912
3412,2020-05-10,0.02152811796207532,0.9784718820379247
3413,2020-05-10,0.0045610613587320215,0.995438938641268
3414,2020-05-10,0.019810153416457088,0.9801898465835429
3415,2020-05-10,0.02080895731681809,0.9791910426831819
3416,2020-05-10,0.027398647445202373,0.9726013525547976
3417,2020-05-10,0.004660435239279392,0.9953395647607206
3418,2020-05-10,0.002465153376497775,0.9975348466235022
3419,2020-05-10,0.02796626641068678,0.9720337335893132
3420,2020-05-10,0.040381682964315546,0.9596183170356845
3422,2020-05-10,0.026663237529308992,0.973336762470691
3423,2020-05-10,0.014513712616847196,0.9854862873831528
3424,2020-05-10,0.06263234247953753,0.9373676575204625
3425,2020-05-10,0.06509352337033891,0.9349064766296611
3426,2020-05-10,0.013396303914956165,0.9866036960850438
3428,2020-05-10,0.03113520181877083,0.9688647981812292
3429,2020-05-10,0.01342058254416878,0.9865794174558312
3430,2020-05-10,0.005622575226371218,0.9943774247736288
3431,2020-05-10,0.0058899277770079195,0.9941100722229921
3432,2020-05-10,0.005897765826621271,0.9941022341733787
3433,2020-05-10,0.020128131690845485,0.9798718683091545
3434,2020-05-10,0.010806044533003933,0.9891939554669961
3436,2020-05-10,0.01449315195574341,0.9855068480442566
3437,2020-05-10,0.0040763348674475175,0.9959236651325525
3438,2020-05-10,0.0032658630839418334,0.9967341369160582
3439,2020-05-10,0.02078801133751429,0.9792119886624857
3440,2020-05-10,0.0027755637752300277,0.99722443622477
3441,2020-05-10,0.042661683977901266,0.9573383160220987
3442,2020-05-10,0.010668348322676602,0.9893316516773234
3443,2020-05-10,0.002433798849157398,0.9975662011508426
3444,2020-05-10,0.02053199067986544,0.9794680093201346
3445,2020-05-10,0.015777009148776,0.984222990851224
3446,2020-05-10,0.0018571325853881104,0.9981428674146119
3447,2020-05-10,0.03733798393875931,0.9626620160612407
3449,2020-05-10,0.017087971892665532,0.9829120281073345
3451,2020-05-10,0.03564268895006517,0.9643573110499348
3452,2020-05-10,0.009690794292747329,0.9903092057072527
3453,2020-05-10,0.018287479285495012,0.981712520714505
3454,2020-05-10,0.00614684927107334,0.9938531507289267
3455,2020-05-10,0.03761046088702935,0.9623895391129706
3456,2020-05-10,0.031311282187941214,0.9686887178120588
3457,2020-05-10,0.05660575051923422,0.9433942494807658
3458,2020-05-10,0.047559600074093544,0.9524403999259065
3460,2020-05-10,0.012811423571590597,0.9871885764284094
3461,2020-05-10,0.014674907906458312,0.9853250920935417
3462,2020-05-10,0.01106836355816121,0.9889316364418388
3463,2020-05-10,0.021655863642773165,0.9783441363572268
3464,2020-05-10,0.01029871815829908,0.9897012818417009
3465,2020-05-10,0.035417881156754705,0.9645821188432453
3466,2020-05-10,0.014670721397065711,0.9853292786029343
3467,2020-05-10,0.0051055958309161875,0.9948944041690838
3468,2020-05-10,0.017185830862501694,0.9828141691374983
3469,2020-05-10,0.0047544788802479365,0.9952455211197521
3470,2020-05-10,0.018608380608184483,0.9813916193918155
3471,2020-05-10,0.001748773968155759,0.9982512260318442
3472,2020-05-10,0.005643053323015401,0.9943569466769846
3473,2020-05-10,0.0029342008070644132,0.9970657991929356
3474,2020-05-10,0.010956678572448975,0.989043321427551
3475,2020-05-10,0.015782810785828327,0.9842171892141717
3476,2020-05-10,0.007872561551059198,0.9921274384489408
3477,2020-05-10,0.014121425358424866,0.9858785746415751
3478,2020-05-10,0.12447764291476926,0.8755223570852307
3480,2020-05-10,0.02845951610184083,0.9715404838981592
3481,2020-05-10,0.02335048689157415,0.9766495131084258
3483,2020-05-10,0.018836619244281594,0.9811633807557184
3484,2020-05-10,0.0147779498774262,0.9852220501225738
3485,2020-05-10,0.007554198040312432,0.9924458019596876
3486,2020-05-10,0.016011365681911305,0.9839886343180887
3487,2020-05-10,0.033133705428537774,0.9668662945714622
3488,2020-05-10,0.018704229359683633,0.9812957706403164
3489,2020-05-10,0.0022767127937478593,0.9977232872062521
3490,2020-05-10,0.010688930293838994,0.989311069706161
3491,2020-05-10,0.0018258749189726808,0.9981741250810273
3492,2020-05-10,0.003660194977007647,0.9963398050229924
3494,2020-05-10,0.04424696418592833,0.9557530358140717
3495,2020-05-10,0.041898586640662816,0.9581014133593372
3496,2020-05-10,0.005906948521511857,0.9940930514784881
3497,2020-05-10,0.020632706164170234,0.9793672938358298
3498,2020-05-10,0.0128702583838195,0.9871297416161805
3499,2020-05-10,0.0074157014160624035,0.9925842985839376
3500,2020-05-10,0.008740779385708941,0.9912592206142911
3501,2020-05-10,0.007131958538895367,0.9928680414611046
3502,2020-05-10,0.004597779915723743,0.9954022200842763
3503,2020-05-10,0.011746822460025452,0.9882531775399745
3504,2020-05-10,0.014659397223782067,0.9853406027762179
3505,2020-05-10,0.028574630129065026,0.971425369870935
3506,2020-05-10,0.02334951458171053,0.9766504854182895
3507,2020-05-10,0.01593100155685112,0.9840689984431489
3508,2020-05-10,0.03544260271424238,0.9645573972857576
3509,2020-05-10,0.0066737372724776645,0.9933262627275223
3510,2020-05-10,0.009989384517959055,0.990010615482041
3511,2020-05-10,0.018625321544976425,0.9813746784550236
3512,2020-05-10,0.005402480993347614,0.9945975190066524
3513,2020-05-10,0.0068507574834357765,0.9931492425165642
3514,2020-05-10,0.018253159591880674,0.9817468404081193
3515,2020-05-10,0.024067841024748904,0.9759321589752511
3518,2020-05-10,0.013898438522100709,0.9861015614778993
3519,2020-05-10,0.00546840143147187,0.9945315985685281
3520,2020-05-10,0.06929172841314735,0.9307082715868527
3521,2020-05-10,0.011831488115130906,0.9881685118848691
3522,2020-05-10,0.01219346391111642,0.9878065360888836
3523,2020-05-10,0.007081499112740364,0.9929185008872596
3524,2020-05-10,0.02378756621977418,0.9762124337802258
3525,2020-05-10,0.028615881173838398,0.9713841188261616
3527,2020-05-10,0.0040994440728104875,0.9959005559271895
3528,2020-05-10,0.005490529783168885,0.9945094702168311
3529,2020-05-10,0.01946665331888897,0.980533346681111
3530,2020-05-10,0.030125835871086748,0.9698741641289133
3531,2020-05-10,0.031235050726677982,0.968764949273322
3532,2020-05-10,0.03394969038106255,0.9660503096189375
3533,2020-05-10,0.00580913952652562,0.9941908604734744
3534,2020-05-10,0.007350176251787799,0.9926498237482122
3536,2020-05-10,0.05437204946095997,0.94562795053904
3537,2020-05-10,0.010246503272385188,0.9897534967276148
3538,2020-05-10,0.010699911306169096,0.9893000886938309
3539,2020-05-10,0.0342820165648412,0.9657179834351588
3540,2020-05-10,0.01191869810914159,0.9880813018908584
3541,2020-05-10,0.006413517959947601,0.9935864820400524
3542,2020-05-10,0.017390173449087887,0.9826098265509121
3544,2020-05-10,0.011560446124041723,0.9884395538759583
3545,2020-05-10,0.030914510907906756,0.9690854890920932
3546,2020-05-10,0.01624107866509783,0.9837589213349022
3547,2020-05-10,0.005169409302442252,0.9948305906975577
3548,2020-05-10,0.04869260065996417,0.9513073993400358
3549,2020-05-10,0.003416715601285425,0.9965832843987146
3550,2020-05-10,0.010824735002202934,0.9891752649977971
3551,2020-05-10,0.01785859286318181,0.9821414071368182
3552,2020-05-10,0.009496265039557139,0.9905037349604429
3553,2020-05-10,0.002675979129146855,0.9973240208708531
3554,2020-05-10,0.020546223834846722,0.9794537761651533
3555,2020-05-10,0.021237676951357698,0.9787623230486423
3556,2020-05-10,0.007571619245932415,0.9924283807540676
3557,2020-05-10,0.011062901768813416,0.9889370982311866
3558,2020-05-10,0.009082428929731323,0.9909175710702687
3559,2020-05-10,0.007887776510535627,0.9921122234894644
3560,2020-05-10,0.03699183678222895,0.963008163217771
3561,2020-05-10,0.013624722332750028,0.98637527766725
3562,2020-05-10,0.015398717049586397,0.9846012829504136
3563,2020-05-10,0.017440110924783037,0.982559889075217
3564,2020-05-10,0.013029441624157756,0.9869705583758422
3565,2020-05-10,0.006334344410678594,0.9936656555893214
3566,2020-05-10,0.004374941786342679,0.9956250582136573
3568,2020-05-10,0.019658653909794932,0.9803413460902051
3569,2020-05-10,0.03498109826813134,0.9650189017318687
3570,2020-05-10,0.017288762575537464,0.9827112374244625
3572,2020-05-10,0.0039011590841940835,0.9960988409158059
3573,2020-05-10,0.014626252937171458,0.9853737470628285
3574,2020-05-10,0.026431707660205306,0.9735682923397947
3576,2020-05-10,0.010865490398962785,0.9891345096010372
3577,2020-05-10,0.036879958745142494,0.9631200412548575
3578,2020-05-10,0.05692393945271512,0.9430760605472849
3579,2020-05-10,0.014442470660127493,0.9855575293398725
3580,2020-05-10,0.008713353542948221,0.9912866464570518
3581,2020-05-10,0.009255167375051165,0.9907448326249488
3582,2020-05-10,0.03561757381792363,0.9643824261820764
3583,2020-05-10,0.015046155678190454,0.9849538443218095
3584,2020-05-10,0.0025918766208127275,0.9974081233791873
3585,2020-05-10,0.018799365042989846,0.9812006349570102
3586,2020-05-10,0.03827924490727974,0.9617207550927203
3587,2020-05-10,0.03436780226997771,0.9656321977300223
3588,2020-05-10,0.010593350232004362,0.9894066497679956
3589,2020-05-10,0.018108337359876825,0.9818916626401232
3590,2020-05-10,0.01296752441165716,0.9870324755883428
3591,2020-05-10,0.02025727140929745,0.9797427285907025
3592,2020-05-10,0.006307234189366295,0.9936927658106337
3593,2020-05-10,0.006572588100239418,0.9934274118997606
3594,2020-05-10,0.06395569021597414,0.9360443097840259
3596,2020-05-10,0.0025575190318710694,0.9974424809681289
3597,2020-05-10,0.0036135697503210107,0.996386430249679
3598,2020-05-10,0.03656149694308286,0.9634385030569171
3599,2020-05-10,0.04563520457006853,0.9543647954299315
3600,2020-05-10,0.0016733745698114255,0.9983266254301886
3601,2020-05-10,0.015504244094349473,0.9844957559056505
3602,2020-05-10,0.05084974671281761,0.9491502532871824
3604,2020-05-10,0.038303678501068195,0.9616963214989318
3605,2020-05-10,0.011107537950596602,0.9888924620494034
3606,2020-05-10,0.02680451016714669,0.9731954898328533
3607,2020-05-10,0.02022524669583592,0.9797747533041641
3608,2020-05-10,0.007612307331575696,0.9923876926684243
3609,2020-05-10,0.0015845587800612515,0.9984154412199387
3610,2020-05-10,0.08240470267660904,0.917595297323391
3611,2020-05-10,0.01860952732531551,0.9813904726746845
3612,2020-05-10,0.00489169197008954,0.9951083080299105
3613,2020-05-10,0.0299821736155943,0.9700178263844057
3614,2020-05-10,0.013394479723902286,0.9866055202760977
3616,2020-05-10,0.01622337745991853,0.9837766225400815
3617,2020-05-10,0.004762725488176245,0.9952372745118238
3618,2020-05-10,0.010304507291128084,0.9896954927088719
3619,2020-05-10,0.021140381884915627,0.9788596181150844
3620,2020-05-10,0.001758678794652191,0.9982413212053478
3622,2020-05-10,0.01683006370824891,0.9831699362917511
3623,2020-05-10,0.010975803460467226,0.9890241965395328
3624,2020-05-10,0.001630304617716849,0.9983696953822832
3625,2020-05-10,0.011018490869907471,0.9889815091300925
3626,2020-05-10,0.002972875976878897,0.9970271240231211
3627,2020-05-10,0.023323649358079512,0.9766763506419205
3628,2020-05-10,0.0021171260013529425,0.9978828739986471
3629,2020-05-10,0.016728811916110198,0.9832711880838898
3630,2020-05-10,0.05530057053110882,0.9446994294688912
3632,2020-05-10,0.0070121620621359515,0.992987837937864
3633,2020-05-10,0.012884710236946262,0.9871152897630537
3635,2020-05-10,0.030399727479943017,0.969600272520057
3636,2020-05-10,0.012220777466509847,0.9877792225334902
3637,2020-05-10,0.0028628214222655712,0.9971371785777344
3638,2020-05-10,0.017084325042436066,0.9829156749575639
3639,2020-05-10,0.005611519521294128,0.9943884804787059
3641,2020-05-10,0.007901923400839617,0.9920980765991604
3642,2020-05-10,0.022600613847580053,0.97739938615242
3643,2020-05-10,0.004832608553069884,0.9951673914469301
3644,2020-05-10,0.0163068506474624,0.9836931493525376
3645,2020-05-10,0.0033133897826186365,0.9966866102173814
3646,2020-05-10,0.02197325624830926,0.9780267437516907
3647,2020-05-10,0.02087026826316618,0.9791297317368338
3648,2020-05-10,0.02735924240637677,0.9726407575936232
3649,2020-05-10,0.026729978755881345,0.9732700212441187
3651,2020-05-10,0.0337446305164566,0.9662553694835434
3652,2020-05-10,0.009403242695794956,0.990596757304205
3653,2020-05-10,0.0189393893264459,0.9810606106735541
3654,2020-05-10,0.00887921767504185,0.9911207823249581
3656,2020-05-10,0.02621727663293949,0.9737827233670605
3657,2020-05-10,0.014781116501904279,0.9852188834980957
3658,2020-05-10,0.012340552546960426,0.9876594474530396
3659,2020-05-10,0.0067583920990428314,0.9932416079009572
3661,2020-05-10,0.021171525695433346,0.9788284743045667
3663,2020-05-10,0.05573530700576923,0.9442646929942308
3665,2020-05-10,0.01576938509519976,0.9842306149048002
3666,2020-05-10,0.029124459302682926,0.9708755406973171
3667,2020-05-10,0.007936542894922294,0.9920634571050777
3668,2020-05-10,0.014280788342302175,0.9857192116576978
3669,2020-05-10,0.0895505428311657,0.9104494571688343
3670,2020-05-10,0.003969879639501794,0.9960301203604982
3671,2020-05-10,0.0074707717464895795,0.9925292282535104
3672,2020-05-10,0.009505221428351862,0.9904947785716481
3674,2020-05-10,0.013952952146227715,0.9860470478537723
3675,2020-05-10,0.028628105140174664,0.9713718948598253
3676,2020-05-10,0.008832828055197472,0.9911671719448025
3677,2020-05-10,0.015796874770838798,0.9842031252291612
3678,2020-05-10,0.0042747357183517964,0.9957252642816482
3679,2020-05-10,0.01094801614372276,0.9890519838562772
3680,2020-05-10,0.014569889488289522,0.9854301105117105
3681,2020-05-10,0.01680204590730716,0.9831979540926928
3683,2020-05-10,0.09785887061429943,0.9021411293857006
3684,2020-05-10,0.01856975396627758,0.9814302460337224
3685,2020-05-10,0.025902148840781902,0.9740978511592181
3688,2020-05-10,0.028141969037019265,0.9718580309629807
3689,2020-05-10,0.005491189541451003,0.994508810458549
3691,2020-05-10,0.016171857950335933,0.9838281420496641
3692,2020-05-10,0.014230283340000982,0.985769716659999
3693,2020-05-10,0.013007665736772145,0.9869923342632279
3694,2020-05-10,0.030446428179174978,0.969553571820825
3695,2020-05-10,0.016326156743116438,0.9836738432568836
3696,2020-05-10,0.005329569736987172,0.9946704302630128
3697,2020-05-10,0.030768778642460526,0.9692312213575395
3698,2020-05-10,0.01598919937749055,0.9840108006225095
3699,2020-05-10,0.009058716123946153,0.9909412838760538
3700,2020-05-10,0.018259176263108468,0.9817408237368915
3701,2020-05-10,0.017419221898552717,0.9825807781014473
3702,2020-05-10,0.04923488405214793,0.9507651159478521
3703,2020-05-10,0.018183007619087865,0.9818169923809121
3704,2020-05-10,0.010053044332951844,0.9899469556670482
3706,2020-05-10,0.007541764787126204,0.9924582352128738
3707,2020-05-10,0.011404376713967546,0.9885956232860325
3708,2020-05-10,0.012916073929702288,0.9870839260702977
3709,2020-05-10,0.017354645458946272,0.9826453545410537
3710,2020-05-10,0.014717718001292734,0.9852822819987073
3713,2020-05-10,0.01677256172260455,0.9832274382773954
3714,2020-05-10,0.019312396036813784,0.9806876039631862
3715,2020-05-10,0.005166359524587882,0.9948336404754121
3716,2020-05-10,0.011740152119879443,0.9882598478801206
3717,2020-05-10,0.024629138716393384,0.9753708612836066
3718,2020-05-10,0.02964957705307325,0.9703504229469267
3719,2020-05-10,0.013321989282530478,0.9866780107174695
3720,2020-05-10,0.019753638995089084,0.9802463610049109
3721,2020-05-10,0.009492168692567193,0.9905078313074328
3722,2020-05-10,0.004770136046562956,0.995229863953437
3723,2020-05-10,0.009442523983879125,0.9905574760161209
3725,2020-05-10,0.021584232186479313,0.9784157678135207
3726,2020-05-10,0.006564890929368183,0.9934351090706318
3727,2020-05-10,0.1679386108118721,0.8320613891881279
3728,2020-05-10,0.02278652253717972,0.9772134774628203
3729,2020-05-10,0.03970925535787306,0.9602907446421269
3731,2020-05-10,0.0025998541688035948,0.9974001458311964
3732,2020-05-10,0.014069731349653392,0.9859302686503466
3733,2020-05-10,0.005562602936192151,0.9944373970638078
3734,2020-05-10,0.06212457962867457,0.9378754203713254
3735,2020-05-10,0.03371691615274186,0.9662830838472581
3736,2020-05-10,0.05693370994624736,0.9430662900537526
3737,2020-05-10,0.0013379182121118216,0.9986620817878882
3738,2020-05-10,0.04715568877625198,0.952844311223748
3739,2020-05-10,0.008214545796993544,0.9917854542030065
3740,2020-05-10,0.013166764878478565,0.9868332351215214
3741,2020-05-10,0.013340703405354426,0.9866592965946456
3742,2020-05-10,0.011176665133483143,0.9888233348665169
3743,2020-05-10,0.0031376852099552766,0.9968623147900447
3744,2020-05-10,0.009267133977122088,0.9907328660228779
3745,2020-05-10,0.026419403474278513,0.9735805965257215
3746,2020-05-10,0.016670342757765466,0.9833296572422345
3747,2020-05-10,0.018156781049053716,0.9818432189509463
3748,2020-05-10,0.016113185724929036,0.983886814275071
3749,2020-05-10,0.059009844518346566,0.9409901554816534
3750,2020-05-10,0.023527508259401197,0.9764724917405988
3751,2020-05-10,0.011122588278529744,0.9888774117214703
3752,2020-05-10,0.008717752678543245,0.9912822473214568
3753,2020-05-10,0.03382930469580403,0.966170695304196
3754,2020-05-10,0.02241333195789441,0.9775866680421056
3755,2020-05-10,0.013623477467845868,0.9863765225321541
3757,2020-05-10,0.020998085665301924,0.9790019143346981
3758,2020-05-10,0.02108161522042762,0.9789183847795724
3759,2020-05-10,0.04923606252050283,0.9507639374794972
3760,2020-05-10,0.038363929976620637,0.9616360700233794
3761,2020-05-10,0.002245620961265571,0.9977543790387344
3762,2020-05-10,0.08506102439260155,0.9149389756073985
3763,2020-05-10,0.007914173621424991,0.992085826378575
3764,2020-05-10,0.004458955770452078,0.9955410442295479
3765,2020-05-10,0.03585928121929838,0.9641407187807016
3766,2020-05-10,0.027372631953684334,0.9726273680463157
3767,2020-05-10,0.050788146557114056,0.9492118534428859
3768,2020-05-10,0.022717222618909072,0.9772827773810909
3770,2020-05-10,0.0026186229940329264,0.9973813770059671
3771,2020-05-10,0.016816674769805084,0.9831833252301949
3772,2020-05-10,0.018424021215244335,0.9815759787847557
3774,2020-05-10,0.003344709430192938,0.9966552905698071
3775,2020-05-10,0.006995884598170354,0.9930041154018296
3776,2020-05-10,0.016465540917300237,0.9835344590826998
3777,2020-05-10,0.012294947591138694,0.9877050524088613
3778,2020-05-10,0.012711920966553603,0.9872880790334464
3779,2020-05-10,0.006686973342163838,0.9933130266578362
3780,2020-05-10,0.003682396837798696,0.9963176031622013
3781,2020-05-10,0.01202209706497015,0.9879779029350299
3782,2020-05-10,0.017737974052679406,0.9822620259473206
3784,2020-05-10,0.005775010878614317,0.9942249891213857
3785,2020-05-10,0.005403163137514433,0.9945968368624856
3786,2020-05-10,0.007925730151522314,0.9920742698484777
3787,2020-05-10,0.006517177248204109,0.9934828227517959
3788,2020-05-10,0.0039465289804940795,0.9960534710195059
3789,2020-05-10,0.006697497834653898,0.9933025021653461
3790,2020-05-10,0.004056022456625397,0.9959439775433746
3791,2020-05-10,0.06793856121110087,0.9320614387888991
3792,2020-05-10,0.12516991490767815,0.8748300850923219
3793,2020-05-10,0.00796358321533075,0.9920364167846693
3794,2020-05-10,0.01565410738244677,0.9843458926175532
3795,2020-05-10,0.021467620618792926,0.9785323793812071
3796,2020-05-10,0.007115434806405974,0.992884565193594
3797,2020-05-10,0.03452021586889975,0.9654797841311002
3798,2020-05-10,0.04925089197771282,0.9507491080222872
3799,2020-05-10,0.01183117923501631,0.9881688207649837
3800,2020-05-10,0.01716769615235325,0.9828323038476467
3801,2020-05-10,0.002586479663368668,0.9974135203366313
3802,2020-05-10,0.017149502912306547,0.9828504970876935
3804,2020-05-10,0.005554351952104741,0.9944456480478953
3805,2020-05-10,0.04425177407614145,0.9557482259238586
3806,2020-05-10,0.04957565244795159,0.9504243475520484
3807,2020-05-10,0.009595951738649577,0.9904040482613504
3808,2020-05-10,0.013234248295926565,0.9867657517040734
3809,2020-05-10,0.0069797118463470476,0.993020288153653
3810,2020-05-10,0.01524626099177473,0.9847537390082253
3811,2020-05-10,0.046375997058789364,0.9536240029412106
3812,2020-05-10,0.014364335627437885,0.9856356643725621
3814,2020-05-10,0.029612914044561567,0.9703870859554384
3815,2020-05-10,0.011472875116312564,0.9885271248836874
3816,2020-05-10,0.015527334519558122,0.9844726654804419
3817,2020-05-10,0.04188890220882868,0.9581110977911713
3818,2020-05-10,0.046525770542818035,0.953474229457182
3819,2020-05-10,0.0083370417283265,0.9916629582716735
3820,2020-05-10,0.0022560700381706322,0.9977439299618294
3821,2020-05-10,0.030304580851917007,0.969695419148083
3822,2020-05-10,0.022428626938864715,0.9775713730611353
3823,2020-05-10,0.003637777361973238,0.9963622226380268
3824,2020-05-10,0.0067867299781935175,0.9932132700218065
3825,2020-05-10,0.02985105173003788,0.9701489482699621
3826,2020-05-10,0.01177678462512921,0.9882232153748708
3827,2020-05-10,0.05235896689463182,0.9476410331053682
3828,2020-05-10,0.02988542724111154,0.9701145727588885
3830,2020-05-10,0.009479525030882785,0.9905204749691172
3831,2020-05-10,0.015034634981544781,0.9849653650184552
3832,2020-05-10,0.021949974347971413,0.9780500256520286
3833,2020-05-10,0.02267579502931416,0.9773242049706858
3834,2020-05-10,0.008296867941243846,0.9917031320587562
3835,2020-05-10,0.006351011569798337,0.9936489884302017
3836,2020-05-10,0.08096622965511924,0.9190337703448808
3837,2020-05-10,0.008419325172347336,0.9915806748276527
3838,2020-05-10,0.030148919784724892,0.9698510802152751
3839,2020-05-10,0.008144790215041109,0.9918552097849589
3840,2020-05-10,0.042195653779641185,0.9578043462203588
3841,2020-05-10,0.004000810592906245,0.9959991894070938
3842,2020-05-10,0.01860007615706949,0.9813999238429305
3843,2020-05-10,0.008878294290483146,0.9911217057095169
3844,2020-05-10,0.016432097748154018,0.983567902251846
3845,2020-05-10,0.0062779837452707765,0.9937220162547292
3846,2020-05-10,0.013575939590451669,0.9864240604095483
3848,2020-05-10,0.006508373508112508,0.9934916264918875
3849,2020-05-10,0.011279385481129722,0.9887206145188703
3850,2020-05-10,0.003597407544283837,0.9964025924557162
3851,2020-05-10,0.0013200155691052151,0.9986799844308948
3852,2020-05-10,0.02777381306141813,0.9722261869385819
3853,2020-05-10,0.019108404447951144,0.9808915955520489
3854,2020-05-10,0.02556188698884443,0.9744381130111556
3855,2020-05-10,0.005138854944614857,0.9948611450553851
3856,2020-05-10,0.03121674034937949,0.9687832596506205
3857,2020-05-10,0.028913514156453823,0.9710864858435462
3858,2020-05-10,0.003976118081545965,0.996023881918454
3859,2020-05-10,0.01456437457829085,0.9854356254217091
3861,2020-05-10,0.00747442443744184,0.9925255755625582
3862,2020-05-10,0.018052933287707518,0.9819470667122925
3863,2020-05-10,0.0098598370301054,0.9901401629698946
3864,2020-05-10,0.053819496508942355,0.9461805034910576
3865,2020-05-10,0.011918028033846007,0.988081971966154
3866,2020-05-10,0.014194642210180408,0.9858053577898196
3868,2020-05-10,0.007871660871851205,0.9921283391281488
3869,2020-05-10,0.024496188139739306,0.9755038118602607
3870,2020-05-10,0.001414208826757024,0.998585791173243
3871,2020-05-10,0.06374846441336424,0.9362515355866358
3872,2020-05-10,0.005210652627208767,0.9947893473727912
3874,2020-05-10,0.003805778754020661,0.9961942212459793
3875,2020-05-10,0.007438047875397369,0.9925619521246026
3876,2020-05-10,0.009393782798487127,0.9906062172015129
3877,2020-05-10,0.009246880673760227,0.9907531193262398
3878,2020-05-10,0.047640219299137865,0.9523597807008621
3880,2020-05-10,0.04618289933805386,0.9538171006619461
3882,2020-05-10,0.010778277855194363,0.9892217221448056
3883,2020-05-10,0.0028153974874144394,0.9971846025125856
3885,2020-05-10,0.020817609363168454,0.9791823906368315
3886,2020-05-10,0.00873290253544523,0.9912670974645548
3887,2020-05-10,0.00972937065221513,0.9902706293477849
3888,2020-05-10,0.002742710261008585,0.9972572897389914
3889,2020-05-10,0.031695548883942326,0.9683044511160577
3890,2020-05-10,0.010083769987010327,0.9899162300129897
3891,2020-05-10,0.0120749681947806,0.9879250318052194
3892,2020-05-10,0.035476803132322376,0.9645231968676776
3893,2020-05-10,0.005532253633309003,0.994467746366691
3894,2020-05-10,0.010689396126881356,0.9893106038731186
3895,2020-05-10,0.011681553042996784,0.9883184469570032
3896,2020-05-10,0.022104038788549607,0.9778959612114504
3897,2020-05-10,0.007417868905182812,0.9925821310948172
3898,2020-05-10,0.003459563838632995,0.996540436161367
3899,2020-05-10,0.0034793740147746055,0.9965206259852254
3900,2020-05-10,0.05847167565132039,0.9415283243486796
3901,2020-05-10,0.03275233626499785,0.9672476637350021
3902,2020-05-10,0.01607141635182696,0.983928583648173
3903,2020-05-10,0.03231754958790778,0.9676824504120922
3904,2020-05-10,0.007836287997218694,0.9921637120027813
3905,2020-05-10,0.0032328653230720983,0.9967671346769279
3906,2020-05-10,0.03202931271152065,0.9679706872884793
3907,2020-05-10,0.03254922474915156,0.9674507752508484
3908,2020-05-10,0.04005265439730288,0.9599473456026971
3909,2020-05-10,0.028148976285240157,0.9718510237147598
3910,2020-05-10,0.020264207072243856,0.9797357929277561
3911,2020-05-10,0.004918903317569501,0.9950810966824305
3912,2020-05-10,0.014417644699939003,0.985582355300061
3913,2020-05-10,0.007687228427818549,0.9923127715721815
3914,2020-05-10,0.008259596256421142,0.9917404037435789
3915,2020-05-10,0.011852798624320426,0.9881472013756796
3916,2020-05-10,0.008342273922693266,0.9916577260773067
3917,2020-05-10,0.0524327033134846,0.9475672966865154
3918,2020-05-10,0.0021932901424172035,0.9978067098575828
3919,2020-05-10,0.027703815636300755,0.9722961843636992
3920,2020-05-10,0.0357638431676488,0.9642361568323512
3921,2020-05-10,0.018556714583983447,0.9814432854160166
3923,2020-05-10,0.04240561095077322,0.9575943890492268
3924,2020-05-10,0.012845467151971324,0.9871545328480287
3925,2020-05-10,0.028946578270920065,0.9710534217290799
3926,2020-05-10,0.07425774715628963,0.9257422528437104
3927,2020-05-10,0.012843281916581462,0.9871567180834185
3928,2020-05-10,0.020864214897780786,0.9791357851022192
3929,2020-05-10,0.0074703699502101095,0.9925296300497899
3930,2020-05-10,0.011853914833647505,0.9881460851663525
3931,2020-05-10,0.024306225383188385,0.9756937746168116
3932,2020-05-10,0.015688112273056998,0.984311887726943
3935,2020-05-10,0.03154947285545384,0.9684505271445462
3936,2020-05-10,0.024033997816690356,0.9759660021833096
3937,2020-05-10,0.015237382948271816,0.9847626170517282
3938,2020-05-10,0.014227330400762406,0.9857726695992376
3940,2020-05-10,0.01505376529709379,0.9849462347029062
3941,2020-05-10,0.002820459421321475,0.9971795405786785
3942,2020-05-10,0.010751806638954253,0.9892481933610457
3943,2020-05-10,0.008245350844414023,0.991754649155586
3944,2020-05-10,0.013753027909360171,0.9862469720906398
3945,2020-05-10,0.007273007163293377,0.9927269928367066
3946,2020-05-10,0.0046487004276792865,0.9953512995723207
3947,2020-05-10,0.019982358567060543,0.9800176414329395
3948,2020-05-10,0.00969458231575504,0.990305417684245
3949,2020-05-10,0.00237697320581276,0.9976230267941872
3950,2020-05-10,0.033687996477381965,0.966312003522618
3951,2020-05-10,0.0238343492348726,0.9761656507651274
3952,2020-05-10,0.013690234855877947,0.986309765144122
3953,2020-05-10,0.010467138025944345,0.9895328619740557
3954,2020-05-10,0.04667005936853308,0.9533299406314669
3955,2020-05-10,0.006524512367781399,0.9934754876322186
3956,2020-05-10,0.03490104413256967,0.9650989558674303
3957,2020-05-10,0.025476430294099628,0.9745235697059004
3958,2020-05-10,0.015499158037883598,0.9845008419621164
3959,2020-05-10,0.013900455320861482,0.9860995446791385
3960,2020-05-10,0.05862142271244819,0.9413785772875518
3961,2020-05-10,0.02398218421157894,0.9760178157884211
3962,2020-05-10,0.0420257555391087,0.9579742444608913
3963,2020-05-10,0.01664781775655133,0.9833521822434487
3964,2020-05-10,0.04050010802613613,0.9594998919738639
3965,2020-05-10,0.009138808189679493,0.9908611918103205
3966,2020-05-10,0.009177827101829461,0.9908221728981705
3967,2020-05-10,0.026842629079311453,0.9731573709206885
3968,2020-05-10,0.015047194704999933,0.9849528052950001
3970,2020-05-10,0.010113010990440707,0.9898869890095593
3971,2020-05-10,0.06437758107631997,0.93562241892368
3972,2020-05-10,0.004661134191858984,0.995338865808141
3973,2020-05-10,0.013202510084333152,0.9867974899156668
3974,2020-05-10,0.009374282116246135,0.9906257178837539
3975,2020-05-10,0.01708159827645639,0.9829184017235436
3976,2020-05-10,0.021019477702611145,0.9789805222973889
3977,2020-05-10,0.028187159885527113,0.9718128401144729
3978,2020-05-10,0.01870593264690057,0.9812940673530994
3979,2020-05-10,0.008770388598485113,0.9912296114015149
3980,2020-05-10,0.012006465660505228,0.9879935343394948
3981,2020-05-10,0.020613907577405444,0.9793860924225946
3982,2020-05-10,0.02397866628325962,0.9760213337167404
3983,2020-05-10,0.0082412458892267,0.9917587541107733
3985,2020-05-10,0.013415822836880698,0.9865841771631193
3986,2020-05-10,0.011011843891819084,0.9889881561081809
3987,2020-05-10,0.02483431325668639,0.9751656867433136
3988,2020-05-10,0.005364194165607961,0.994635805834392
3989,2020-05-10,0.018399221999099824,0.9816007780009002
3990,2020-05-10,0.004296306932191518,0.9957036930678085
3991,2020-05-10,0.024481276946757724,0.9755187230532423
3993,2020-05-10,0.001664989310845133,0.9983350106891549
3994,2020-05-10,0.006073079148294913,0.9939269208517051
3995,2020-05-10,0.046503707282951834,0.9534962927170482
3996,2020-05-10,0.015188597619181232,0.9848114023808188
3997,2020-05-10,0.020653686475890387,0.9793463135241096
3998,2020-05-10,0.02056769455171592,0.9794323054482841
3999,2020-05-10,0.019421485409429007,0.980578514590571
4000,2020-05-10,0.023156833844966473,0.9768431661550335
4002,2020-05-10,0.00909458987344991,0.9909054101265501
4003,2020-05-10,0.021932377362601896,0.9780676226373981
4004,2020-05-10,0.05595481594161378,0.9440451840583862
4005,2020-05-10,0.027232577887600362,0.9727674221123996
4006,2020-05-10,0.017475973727300698,0.9825240262726993
4007,2020-05-10,0.06887485778307945,0.9311251422169206
4008,2020-05-10,0.01115521419612453,0.9888447858038755
4009,2020-05-10,0.007602543391825312,0.9923974566081747
4010,2020-05-10,0.009207931371268518,0.9907920686287315
4011,2020-05-10,0.03740555672033907,0.9625944432796609
4012,2020-05-10,0.030171920174699385,0.9698280798253006
4013,2020-05-10,0.010941116721791988,0.989058883278208
4014,2020-05-10,0.01030943904449344,0.9896905609555066
4015,2020-05-10,0.0035231901314690672,0.9964768098685309
4016,2020-05-10,0.010621613180518907,0.9893783868194811
4017,2020-05-10,0.01995906887196286,0.9800409311280371
4018,2020-05-10,0.010547869634176421,0.9894521303658236
4019,2020-05-10,0.005428270428131432,0.9945717295718686
4020,2020-05-10,0.007109782867473324,0.9928902171325267
4021,2020-05-10,0.009381414583453318,0.9906185854165467
4023,2020-05-10,0.00494516394127309,0.9950548360587269
4024,2020-05-10,0.03180764630077926,0.9681923536992207
4025,2020-05-10,0.010902194505324037,0.989097805494676
4027,2020-05-10,0.0020062894661422304,0.9979937105338578
4028,2020-05-10,0.009999105218422066,0.9900008947815779
4029,2020-05-10,0.01076456010294402,0.989235439897056
4030,2020-05-10,0.003350275102660616,0.9966497248973394
4032,2020-05-10,0.012685410674715514,0.9873145893252845
4033,2020-05-10,0.004552847464172283,0.9954471525358277
4034,2020-05-10,0.005363042495931669,0.9946369575040683
4035,2020-05-10,0.01103404642669692,0.9889659535733031
4036,2020-05-10,0.02832624450078758,0.9716737554992124
4037,2020-05-10,0.04925417421288347,0.9507458257871165
4038,2020-05-10,0.05924874834726179,0.9407512516527382
4039,2020-05-10,0.0697148912105866,0.9302851087894134
4040,2020-05-10,0.054008060878356634,0.9459919391216434
4041,2020-05-10,0.007991939315428631,0.9920080606845714
4042,2020-05-10,0.0058018803688395515,0.9941981196311604
4043,2020-05-10,0.011351092715531697,0.9886489072844683
4044,2020-05-10,0.060294910914917677,0.9397050890850823
4045,2020-05-10,0.015647594486146166,0.9843524055138538
4047,2020-05-10,0.03309804749469769,0.9669019525053023
4048,2020-05-10,0.04602811678805985,0.9539718832119402
4049,2020-05-10,0.012877567172983051,0.987122432827017
4050,2020-05-10,0.016574560803886418,0.9834254391961136
4051,2020-05-10,0.009516838945839101,0.9904831610541609
4052,2020-05-10,0.004513226108342261,0.9954867738916577
4053,2020-05-10,0.018530306508279804,0.9814696934917202
4054,2020-05-10,0.02271656802404165,0.9772834319759583
4055,2020-05-10,0.00862500433125346,0.9913749956687465
4056,2020-05-10,0.014801954747460155,0.9851980452525398
4057,2020-05-10,0.004968934222785548,0.9950310657772145
4058,2020-05-10,0.009554861092818667,0.9904451389071813
4059,2020-05-10,0.006250386902721727,0.9937496130972783
4060,2020-05-10,0.0043694002578605895,0.9956305997421394
4061,2020-05-10,0.007130425003955443,0.9928695749960446
4064,2020-05-10,0.07198989822466706,0.9280101017753329
4065,2020-05-10,0.01402331235850629,0.9859766876414937
4066,2020-05-10,0.0403084249032063,0.9596915750967937
4067,2020-05-10,0.020662619765532075,0.9793373802344679
4068,2020-05-10,0.0184960154565752,0.9815039845434248
4069,2020-05-10,0.005542136165542666,0.9944578638344573
4071,2020-05-10,0.028927472106447305,0.9710725278935527
4072,2020-05-10,0.022563129241698232,0.9774368707583018
4073,2020-05-10,0.008090361950125025,0.991909638049875
4075,2020-05-10,0.009766528031894706,0.9902334719681053
4076,2020-05-10,0.009040963789726408,0.9909590362102736
4077,2020-05-10,0.02443359278793278,0.9755664072120672
4078,2020-05-10,0.008787595190943298,0.9912124048090567
4080,2020-05-10,0.014693230669705515,0.9853067693302945
4081,2020-05-10,0.012609202198764491,0.9873907978012355
4082,2020-05-10,0.001962171334966123,0.9980378286650339
4083,2020-05-10,0.04837964315291232,0.9516203568470877
4084,2020-05-10,0.013060760506474312,0.9869392394935257
4085,2020-05-10,0.022631563413150313,0.9773684365868497
4086,2020-05-10,0.026181476835873685,0.9738185231641263
4087,2020-05-10,0.00972983138562078,0.9902701686143792
4088,2020-05-10,0.006475076847416328,0.9935249231525837
4089,2020-05-10,0.004830626770658708,0.9951693732293413
4090,2020-05-10,0.0018494575037742988,0.9981505424962257
4091,2020-05-10,0.01026063295065427,0.9897393670493457
4092,2020-05-10,0.01780732187567491,0.9821926781243251
4093,2020-05-10,0.0025580429984969344,0.9974419570015031
4094,2020-05-10,0.011696630935887797,0.9883033690641122
4095,2020-05-10,0.0037364757693649775,0.996263524230635
4096,2020-05-10,0.03949196301644475,0.9605080369835552
4097,2020-05-10,0.04553889338724615,0.9544611066127539
4098,2020-05-10,0.030239843304604164,0.9697601566953958
4099,2020-05-10,0.01791445354825616,0.9820855464517438
4100,2020-05-10,0.04498183543275813,0.9550181645672419
4102,2020-05-10,0.01651714778332991,0.9834828522166701
4103,2020-05-10,0.09625948185504307,0.9037405181449569
4104,2020-05-10,0.04360184557933777,0.9563981544206622
4105,2020-05-10,0.025329886531370138,0.9746701134686299
4106,2020-05-10,0.017497013498773084,0.9825029865012269
4107,2020-05-10,0.011734933692374105,0.9882650663076259
4108,2020-05-10,0.006034547650271893,0.9939654523497281
4109,2020-05-10,0.04274206496340227,0.9572579350365977
4110,2020-05-10,0.015300121112501786,0.9846998788874982
4111,2020-05-10,0.03211140438298066,0.9678885956170193
4112,2020-05-10,0.026712862434530082,0.9732871375654699
4113,2020-05-10,0.013669134113208914,0.9863308658867911
4114,2020-05-10,0.006554008905198194,0.9934459910948018
4115,2020-05-10,0.034903546506791616,0.9650964534932084
4116,2020-05-10,0.04783159457666286,0.9521684054233371
4117,2020-05-10,0.0230331655211109,0.9769668344788891
4118,2020-05-10,0.005428332696844507,0.9945716673031555
4119,2020-05-10,0.030250158842127117,0.9697498411578729
4120,2020-05-10,0.026668398332348686,0.9733316016676513
4121,2020-05-10,0.0037119232972172567,0.9962880767027827
4122,2020-05-10,0.010095431536703336,0.9899045684632967
4123,2020-05-10,0.016644567127916954,0.983355432872083
4124,2020-05-10,0.014641276263238856,0.9853587237367611
4126,2020-05-10,0.005440429657694867,0.9945595703423051
4127,2020-05-10,0.003512042440013241,0.9964879575599868
4128,2020-05-10,0.014845461090480905,0.9851545389095191
4130,2020-05-10,0.021391874887060847,0.9786081251129392
4131,2020-05-10,0.03720893415077753,0.9627910658492225
4132,2020-05-10,0.004442873985287532,0.9955571260147125
4133,2020-05-10,0.05013808113503526,0.9498619188649647
4134,2020-05-10,0.030199180881141152,0.9698008191188588
4135,2020-05-10,0.005499648598978779,0.9945003514010212
4136,2020-05-10,0.011771675456501263,0.9882283245434987
4137,2020-05-10,0.008501921706557058,0.9914980782934429
4138,2020-05-10,0.029270258862177823,0.9707297411378222
4139,2020-05-10,0.011317184522956492,0.9886828154770435
4140,2020-05-10,0.02013760218137195,0.979862397818628
4141,2020-05-10,0.02905495482365672,0.9709450451763433
4142,2020-05-10,0.016501814365684875,0.9834981856343151
4143,2020-05-10,0.022963390634351932,0.9770366093656481
4144,2020-05-10,0.009805676059327695,0.9901943239406723
4145,2020-05-10,0.060231374322552766,0.9397686256774472
4146,2020-05-10,0.01231521671272895,0.987684783287271
4147,2020-05-10,0.014339785406632388,0.9856602145933676
4148,2020-05-10,0.02055800301231192,0.9794419969876881
4149,2020-05-10,0.009136980371265535,0.9908630196287345
4150,2020-05-10,0.037344922489133126,0.9626550775108669
4151,2020-05-10,0.019275831787063047,0.980724168212937
4152,2020-05-10,0.010769295252349265,0.9892307047476507
4153,2020-05-10,0.0085486277865654,0.9914513722134346
4154,2020-05-10,0.02046043037017642,0.9795395696298236
4155,2020-05-10,0.003930804578293534,0.9960691954217065
4156,2020-05-10,0.019643144675796864,0.9803568553242031
4157,2020-05-10,0.019113002046672545,0.9808869979533275
4158,2020-05-10,0.01696108454240408,0.9830389154575959
4159,2020-05-10,0.03074389552946666,0.9692561044705333
4160,2020-05-10,0.004791432352412306,0.9952085676475877
4162,2020-05-10,0.04652230204544572,0.9534776979545543
4163,2020-05-10,0.005201080533093094,0.9947989194669069
4164,2020-05-10,0.021453646559424833,0.9785463534405752
4165,2020-05-10,0.004484472349766788,0.9955155276502332
4166,2020-05-10,0.007488836740573657,0.9925111632594263
4167,2020-05-10,0.022569772385634068,0.9774302276143659
4169,2020-05-10,0.01718013850996858,0.9828198614900314
4170,2020-05-10,0.015589601540744624,0.9844103984592554
4171,2020-05-10,0.02280014414220144,0.9771998558577986
4172,2020-05-10,0.005426889366174081,0.9945731106338259
4173,2020-05-10,0.010287970190048457,0.9897120298099515
4174,2020-05-10,0.006147564794171778,0.9938524352058282
4175,2020-05-10,0.03967435777591899,0.960325642224081
4176,2020-05-10,0.03249394406208883,0.9675060559379112
4177,2020-05-10,0.027381738518592824,0.9726182614814072
4178,2020-05-10,0.009096511262047136,0.9909034887379529
4179,2020-05-10,0.024123523323215434,0.9758764766767846
4180,2020-05-10,0.014522892974872637,0.9854771070251274
4181,2020-05-10,0.003376850872326309,0.9966231491276737
4182,2020-05-10,0.00840140187747429,0.9915985981225257
4183,2020-05-10,0.031433773260409525,0.9685662267395905
4184,2020-05-10,0.013853389281275885,0.9861466107187241
4185,2020-05-10,0.016395473423835294,0.9836045265761647
4186,2020-05-10,0.007823855734150897,0.9921761442658491
4188,2020-05-10,0.030338928472703808,0.9696610715272962
4189,2020-05-10,0.01676976128007923,0.9832302387199208
4190,2020-05-10,0.00713120834577563,0.9928687916542244
4191,2020-05-10,0.012718197347175497,0.9872818026528245
4192,2020-05-10,0.034988358768204386,0.9650116412317956
4193,2020-05-10,0.013741641969913676,0.9862583580300863
4195,2020-05-10,0.0357445022495092,0.9642554977504908
4196,2020-05-10,0.009294669921073972,0.990705330078926
4197,2020-05-10,0.03864713612661297,0.961352863873387
4198,2020-05-10,0.010367855559094807,0.9896321444409052
4199,2020-05-10,0.03301286614020216,0.9669871338597978
4200,2020-05-10,0.02029659488429536,0.9797034051157046
4201,2020-05-10,0.005483406708730154,0.9945165932912698
4202,2020-05-10,0.08704094575919019,0.9129590542408098
4203,2020-05-10,0.009529531041832517,0.9904704689581675
4204,2020-05-10,0.005824998749211163,0.9941750012507888
4205,2020-05-10,0.030229745602974978,0.969770254397025
4207,2020-05-10,0.0064039482094049305,0.9935960517905951
4208,2020-05-10,0.00490758375616962,0.9950924162438304
4209,2020-05-10,0.028868312580913713,0.9711316874190863
4210,2020-05-10,0.004076619612134902,0.9959233803878651
4211,2020-05-10,0.02487996587303798,0.975120034126962
4212,2020-05-10,0.07554386779041367,0.9244561322095863
4213,2020-05-10,0.02164944440953087,0.9783505555904691
4214,2020-05-10,0.043063382878235634,0.9569366171217644
4215,2020-05-10,0.03723461253891436,0.9627653874610856
4217,2020-05-10,0.009539657111263034,0.990460342888737
4218,2020-05-10,0.008290182207063013,0.991709817792937
4219,2020-05-10,0.009579329662634084,0.9904206703373659
4220,2020-05-10,0.007035113282450101,0.9929648867175499
4221,2020-05-10,0.012082408298202507,0.9879175917017975
4222,2020-05-10,0.0026846601907277723,0.9973153398092722
4223,2020-05-10,0.010068842888168672,0.9899311571118313
4224,2020-05-10,0.0385465599804814,0.9614534400195186
4225,2020-05-10,0.048544361058317165,0.9514556389416828
4226,2020-05-10,0.032844620290183535,0.9671553797098165
4227,2020-05-10,0.03257314113893561,0.9674268588610644
4228,2020-05-10,0.010099740591213324,0.9899002594087867
4229,2020-05-10,0.04606740884496974,0.9539325911550303
4230,2020-05-10,0.004252935238422961,0.995747064761577
4231,2020-05-10,0.009763032985693254,0.9902369670143067
4232,2020-05-10,0.006510019686127633,0.9934899803138724
4233,2020-05-10,0.010482423848444111,0.9895175761515559
4234,2020-05-10,0.012889376862805668,0.9871106231371943
4235,2020-05-10,0.025265926298730257,0.9747340737012697
4236,2020-05-10,0.016503481237747142,0.9834965187622529
4237,2020-05-10,0.004577309535782725,0.9954226904642173
4238,2020-05-10,0.008822863765779232,0.9911771362342208
4239,2020-05-10,0.004940510031318679,0.9950594899686813
4240,2020-05-10,0.03234432334478399,0.967655676655216
4241,2020-05-10,0.007354165496249676,0.9926458345037503
4242,2020-05-10,0.021220636220217193,0.9787793637797828
4243,2020-05-10,0.010640279542622477,0.9893597204573775
4244,2020-05-10,0.030926004243025274,0.9690739957569747
4245,2020-05-10,0.0030908811682565096,0.9969091188317435
4246,2020-05-10,0.06030686500220972,0.9396931349977903
4247,2020-05-10,0.0179219692884387,0.9820780307115613
4248,2020-05-10,0.013315532287055953,0.986684467712944
4249,2020-05-10,0.005423701022592486,0.9945762989774075
4250,2020-05-10,0.028054065617921342,0.9719459343820787
4251,2020-05-10,0.0048309708948278685,0.9951690291051721
4252,2020-05-10,0.039626390758149554,0.9603736092418504
4253,2020-05-10,0.010938947466994087,0.9890610525330059
4254,2020-05-10,0.017469516601237634,0.9825304833987624
4255,2020-05-10,0.007809059593728018,0.992190940406272
4256,2020-05-10,0.028388090914681086,0.9716119090853189
4257,2020-05-10,0.0034211467421719766,0.996578853257828
4258,2020-05-10,0.01412686169904831,0.9858731383009517
4259,2020-05-10,0.02176709836780044,0.9782329016321996
4260,2020-05-10,0.004701805526427627,0.9952981944735724
4261,2020-05-10,0.10649048360404934,0.8935095163959507
4262,2020-05-10,0.03079946690189872,0.9692005330981013
4263,2020-05-10,0.022350164918715443,0.9776498350812846
4264,2020-05-10,0.01495379961228438,0.9850462003877156
4265,2020-05-10,0.021911580488783833,0.9780884195112162
4266,2020-05-10,0.05679854061154943,0.9432014593884506
4267,2020-05-10,0.024371105801976545,0.9756288941980235
4269,2020-05-10,0.000610614277909316,0.9993893857220907
4270,2020-05-10,0.026073236924605725,0.9739267630753943
4271,2020-05-10,0.005126838102828213,0.9948731618971718
4272,2020-05-10,0.024993852804529926,0.9750061471954701
4273,2020-05-10,0.014650354689999201,0.9853496453100008
4274,2020-05-10,0.0197276268665878,0.9802723731334122
4275,2020-05-10,0.02053403568660872,0.9794659643133913
4276,2020-05-10,0.027239144992922792,0.9727608550070772
4279,2020-05-10,0.02882328950340307,0.9711767104965969
4281,2020-05-10,0.033111492604473436,0.9668885073955266
4282,2020-05-10,0.06298274492441347,0.9370172550755865
4283,2020-05-10,0.013669598220799495,0.9863304017792005
4284,2020-05-10,0.017192306316776707,0.9828076936832233
4285,2020-05-10,0.02666082841978401,0.973339171580216
4286,2020-05-10,0.034115700894930656,0.9658842991050693
4287,2020-05-10,0.05807378618977821,0.9419262138102218
4288,2020-05-10,0.023682914642117248,0.9763170853578828
4289,2020-05-10,0.010839029578569859,0.9891609704214301
4290,2020-05-10,0.003743525431794903,0.9962564745682051
4291,2020-05-10,0.01823818017291645,0.9817618198270835
4292,2020-05-10,0.06666269674520697,0.933337303254793
4293,2020-05-10,0.02190705260026593,0.9780929473997341
4294,2020-05-10,0.01886975459604001,0.98113024540396
4295,2020-05-10,0.010231722210129024,0.989768277789871
4296,2020-05-10,0.01578099256850396,0.984219007431496
4297,2020-05-10,0.026366256778474484,0.9736337432215255
4298,2020-05-10,0.01132302224402948,0.9886769777559705
4299,2020-05-10,0.024097837413431522,0.9759021625865685
4300,2020-05-10,0.010342342981701447,0.9896576570182986
4301,2020-05-10,0.013716271631023957,0.986283728368976
4302,2020-05-10,0.0267216507932313,0.9732783492067687
4303,2020-05-10,0.030495999001000418,0.9695040009989996
4304,2020-05-10,0.01230997506795739,0.9876900249320426
4305,2020-05-10,0.04701220276258122,0.9529877972374188
4307,2020-05-10,0.02267512965828733,0.9773248703417127
4308,2020-05-10,0.016670098980784753,0.9833299010192152
4309,2020-05-10,0.03257190481648109,0.9674280951835189
4310,2020-05-10,0.010147883094065335,0.9898521169059347
4311,2020-05-10,0.03455832530695646,0.9654416746930435
4312,2020-05-10,0.01251067075386414,0.9874893292461359
4313,2020-05-10,0.006666846166463514,0.9933331538335365
4314,2020-05-10,0.03246207463637718,0.9675379253636228
4315,2020-05-10,0.04604526747176274,0.9539547325282373
4317,2020-05-10,0.004189309643236494,0.9958106903567635
4318,2020-05-10,0.013338685791095095,0.9866613142089049
4319,2020-05-10,0.03466066871935092,0.9653393312806491
4320,2020-05-10,0.020623805188968558,0.9793761948110314
4321,2020-05-10,0.02704676558162089,0.9729532344183791
4322,2020-05-10,0.007970475177887737,0.9920295248221123
4323,2020-05-10,0.0056407811771573835,0.9943592188228426
4324,2020-05-10,0.00847433467835812,0.9915256653216419
4325,2020-05-10,0.025814896282966515,0.9741851037170335
4326,2020-05-10,0.013666453430195569,0.9863335465698044
4327,2020-05-10,0.02650782011649544,0.9734921798835046
4328,2020-05-10,0.00796611371766831,0.9920338862823317
4329,2020-05-10,0.03231416519464181,0.9676858348053582
4330,2020-05-10,0.020388723579664036,0.979611276420336
4331,2020-05-10,0.015236715346968022,0.984763284653032
4332,2020-05-10,0.026811029767794592,0.9731889702322054
4334,2020-05-10,0.027292321330100622,0.9727076786698994
4335,2020-05-10,0.06519270083737394,0.9348072991626261
4337,2020-05-10,0.001627278474488958,0.998372721525511
4338,2020-05-10,0.00370071809268524,0.9962992819073148
4339,2020-05-10,0.017199602009993487,0.9828003979900065
4341,2020-05-10,0.007283786844184736,0.9927162131558153
4342,2020-05-10,0.08324143307773668,0.9167585669222633
4343,2020-05-10,0.01529922220400226,0.9847007777959977
4345,2020-05-10,0.013536338622661459,0.9864636613773385
4346,2020-05-10,0.005191288746724698,0.9948087112532753
4347,2020-05-10,0.013172086909145841,0.9868279130908542
4348,2020-05-10,0.01135786316682319,0.9886421368331768
4349,2020-05-10,0.03852073105951448,0.9614792689404855
4350,2020-05-10,0.028099086758928915,0.9719009132410711
4351,2020-05-10,0.028273784850111783,0.9717262151498882
4352,2020-05-10,0.011176595658431987,0.988823404341568
4353,2020-05-10,0.012869097495762816,0.9871309025042372
4354,2020-05-10,0.003077979144412102,0.9969220208555879
4355,2020-05-10,0.023477220212550165,0.9765227797874498
4356,2020-05-10,0.019928269142764243,0.9800717308572358
4357,2020-05-10,0.006418547190350399,0.9935814528096496
4359,2020-05-10,0.011320776390178477,0.9886792236098215
4360,2020-05-10,0.0037937352036128136,0.9962062647963872
4361,2020-05-10,0.04444929074152226,0.9555507092584777
4362,2020-05-10,0.0060287832293052235,0.9939712167706948
4363,2020-05-10,0.028456329968900573,0.9715436700310994
4364,2020-05-10,0.03857991162807506,0.9614200883719249
4365,2020-05-10,0.02529187523146048,0.9747081247685395
4366,2020-05-10,0.05398593601674373,0.9460140639832563
4368,2020-05-10,0.01398345876904561,0.9860165412309544
4369,2020-05-10,0.046822045792124234,0.9531779542078758
4370,2020-05-10,0.026115671358738823,0.9738843286412612
4371,2020-05-10,0.01825048204318913,0.9817495179568109
4372,2020-05-10,0.003336733858963603,0.9966632661410364
4374,2020-05-10,0.025926289416876025,0.974073710583124
4375,2020-05-10,0.033459018182567135,0.9665409818174329
4376,2020-05-10,0.0038031110983072214,0.9961968889016928
4377,2020-05-10,0.014420297161036433,0.9855797028389636
4378,2020-05-10,0.0035721809196630483,0.996427819080337
4379,2020-05-10,0.02472188571012046,0.9752781142898795
4380,2020-05-10,0.0583394535025491,0.9416605464974509
4381,2020-05-10,0.018996196651183128,0.9810038033488169
4382,2020-05-10,0.011270101346725458,0.9887298986532745
4383,2020-05-10,0.0643852450222272,0.9356147549777728
4384,2020-05-10,0.019334903591878838,0.9806650964081212
4385,2020-05-10,0.02616515019179022,0.9738348498082098
4386,2020-05-10,0.021007527579341434,0.9789924724206586
4387,2020-05-10,0.0103140699754114,0.9896859300245886
4388,2020-05-10,0.006964364067927109,0.9930356359320729
4389,2020-05-10,0.03731643816185992,0.9626835618381401
4390,2020-05-10,0.017392336739822323,0.9826076632601777
4391,2020-05-10,0.0035849215007750512,0.996415078499225
4392,2020-05-10,0.03737113632242173,0.9626288636775783
4393,2020-05-10,0.01858446029561811,0.9814155397043819
4394,2020-05-10,0.030901576764566507,0.9690984232354335
4395,2020-05-10,0.028120250914690503,0.9718797490853095
4396,2020-05-10,0.0026340708670959945,0.997365929132904
4397,2020-05-10,0.007405546209897307,0.9925944537901027
4398,2020-05-10,0.02032637743556953,0.9796736225644305
4401,2020-05-10,0.01475565832715553,0.9852443416728445
4403,2020-05-10,0.014826697809893208,0.9851733021901068
4404,2020-05-10,0.01569008814261652,0.9843099118573835
4405,2020-05-10,0.08474549905890738,0.9152545009410926
4406,2020-05-10,0.011121383727368594,0.9888786162726314
4408,2020-05-10,0.004289484844695379,0.9957105151553046
4409,2020-05-10,0.020786631148613455,0.9792133688513865
4410,2020-05-10,0.016086270842722405,0.9839137291572776
4411,2020-05-10,0.042619297701142256,0.9573807022988577
4413,2020-05-10,0.005060767664383237,0.9949392323356168
4414,2020-05-10,0.018465733933988093,0.9815342660660119
4415,2020-05-10,0.020943109529313553,0.9790568904706864
4416,2020-05-10,0.0037090743280688843,0.9962909256719311
4417,2020-05-10,0.009877336429973682,0.9901226635700263
4418,2020-05-10,0.015781162365228862,0.9842188376347711
4419,2020-05-10,0.004768530819808214,0.9952314691801918
4420,2020-05-10,0.0191617434969632,0.9808382565030368
4421,2020-05-10,0.025905000290049718,0.9740949997099503
4422,2020-05-10,0.003369362274153409,0.9966306377258466
4423,2020-05-10,0.013241961043884087,0.9867580389561159
4424,2020-05-10,0.0029934930989147235,0.9970065069010853
4425,2020-05-10,0.004681741248281246,0.9953182587517188
4426,2020-05-10,0.025899998278945957,0.974100001721054
4427,2020-05-10,0.001547955166075865,0.9984520448339241
4428,2020-05-10,0.0285006556644396,0.9714993443355604
4429,2020-05-10,0.0104547105505306,0.9895452894494694
4430,2020-05-10,0.00981887730217157,0.9901811226978284
4431,2020-05-10,0.03583955324935939,0.9641604467506406
4432,2020-05-10,0.029696465388821536,0.9703035346111785
4433,2020-05-10,0.025407737359575022,0.974592262640425
4434,2020-05-10,0.0199059661854748,0.9800940338145252
4436,2020-05-10,0.014554976157148847,0.9854450238428512
4437,2020-05-10,0.012594390813287393,0.9874056091867126
4438,2020-05-10,0.004680054399745837,0.9953199456002542
4439,2020-05-10,0.012328838793314145,0.9876711612066859
4440,2020-05-10,0.022321823560740528,0.9776781764392595
4441,2020-05-10,0.005934598956279236,0.9940654010437208
4442,2020-05-10,0.045730099909225386,0.9542699000907746
4444,2020-05-10,0.0057008527953219534,0.994299147204678
4445,2020-05-10,0.01921534805412961,0.9807846519458704
4446,2020-05-10,0.006289718548526113,0.9937102814514739
4447,2020-05-10,0.012377746097785858,0.9876222539022141
4450,2020-05-10,0.011322774045785744,0.9886772259542143
4451,2020-05-10,0.08016294618851927,0.9198370538114807
4452,2020-05-10,0.003045480328043637,0.9969545196719564
4453,2020-05-10,0.010617683129629518,0.9893823168703705
4454,2020-05-10,0.005025007109984436,0.9949749928900156
4455,2020-05-10,0.03755661865473403,0.962443381345266
4456,2020-05-10,0.0010956684058673893,0.9989043315941326
4457,2020-05-10,0.013123928419115027,0.986876071580885
4459,2020-05-10,0.013471249390444862,0.9865287506095551
4461,2020-05-10,0.015586298681350419,0.9844137013186496
4462,2020-05-10,0.017728721628779698,0.9822712783712203
4463,2020-05-10,0.019544055994068055,0.980455944005932
4464,2020-05-10,0.0230213372286594,0.9769786627713406
4465,2020-05-10,0.006673519617274248,0.9933264803827258
4466,2020-05-10,0.017977478007055847,0.9820225219929442
4467,2020-05-10,0.15687539928059957,0.8431246007194004
4468,2020-05-10,0.009975575059177011,0.990024424940823
4469,2020-05-10,0.037171539675652454,0.9628284603243475
4471,2020-05-10,0.012374957342711213,0.9876250426572888
4472,2020-05-10,0.018188684715170766,0.9818113152848292
4476,2020-05-10,0.019393557100622516,0.9806064428993775
4477,2020-05-10,0.04939912795363477,0.9506008720463652
4479,2020-05-10,0.0050757994571623,0.9949242005428377
4480,2020-05-10,0.02520950452261539,0.9747904954773846
4481,2020-05-10,0.01155435960683382,0.9884456403931662
4482,2020-05-10,0.013177943105062595,0.9868220568949374
4483,2020-05-10,0.008161779417052206,0.9918382205829478
4484,2020-05-10,0.023733241735916066,0.9762667582640839
4485,2020-05-10,0.01795856927773698,0.982041430722263
4486,2020-05-10,0.006877639001903302,0.9931223609980967
4487,2020-05-10,0.00562271187224106,0.9943772881277589
4488,2020-05-10,0.026260163423521665,0.9737398365764783
4489,2020-05-10,0.020423390515175166,0.9795766094848248
4491,2020-05-10,0.04960946915828379,0.9503905308417162
4492,2020-05-10,0.029772964422956183,0.9702270355770438
4493,2020-05-10,0.014541034641645911,0.9854589653583541
4495,2020-05-10,0.006338074135900595,0.9936619258640994
4496,2020-05-10,0.003482479130917482,0.9965175208690825
4497,2020-05-10,0.017358946276883502,0.9826410537231165
4498,2020-05-10,0.008821727092630405,0.9911782729073696
4499,2020-05-10,0.060814554356816264,0.9391854456431837
4500,2020-05-10,0.012996336155562616,0.9870036638444374
4501,2020-05-10,0.01632176557672771,0.9836782344232723
4502,2020-05-10,0.013234039283773091,0.9867659607162269
4503,2020-05-10,0.05084439859451395,0.949155601405486
4505,2020-05-10,0.0059241486176543345,0.9940758513823457
4507,2020-05-10,0.006518109655293203,0.9934818903447068
4508,2020-05-10,0.030579366870261082,0.9694206331297389
4509,2020-05-10,0.044395266362362906,0.9556047336376371
4510,2020-05-10,0.013072980641121168,0.9869270193588788
4511,2020-05-10,0.010470489714708764,0.9895295102852912
4512,2020-05-10,0.00883134398114005,0.99116865601886
4514,2020-05-10,0.02255335564482297,0.977446644355177
4515,2020-05-10,0.006861546171947452,0.9931384538280525
4516,2020-05-10,0.009841675142774786,0.9901583248572252
4517,2020-05-10,0.013144503437558575,0.9868554965624414
4518,2020-05-10,0.04963039850502604,0.950369601494974
4519,2020-05-10,0.004349135053287823,0.9956508649467122
4520,2020-05-10,0.014181317649746839,0.9858186823502532
4521,2020-05-10,0.004718502883970133,0.9952814971160299
4522,2020-05-10,0.006509619960753499,0.9934903800392465
4524,2020-05-10,0.039257117292773036,0.960742882707227
4525,2020-05-10,0.005501221518079413,0.9944987784819206
4526,2020-05-10,0.028775045813927536,0.9712249541860725
4527,2020-05-10,0.025072628869828195,0.9749273711301718
4528,2020-05-10,0.0096766650879756,0.9903233349120244
4529,2020-05-10,0.003448394239882746,0.9965516057601173
4530,2020-05-10,0.004070989454917351,0.9959290105450826
4531,2020-05-10,0.01146712782564352,0.9885328721743565
4532,2020-05-10,0.003264958147115582,0.9967350418528844
4533,2020-05-10,0.005074083343188263,0.9949259166568117
4534,2020-05-10,0.011052130790168757,0.9889478692098312
4535,2020-05-10,0.008338107438326858,0.9916618925616731
4536,2020-05-10,0.011293634383752638,0.9887063656162474
4537,2020-05-10,0.007440850323209847,0.9925591496767902
4539,2020-05-10,0.0015553980881493068,0.9984446019118507
4540,2020-05-10,0.008798686637098707,0.9912013133629013
4541,2020-05-10,0.018955149641915026,0.981044850358085
4542,2020-05-10,0.025004600012070055,0.97499539998793
4543,2020-05-10,0.01556895726674734,0.9844310427332527
4544,2020-05-10,0.026709471283222652,0.9732905287167773
4545,2020-05-10,0.0373863012474952,0.9626136987525048
4546,2020-05-10,0.027141643965735596,0.9728583560342644
4547,2020-05-10,0.02205558609931657,0.9779444139006834
4548,2020-05-10,0.007496747327977227,0.9925032526720228
4549,2020-05-10,0.03747990132959955,0.9625200986704004
4550,2020-05-10,0.023124061108236837,0.9768759388917632
4551,2020-05-10,0.012050458164227673,0.9879495418357723
4552,2020-05-10,0.003562177817291179,0.9964378221827088
4553,2020-05-10,0.018007151361567164,0.9819928486384328
4554,2020-05-10,0.007344251707312899,0.9926557482926871
4555,2020-05-10,0.022422734623835483,0.9775772653761645
4557,2020-05-10,0.010391624946476608,0.9896083750535234
4558,2020-05-10,0.003501430294128416,0.9964985697058716
4559,2020-05-10,0.005516425062993768,0.9944835749370062
4560,2020-05-10,0.00829082218941768,0.9917091778105823
4561,2020-05-10,0.027447632005433098,0.9725523679945669
4562,2020-05-10,0.006721284337264044,0.993278715662736
4563,2020-05-10,0.03235441669095118,0.9676455833090488
4564,2020-05-10,0.01035091929841836,0.9896490807015816
4565,2020-05-10,0.007700786725836739,0.9922992132741633
4566,2020-05-10,0.03546132884745723,0.9645386711525428
4567,2020-05-10,0.008657825327102797,0.9913421746728972
4568,2020-05-10,0.008205023714409121,0.9917949762855909
4569,2020-05-10,0.010049977083304018,0.989950022916696
4570,2020-05-10,0.012852582991449202,0.9871474170085508
4571,2020-05-10,0.040273822175011076,0.9597261778249889
4573,2020-05-10,0.043554445202787506,0.9564455547972125
4574,2020-05-10,0.048533632797215676,0.9514663672027843
4575,2020-05-10,0.0036242138075456287,0.9963757861924544
4576,2020-05-10,0.006614557260440801,0.9933854427395592
4577,2020-05-10,0.014092756258167416,0.9859072437418326
4578,2020-05-10,0.006970718651263197,0.9930292813487368
4579,2020-05-10,0.09628018371035119,0.9037198162896488
4580,2020-05-10,0.04108932155120404,0.958910678448796
4581,2020-05-10,0.012486881666450289,0.9875131183335497
4582,2020-05-10,0.04846418207620429,0.9515358179237957
4583,2020-05-10,0.006445608729330643,0.9935543912706694
4584,2020-05-10,0.010988312275927892,0.9890116877240721
4585,2020-05-10,0.01888424548413814,0.9811157545158619
4586,2020-05-10,0.1422388504891816,0.8577611495108184
4587,2020-05-10,0.003083029528921366,0.9969169704710786
4588,2020-05-10,0.004660744484149659,0.9953392555158503
4589,2020-05-10,0.010230249997479457,0.9897697500025205
4590,2020-05-10,0.004661717397026366,0.9953382826029736
4591,2020-05-10,0.03092532935988468,0.9690746706401153
4592,2020-05-10,0.014296668394618961,0.985703331605381
4593,2020-05-10,0.013275438715411259,0.9867245612845887
4594,2020-05-10,0.004037433541019486,0.9959625664589805
4595,2020-05-10,0.005223694022907011,0.994776305977093
4596,2020-05-10,0.01165494393650146,0.9883450560634985
4597,2020-05-10,0.03362220606470756,0.9663777939352924
4598,2020-05-10,0.008493790330810103,0.9915062096691899
4599,2020-05-10,0.0028613434031943275,0.9971386565968057
4600,2020-05-10,0.0604282315143303,0.9395717684856697
4601,2020-05-10,0.010146448431414434,0.9898535515685856
4602,2020-05-10,0.0201110248868962,0.9798889751131038
4603,2020-05-10,0.03367062014807376,0.9663293798519262
4604,2020-05-10,0.013231856837091716,0.9867681431629083
4605,2020-05-10,0.031032761453030355,0.9689672385469696
4606,2020-05-10,0.006010530539561021,0.993989469460439
4607,2020-05-10,0.004566200135541987,0.995433799864458
4608,2020-05-10,0.0253114272037136,0.9746885727962864
4609,2020-05-10,0.02952944845690697,0.970470551543093
4610,2020-05-10,0.044381579896835,0.955618420103165
4611,2020-05-10,0.01638265627527713,0.9836173437247229
4612,2020-05-10,0.05114471444024704,0.948855285559753
4613,2020-05-10,0.007816309912548558,0.9921836900874514
4614,2020-05-10,0.004759095688295689,0.9952409043117043
4615,2020-05-10,0.013833059352323263,0.9861669406476767
4616,2020-05-10,0.049274171423971946,0.950725828576028
4617,2020-05-10,0.033040044365357235,0.9669599556346428
4618,2020-05-10,0.0075325741672067625,0.9924674258327932
4619,2020-05-10,0.004146865311202452,0.9958531346887975
4620,2020-05-10,0.007589687253040434,0.9924103127469596
4621,2020-05-10,0.018571083829707846,0.9814289161702922
4622,2020-05-10,0.007736812648243663,0.9922631873517563
4623,2020-05-10,0.008269653997563187,0.9917303460024368
4624,2020-05-10,0.01628892220655187,0.9837110777934481
4625,2020-05-10,0.15309805925654962,0.8469019407434504
4626,2020-05-10,0.03402752144760246,0.9659724785523975
4627,2020-05-10,0.00600765643103085,0.9939923435689691
4628,2020-05-10,0.010978455938940868,0.9890215440610591
4630,2020-05-10,0.0525451763058703,0.9474548236941297
4631,2020-05-10,0.003287665457948674,0.9967123345420513
4633,2020-05-10,0.02399687787746896,0.976003122122531
4634,2020-05-10,0.008875510263211983,0.991124489736788
4635,2020-05-10,0.004208433818643331,0.9957915661813567
4636,2020-05-10,0.008256172193645606,0.9917438278063544
4637,2020-05-10,0.0023231588105890877,0.9976768411894109
4639,2020-05-10,0.02732181077211726,0.9726781892278827
4641,2020-05-10,0.01272850801039882,0.9872714919896012
4642,2020-05-10,0.038934182987991894,0.9610658170120081
4643,2020-05-10,0.014211986101331342,0.9857880138986687
4644,2020-05-10,0.004657343678610704,0.9953426563213893
4645,2020-05-10,0.009116285454867423,0.9908837145451326
4646,2020-05-10,0.01707771008329384,0.9829222899167062
4647,2020-05-10,0.0051436694049555864,0.9948563305950444
4648,2020-05-10,0.011483081816096252,0.9885169181839037
4649,2020-05-10,0.051385200571393175,0.9486147994286068
4650,2020-05-10,0.010930363373148455,0.9890696366268515
4651,2020-05-10,0.011055727312942243,0.9889442726870578
4653,2020-05-10,0.015271472146969334,0.9847285278530307
4654,2020-05-10,0.06517785998155734,0.9348221400184427
4655,2020-05-10,0.03025836732084508,0.9697416326791549
4656,2020-05-10,0.006023673690047304,0.9939763263099527
4657,2020-05-10,0.028574631853941268,0.9714253681460587
4658,2020-05-10,0.0914946613847556,0.9085053386152444
4659,2020-05-10,0.02799127277028457,0.9720087272297154
4660,2020-05-10,0.09172358675087089,0.9082764132491291
4661,2020-05-10,0.014145952814698104,0.9858540471853019
4662,2020-05-10,0.005748389113498953,0.994251610886501
4663,2020-05-10,0.013366872411886499,0.9866331275881135
4664,2020-05-10,0.0028025239216965536,0.9971974760783034
4666,2020-05-10,0.00903382872801195,0.990966171271988
4668,2020-05-10,0.05966033696695239,0.9403396630330476
4669,2020-05-10,0.01236824204877196,0.987631757951228
4670,2020-05-10,0.009421682682883792,0.9905783173171162
4671,2020-05-10,0.02687102308287881,0.9731289769171212
4672,2020-05-10,0.0465456250256292,0.9534543749743708
4673,2020-05-10,0.008715599141127406,0.9912844008588726
4674,2020-05-10,0.012928141491343359,0.9870718585086566
4675,2020-05-10,0.019522409378909922,0.9804775906210901
4676,2020-05-10,0.03772773935130713,0.9622722606486929
4677,2020-05-10,0.0039014119997654584,0.9960985880002345
4678,2020-05-10,0.03199510577726372,0.9680048942227363
4679,2020-05-10,0.004460411117595875,0.9955395888824041
4680,2020-05-10,0.014738841333363228,0.9852611586666368
4681,2020-05-10,0.003154528358013997,0.996845471641986
4682,2020-05-10,0.009213572163338957,0.990786427836661
4683,2020-05-10,0.003519892820635251,0.9964801071793647
4685,2020-05-10,0.03645152924496442,0.9635484707550356
4686,2020-05-10,0.006412549583450611,0.9935874504165494
4687,2020-05-10,0.07486012207695614,0.9251398779230439
4688,2020-05-10,0.08462555465978083,0.9153744453402192
4689,2020-05-10,0.007684111936590243,0.9923158880634098
4690,2020-05-10,0.003354988602120468,0.9966450113978795
4691,2020-05-10,0.007037165271654766,0.9929628347283452
4692,2020-05-10,0.1069823712197584,0.8930176287802416
4694,2020-05-10,0.023148789020447813,0.9768512109795522
4695,2020-05-10,0.013034748870877189,0.9869652511291228
4696,2020-05-10,0.012050775556739501,0.9879492244432605
4697,2020-05-10,0.03709547441255845,0.9629045255874416
4698,2020-05-10,0.04707226207504167,0.9529277379249583
4700,2020-05-10,0.008351968274265764,0.9916480317257342
4701,2020-05-10,0.01692948818124418,0.9830705118187558
4703,2020-05-10,0.007326025403670444,0.9926739745963296
4704,2020-05-10,0.0038060104186233845,0.9961939895813766
4705,2020-05-10,0.005218249742061309,0.9947817502579387
4706,2020-05-10,0.013225704097420188,0.9867742959025798
4707,2020-05-10,0.0181897733366706,0.9818102266633294
4709,2020-05-10,0.021606047992350774,0.9783939520076492
4710,2020-05-10,0.0057551580871482155,0.9942448419128518
4711,2020-05-10,0.027273159212573783,0.9727268407874262
4713,2020-05-10,0.037649063645050496,0.9623509363549495
4714,2020-05-10,0.01442935189753658,0.9855706481024634
4715,2020-05-10,0.027231785474447934,0.9727682145255521
4716,2020-05-10,0.030264067886481172,0.9697359321135188
4717,2020-05-10,0.077595495077314,0.922404504922686
4718,2020-05-10,0.0019433178523617922,0.9980566821476382
4720,2020-05-10,0.0024212574073363413,0.9975787425926637
4721,2020-05-10,0.00955266753145989,0.9904473324685401
4722,2020-05-10,0.017260529907978217,0.9827394700920218
4723,2020-05-10,0.07802193178204819,0.9219780682179518
4724,2020-05-10,0.012890890029299107,0.9871091099707009
4725,2020-05-10,0.0027652995077612763,0.9972347004922387
4726,2020-05-10,0.0069935748951248655,0.9930064251048751
4727,2020-05-10,0.009288059187836817,0.9907119408121632
4728,2020-05-10,0.015161858703577558,0.9848381412964224
4729,2020-05-10,0.011331028684021693,0.9886689713159783
4730,2020-05-10,0.02049455849196591,0.9795054415080341
4731,2020-05-10,0.004985817109385726,0.9950141828906143
4732,2020-05-10,0.03394094075331611,0.9660590592466839
4733,2020-05-10,0.015471600503173644,0.9845283994968264
4734,2020-05-10,0.00704203343371701,0.992957966566283
4735,2020-05-10,0.013154450665130213,0.9868455493348698
4736,2020-05-10,0.007936732530728352,0.9920632674692716
4737,2020-05-10,0.012552057708294151,0.9874479422917058
4738,2020-05-10,0.014742984546685323,0.9852570154533147
4739,2020-05-10,0.02282251081763431,0.9771774891823657
4740,2020-05-10,0.034340646499169236,0.9656593535008308
4741,2020-05-10,0.00985661026733542,0.9901433897326646
4742,2020-05-10,0.03147179198337802,0.968528208016622
4743,2020-05-10,0.09418126016800354,0.9058187398319965
4744,2020-05-10,0.052725584443125584,0.9472744155568744
4745,2020-05-10,0.015031757716953309,0.9849682422830467
4746,2020-05-10,0.015644069419648132,0.9843559305803519
4747,2020-05-10,0.005878498440939239,0.9941215015590608
4748,2020-05-10,0.04477727647497065,0.9552227235250293
4749,2020-05-10,0.009775205369777829,0.9902247946302222
4750,2020-05-10,0.013665331777436118,0.9863346682225639
4751,2020-05-10,0.02516543122831283,0.9748345687716872
4752,2020-05-10,0.004732158067435099,0.9952678419325649
4753,2020-05-10,0.007188721458301406,0.9928112785416986
4754,2020-05-10,0.027815193196995103,0.9721848068030049
4755,2020-05-10,0.021186680415061887,0.9788133195849381
4756,2020-05-10,0.018436122912080743,0.9815638770879193
4757,2020-05-10,0.04376115546895931,0.9562388445310407
4758,2020-05-10,0.029594471536110722,0.9704055284638893
4759,2020-05-10,0.022070986119216096,0.9779290138807839
4760,2020-05-10,0.03246389301291552,0.9675361069870845
4761,2020-05-10,0.010536917476298369,0.9894630825237016
4762,2020-05-10,0.007858218443720477,0.9921417815562795
4763,2020-05-10,0.01035983950082009,0.9896401604991799
4764,2020-05-10,0.013836636521610268,0.9861633634783897
4765,2020-05-10,0.030214763079943308,0.9697852369200567
4766,2020-05-10,0.033650779036642486,0.9663492209633575
4767,2020-05-10,0.003611013115563444,0.9963889868844366
4768,2020-05-10,0.08676576879923481,0.9132342312007652
4769,2020-05-10,0.006276564323549727,0.9937234356764503
4770,2020-05-10,0.00985523023499757,0.9901447697650024
4771,2020-05-10,0.01290345077621935,0.9870965492237807
4772,2020-05-10,0.029918749911953868,0.9700812500880461
4773,2020-05-10,0.004663413837379227,0.9953365861626208
4774,2020-05-10,0.03496116038058372,0.9650388396194163
4775,2020-05-10,0.014234729902653176,0.9857652700973468
4776,2020-05-10,0.006047531188179911,0.9939524688118201
4777,2020-05-10,0.01317038149073646,0.9868296185092635
4778,2020-05-10,0.02402571375077245,0.9759742862492276
4779,2020-05-10,0.0022793652737994607,0.9977206347262005
4780,2020-05-10,0.011191834458806005,0.988808165541194
4781,2020-05-10,0.013189507436655035,0.986810492563345
4782,2020-05-10,0.006262860584976049,0.993737139415024
4783,2020-05-10,0.014174214267081653,0.9858257857329183
4784,2020-05-10,0.010046264953893602,0.9899537350461064
4785,2020-05-10,0.01642866902481266,0.9835713309751873
4786,2020-05-10,0.01667452280384818,0.9833254771961518
4787,2020-05-10,0.002547217975788163,0.9974527820242118
4788,2020-05-10,0.003866731940153856,0.9961332680598461
4789,2020-05-10,0.03391203533270104,0.966087964667299
4790,2020-05-10,0.07423239708896512,0.9257676029110349
4791,2020-05-10,0.0317624563585297,0.9682375436414703
4792,2020-05-10,0.013102867007785401,0.9868971329922146
4793,2020-05-10,0.014228893316350688,0.9857711066836493
4794,2020-05-10,0.005907092916814349,0.9940929070831857
4795,2020-05-10,0.0500850767388793,0.9499149232611207
4796,2020-05-10,0.012565472804185074,0.9874345271958149
4797,2020-05-10,0.005260743837785298,0.9947392561622147
4798,2020-05-10,0.017153137144376718,0.9828468628556233
4799,2020-05-10,0.021874439197136053,0.978125560802864
4800,2020-05-10,0.03377165379632585,0.9662283462036741
4801,2020-05-10,0.005121827873266982,0.994878172126733
4802,2020-05-10,0.04529094979291082,0.9547090502070892
4803,2020-05-10,0.01635889121686962,0.9836411087831304
4804,2020-05-10,0.032159723229819415,0.9678402767701806
4805,2020-05-10,0.005997307955084907,0.9940026920449151
4807,2020-05-10,0.032375851903619246,0.9676241480963808
4808,2020-05-10,0.016752965297393785,0.9832470347026062
4809,2020-05-10,0.011514334583586194,0.9884856654164138
4810,2020-05-10,0.03374365390490919,0.9662563460950908
4811,2020-05-10,0.013118918106457711,0.9868810818935423
4812,2020-05-10,0.00565901872424357,0.9943409812757564
4813,2020-05-10,0.00987414052575275,0.9901258594742472
4814,2020-05-10,0.03438284015396975,0.9656171598460302
4815,2020-05-10,0.005986574295107072,0.9940134257048929
4816,2020-05-10,0.00794425108681518,0.9920557489131848
4817,2020-05-10,0.022267551606723113,0.9777324483932769
4818,2020-05-10,0.00943455969583984,0.9905654403041602
4820,2020-05-10,0.023379059226040888,0.9766209407739591
4821,2020-05-10,0.0027562895643064023,0.9972437104356936
4822,2020-05-10,0.006913554319857407,0.9930864456801426
4823,2020-05-10,0.02337796733393771,0.9766220326660623
4824,2020-05-10,0.01711226397508625,0.9828877360249137
4825,2020-05-10,0.013427633684218065,0.9865723663157819
4826,2020-05-10,0.018141154773196,0.981858845226804
4827,2020-05-10,0.04316377498858448,0.9568362250114155
4828,2020-05-10,0.010116145344220673,0.9898838546557793
4829,2020-05-10,0.026035386718365694,0.9739646132816343
4830,2020-05-10,0.02901755229504388,0.9709824477049561
4831,2020-05-10,0.006109118280020365,0.9938908817199796
4832,2020-05-10,0.007271772115213571,0.9927282278847864
4833,2020-05-10,0.017275585927150394,0.9827244140728496
4834,2020-05-10,0.02866112025542511,0.9713388797445749
4835,2020-05-10,0.01896366981808939,0.9810363301819106
4836,2020-05-10,0.005884342171537327,0.9941156578284627
4838,2020-05-10,0.007049970497723046,0.992950029502277
4839,2020-05-10,0.008044442478111424,0.9919555575218886
4840,2020-05-10,0.03512701789567818,0.9648729821043218
4841,2020-05-10,0.02856787915685899,0.971432120843141
4842,2020-05-10,0.023667924520108796,0.9763320754798912
4843,2020-05-10,0.0895132273999405,0.9104867726000595
4844,2020-05-10,0.00996361576523741,0.9900363842347626
4845,2020-05-10,0.009523552518665879,0.9904764474813341
4846,2020-05-10,0.0034831177948368985,0.9965168822051631
4847,2020-05-10,0.01920240198739498,0.980797598012605
4848,2020-05-10,0.0014388072365866256,0.9985611927634134
4849,2020-05-10,0.010960069284120522,0.9890399307158795
4850,2020-05-10,0.005262912725444546,0.9947370872745555
4851,2020-05-10,0.0035605913509374476,0.9964394086490626
4852,2020-05-10,0.021032782101477077,0.9789672178985229
4853,2020-05-10,0.04776397531407095,0.952236024685929
4854,2020-05-10,0.006171518829271472,0.9938284811707285
4855,2020-05-10,0.027287589435864956,0.972712410564135
4856,2020-05-10,0.0049982370215447824,0.9950017629784552
4857,2020-05-10,0.003578838725892153,0.9964211612741078
4858,2020-05-10,0.00460002152209904,0.995399978477901
4859,2020-05-10,0.028047813349713624,0.9719521866502864
4860,2020-05-10,0.012302847124826433,0.9876971528751736
4861,2020-05-10,0.0121268042753373,0.9878731957246627
4863,2020-05-10,0.0068842091836642805,0.9931157908163357
4864,2020-05-10,0.027769447749656617,0.9722305522503434
4866,2020-05-10,0.008119667079728221,0.9918803329202718
4867,2020-05-10,0.008965856840296493,0.9910341431597035
4868,2020-05-10,0.0050863579776805334,0.9949136420223195
4869,2020-05-10,0.005209560090263743,0.9947904399097363
4870,2020-05-10,0.02534416846064702,0.974655831539353
4871,2020-05-10,0.023063413870988092,0.9769365861290119
4872,2020-05-10,0.029459191094713733,0.9705408089052863
4873,2020-05-10,0.006943466558432032,0.993056533441568
4874,2020-05-10,0.019747416360886727,0.9802525836391133
4875,2020-05-10,0.028235131200752717,0.9717648687992473
4876,2020-05-10,0.010328841788873055,0.989671158211127
4877,2020-05-10,0.013654068305706923,0.9863459316942931
4879,2020-05-10,0.009779062529160498,0.9902209374708395
4880,2020-05-10,0.00768735909285212,0.9923126409071479
4881,2020-05-10,0.011354753355524272,0.9886452466444757
4882,2020-05-10,0.02744322938432353,0.9725567706156765
4883,2020-05-10,0.029749330566751664,0.9702506694332483
4885,2020-05-10,0.024060336135456106,0.9759396638645439
4886,2020-05-10,0.023902143119092667,0.9760978568809073
4887,2020-05-10,0.03022644238841876,0.9697735576115812
4888,2020-05-10,0.00408259943843603,0.995917400561564
4889,2020-05-10,0.01174501301945452,0.9882549869805455
4890,2020-05-10,0.01683398270080838,0.9831660172991916
4891,2020-05-10,0.018946993061660367,0.9810530069383396
4892,2020-05-10,0.017328856702203632,0.9826711432977964
4893,2020-05-10,0.0084204907281491,0.9915795092718509
4894,2020-05-10,0.010878733359562798,0.9891212666404372
4895,2020-05-10,0.00514337279156829,0.9948566272084317
4897,2020-05-10,0.016004016166181856,0.9839959838338181
4898,2020-05-10,0.050140849646490016,0.94985915035351
4899,2020-05-10,0.0029088582085278203,0.9970911417914722
4901,2020-05-10,0.024534482890820275,0.9754655171091797
4902,2020-05-10,0.004344785930633366,0.9956552140693666
4903,2020-05-10,0.010386200820310498,0.9896137991796895
4904,2020-05-10,0.002322710225080904,0.9976772897749191
4906,2020-05-10,0.013016818585117051,0.986983181414883
4907,2020-05-10,0.00844025509515145,0.9915597449048486
4908,2020-05-10,0.012672209225404907,0.9873277907745951
4909,2020-05-10,0.03340575971593118,0.9665942402840688
4910,2020-05-10,0.03874034384761771,0.9612596561523823
4911,2020-05-10,0.056708030890925354,0.9432919691090746
4912,2020-05-10,0.004919815454322629,0.9950801845456774
4914,2020-05-10,0.012013253746013364,0.9879867462539866
4915,2020-05-10,0.014578105432989874,0.9854218945670101
4916,2020-05-10,0.008989288634062564,0.9910107113659374
4917,2020-05-10,0.008167881399338994,0.991832118600661
4918,2020-05-10,0.012753096044227363,0.9872469039557726
4919,2020-05-10,0.00101957765093319,0.9989804223490668
4920,2020-05-10,0.004595244730382642,0.9954047552696174
4922,2020-05-10,0.008900199750277449,0.9910998002497226
4924,2020-05-10,0.006171214905113298,0.9938287850948867
4926,2020-05-10,0.004088258740155282,0.9959117412598447
4927,2020-05-10,0.03462882233355269,0.9653711776664473
4928,2020-05-10,0.0043497861728988285,0.9956502138271012
4930,2020-05-10,0.04294943503666704,0.957050564963333
4931,2020-05-10,0.020827960367283516,0.9791720396327165
4932,2020-05-10,0.013360312011162612,0.9866396879888374
4933,2020-05-10,0.011570172503714393,0.9884298274962856
4934,2020-05-10,0.009158597993147333,0.9908414020068527
4935,2020-05-10,0.012128079323944996,0.987871920676055
4936,2020-05-10,0.013299878327908576,0.9867001216720914
4937,2020-05-10,0.012577051282866236,0.9874229487171338
4938,2020-05-10,0.011168479583019031,0.988831520416981
4939,2020-05-10,0.023881192813016927,0.9761188071869831
4940,2020-05-10,0.018483304511207943,0.9815166954887921
4941,2020-05-10,0.011072367557849794,0.9889276324421502
4942,2020-05-10,0.027535617268227397,0.9724643827317726
4943,2020-05-10,0.019395922704838142,0.9806040772951619
4945,2020-05-10,0.007015372995917257,0.9929846270040827
4946,2020-05-10,0.01777901303591234,0.9822209869640877
4947,2020-05-10,0.020655270285508287,0.9793447297144917
4948,2020-05-10,0.017271193309786548,0.9827288066902135
4949,2020-05-10,0.03311604525427381,0.9668839547457262
4950,2020-05-10,0.002828889421076952,0.997171110578923
4951,2020-05-10,0.037671396047857186,0.9623286039521428
4952,2020-05-10,0.02596937992356141,0.9740306200764386
4953,2020-05-10,0.022349437981473708,0.9776505620185263
4954,2020-05-10,0.01119490195408035,0.9888050980459197
4955,2020-05-10,0.015198969625745073,0.9848010303742549
4956,2020-05-10,0.02380087621541216,0.9761991237845878
4957,2020-05-10,0.023546910114709108,0.9764530898852909
4958,2020-05-10,0.03859103106956374,0.9614089689304363
4959,2020-05-10,0.0032734729018422115,0.9967265270981578
4961,2020-05-10,0.02618202482388332,0.9738179751761167
4962,2020-05-10,0.030638930412809073,0.9693610695871909
4963,2020-05-10,0.003118664433588658,0.9968813355664113
4964,2020-05-10,0.006856010904751075,0.9931439890952489
4965,2020-05-10,0.01916699108136133,0.9808330089186387
4966,2020-05-10,0.018014323840204294,0.9819856761597957
4968,2020-05-10,0.011370096451158163,0.9886299035488418
4970,2020-05-10,0.018138007463831762,0.9818619925361682
4971,2020-05-10,0.013114261713429332,0.9868857382865707
4972,2020-05-10,0.004891190594483175,0.9951088094055168
4973,2020-05-10,0.005913457139915201,0.9940865428600848
4974,2020-05-10,0.004060318794003481,0.9959396812059965
4975,2020-05-10,0.0026546594663307,0.9973453405336693
4976,2020-05-10,0.05189628334581042,0.9481037166541896
4978,2020-05-10,0.04486633825790065,0.9551336617420993
4979,2020-05-10,0.014535086738134528,0.9854649132618655
4980,2020-05-10,0.03110974098568764,0.9688902590143124
4981,2020-05-10,0.0034016411502723054,0.9965983588497277
4982,2020-05-10,0.0035839513383942867,0.9964160486616057
4983,2020-05-10,0.009090812880540589,0.9909091871194594
4985,2020-05-10,0.01028433208955104,0.989715667910449
4986,2020-05-10,0.03508918570890873,0.9649108142910913
4987,2020-05-10,0.005466662925418642,0.9945333370745814
4988,2020-05-10,0.0035535827901734818,0.9964464172098265
4989,2020-05-10,0.0030447993609259427,0.9969552006390741
4990,2020-05-10,0.06577076773483526,0.9342292322651647
4991,2020-05-10,0.02660692194292269,0.9733930780570773
4993,2020-05-10,0.034476832168119476,0.9655231678318805
4994,2020-05-10,0.014811272074944926,0.9851887279250551
4995,2020-05-10,0.0634984955030482,0.9365015044969518
4996,2020-05-10,0.002729805465937263,0.9972701945340627
4997,2020-05-10,0.027386753713235956,0.972613246286764
4998,2020-05-10,0.02950172122882988,0.9704982787711701
4999,2020-05-10,0.025380669884885854,0.9746193301151141
5001,2020-05-10,0.0036398433191650037,0.996360156680835
5002,2020-05-10,0.014759216243489082,0.9852407837565109
5003,2020-05-10,0.06657668474853873,0.9334233152514613
5005,2020-05-10,0.004856161772208156,0.9951438382277918
5006,2020-05-10,0.01160549585819759,0.9883945041418024
5007,2020-05-10,0.022274686198491156,0.9777253138015088
5008,2020-05-10,0.0118415332398909,0.9881584667601091
5009,2020-05-10,0.008859937351521241,0.9911400626484788
5010,2020-05-10,0.02388549395710815,0.9761145060428918
5011,2020-05-10,0.012330434767415466,0.9876695652325845
5012,2020-05-10,0.01922389403251379,0.9807761059674862
5013,2020-05-10,0.005417063306130232,0.9945829366938698
5014,2020-05-10,0.030789179482425322,0.9692108205175747
5015,2020-05-10,0.01168294009425419,0.9883170599057458
5016,2020-05-10,0.007612443055680873,0.9923875569443191
5017,2020-05-10,0.004038720105010385,0.9959612798949896
5018,2020-05-10,0.002685996928813994,0.997314003071186
5019,2020-05-10,0.004932048581212101,0.9950679514187879
5020,2020-05-10,0.06869851076292788,0.9313014892370721
5021,2020-05-10,0.006747323291594998,0.993252676708405
5022,2020-05-10,0.024799054492568695,0.9752009455074313
5023,2020-05-10,0.010735946615676117,0.9892640533843239
5024,2020-05-10,0.02286876029915863,0.9771312397008414
5025,2020-05-10,0.03444740068896612,0.9655525993110339
5026,2020-05-10,0.032520545965002534,0.9674794540349975
5027,2020-05-10,0.026223770958524573,0.9737762290414754
5028,2020-05-10,0.04290954805137692,0.9570904519486231
5029,2020-05-10,0.03633865146959281,0.9636613485304072
5031,2020-05-10,0.03930665159983737,0.9606933484001626
5032,2020-05-10,0.010923395776063716,0.9890766042239363
5033,2020-05-10,0.015411511137695122,0.9845884888623049
5035,2020-05-10,0.0037058555361145773,0.9962941444638854
5036,2020-05-10,0.004841572227579749,0.9951584277724203
5037,2020-05-10,0.057777094485751745,0.9422229055142483
5038,2020-05-10,0.044977318525780796,0.9550226814742192
5039,2020-05-10,0.008967971133729047,0.991032028866271
5040,2020-05-10,0.029845050907515547,0.9701549490924845
5041,2020-05-10,0.01020918002412341,0.9897908199758766
5042,2020-05-10,0.010187276371840248,0.9898127236281598
5043,2020-05-10,0.02843780918531036,0.9715621908146896
5044,2020-05-10,0.01610927193760625,0.9838907280623937
5045,2020-05-10,0.08412576940295058,0.9158742305970494
5046,2020-05-10,0.005833744717186784,0.9941662552828132
5047,2020-05-10,0.03427281712019825,0.9657271828798017
5048,2020-05-10,0.005930771234132437,0.9940692287658676
5049,2020-05-10,0.0779168273873978,0.9220831726126022
5050,2020-05-10,0.022785041441529708,0.9772149585584703
5051,2020-05-10,0.003692960148248381,0.9963070398517516
5052,2020-05-10,0.053951391611772315,0.9460486083882277
5053,2020-05-10,0.032679965602744554,0.9673200343972554
5054,2020-05-10,0.03267106179753099,0.967328938202469
5055,2020-05-10,0.008418897622112564,0.9915811023778874
5056,2020-05-10,0.006958792428878646,0.9930412075711214
5057,2020-05-10,0.022935944482101567,0.9770640555178984
5058,2020-05-10,0.00885454751479442,0.9911454524852056
5059,2020-05-10,0.009775863826639863,0.9902241361733601
5061,2020-05-10,0.0029057360083297734,0.9970942639916702
5062,2020-05-10,0.024067240433864212,0.9759327595661358
5063,2020-05-10,0.01149156409159735,0.9885084359084026
5064,2020-05-10,0.018476861072745265,0.9815231389272547
5067,2020-05-10,0.004985177419023268,0.9950148225809767
5068,2020-05-10,0.027263189467371385,0.9727368105326286
5069,2020-05-10,0.021140850894210916,0.9788591491057891
5070,2020-05-10,0.02004005835912548,0.9799599416408745
5071,2020-05-10,0.016595718813485427,0.9834042811865146
5072,2020-05-10,0.02070483076469576,0.9792951692353042
5073,2020-05-10,0.05188503767954333,0.9481149623204567
5075,2020-05-10,0.00826990834735597,0.991730091652644
5076,2020-05-10,0.026145412217652875,0.9738545877823471
5077,2020-05-10,0.018683492542493796,0.9813165074575062
5078,2020-05-10,0.09489359612892567,0.9051064038710743
5079,2020-05-10,0.019531359891525435,0.9804686401084746
5080,2020-05-10,0.06366865891198492,0.9363313410880151
5081,2020-05-10,0.029317519694124994,0.970682480305875
5082,2020-05-10,0.01218913460865001,0.98781086539135
5083,2020-05-10,0.004538306470595832,0.9954616935294042
5084,2020-05-10,0.011402155843340367,0.9885978441566596
5086,2020-05-10,0.04761419780165843,0.9523858021983416
5087,2020-05-10,0.020226469932118185,0.9797735300678818
5089,2020-05-10,0.007605957755541737,0.9923940422444583
5090,2020-05-10,0.0071636174679573505,0.9928363825320426
5091,2020-05-10,0.009221212983852256,0.9907787870161477
5092,2020-05-10,0.024694992138824978,0.975305007861175
5093,2020-05-10,0.008564938392390031,0.99143506160761
5095,2020-05-10,0.02695301245511572,0.9730469875448843
5096,2020-05-10,0.0038626517596024312,0.9961373482403976
5097,2020-05-10,0.004236699561080193,0.9957633004389198
5098,2020-05-10,0.00830321842706383,0.9916967815729362
5099,2020-05-10,0.018290235246965603,0.9817097647530344
5100,2020-05-10,0.01562649928409443,0.9843735007159056
5101,2020-05-10,0.021656958393984294,0.9783430416060157
5102,2020-05-10,0.0024247759216859954,0.997575224078314
5103,2020-05-10,0.010264182087475149,0.9897358179125249
5104,2020-05-10,0.001424807452219734,0.9985751925477803
5105,2020-05-10,0.00829400575615602,0.991705994243844
5106,2020-05-10,0.07471346745803131,0.9252865325419687
5107,2020-05-10,0.03341482175603849,0.9665851782439615
5108,2020-05-10,0.00173561951057144,0.9982643804894286
5109,2020-05-10,0.029486385607554233,0.9705136143924458
5110,2020-05-10,0.02725340842763002,0.97274659157237
5111,2020-05-10,0.012102103391674723,0.9878978966083253
5112,2020-05-10,0.011243458953431706,0.9887565410465683
5113,2020-05-10,0.0035727626960736503,0.9964272373039263
5114,2020-05-10,0.10980364048211877,0.8901963595178812
5115,2020-05-10,0.04937002347235708,0.9506299765276429
5116,2020-05-10,0.013215257987733042,0.986784742012267
5117,2020-05-10,0.029953069730921822,0.9700469302690782
5118,2020-05-10,0.04360618178417763,0.9563938182158224
5120,2020-05-10,0.006130129555750652,0.9938698704442493
5121,2020-05-10,0.007745552708320003,0.99225444729168
5122,2020-05-10,0.013318341419298552,0.9866816585807014
5123,2020-05-10,0.012272327854606968,0.987727672145393
5124,2020-05-10,0.012615691541003282,0.9873843084589967
5125,2020-05-10,0.07933243775679699,0.920667562243203
5126,2020-05-10,0.0027078117423314785,0.9972921882576685
5127,2020-05-10,0.013543750529276921,0.9864562494707231
5128,2020-05-10,0.007392877318366908,0.9926071226816331
5129,2020-05-10,0.06532268140131747,0.9346773185986825
5130,2020-05-10,0.04365702836143581,0.9563429716385642
5131,2020-05-10,0.003395399864288162,0.9966046001357118
5132,2020-05-10,0.016005246770840365,0.9839947532291596
5134,2020-05-10,0.02252363606163532,0.9774763639383647
5135,2020-05-10,0.013659578381199244,0.9863404216188008
5136,2020-05-10,0.008532689227051637,0.9914673107729484
5137,2020-05-10,0.031167421654328176,0.9688325783456718
5138,2020-05-10,0.04380891495882344,0.9561910850411766
5140,2020-05-10,0.02498426097899653,0.9750157390210035
5141,2020-05-10,0.005297959149190845,0.9947020408508092
5142,2020-05-10,0.0037404054961541755,0.9962595945038458
5143,2020-05-10,0.04621737827455197,0.953782621725448
5144,2020-05-10,0.006606734372638257,0.9933932656273617
5145,2020-05-10,0.007317319095734409,0.9926826809042656
5147,2020-05-10,0.05732799666067667,0.9426720033393233
5148,2020-05-10,0.0220135045805836,0.9779864954194164
5149,2020-05-10,0.007227383636909335,0.9927726163630907
5150,2020-05-10,0.013984586533857257,0.9860154134661427
5151,2020-05-10,0.028971642059415603,0.9710283579405844
5152,2020-05-10,0.008094266313880882,0.9919057336861191
5153,2020-05-10,0.05627412654138508,0.9437258734586149
5154,2020-05-10,0.0016105648724459298,0.9983894351275541
5156,2020-05-10,0.04199593658489931,0.9580040634151007
5158,2020-05-10,0.0062286141514557025,0.9937713858485443
5159,2020-05-10,0.0017908460944460192,0.998209153905554
5160,2020-05-10,0.008331140897809952,0.99166885910219
5161,2020-05-10,0.008146194028082032,0.991853805971918
5162,2020-05-10,0.010024368403010797,0.9899756315969892
5163,2020-05-10,0.04010389077724419,0.9598961092227558
5164,2020-05-10,0.009435050256372923,0.9905649497436271
5165,2020-05-10,0.029834761949419142,0.9701652380505809
5166,2020-05-10,0.015517220894511241,0.9844827791054888
5168,2020-05-10,0.03195945986036386,0.9680405401396361
5169,2020-05-10,0.003212484285112449,0.9967875157148876
5170,2020-05-10,0.05394245842699785,0.9460575415730021
5171,2020-05-10,0.025117226921963498,0.9748827730780365
5174,2020-05-10,0.0744523249334963,0.9255476750665037
5175,2020-05-10,0.003946302856870476,0.9960536971431295
5176,2020-05-10,0.006767200348253399,0.9932327996517466
5178,2020-05-10,0.027210092027320054,0.97278990797268
5179,2020-05-10,0.047279761052425595,0.9527202389475744
5180,2020-05-10,0.004614889608801853,0.9953851103911981
5181,2020-05-10,0.013639452553929843,0.9863605474460702
5182,2020-05-10,0.010740674482159096,0.9892593255178409
5183,2020-05-10,0.03208095068340444,0.9679190493165956
5184,2020-05-10,0.016817310770421923,0.9831826892295781
5185,2020-05-10,0.01267893920758656,0.9873210607924134
5186,2020-05-10,0.005019254058778344,0.9949807459412217
5188,2020-05-10,0.022713840089939485,0.9772861599100605
5189,2020-05-10,0.020279017664372345,0.9797209823356277
5190,2020-05-10,0.03784860511889343,0.9621513948811066
5191,2020-05-10,0.02795104921643088,0.9720489507835691
5193,2020-05-10,0.006282961196943049,0.993717038803057
5196,2020-05-10,0.05295608842663524,0.9470439115733648
5197,2020-05-10,0.007490852199821929,0.9925091478001781
5198,2020-05-10,0.008716783859910815,0.9912832161400892
5199,2020-05-10,0.02035246775515409,0.9796475322448459
5200,2020-05-10,0.011548796609815004,0.988451203390185
5201,2020-05-10,0.01791283391725329,0.9820871660827467
5202,2020-05-10,0.018269593051714383,0.9817304069482856
5203,2020-05-10,0.017410612624746524,0.9825893873752535
5204,2020-05-10,0.005266051538936667,0.9947339484610633
5205,2020-05-10,0.0024264881782786185,0.9975735118217214
5206,2020-05-10,0.01107026038273018,0.9889297396172698
5207,2020-05-10,0.031174060094126932,0.9688259399058731
5208,2020-05-10,0.009946411021196755,0.9900535889788032
5209,2020-05-10,0.0848740163190973,0.9151259836809027
5210,2020-05-10,0.005475649420531026,0.994524350579469
5211,2020-05-10,0.014371814966101404,0.9856281850338986
5212,2020-05-10,0.009181194865781617,0.9908188051342184
5213,2020-05-10,0.03172683042884705,0.968273169571153
5214,2020-05-10,0.010651621824216084,0.9893483781757839
5215,2020-05-10,0.004824789995472312,0.9951752100045277
5216,2020-05-10,0.008746177852813175,0.9912538221471868
5217,2020-05-10,0.0032628513965728967,0.9967371486034271
5218,2020-05-10,0.013084340379073023,0.986915659620927
5219,2020-05-10,0.0433067337994818,0.9566932662005182
5220,2020-05-10,0.039247403723418506,0.9607525962765815
5221,2020-05-10,0.025815062939685385,0.9741849370603146
5222,2020-05-10,0.006112906396978257,0.9938870936030217
5223,2020-05-10,0.015168664538708354,0.9848313354612916
5224,2020-05-10,0.012866847769871237,0.9871331522301288
5225,2020-05-10,0.03909023811143364,0.9609097618885664
5226,2020-05-10,0.005318975309074436,0.9946810246909256
5227,2020-05-10,0.037348595204606094,0.9626514047953939
5228,2020-05-10,0.011884039885247999,0.988115960114752
5229,2020-05-10,0.006074413141152757,0.9939255868588472
5230,2020-05-10,0.027865859995095832,0.9721341400049042
5231,2020-05-10,0.005605060634311987,0.994394939365688
5234,2020-05-10,0.024042903157530104,0.9759570968424699
5235,2020-05-10,0.005763378356832161,0.9942366216431678
5236,2020-05-10,0.0040162719990698426,0.9959837280009302
5237,2020-05-10,0.016171888662965705,0.9838281113370343
5239,2020-05-10,0.012983954575432999,0.987016045424567
5240,2020-05-10,0.01773527877402714,0.9822647212259729
5241,2020-05-10,0.01312410972373168,0.9868758902762683
5242,2020-05-10,0.017145880220837295,0.9828541197791627
5243,2020-05-10,0.007775954126705287,0.9922240458732947
5244,2020-05-10,0.03603406269857179,0.9639659373014282
5245,2020-05-10,0.010700551653710533,0.9892994483462895
5246,2020-05-10,0.0107151339650009,0.9892848660349991
5247,2020-05-10,0.03567418249989229,0.9643258175001077
5248,2020-05-10,0.001844237107697544,0.9981557628923025
5249,2020-05-10,0.020564923002060254,0.9794350769979397
5250,2020-05-10,0.0482192375128504,0.9517807624871496
5251,2020-05-10,0.008703900257013841,0.9912960997429862
5252,2020-05-10,0.02045405108049747,0.9795459489195025
5253,2020-05-10,0.010725274011208152,0.9892747259887918
5254,2020-05-10,0.0016312294061542332,0.9983687705938458
5255,2020-05-10,0.02839050899201101,0.971609491007989
5256,2020-05-10,0.07030787073918476,0.9296921292608152
5257,2020-05-10,0.010559873441693957,0.989440126558306
5259,2020-05-10,0.01926459133147973,0.9807354086685203
5260,2020-05-10,0.01644876757640812,0.9835512324235919
5261,2020-05-10,0.006089747252451261,0.9939102527475487
5262,2020-05-10,0.00788362065180681,0.9921163793481932
5263,2020-05-10,0.011497286451686684,0.9885027135483133
5264,2020-05-10,0.01296621202412318,0.9870337879758768
5265,2020-05-10,0.03597017520891754,0.9640298247910825
5266,2020-05-10,0.011955583523434732,0.9880444164765653
5267,2020-05-10,0.008508856193606085,0.9914911438063939
5268,2020-05-10,0.011403096298627569,0.9885969037013724
5269,2020-05-10,0.0037611415601628284,0.9962388584398372
5270,2020-05-10,0.006858272576264035,0.993141727423736
5271,2020-05-10,0.06795471917761775,0.9320452808223822
5272,2020-05-10,0.009368635658121405,0.9906313643418786
5273,2020-05-10,0.00157020739637026,0.9984297926036297
5274,2020-05-10,0.03864579106849686,0.9613542089315031
5275,2020-05-10,0.0009548330902495739,0.9990451669097504
5276,2020-05-10,0.04909718608028346,0.9509028139197165
5277,2020-05-10,0.008150616458086124,0.9918493835419139
5278,2020-05-10,0.004172682832549679,0.9958273171674503
5279,2020-05-10,0.014541429769514225,0.9854585702304858
5281,2020-05-10,0.017036642048238737,0.9829633579517613
5282,2020-05-10,0.02781896015831664,0.9721810398416834
5283,2020-05-10,0.008166670160852485,0.9918333298391475
5284,2020-05-10,0.007689480106010671,0.9923105198939893
5285,2020-05-10,0.01666030795261253,0.9833396920473875
5286,2020-05-10,0.004637776429191498,0.9953622235708085
5287,2020-05-10,0.012739127103111647,0.9872608728968884
5288,2020-05-10,0.018040711535000642,0.9819592884649994
5289,2020-05-10,0.012499679639004557,0.9875003203609954
5290,2020-05-10,0.014584271502934398,0.9854157284970656
5292,2020-05-10,0.021465737546966457,0.9785342624530335
5293,2020-05-10,0.0218849941391136,0.9781150058608864
5295,2020-05-10,0.005590194849173558,0.9944098051508264
5296,2020-05-10,0.006654826432727634,0.9933451735672724
5297,2020-05-10,0.012876506603626936,0.9871234933963731
5298,2020-05-10,0.007866108552494366,0.9921338914475056
5299,2020-05-10,0.015663156919068277,0.9843368430809317
5300,2020-05-10,0.08842661028364751,0.9115733897163525
5301,2020-05-10,0.03094050636133361,0.9690594936386664
5302,2020-05-10,0.01890558525178332,0.9810944147482167
5303,2020-05-10,0.029956757346640384,0.9700432426533596
5304,2020-05-10,0.044047767360170575,0.9559522326398294
5305,2020-05-10,0.004205683368212587,0.9957943166317874
5307,2020-05-10,0.0021689690598737377,0.9978310309401263
5308,2020-05-10,0.09130518484220107,0.9086948151577989
5310,2020-05-10,0.016346363010719345,0.9836536369892807
5311,2020-05-10,0.0026583410860578915,0.9973416589139421
5312,2020-05-10,0.008509420680729463,0.9914905793192705
5313,2020-05-10,0.02666077382845322,0.9733392261715468
5314,2020-05-10,0.008668361037640904,0.9913316389623591
5315,2020-05-10,0.03353023273859945,0.9664697672614005
5316,2020-05-10,0.013171171343010823,0.9868288286569892
5317,2020-05-10,0.016973762710957407,0.9830262372890426
5318,2020-05-10,0.01688898034668118,0.9831110196533188
5319,2020-05-10,0.020858695034815078,0.9791413049651849
5320,2020-05-10,0.024350166859675393,0.9756498331403246
5322,2020-05-10,0.02591204877836195,0.974087951221638
5323,2020-05-10,0.022330713085059184,0.9776692869149408
5324,2020-05-10,0.005952057454446602,0.9940479425455534
5325,2020-05-10,0.023603051749338744,0.9763969482506613
5326,2020-05-10,0.008404747861050832,0.9915952521389492
5327,2020-05-10,0.004067378536162569,0.9959326214638374
5328,2020-05-10,0.017131140538887313,0.9828688594611127
5329,2020-05-10,0.00540289079348355,0.9945971092065164
5330,2020-05-10,0.0024479022831241926,0.9975520977168758
5331,2020-05-10,0.022044752116117783,0.9779552478838822
5332,2020-05-10,0.022211846535240554,0.9777881534647594
5333,2020-05-10,0.009501248793533534,0.9904987512064665
5334,2020-05-10,0.007102118420516557,0.9928978815794834
5335,2020-05-10,0.014333590913990557,0.9856664090860094
5336,2020-05-10,0.007272839773939221,0.9927271602260608
5337,2020-05-10,0.007630914840652592,0.9923690851593474
5339,2020-05-10,0.03567941947529851,0.9643205805247015
5340,2020-05-10,0.06252465163055632,0.9374753483694437
5341,2020-05-10,0.011714446591891914,0.9882855534081081
5342,2020-05-10,0.027553981441997832,0.9724460185580022
5343,2020-05-10,0.009047019835201064,0.9909529801647989
5344,2020-05-10,0.010551776291542914,0.9894482237084571
5345,2020-05-10,0.012622786654116092,0.9873772133458839
5347,2020-05-10,0.004409705369665562,0.9955902946303344
5348,2020-05-10,0.00404899403998038,0.9959510059600196
5349,2020-05-10,0.04683132935621781,0.9531686706437822
5350,2020-05-10,0.004661572146811399,0.9953384278531886
5351,2020-05-10,0.0026413758440981816,0.9973586241559018
5352,2020-05-10,0.02288185400108078,0.9771181459989192
5353,2020-05-10,0.031823654174716,0.968176345825284
5354,2020-05-10,0.012405729239871932,0.9875942707601281
5355,2020-05-10,0.021533969696121646,0.9784660303038784
5356,2020-05-10,0.016240964596512364,0.9837590354034876
5357,2020-05-10,0.016502443236020792,0.9834975567639792
5358,2020-05-10,0.030618542854862763,0.9693814571451372
5359,2020-05-10,0.06645777337678649,0.9335422266232135
5360,2020-05-10,0.01909282873746565,0.9809071712625343
5361,2020-05-10,0.01206362313656062,0.9879363768634394
5362,2020-05-10,0.04185291836442051,0.9581470816355795
5363,2020-05-10,0.007118738553121062,0.9928812614468789
5365,2020-05-10,0.06140618900492767,0.9385938109950723
5366,2020-05-10,0.009397019324617117,0.9906029806753829
5367,2020-05-10,0.013597981894859834,0.9864020181051402
5369,2020-05-10,0.06673525191759766,0.9332647480824023
5370,2020-05-10,0.009767732964427789,0.9902322670355722
5371,2020-05-10,0.012963174297820346,0.9870368257021797
5372,2020-05-10,0.001351707692330728,0.9986482923076693
5373,2020-05-10,0.0012210559805418963,0.9987789440194581
5374,2020-05-10,0.009303484208671886,0.9906965157913281
5376,2020-05-10,0.07219227449465715,0.9278077255053429
5377,2020-05-10,0.028834147939169608,0.9711658520608304
5378,2020-05-10,0.002537913350993626,0.9974620866490064
5379,2020-05-10,0.021354575455975966,0.978645424544024
5380,2020-05-10,0.0038061490083995952,0.9961938509916004
5381,2020-05-10,0.007537072292044811,0.9924629277079552
5382,2020-05-10,0.019279965394071508,0.9807200346059285
5383,2020-05-10,0.012910385272387859,0.9870896147276121
5384,2020-05-10,0.005759313533836297,0.9942406864661637
5385,2020-05-10,0.0031527179243744374,0.9968472820756256
5386,2020-05-10,0.006489175118636892,0.9935108248813631
5388,2020-05-10,0.06030420968745942,0.9396957903125406
5389,2020-05-10,0.007339820888190518,0.9926601791118095
5390,2020-05-10,0.00283405408054338,0.9971659459194566
5391,2020-05-10,0.014836578165470793,0.9851634218345292
5392,2020-05-10,0.0041926296803007634,0.9958073703196992
5393,2020-05-10,0.00941248488516555,0.9905875151148344
5395,2020-05-10,0.0310035409873064,0.9689964590126936
5396,2020-05-10,0.006638071771005061,0.9933619282289949
5397,2020-05-10,0.025059609598130583,0.9749403904018694
5398,2020-05-10,0.013513149607411012,0.986486850392589
5399,2020-05-10,0.01323234651347871,0.9867676534865213
5400,2020-05-10,0.011865695850662328,0.9881343041493377
5401,2020-05-10,0.024458655299534504,0.9755413447004655
5402,2020-05-10,0.028121815090009328,0.9718781849099907
5403,2020-05-10,0.009754387234009232,0.9902456127659908
5404,2020-05-10,0.009726041417449593,0.9902739585825504
5405,2020-05-10,0.015167442393522967,0.984832557606477
5406,2020-05-10,0.007645842078069176,0.9923541579219308
5407,2020-05-10,0.02834233437024769,0.9716576656297523
5408,2020-05-10,0.011397236322871485,0.9886027636771285
5409,2020-05-10,0.01586398395617683,0.9841360160438232
5410,2020-05-10,0.015070276791091963,0.984929723208908
5411,2020-05-10,0.010406060215802926,0.9895939397841971
5412,2020-05-10,0.02615157792111311,0.9738484220788869
5413,2020-05-10,0.007310526058474931,0.9926894739415251
5414,2020-05-10,0.018390931385191767,0.9816090686148082
5415,2020-05-10,0.008085837295783493,0.9919141627042165
5417,2020-05-10,0.012716127872395178,0.9872838721276048
5418,2020-05-10,0.0434086956552352,0.9565913043447648
5419,2020-05-10,0.012739290357200672,0.9872607096427993
5420,2020-05-10,0.0025583411134928458,0.9974416588865072
5422,2020-05-10,0.017266489327670165,0.9827335106723298
5423,2020-05-10,0.019611241568986748,0.9803887584310133
5424,2020-05-10,0.006187839223210312,0.9938121607767897
5425,2020-05-10,0.007073686839003779,0.9929263131609962
5428,2020-05-10,0.04681036526174853,0.9531896347382515
5429,2020-05-10,0.023573520528975878,0.9764264794710241
5430,2020-05-10,0.010126895971150796,0.9898731040288492
5431,2020-05-10,0.022961779796062176,0.9770382202039378
5432,2020-05-10,0.047245584729152856,0.9527544152708471
5433,2020-05-10,0.04003872789854468,0.9599612721014553
5434,2020-05-10,0.007958241955136391,0.9920417580448636
5435,2020-05-10,0.012108326598415431,0.9878916734015846
5436,2020-05-10,0.01838138602296946,0.9816186139770305
5437,2020-05-10,0.006559275202767556,0.9934407247972324
5438,2020-05-10,0.012751577944899117,0.9872484220551009
5439,2020-05-10,0.007010858168208789,0.9929891418317912
5440,2020-05-10,0.006014886446519596,0.9939851135534804
5441,2020-05-10,0.0022307261891552077,0.9977692738108448
5442,2020-05-10,0.020383194654173598,0.9796168053458264
5443,2020-05-10,0.05688048829321368,0.9431195117067863
5444,2020-05-10,0.02034178484306859,0.9796582151569314
5445,2020-05-10,0.0010915122930263976,0.9989084877069736
5447,2020-05-10,0.006015551029279198,0.9939844489707208
5448,2020-05-10,0.03277472587995911,0.9672252741200409
5449,2020-05-10,0.08033199201772878,0.9196680079822712
5450,2020-05-10,0.06967712475199794,0.9303228752480021
5451,2020-05-10,0.019227990880004264,0.9807720091199957
5452,2020-05-10,0.012244780294229152,0.9877552197057708
5453,2020-05-10,0.011588040601221428,0.9884119593987786
5455,2020-05-10,0.013841741538173524,0.9861582584618265
5456,2020-05-10,0.008533262121229401,0.9914667378787706
5458,2020-05-10,0.020578831125112496,0.9794211688748875
5459,2020-05-10,0.003997020214638658,0.9960029797853613
5461,2020-05-10,0.050101480731781445,0.9498985192682186
5462,2020-05-10,0.009101498155026033,0.990898501844974
5463,2020-05-10,0.030092486996047496,0.9699075130039525
5464,2020-05-10,0.010587887383954997,0.989412112616045
5465,2020-05-10,0.041675685425474285,0.9583243145745257
5466,2020-05-10,0.006879977197941978,0.993120022802058
5468,2020-05-10,0.0016345496550932426,0.9983654503449068
5469,2020-05-10,0.015877292082681516,0.9841227079173185
5470,2020-05-10,0.0006689884571348115,0.9993310115428652
5471,2020-05-10,0.012631608309547238,0.9873683916904528
5472,2020-05-10,0.010947335961493554,0.9890526640385064
5474,2020-05-10,0.04298271002543208,0.9570172899745679
5475,2020-05-10,0.03235763735002095,0.967642362649979
5476,2020-05-10,0.013480341978987065,0.9865196580210129
5477,2020-05-10,0.012445809096717109,0.9875541909032829
5478,2020-05-10,0.026862199059992542,0.9731378009400075
5479,2020-05-10,0.010624019784627015,0.989375980215373
5480,2020-05-10,0.03255109264166778,0.9674489073583322
5481,2020-05-10,0.002850258980293341,0.9971497410197067
5482,2020-05-10,0.0050252015785006154,0.9949747984214994
5483,2020-05-10,0.013259974102682093,0.9867400258973179
5484,2020-05-10,0.010203562204472938,0.9897964377955271
5485,2020-05-10,0.008122752059232963,0.991877247940767
5486,2020-05-10,0.008811276949961977,0.991188723050038
5488,2020-05-10,0.017209704434691164,0.9827902955653088
5489,2020-05-10,0.00656870554064215,0.9934312944593578
5490,2020-05-10,0.0052683099129330335,0.994731690087067
5491,2020-05-10,0.005409250167496382,0.9945907498325036
5492,2020-05-10,0.042271466045937456,0.9577285339540625
5493,2020-05-10,0.025380380373790645,0.9746196196262094
5494,2020-05-10,0.019429601127857077,0.9805703988721429
5495,2020-05-10,0.014817459991538273,0.9851825400084617
5497,2020-05-10,0.00867398274040565,0.9913260172595943
5498,2020-05-10,0.002162985930512562,0.9978370140694874
5500,2020-05-10,0.006168796241197816,0.9938312037588022
5501,2020-05-10,0.06109093851757064,0.9389090614824294
5502,2020-05-10,0.012967855338800072,0.9870321446611999
5503,2020-05-10,0.010297923450568236,0.9897020765494318
5505,2020-05-10,0.012551184300594986,0.987448815699405
5506,2020-05-10,0.008302387358160135,0.9916976126418399
5508,2020-05-10,0.005356460240301564,0.9946435397596984
5509,2020-05-10,0.014446573936580442,0.9855534260634196
5511,2020-05-10,0.018546661524346808,0.9814533384756532
5512,2020-05-10,0.0010550930967483385,0.9989449069032517
5514,2020-05-10,0.029211000083202987,0.970788999916797
5519,2020-05-10,0.002214161723448016,0.997785838276552
5520,2020-05-10,0.028691998447849754,0.9713080015521502
5521,2020-05-10,0.013717344805158294,0.9862826551948417
5522,2020-05-10,0.003658171753839312,0.9963418282461607
5523,2020-05-10,0.010603298916030734,0.9893967010839693
5524,2020-05-10,0.0259210397855153,0.9740789602144847
5525,2020-05-10,0.012453590548531124,0.9875464094514689
5526,2020-05-10,0.008245536825236766,0.9917544631747632
5527,2020-05-10,0.00665892384152722,0.9933410761584728
5528,2020-05-10,0.07930725193893473,0.9206927480610653
5529,2020-05-10,0.006141731178835985,0.993858268821164
5531,2020-05-10,0.044939840035900125,0.9550601599640999
5532,2020-05-10,0.028701109627728094,0.9712988903722719
5533,2020-05-10,0.017129119116759073,0.9828708808832409
5534,2020-05-10,0.03895337985213965,0.9610466201478604
5535,2020-05-10,0.006774756761792622,0.9932252432382074
5536,2020-05-10,0.0011746252434393645,0.9988253747565606
5537,2020-05-10,0.017102807066161296,0.9828971929338387
5538,2020-05-10,0.01951407793998816,0.9804859220600118
5539,2020-05-10,0.07469510768346233,0.9253048923165377
5540,2020-05-10,0.006115811828899642,0.9938841881711004
5541,2020-05-10,0.00458373414837332,0.9954162658516267
5542,2020-05-10,0.01944234767210984,0.9805576523278902
5543,2020-05-10,0.011357908402914285,0.9886420915970857
5544,2020-05-10,0.015628914090700663,0.9843710859092993
5545,2020-05-10,0.004409196424408179,0.9955908035755918
5546,2020-05-10,0.014179908885971981,0.985820091114028
5548,2020-05-10,0.008362371776935995,0.991637628223064
5550,2020-05-10,0.020746451117770737,0.9792535488822293
5551,2020-05-10,0.005236837609784106,0.9947631623902159
5552,2020-05-10,0.006149586315572053,0.993850413684428
5553,2020-05-10,0.03386474828394603,0.966135251716054
5554,2020-05-10,0.014483941182038662,0.9855160588179613
5555,2020-05-10,0.006714489008718627,0.9932855109912814
5556,2020-05-10,0.011103270885007177,0.9888967291149928
5557,2020-05-10,0.007350291085900018,0.9926497089141
5558,2020-05-10,0.009568863867162714,0.9904311361328373
5559,2020-05-10,0.01879342822563812,0.9812065717743619
5560,2020-05-10,0.05219009473523828,0.9478099052647617
5561,2020-05-10,0.015095730393337337,0.9849042696066627
5562,2020-05-10,0.03267869340612939,0.9673213065938706
5563,2020-05-10,0.01959247099662198,0.980407529003378
5564,2020-05-10,0.034173477807626695,0.9658265221923733
5565,2020-05-10,0.010075491188330954,0.989924508811669
5566,2020-05-10,0.009321973873271827,0.9906780261267282
5567,2020-05-10,0.007798713188339246,0.9922012868116608
5568,2020-05-10,0.015364861673393349,0.9846351383266067
5569,2020-05-10,0.06120167372186536,0.9387983262781346
5570,2020-05-10,0.005184131987366447,0.9948158680126336
5572,2020-05-10,0.031920116587725644,0.9680798834122744
5573,2020-05-10,0.02459244983671749,0.9754075501632825
5574,2020-05-10,0.0030478055220701794,0.9969521944779298
5575,2020-05-10,0.06693430383278409,0.9330656961672159
5576,2020-05-10,0.003296752853254814,0.9967032471467452
5578,2020-05-10,0.028094910490776726,0.9719050895092233
5580,2020-05-10,0.038921010497514175,0.9610789895024858
5581,2020-05-10,0.0077688635566816044,0.9922311364433184
5582,2020-05-10,0.0029765788764435364,0.9970234211235565
5583,2020-05-10,0.009809651225459515,0.9901903487745405
5584,2020-05-10,0.007921917904466946,0.992078082095533
5585,2020-05-10,0.012551776992544617,0.9874482230074554
5586,2020-05-10,0.009301044077204002,0.990698955922796
5587,2020-05-10,0.0045707754822745805,0.9954292245177254
5588,2020-05-10,0.002344066994314997,0.997655933005685
5589,2020-05-10,0.02070010791232768,0.9792998920876723
5590,2020-05-10,0.010562376188812284,0.9894376238111877
5591,2020-05-10,0.016847169993517652,0.9831528300064823
5592,2020-05-10,0.005970429252619813,0.9940295707473802
5593,2020-05-10,0.08799152116412001,0.91200847883588
5594,2020-05-10,0.03091307415116873,0.9690869258488313
5595,2020-05-10,0.007551591601184904,0.9924484083988151
5596,2020-05-10,0.043902912878907574,0.9560970871210924
5597,2020-05-10,0.029435677033947782,0.9705643229660522
5598,2020-05-10,0.017495469382026285,0.9825045306179737
5599,2020-05-10,0.021115356872361102,0.9788846431276389
5600,2020-05-10,0.007174219515920455,0.9928257804840795
5601,2020-05-10,0.0022476198956387083,0.9977523801043613
5602,2020-05-10,0.0017672477014719634,0.998232752298528
5603,2020-05-10,0.03387213633542219,0.9661278636645778
5604,2020-05-10,0.0032083862767857685,0.9967916137232142
5605,2020-05-10,0.005014735050475894,0.9949852649495241
5606,2020-05-10,0.013251140466611688,0.9867488595333883
5608,2020-05-10,0.0100254555922199,0.9899745444077801
5609,2020-05-10,0.017864041829851462,0.9821359581701485
5610,2020-05-10,0.006077597084087061,0.9939224029159129
5611,2020-05-10,0.03880791767993452,0.9611920823200655
5612,2020-05-10,0.050839617145658766,0.9491603828543412
5613,2020-05-10,0.04781013367603082,0.9521898663239692
5614,2020-05-10,0.014065253542488443,0.9859347464575116
5615,2020-05-10,0.02473831807676352,0.9752616819232365
5616,2020-05-10,0.030305557591507326,0.9696944424084927
5618,2020-05-10,0.0031369086525248058,0.9968630913474752
5619,2020-05-10,0.01076855586706793,0.9892314441329321
5620,2020-05-10,0.05443513613886097,0.945564863861139
5621,2020-05-10,0.0697221384471084,0.9302778615528916
5622,2020-05-10,0.03928799465452604,0.960712005345474
5623,2020-05-10,0.017970338552466325,0.9820296614475337
5624,2020-05-10,0.051510589698554266,0.9484894103014457
5625,2020-05-10,0.004898953409944173,0.9951010465900558
5627,2020-05-10,0.012535142571202473,0.9874648574287975
5628,2020-05-10,0.007912630843441737,0.9920873691565583
5630,2020-05-10,0.0162339315142499,0.9837660684857501
5631,2020-05-10,0.027205523956666644,0.9727944760433334
5632,2020-05-10,0.011660152715566752,0.9883398472844332
5633,2020-05-10,0.004609892796318404,0.9953901072036816
5634,2020-05-10,0.015459651443508804,0.9845403485564912
5635,2020-05-10,0.002810482722108709,0.9971895172778913
5636,2020-05-10,0.0152828336289339,0.9847171663710661
5637,2020-05-10,0.054102574274694115,0.9458974257253059
5638,2020-05-10,0.003061981892309662,0.9969380181076903
5639,2020-05-10,0.008855580661925377,0.9911444193380746
5640,2020-05-10,0.0262246102573791,0.9737753897426209
5641,2020-05-10,0.09256799419876838,0.9074320058012316
5642,2020-05-10,0.002144804450468496,0.9978551955495315
5643,2020-05-10,0.003312335158459967,0.99668766484154
5644,2020-05-10,0.024781971858451324,0.9752180281415487
5646,2020-05-10,0.010932945684997586,0.9890670543150024
5647,2020-05-10,0.013476706498372404,0.9865232935016276
5648,2020-05-10,0.007025171390897977,0.992974828609102
5649,2020-05-10,0.01493133506267641,0.9850686649373236
5650,2020-05-10,0.014263204970258347,0.9857367950297417
5651,2020-05-10,0.027057988269116984,0.972942011730883
5652,2020-05-10,0.0028647321610392185,0.9971352678389608
5653,2020-05-10,0.01727820200716268,0.9827217979928373
5654,2020-05-10,0.005586270980775576,0.9944137290192244
5655,2020-05-10,0.011164454269729895,0.9888355457302701
5656,2020-05-10,0.005215970797675773,0.9947840292023242
5657,2020-05-10,0.018306578335303025,0.981693421664697
5658,2020-05-10,0.02144065790757732,0.9785593420924227
5659,2020-05-10,0.009511769282132598,0.9904882307178674
5660,2020-05-10,0.01221053480050971,0.9877894651994903
5661,2020-05-10,0.006887074217105105,0.9931129257828949
5662,2020-05-10,0.014136798091726077,0.9858632019082739
5663,2020-05-10,0.005885663368558558,0.9941143366314414
5664,2020-05-10,0.13767972144154428,0.8623202785584557
5665,2020-05-10,0.0017110304412563115,0.9982889695587437
5666,2020-05-10,0.0027343998842497275,0.9972656001157503
5667,2020-05-10,0.030146215984085956,0.969853784015914
5668,2020-05-10,0.02391620216871404,0.976083797831286
5669,2020-05-10,0.007930053852842067,0.9920699461471579
5670,2020-05-10,0.008667968939213289,0.9913320310607867
5671,2020-05-10,0.019343646882512555,0.9806563531174874
5672,2020-05-10,0.004104152767434588,0.9958958472325654
5673,2020-05-10,0.009291429530231432,0.9907085704697686
5674,2020-05-10,0.010676951204624086,0.9893230487953759
5675,2020-05-10,0.019152890954028945,0.980847109045971
5676,2020-05-10,0.016577546457616554,0.9834224535423834
5677,2020-05-10,0.009585363649404655,0.9904146363505953
5678,2020-05-10,0.02086182337764997,0.97913817662235
5679,2020-05-10,0.0742873692567505,0.9257126307432495
5680,2020-05-10,0.014129608164934582,0.9858703918350654
5681,2020-05-10,0.0042388015730796536,0.9957611984269203
5682,2020-05-10,0.022206810400254184,0.9777931895997458
5683,2020-05-10,0.03300039860147619,0.9669996013985238
5684,2020-05-10,0.009536841274149221,0.9904631587258508
5685,2020-05-10,0.013527651303633426,0.9864723486963666
5686,2020-05-10,0.0019841627201936385,0.9980158372798064
5687,2020-05-10,0.021146541610842395,0.9788534583891576
5688,2020-05-10,0.023834061820542263,0.9761659381794577
5689,2020-05-10,0.013482880071239656,0.9865171199287603
5690,2020-05-10,0.0020430700854225936,0.9979569299145774
5691,2020-05-10,0.010951706186341448,0.9890482938136586
5692,2020-05-10,0.02047071596246408,0.9795292840375359
5693,2020-05-10,0.012880085231836702,0.9871199147681633
5695,2020-05-10,0.00417351668801047,0.9958264833119895
5696,2020-05-10,0.012037887747895937,0.9879621122521041
5697,2020-05-10,0.02206738869012914,0.9779326113098709
5699,2020-05-10,0.009385653867639565,0.9906143461323604
5700,2020-05-10,0.07175863722974507,0.9282413627702549
5701,2020-05-10,0.020255399765173876,0.9797446002348261
5702,2020-05-10,0.00603216825204278,0.9939678317479572
5703,2020-05-10,0.006594116047465182,0.9934058839525348
5705,2020-05-10,0.005558705366521921,0.9944412946334781
5706,2020-05-10,0.008773314642387064,0.9912266853576129
5707,2020-05-10,0.006342880369783144,0.9936571196302169
5708,2020-05-10,0.0014417151674729345,0.9985582848325271
5709,2020-05-10,0.008662794491386183,0.9913372055086138
5710,2020-05-10,0.02237403475725941,0.9776259652427406
5711,2020-05-10,0.017321034605962016,0.982678965394038
5713,2020-05-10,0.007314830255235383,0.9926851697447646
5714,2020-05-10,0.014253759696047141,0.9857462403039529
5715,2020-05-10,0.01589690282427969,0.9841030971757203
5716,2020-05-10,0.015738769217745308,0.9842612307822547
5717,2020-05-10,0.03071229193966052,0.9692877080603395
5718,2020-05-10,0.025378520821529915,0.9746214791784701
5719,2020-05-10,0.005009519292650366,0.9949904807073496
5721,2020-05-10,0.04243318433243348,0.9575668156675665
5722,2020-05-10,0.011961659845428185,0.9880383401545718
5723,2020-05-10,0.017846988319113133,0.9821530116808869
5724,2020-05-10,0.024602290266677818,0.9753977097333222
5725,2020-05-10,0.020588724797023117,0.9794112752029769
5726,2020-05-10,0.014747763841299721,0.9852522361587003
5727,2020-05-10,0.028977861293316476,0.9710221387066835
5728,2020-05-10,0.01418523933937288,0.9858147606606271
5729,2020-05-10,0.010274842522306815,0.9897251574776932
5730,2020-05-10,0.009976928945583885,0.9900230710544161
5731,2020-05-10,0.0038134752558487417,0.9961865247441513
5732,2020-05-10,0.020106152049638393,0.9798938479503616
5733,2020-05-10,0.01966849163988882,0.9803315083601112
5734,2020-05-10,0.013268181229955656,0.9867318187700443
5735,2020-05-10,0.01780782203140474,0.9821921779685953
5736,2020-05-10,0.0007218587446320424,0.999278141255368
5737,2020-05-10,0.01826286069438332,0.9817371393056167
5738,2020-05-10,0.004980150476406542,0.9950198495235935
5739,2020-05-10,0.1510720194976427,0.8489279805023573
5740,2020-05-10,0.03462078937127144,0.9653792106287286
5741,2020-05-10,0.00522737683776886,0.9947726231622311
5742,2020-05-10,0.01250342074557742,0.9874965792544226
5743,2020-05-10,0.006108037132127486,0.9938919628678725
5744,2020-05-10,0.016297604643344177,0.9837023953566558
5745,2020-05-10,0.03561821184500502,0.964381788154995
5746,2020-05-10,0.03348294516071526,0.9665170548392847
5747,2020-05-10,0.01644840689296745,0.9835515931070326
5748,2020-05-10,0.0026991024751475967,0.9973008975248524
5749,2020-05-10,0.009313915562268571,0.9906860844377314
5750,2020-05-10,0.015411786922702397,0.9845882130772976
5751,2020-05-10,0.02492046462030384,0.9750795353796962
5752,2020-05-10,0.008782622332252465,0.9912173776677475
5753,2020-05-10,0.0795368615153822,0.9204631384846178
5754,2020-05-10,0.009741620654749483,0.9902583793452505
5755,2020-05-10,0.04386806935194054,0.9561319306480595
5756,2020-05-10,0.05916346717757959,0.9408365328224204
5757,2020-05-10,0.001234948981152173,0.9987650510188478
5758,2020-05-10,0.019236117109647233,0.9807638828903528
5759,2020-05-10,0.011986619906468876,0.9880133800935311
5760,2020-05-10,0.006898390768553697,0.9931016092314463
5761,2020-05-10,0.011990149234200609,0.9880098507657994
5762,2020-05-10,0.022598472064959907,0.9774015279350401
5763,2020-05-10,0.020526992794925425,0.9794730072050746
5765,2020-05-10,0.039130773495617555,0.9608692265043824
5766,2020-05-10,0.012040224803747335,0.9879597751962527
5767,2020-05-10,0.006030124677631643,0.9939698753223684
5769,2020-05-10,0.0020384417127555787,0.9979615582872444
5770,2020-05-10,0.02754308325151633,0.9724569167484837
5772,2020-05-10,0.03882347896010829,0.9611765210398917
5773,2020-05-10,0.014625632613157746,0.9853743673868423
5774,2020-05-10,0.005502969705427518,0.9944970302945725
5775,2020-05-10,0.011379688340689031,0.988620311659311
5777,2020-05-10,0.03591979360037556,0.9640802063996244
5778,2020-05-10,0.018045020055440286,0.9819549799445597
5779,2020-05-10,0.009338334383003799,0.9906616656169962
5780,2020-05-10,0.018040608064209818,0.9819593919357902
5781,2020-05-10,0.06949585840214734,0.9305041415978527
5782,2020-05-10,0.016821221975895972,0.983178778024104
5783,2020-05-10,0.027542003870954623,0.9724579961290454
5784,2020-05-10,0.008020967426837222,0.9919790325731628
5786,2020-05-10,0.008096539041243522,0.9919034609587565
5787,2020-05-10,0.02970767126852858,0.9702923287314714
5788,2020-05-10,0.01580169334722814,0.9841983066527719
5789,2020-05-10,0.014644477290937097,0.9853555227090629
5790,2020-05-10,0.007158684851519936,0.9928413151484801
5791,2020-05-10,0.007023966554992822,0.9929760334450072
5792,2020-05-10,0.008780603432516632,0.9912193965674834
5793,2020-05-10,0.03927705207440102,0.960722947925599
5794,2020-05-10,0.011605887117593139,0.9883941128824069
5795,2020-05-10,0.012568252279319236,0.9874317477206808
5797,2020-05-10,0.031671193478944426,0.9683288065210556
5798,2020-05-10,0.008045737042704615,0.9919542629572954
5799,2020-05-10,0.0042070370237302646,0.9957929629762697
5800,2020-05-10,0.02734230881548516,0.9726576911845148
5801,2020-05-10,0.041867872096226444,0.9581321279037736
5802,2020-05-10,0.011168908936276312,0.9888310910637237
5803,2020-05-10,0.013606876390457434,0.9863931236095426
5804,2020-05-10,0.021194698226804087,0.9788053017731959
5805,2020-05-10,0.03830272390621425,0.9616972760937857
5806,2020-05-10,0.007715562721078539,0.9922844372789215
5807,2020-05-10,0.00978940958063268,0.9902105904193673
5808,2020-05-10,0.03571712183673281,0.9642828781632672
5809,2020-05-10,0.018148100453408866,0.9818518995465911
5810,2020-05-10,0.02527950280681479,0.9747204971931852
5811,2020-05-10,0.02684513385029441,0.9731548661497056
5812,2020-05-10,0.00964453911098595,0.990355460889014
5813,2020-05-10,0.09975412052129595,0.900245879478704
5814,2020-05-10,0.00695016953198091,0.9930498304680191
5816,2020-05-10,0.019927752264171095,0.9800722477358289
5817,2020-05-10,0.005783675645697706,0.9942163243543023
5818,2020-05-10,0.007346009195512981,0.992653990804487
5820,2020-05-10,0.026453659693035814,0.9735463403069642
5822,2020-05-10,0.020593660572507555,0.9794063394274924
5823,2020-05-10,0.07385262126156633,0.9261473787384337
5824,2020-05-10,0.10081267171826347,0.8991873282817365
5825,2020-05-10,0.004510531754825742,0.9954894682451743
5826,2020-05-10,0.040082812802644585,0.9599171871973554
5827,2020-05-10,0.013187395944738611,0.9868126040552614
5828,2020-05-10,0.008258136200533617,0.9917418637994664
5829,2020-05-10,0.060884193006225384,0.9391158069937746
5830,2020-05-10,0.00495114349715875,0.9950488565028413
5831,2020-05-10,0.01868743805985673,0.9813125619401433
5832,2020-05-10,0.00819162057534284,0.9918083794246572
5833,2020-05-10,0.011212685166235525,0.9887873148337645
5834,2020-05-10,0.010039299193680518,0.9899607008063195
5835,2020-05-10,0.03393039314761459,0.9660696068523854
5836,2020-05-10,0.008520970858194477,0.9914790291418055
5839,2020-05-10,0.006644127113641596,0.9933558728863584
5840,2020-05-10,0.012675035631939058,0.9873249643680609
5841,2020-05-10,0.01989949789904344,0.9801005021009566
5842,2020-05-10,0.012217034759072654,0.9877829652409273
5843,2020-05-10,0.004595054055450465,0.9954049459445495
5844,2020-05-10,0.007206027025870143,0.9927939729741299
5845,2020-05-10,0.012995729963177993,0.987004270036822
5846,2020-05-10,0.01199442142875018,0.9880055785712498
5847,2020-05-10,0.013863689976168603,0.9861363100238314
5848,2020-05-10,0.030698395733187,0.969301604266813
5849,2020-05-10,0.037262585326528486,0.9627374146734715
5851,2020-05-10,0.014977690351116735,0.9850223096488833
5852,2020-05-10,0.019012022082839142,0.9809879779171609
5853,2020-05-10,0.024991154798462145,0.9750088452015379
5854,2020-05-10,0.02283555452598174,0.9771644454740183
5855,2020-05-10,0.0075705460645932865,0.9924294539354067
5856,2020-05-10,0.10924371015308987,0.8907562898469101
5857,2020-05-10,0.009725542473192794,0.9902744575268072
5858,2020-05-10,0.013600184161338125,0.9863998158386619
5859,2020-05-10,0.019473620083510168,0.9805263799164898
5860,2020-05-10,0.01926128781528591,0.9807387121847141
5861,2020-05-10,0.0010015496021735792,0.9989984503978264
5862,2020-05-10,0.014258164693502051,0.985741835306498
5863,2020-05-10,0.0316730501006206,0.9683269498993794
5864,2020-05-10,0.010125535334976399,0.9898744646650236
5865,2020-05-10,0.031732150309344065,0.9682678496906559
5866,2020-05-10,0.020551432454721907,0.9794485675452781
5867,2020-05-10,0.023088341404597035,0.976911658595403
5868,2020-05-10,0.008013555943446993,0.991986444056553
5869,2020-05-10,0.02012338163823202,0.979876618361768
5870,2020-05-10,0.013044282699582355,0.9869557173004176
5871,2020-05-10,0.0572003661413063,0.9427996338586937
5872,2020-05-10,0.020731207833113108,0.9792687921668869
5873,2020-05-10,0.012529838357302703,0.9874701616426973
5874,2020-05-10,0.03424458884160542,0.9657554111583946
5875,2020-05-10,0.0016994527741154286,0.9983005472258846
5876,2020-05-10,0.009891907209756634,0.9901080927902434
5877,2020-05-10,0.0046654495339348845,0.9953345504660651
5878,2020-05-10,0.0014494986904602936,0.9985505013095397
5880,2020-05-10,0.0056335764174052505,0.9943664235825947
5881,2020-05-10,0.0749810280329467,0.9250189719670533
5882,2020-05-10,0.014382130638958102,0.9856178693610419
5883,2020-05-10,0.007021826246547458,0.9929781737534525
5885,2020-05-10,0.07876077738515808,0.9212392226148419
5886,2020-05-10,0.007831628923457457,0.9921683710765425
5887,2020-05-10,0.0754175346790048,0.9245824653209952
5888,2020-05-10,0.010444768200917887,0.9895552317990821
5889,2020-05-10,0.0041284051927935606,0.9958715948072064
5890,2020-05-10,0.0019127991646011866,0.9980872008353988
5891,2020-05-10,0.016671817670142253,0.9833281823298577
5892,2020-05-10,0.022469631119498512,0.9775303688805015
5893,2020-05-10,0.0017434970992441512,0.9982565029007558
5894,2020-05-10,0.0417908593449422,0.9582091406550578
5895,2020-05-10,0.01092431420193185,0.9890756857980681
5896,2020-05-10,0.017274225016252198,0.9827257749837478
5898,2020-05-10,0.004197590128655504,0.9958024098713445
5899,2020-05-10,0.021270153328612484,0.9787298466713875
5900,2020-05-10,0.031065202076325127,0.9689347979236749
5901,2020-05-10,0.08221462850282268,0.9177853714971773
5902,2020-05-10,0.004006102265537548,0.9959938977344625
5903,2020-05-10,0.030607263420220354,0.9693927365797796
5904,2020-05-10,0.04430743793070857,0.9556925620692914
5906,2020-05-10,0.00230931835390058,0.9976906816460994
5907,2020-05-10,0.0024373761377921577,0.9975626238622078
5908,2020-05-10,0.0024901365115700402,0.99750986348843
5909,2020-05-10,0.028381925609413883,0.9716180743905861
5911,2020-05-10,0.01655734795641972,0.9834426520435803
5912,2020-05-10,0.02573370524743046,0.9742662947525695
5913,2020-05-10,0.017359217617890277,0.9826407823821097
5914,2020-05-10,0.05255573270081426,0.9474442672991857
5915,2020-05-10,0.004912124076121516,0.9950878759238785
5916,2020-05-10,0.03789133054597538,0.9621086694540246
5917,2020-05-10,0.015822755907363595,0.9841772440926364
5918,2020-05-10,0.0054189464489833306,0.9945810535510167
5919,2020-05-10,0.006921485006133432,0.9930785149938666
5920,2020-05-10,0.03901256555202781,0.9609874344479722
5922,2020-05-10,0.011430098976015546,0.9885699010239845
5923,2020-05-10,0.010753603447978932,0.9892463965520211
5924,2020-05-10,0.020496961225384247,0.9795030387746158
5926,2020-05-10,0.0018073776857597812,0.9981926223142402
5927,2020-05-10,0.0046831984534412285,0.9953168015465588
5928,2020-05-10,0.011096256602837196,0.9889037433971628
5929,2020-05-10,0.022282776166276053,0.977717223833724
5930,2020-05-10,0.015909173134648902,0.9840908268653511
5931,2020-05-10,0.009716120516409354,0.9902838794835906
5932,2020-05-10,0.009474860581663247,0.9905251394183368
5933,2020-05-10,0.004679139573630198,0.9953208604263698
5934,2020-05-10,0.007131378505519148,0.9928686214944809
5936,2020-05-10,0.03174183922167928,0.9682581607783207
5937,2020-05-10,0.03428852431116569,0.9657114756888343
5938,2020-05-10,0.011390508872259675,0.9886094911277403
5940,2020-05-10,0.01636764939339086,0.9836323506066091
5941,2020-05-10,0.046575716916016696,0.9534242830839833
5942,2020-05-10,0.002221014432726709,0.9977789855672733
5943,2020-05-10,0.008598557839017529,0.9914014421609825
5944,2020-05-10,0.023443609148079414,0.9765563908519206
5945,2020-05-10,0.05368812259887645,0.9463118774011235
5946,2020-05-10,0.002639120316085597,0.9973608796839144
5948,2020-05-10,0.004300951669064079,0.9956990483309359
5949,2020-05-10,0.01730573904055921,0.9826942609594408
5950,2020-05-10,0.0042733849517461175,0.9957266150482539
5951,2020-05-10,0.008369642537061517,0.9916303574629385
5952,2020-05-10,0.016952732371416368,0.9830472676285836
5953,2020-05-10,0.03705848400123113,0.9629415159987689
5954,2020-05-10,0.003913032056516164,0.9960869679434838
5955,2020-05-10,0.07048164298594861,0.9295183570140514
5956,2020-05-10,0.01576418141004532,0.9842358185899547
5957,2020-05-10,0.0113671755379392,0.9886328244620608
5959,2020-05-10,0.003903292310947548,0.9960967076890525
5960,2020-05-10,0.021000344419350836,0.9789996555806492
5961,2020-05-10,0.013187525308606007,0.986812474691394
5962,2020-05-10,0.008295111898232732,0.9917048881017673
5963,2020-05-10,0.0051094695647917465,0.9948905304352083
5964,2020-05-10,0.029535071553206893,0.9704649284467931
5965,2020-05-10,0.006808073834504769,0.9931919261654952
5966,2020-05-10,0.005484643957843982,0.994515356042156
5967,2020-05-10,0.006360800010707379,0.9936391999892926
5968,2020-05-10,0.03747717386315541,0.9625228261368446
5969,2020-05-10,0.026845195317840465,0.9731548046821595
5970,2020-05-10,0.01339108274651879,0.9866089172534812
5971,2020-05-10,0.04421982870126984,0.9557801712987302
5972,2020-05-10,0.014202785066450896,0.9857972149335491
5973,2020-05-10,0.06488487527443165,0.9351151247255683
5975,2020-05-10,0.032974107875175185,0.9670258921248248
5976,2020-05-10,0.00623561864949429,0.9937643813505057
5977,2020-05-10,0.06029225695258933,0.9397077430474107
5978,2020-05-10,0.020188557253786876,0.9798114427462131
5979,2020-05-10,0.018530262586560653,0.9814697374134393
5980,2020-05-10,0.044407317138377866,0.9555926828616221
5981,2020-05-10,0.006998753133350966,0.993001246866649
5982,2020-05-10,0.027337518988304943,0.9726624810116951
5983,2020-05-10,0.005085206220317606,0.9949147937796824
5984,2020-05-10,0.009107339214698418,0.9908926607853016
5988,2020-05-10,0.0061574320551057715,0.9938425679448942
5989,2020-05-10,0.00395114829560228,0.9960488517043977
5990,2020-05-10,0.013552658697462028,0.986447341302538
5991,2020-05-10,0.029157312993741247,0.9708426870062588
5992,2020-05-10,0.05275244816707558,0.9472475518329244
5993,2020-05-10,0.01565843991234328,0.9843415600876567
5994,2020-05-10,0.004998288037924015,0.995001711962076
5996,2020-05-10,0.00438444425669593,0.9956155557433041
5997,2020-05-10,0.06917822627507975,0.9308217737249203
5998,2020-05-10,0.03040550615522808,0.9695944938447719
5999,2020-05-10,0.010166957200203552,0.9898330427997964
6000,2020-05-10,0.015832821443792278,0.9841671785562077
6001,2020-05-10,0.02024762930808921,0.9797523706919108
6002,2020-05-10,0.005009671244268321,0.9949903287557317
6003,2020-05-10,0.00891161439651278,0.9910883856034872
6004,2020-05-10,0.004354158973373656,0.9956458410266263
6005,2020-05-10,0.016808683171654848,0.9831913168283452
6007,2020-05-10,0.007147372802729368,0.9928526271972706
6008,2020-05-10,0.0020652476134078723,0.9979347523865921
6009,2020-05-10,0.007351045914221088,0.9926489540857789
6010,2020-05-10,0.00808341957901837,0.9919165804209816
6011,2020-05-10,0.004183033399054903,0.9958169666009451
6012,2020-05-10,0.01869330582220563,0.9813066941777944
6013,2020-05-10,0.0269035816173383,0.9730964183826617
6014,2020-05-10,0.01174917647486129,0.9882508235251387
6015,2020-05-10,0.006849085884907957,0.993150914115092
6016,2020-05-10,0.013198084674674093,0.9868019153253259
6017,2020-05-10,0.00497630676447347,0.9950236932355265
6018,2020-05-10,0.005639360653066139,0.9943606393469339
6019,2020-05-10,0.0041925324489678895,0.9958074675510321
6020,2020-05-10,0.03455783971584658,0.9654421602841534
6021,2020-05-10,0.008648130390241815,0.9913518696097582
6022,2020-05-10,0.011687416041634147,0.9883125839583659
6023,2020-05-10,0.015029573596458401,0.9849704264035416
6024,2020-05-10,0.024125795106520243,0.9758742048934798
6025,2020-05-10,0.007056322507408841,0.9929436774925912
6026,2020-05-10,0.03190739329216252,0.9680926067078375
6027,2020-05-10,0.02429351789985157,0.9757064821001484
6028,2020-05-10,0.022103852649849265,0.9778961473501507
6029,2020-05-10,0.004579467686347982,0.995420532313652
6030,2020-05-10,0.026725695041558084,0.9732743049584419
6031,2020-05-10,0.0019780959751724003,0.9980219040248276
6032,2020-05-10,0.013046690032519348,0.9869533099674807
6033,2020-05-10,0.03206949973431217,0.9679305002656878
6034,2020-05-10,0.06980769174959822,0.9301923082504018
6035,2020-05-10,0.0037086607438731045,0.9962913392561269
6036,2020-05-10,0.0011174985466847476,0.9988825014533153
6037,2020-05-10,0.023455277971864197,0.9765447220281358
6038,2020-05-10,0.029526123158912565,0.9704738768410874
6039,2020-05-10,0.005509951414929604,0.9944900485850704
6040,2020-05-10,0.022066033307443278,0.9779339666925567
6041,2020-05-10,0.0066382224961503145,0.9933617775038497
6042,2020-05-10,0.0060827860735046535,0.9939172139264953
6043,2020-05-10,0.03512925794752364,0.9648707420524764
6044,2020-05-10,0.002816995806999234,0.9971830041930008
6045,2020-05-10,0.0037009390478753845,0.9962990609521246
6046,2020-05-10,0.01619710704546895,0.983802892954531
6047,2020-05-10,0.02689050410958882,0.9731094958904112
6048,2020-05-10,0.00980570683460591,0.9901942931653941
6049,2020-05-10,0.01435177046533298,0.985648229534667
6050,2020-05-10,0.02111477561686026,0.9788852243831397
6052,2020-05-10,0.0064783448467016225,0.9935216551532984
6053,2020-05-10,0.014029100501734004,0.985970899498266
6054,2020-05-10,0.002328291971078089,0.9976717080289219
6055,2020-05-10,0.02596943960734588,0.9740305603926541
6056,2020-05-10,0.004055615045804428,0.9959443849541956
6057,2020-05-10,0.011127106058856917,0.9888728939411431
6059,2020-05-10,0.007891479499846699,0.9921085205001533
6060,2020-05-10,0.00412517538497903,0.995874824615021
6061,2020-05-10,0.01162152532233729,0.9883784746776627
6062,2020-05-10,0.03934832813331579,0.9606516718666842
6063,2020-05-10,0.010666029922976716,0.9893339700770233
6064,2020-05-10,0.02957166255607857,0.9704283374439214
6065,2020-05-10,0.005801748412369356,0.9941982515876306
6066,2020-05-10,0.06262792036723364,0.9373720796327664
6067,2020-05-10,0.033223528768981714,0.9667764712310183
6068,2020-05-10,0.0022995069909963473,0.9977004930090037
6069,2020-05-10,0.008067369360629684,0.9919326306393703
6070,2020-05-10,0.014139106011455849,0.9858608939885442
6071,2020-05-10,0.013809326707440173,0.9861906732925598
6072,2020-05-10,0.015370397953950565,0.9846296020460494
6073,2020-05-10,0.010123150463373198,0.9898768495366268
6074,2020-05-10,0.023680114509643024,0.976319885490357
6075,2020-05-10,0.01254806745026249,0.9874519325497375
6076,2020-05-10,0.013496748984151097,0.9865032510158489
6077,2020-05-10,0.03821247424065133,0.9617875257593487
6078,2020-05-10,0.006413549616451797,0.9935864503835482
6079,2020-05-10,0.008577106346794872,0.9914228936532051
6080,2020-05-10,0.01622966368357459,0.9837703363164254
6081,2020-05-10,0.02809689216804112,0.9719031078319589
6082,2020-05-10,0.007901136720986357,0.9920988632790136
6083,2020-05-10,0.0033666172204307454,0.9966333827795693
6084,2020-05-10,0.009181652970882914,0.9908183470291171
6085,2020-05-10,0.0064637788564295695,0.9935362211435704
6086,2020-05-10,0.004594365284544599,0.9954056347154554
6087,2020-05-10,0.0025620591352664146,0.9974379408647336
6088,2020-05-10,0.010163929854370313,0.9898360701456297
6089,2020-05-10,0.0194519599570534,0.9805480400429466
6090,2020-05-10,0.003066733049433057,0.9969332669505669
6092,2020-05-10,0.012071520271343394,0.9879284797286566
6093,2020-05-10,0.025678451572024752,0.9743215484279752
6094,2020-05-10,0.017162542832899752,0.9828374571671002
6095,2020-05-10,0.03410266427559139,0.9658973357244086
6096,2020-05-10,0.007424561240739647,0.9925754387592604
6097,2020-05-10,0.0029970295990671136,0.9970029704009329
6098,2020-05-10,0.011187519678806157,0.9888124803211938
6099,2020-05-10,0.013553234748356124,0.9864467652516439
6100,2020-05-10,0.030802135336482794,0.9691978646635172
6103,2020-05-10,0.01763989812101696,0.982360101878983
6104,2020-05-10,0.046973823532626025,0.953026176467374
6105,2020-05-10,0.06358131301805159,0.9364186869819484
6106,2020-05-10,0.01758613993414182,0.9824138600658582
6107,2020-05-10,0.010630402712585307,0.9893695972874147
6108,2020-05-10,0.016369375911886475,0.9836306240881135
6109,2020-05-10,0.11174240648692235,0.8882575935130776
6110,2020-05-10,0.002082780198524148,0.9979172198014759
6111,2020-05-10,0.032698482657046224,0.9673015173429538
6112,2020-05-10,0.003400546572558616,0.9965994534274414
6113,2020-05-10,0.007738093264770596,0.9922619067352294
6114,2020-05-10,0.07864284814308575,0.9213571518569142
6115,2020-05-10,0.04861083695016155,0.9513891630498384
6116,2020-05-10,0.002179213344842168,0.9978207866551578
6117,2020-05-10,0.025880581683823678,0.9741194183161763
6118,2020-05-10,0.01786997885204933,0.9821300211479507
6119,2020-05-10,0.006624375253824755,0.9933756247461752
6120,2020-05-10,0.018286657743726065,0.9817133422562739
6121,2020-05-10,0.004888322008794743,0.9951116779912053
6122,2020-05-10,0.002536554085539211,0.9974634459144608
6123,2020-05-10,0.04029851793832173,0.9597014820616783
6124,2020-05-10,0.011640822981888843,0.9883591770181112
6125,2020-05-10,0.0032344105726906935,0.9967655894273093
6126,2020-05-10,0.0074150527658521925,0.9925849472341478
6127,2020-05-10,0.01440723074483119,0.9855927692551688
6128,2020-05-10,0.02433213725758754,0.9756678627424125
6129,2020-05-10,0.036259557347536275,0.9637404426524637
6130,2020-05-10,0.08097148471746984,0.9190285152825302
6131,2020-05-10,0.0070079134281663125,0.9929920865718337
6132,2020-05-10,0.008865486849991666,0.9911345131500083
6133,2020-05-10,0.009919812300042463,0.9900801876999575
6134,2020-05-10,0.007743991622956248,0.9922560083770438
6135,2020-05-10,0.02720848576929169,0.9727915142307083
6136,2020-05-10,0.009549097198697898,0.9904509028013021
6138,2020-05-10,0.026682621393824713,0.9733173786061753
6139,2020-05-10,0.03213222634438462,0.9678677736556154
6140,2020-05-10,0.00786775264596662,0.9921322473540334
6141,2020-05-10,0.0221099416220798,0.9778900583779202
6144,2020-05-10,0.00761124098832866,0.9923887590116713
6146,2020-05-10,0.007182032589333143,0.9928179674106669
6147,2020-05-10,0.02299871049901725,0.9770012895009828
6148,2020-05-10,0.004658639690898414,0.9953413603091016
6149,2020-05-10,0.09489812053389846,0.9051018794661015
6150,2020-05-10,0.013127587101259497,0.9868724128987405
6151,2020-05-10,0.004529898585750591,0.9954701014142494
6152,2020-05-10,0.014474398806603062,0.9855256011933969
6153,2020-05-10,0.009503862366540106,0.9904961376334599
6154,2020-05-10,0.04540289141070175,0.9545971085892982
6155,2020-05-10,0.04053136794394563,0.9594686320560544
6156,2020-05-10,0.033968610299290214,0.9660313897007098
6157,2020-05-10,0.04477320731241119,0.9552267926875888
6159,2020-05-10,0.018676469886301006,0.981323530113699
6160,2020-05-10,0.024527147452787057,0.9754728525472129
6161,2020-05-10,0.0025178862548652647,0.9974821137451347
6162,2020-05-10,0.028551895032016716,0.9714481049679833
6163,2020-05-10,0.021785028812591145,0.9782149711874089
6164,2020-05-10,0.009170420441449445,0.9908295795585506
6165,2020-05-10,0.04275256416781614,0.9572474358321839
6166,2020-05-10,0.020732604334137483,0.9792673956658625
6167,2020-05-10,0.02028759116996659,0.9797124088300334
6168,2020-05-10,0.010073698136271236,0.9899263018637288
6169,2020-05-10,0.003243338658356798,0.9967566613416432
6170,2020-05-10,0.01284060480087923,0.9871593951991208
6171,2020-05-10,0.05476115769315393,0.9452388423068461
6172,2020-05-10,0.03828116266165238,0.9617188373383476
6173,2020-05-10,0.031080746310034435,0.9689192536899656
6174,2020-05-10,0.009317560548181891,0.9906824394518181
6175,2020-05-10,0.024161355118151984,0.975838644881848
6176,2020-05-10,0.031475624206038444,0.9685243757939616
6177,2020-05-10,0.007816918848029042,0.992183081151971
6178,2020-05-10,0.009703293188766615,0.9902967068112334
6179,2020-05-10,0.006418626043307785,0.9935813739566922
6180,2020-05-10,0.05084860382610812,0.9491513961738919
6181,2020-05-10,0.006135513970650153,0.9938644860293498
6182,2020-05-10,0.009043246005914662,0.9909567539940853
6184,2020-05-10,0.03330615336542142,0.9666938466345786
6186,2020-05-10,0.02068446067344265,0.9793155393265573
6187,2020-05-10,0.10226615999944311,0.8977338400005569
6188,2020-05-10,0.04067114659087756,0.9593288534091224
6189,2020-05-10,0.014357374987957194,0.9856426250120428
6191,2020-05-10,0.004160136306410878,0.9958398636935891
6192,2020-05-10,0.00811622268998835,0.9918837773100116
6193,2020-05-10,0.005530387032386952,0.994469612967613
6194,2020-05-10,0.18667638647967066,0.8133236135203293
6195,2020-05-10,0.13793904443331695,0.862060955566683
6196,2020-05-10,0.002475818162707255,0.9975241818372927
6197,2020-05-10,0.008579693550554324,0.9914203064494457
6198,2020-05-10,0.07428201506691001,0.92571798493309
6199,2020-05-10,0.009750620754676587,0.9902493792453234
6200,2020-05-10,0.01691676324070701,0.983083236759293
6201,2020-05-10,0.02468966265589556,0.9753103373441044
6203,2020-05-10,0.009169840008367514,0.9908301599916325
6204,2020-05-10,0.01929940345407044,0.9807005965459296
6205,2020-05-10,0.01866002599955041,0.9813399740004496
6206,2020-05-10,0.03219417204083008,0.9678058279591699
6207,2020-05-10,0.026730113625154095,0.9732698863748459
6208,2020-05-10,0.0011794277189516311,0.9988205722810484
6209,2020-05-10,0.024982383833273003,0.975017616166727
6210,2020-05-10,0.015802461062160766,0.9841975389378392
6211,2020-05-10,0.012421657702692879,0.9875783422973071
6212,2020-05-10,0.046980923482410786,0.9530190765175892
6213,2020-05-10,0.029120911657865567,0.9708790883421344
6215,2020-05-10,0.007831625220392269,0.9921683747796077
6216,2020-05-10,0.0038724048076782536,0.9961275951923217
6217,2020-05-10,0.01542686705432128,0.9845731329456787
6218,2020-05-10,0.02568722548539426,0.9743127745146057
6220,2020-05-10,0.024067018221046066,0.9759329817789539
6221,2020-05-10,0.011840245030332208,0.9881597549696678
6222,2020-05-10,0.015786159007612377,0.9842138409923876
6223,2020-05-10,0.0017993419152504408,0.9982006580847496
6224,2020-05-10,0.0023867095248428782,0.9976132904751571
6225,2020-05-10,0.019997953692506232,0.9800020463074938
6226,2020-05-10,0.03019820015839636,0.9698017998416036
6227,2020-05-10,0.01273116555263798,0.987268834447362
6228,2020-05-10,0.08508405601495561,0.9149159439850444
6229,2020-05-10,0.046092146871804074,0.9539078531281959
6231,2020-05-10,0.012356398552584746,0.9876436014474153
6232,2020-05-10,0.026718471940947786,0.9732815280590522
6233,2020-05-10,0.00759283709603642,0.9924071629039636
6234,2020-05-10,0.03329926738136024,0.9667007326186398
6235,2020-05-10,0.029615604863291622,0.9703843951367084
6236,2020-05-10,0.012118920961360247,0.9878810790386398
6237,2020-05-10,0.012550733679968507,0.9874492663200315
6238,2020-05-10,0.013892213149178212,0.9861077868508218
6239,2020-05-10,0.019520531780882866,0.9804794682191171
6240,2020-05-10,0.016894662351183976,0.983105337648816
6241,2020-05-10,0.08144971763768538,0.9185502823623146
6243,2020-05-10,0.034686171486137396,0.9653138285138626
6244,2020-05-10,0.012525038156490753,0.9874749618435092
6245,2020-05-10,0.018485191199726914,0.9815148088002731
6246,2020-05-10,0.04462821952335139,0.9553717804766486
6247,2020-05-10,0.004118014660452363,0.9958819853395476
6248,2020-05-10,0.007399053531396471,0.9926009464686035
6249,2020-05-10,0.054209708053322814,0.9457902919466772
6250,2020-05-10,0.03411614931178608,0.9658838506882139
6251,2020-05-10,0.009311062708896811,0.9906889372911032
6252,2020-05-10,0.011269530232196678,0.9887304697678033
6253,2020-05-10,0.010552306042969306,0.9894476939570307
6254,2020-05-10,0.04516609998814658,0.9548339000118534
6255,2020-05-10,0.007795943397088223,0.9922040566029118
6256,2020-05-10,0.024586387977988733,0.9754136120220113
6257,2020-05-10,0.003083871369661262,0.9969161286303387
6258,2020-05-10,0.007868232444055545,0.9921317675559445
6259,2020-05-10,0.022894839715739024,0.977105160284261
6260,2020-05-10,0.007250303602718611,0.9927496963972814
6261,2020-05-10,0.042417279220959614,0.9575827207790404
6262,2020-05-10,0.003162985606403157,0.9968370143935968
6263,2020-05-10,0.005877800810036415,0.9941221991899636
6264,2020-05-10,0.003636222161645497,0.9963637778383545
6266,2020-05-10,0.06048908057323976,0.9395109194267602
6267,2020-05-10,0.011614960931625729,0.9883850390683743
6268,2020-05-10,0.02387835226488888,0.9761216477351111
6269,2020-05-10,0.027252041716912645,0.9727479582830874
6270,2020-05-10,0.00391229661184711,0.9960877033881529
6271,2020-05-10,0.005418484099349641,0.9945815159006504
6272,2020-05-10,0.010239425884788989,0.989760574115211
6273,2020-05-10,0.061147837808159244,0.9388521621918408
6274,2020-05-10,0.020038961234315145,0.9799610387656849
6276,2020-05-10,0.011986820299036083,0.9880131797009639
6278,2020-05-10,0.01180613105150885,0.9881938689484911
6279,2020-05-10,0.032504460258517054,0.967495539741483
6281,2020-05-10,0.010976533068235983,0.989023466931764
6282,2020-05-10,0.004039091516996551,0.9959609084830034
6283,2020-05-10,0.004433797548099472,0.9955662024519005
6284,2020-05-10,0.016838805300895654,0.9831611946991043
6285,2020-05-10,0.006093881878822205,0.9939061181211778
6286,2020-05-10,0.01728381213307917,0.9827161878669208
6287,2020-05-10,0.013486248900919207,0.9865137510990808
6288,2020-05-10,0.0260393424646016,0.9739606575353984
6289,2020-05-10,0.009951510426564503,0.9900484895734355
6290,2020-05-10,0.01360847655480113,0.9863915234451989
6292,2020-05-10,0.02576304067289692,0.9742369593271031
6294,2020-05-10,0.02349116646612759,0.9765088335338724
6295,2020-05-10,0.030173423641507102,0.9698265763584929
6296,2020-05-10,0.018594726928348626,0.9814052730716514
6297,2020-05-10,0.010957245958913786,0.9890427540410862
6298,2020-05-10,0.018364779078430482,0.9816352209215695
6299,2020-05-10,0.023221540298244747,0.9767784597017553
6300,2020-05-10,0.055594491199219775,0.9444055088007802
6301,2020-05-10,0.008118028131346766,0.9918819718686532
6302,2020-05-10,0.004434395390467971,0.995565604609532
6303,2020-05-10,0.021912685070383686,0.9780873149296163
6304,2020-05-10,0.027591736222671193,0.9724082637773288
6305,2020-05-10,0.00800203911080799,0.991997960889192
6306,2020-05-10,0.03735473676056544,0.9626452632394346
6308,2020-05-10,0.009168005048268646,0.9908319949517314
6309,2020-05-10,0.02820256434695434,0.9717974356530457
6310,2020-05-10,0.034838852237895956,0.965161147762104
6311,2020-05-10,0.033429948633312834,0.9665700513666872
6312,2020-05-10,0.001427697509314596,0.9985723024906854
6313,2020-05-10,0.008164963193736607,0.9918350368062634
6314,2020-05-10,0.020844201050322808,0.9791557989496772
6315,2020-05-10,0.027816443940451574,0.9721835560595484
6316,2020-05-10,0.0177221864296897,0.9822778135703103
6317,2020-05-10,0.0026765332481936133,0.9973234667518064
6318,2020-05-10,0.002406760997302526,0.9975932390026975
6319,2020-05-10,0.01442731851837653,0.9855726814816235
6320,2020-05-10,0.018079621122787493,0.9819203788772125
6321,2020-05-10,0.051374485949339355,0.9486255140506606
6323,2020-05-10,0.026721465228440322,0.9732785347715597
6324,2020-05-10,0.015196816968180094,0.9848031830318199
6326,2020-05-10,0.001370463516772058,0.9986295364832279
6327,2020-05-10,0.028694972266268937,0.9713050277337311
6328,2020-05-10,0.048787636284017055,0.951212363715983
6329,2020-05-10,0.019322782214882706,0.9806772177851173
6330,2020-05-10,0.05596588970333549,0.9440341102966645
6331,2020-05-10,0.017959841650566744,0.9820401583494333
6332,2020-05-10,0.028296072623259727,0.9717039273767403
6333,2020-05-10,0.006340199204865504,0.9936598007951345
6334,2020-05-10,0.02013248224952402,0.979867517750476
6336,2020-05-10,0.019716777192983925,0.9802832228070161
6337,2020-05-10,0.011768218976655254,0.9882317810233447
6338,2020-05-10,0.010073068497009285,0.9899269315029907
6339,2020-05-10,0.007483241971915744,0.9925167580280843
6340,2020-05-10,0.002717624175289979,0.99728237582471
6341,2020-05-10,0.01999042806824669,0.9800095719317533
6342,2020-05-10,0.0010216282618229489,0.998978371738177
6343,2020-05-10,0.027068039098583685,0.9729319609014163
6344,2020-05-10,0.011779903950823845,0.9882200960491762
6345,2020-05-10,0.004856080939204865,0.9951439190607951
6347,2020-05-10,0.0029707839455551666,0.9970292160544448
6348,2020-05-10,0.013072027107958295,0.9869279728920417
6350,2020-05-10,0.0173123535966615,0.9826876464033385
6351,2020-05-10,0.008740105057860048,0.99125989494214
6352,2020-05-10,0.022379890645633838,0.9776201093543662
6353,2020-05-10,0.013101323645580809,0.9868986763544192
6354,2020-05-10,0.003978368830819479,0.9960216311691805
6355,2020-05-10,0.010940353510112466,0.9890596464898875
6356,2020-05-10,0.013863252085071998,0.986136747914928
6357,2020-05-10,0.011109483561158817,0.9888905164388412
6358,2020-05-10,0.015126061797112844,0.9848739382028872
6360,2020-05-10,0.007995213593082418,0.9920047864069176
6361,2020-05-10,0.007107626702072989,0.992892373297927
6362,2020-05-10,0.014523733754845836,0.9854762662451542
6363,2020-05-10,0.006522839947012082,0.9934771600529879
6364,2020-05-10,0.01776657468970877,0.9822334253102912
6365,2020-05-10,0.006603507479711279,0.9933964925202887
6366,2020-05-10,0.01139353192090431,0.9886064680790957
6367,2020-05-10,0.01027022588462756,0.9897297741153724
6368,2020-05-10,0.005336427833690038,0.99466357216631
6369,2020-05-10,0.05938398593361538,0.9406160140663846
6370,2020-05-10,0.01890366807470023,0.9810963319252998
6371,2020-05-10,0.016045591208107557,0.9839544087918924
6372,2020-05-10,0.012575660350074513,0.9874243396499255
6373,2020-05-10,0.006948698611996651,0.9930513013880033
6374,2020-05-10,0.010490497396308918,0.9895095026036911
6375,2020-05-10,0.006901763365636082,0.9930982366343639
6376,2020-05-10,0.08850239802753468,0.9114976019724653
6377,2020-05-10,0.04108622698287778,0.9589137730171222
6379,2020-05-10,0.025853933679330532,0.9741460663206695
6380,2020-05-10,0.0262424193805334,0.9737575806194666
6381,2020-05-10,0.02711581289369669,0.9728841871063033
6383,2020-05-10,0.007653981586452363,0.9923460184135476
6384,2020-05-10,0.03297577994522105,0.967024220054779
6385,2020-05-10,0.016755360545357978,0.983244639454642
6387,2020-05-10,0.04528680722767309,0.9547131927723269
6388,2020-05-10,0.0060542764946524,0.9939457235053476
6389,2020-05-10,0.01443664816175172,0.9855633518382483
6390,2020-05-10,0.007855933393465575,0.9921440666065344
6391,2020-05-10,0.029795342538453173,0.9702046574615468
6392,2020-05-10,0.016764343100090673,0.9832356568999093
6393,2020-05-10,0.0057376198230693065,0.9942623801769307
6394,2020-05-10,0.05918943780688646,0.9408105621931135
6396,2020-05-10,0.003269757160784925,0.9967302428392151
6397,2020-05-10,0.0398669752097871,0.9601330247902129
6398,2020-05-10,0.0020330157229949686,0.997966984277005
6399,2020-05-10,0.04512090987110251,0.9548790901288975
6400,2020-05-10,0.09700116541707604,0.902998834582924
6401,2020-05-10,0.002063691605019846,0.9979363083949802
6402,2020-05-10,0.08146524413607004,0.91853475586393
6403,2020-05-10,0.001045769541484054,0.998954230458516
6404,2020-05-10,0.007782839734070235,0.9922171602659298
6405,2020-05-10,0.006442425571665189,0.9935575744283348
6406,2020-05-10,0.008975318703466018,0.991024681296534
6407,2020-05-10,0.018233872742113744,0.9817661272578863
6408,2020-05-10,0.010558008346994163,0.9894419916530058
6409,2020-05-10,0.007780865078392263,0.9922191349216077
6410,2020-05-10,0.020858736746435014,0.979141263253565
6411,2020-05-10,0.00434249282490573,0.9956575071750943
6412,2020-05-10,0.01646278815908686,0.9835372118409131
6413,2020-05-10,0.007228839475014848,0.9927711605249852
6414,2020-05-10,0.013343088708931417,0.9866569112910686
6415,2020-05-10,0.007161735150300497,0.9928382648496995
6416,2020-05-10,0.03758688114166464,0.9624131188583354
6417,2020-05-10,0.04142463896295012,0.9585753610370499
6418,2020-05-10,0.03536731033010432,0.9646326896698957
6419,2020-05-10,0.0073826871752393775,0.9926173128247606
6420,2020-05-10,0.02089871711428304,0.979101282885717
6421,2020-05-10,0.01347220209329103,0.986527797906709
6422,2020-05-10,0.011453492968883094,0.9885465070311169
6423,2020-05-10,0.027905418907542945,0.972094581092457
6424,2020-05-10,0.003449816969963937,0.9965501830300361
6426,2020-05-10,0.04142110202712379,0.9585788979728762
6427,2020-05-10,0.004643316500863692,0.9953566834991363
6429,2020-05-10,0.03407399598424643,0.9659260040157536
6430,2020-05-10,0.062319175697573725,0.9376808243024263
6431,2020-05-10,0.008206474887818005,0.991793525112182
6432,2020-05-10,0.11258654473175012,0.8874134552682499
6433,2020-05-10,0.014076781349728562,0.9859232186502714
6434,2020-05-10,0.07718821337543935,0.9228117866245606
6435,2020-05-10,0.009114481956595588,0.9908855180434044
6436,2020-05-10,0.015056612098873656,0.9849433879011263
6438,2020-05-10,0.011988705060500537,0.9880112949394995
6439,2020-05-10,0.012666806906264316,0.9873331930937357
6440,2020-05-10,0.028775852224760867,0.9712241477752391
6441,2020-05-10,0.004927267647646949,0.995072732352353
6442,2020-05-10,0.02569755038445165,0.9743024496155483
6443,2020-05-10,0.007812469371563768,0.9921875306284362
6445,2020-05-10,0.02195574797993749,0.9780442520200625
6446,2020-05-10,0.005488658519530176,0.9945113414804698
6447,2020-05-10,0.00887423432751,0.99112576567249
6448,2020-05-10,0.013400576387380458,0.9865994236126195
6449,2020-05-10,0.02220567066321355,0.9777943293367864
6450,2020-05-10,0.0006762906225189491,0.999323709377481
6451,2020-05-10,0.008464256527462077,0.9915357434725379
6452,2020-05-10,0.016056407429499542,0.9839435925705005
6454,2020-05-10,0.05273325054765521,0.9472667494523448
6455,2020-05-10,0.013513005484428353,0.9864869945155716
6456,2020-05-10,0.03950190166842993,0.9604980983315701
6457,2020-05-10,0.058698619414099595,0.9413013805859004
6458,2020-05-10,0.060882253996008884,0.9391177460039911
6459,2020-05-10,0.008455313854082491,0.9915446861459175
6460,2020-05-10,0.048870089686808726,0.9511299103131913
6462,2020-05-10,0.016685943819881977,0.983314056180118
6464,2020-05-10,0.001553480453717171,0.9984465195462828
6465,2020-05-10,0.02174434960104521,0.9782556503989548
6467,2020-05-10,0.005673241237465265,0.9943267587625347
6468,2020-05-10,0.021926080681410776,0.9780739193185892
6469,2020-05-10,0.05218818695383165,0.9478118130461683
6470,2020-05-10,0.008326536637030535,0.9916734633629695
6471,2020-05-10,0.00147628556528423,0.9985237144347158
6473,2020-05-10,0.017216549304273854,0.9827834506957261
6474,2020-05-10,0.04027726390052522,0.9597227360994748
6475,2020-05-10,0.03914755377402657,0.9608524462259734
6476,2020-05-10,0.03508449787522916,0.9649155021247708
6477,2020-05-10,0.0017815506519711644,0.9982184493480288
6478,2020-05-10,0.015494218480274768,0.9845057815197252
6479,2020-05-10,0.01043859359949506,0.9895614064005049
6480,2020-05-10,0.010457581549782491,0.9895424184502175
6481,2020-05-10,0.010160625075988583,0.9898393749240114
6482,2020-05-10,0.0077276366636250815,0.9922723633363749
6483,2020-05-10,0.013972623386515615,0.9860273766134844
6484,2020-05-10,0.012198386776878012,0.987801613223122
6485,2020-05-10,0.027700483077387372,0.9722995169226126
6486,2020-05-10,0.06440357995283197,0.935596420047168
6487,2020-05-10,0.034603797950979565,0.9653962020490204
6488,2020-05-10,0.016312242458645487,0.9836877575413545
6490,2020-05-10,0.010273848199309543,0.9897261518006905
6491,2020-05-10,0.014485498898520022,0.98551450110148
6492,2020-05-10,0.05495017595904661,0.9450498240409534
6493,2020-05-10,0.019207793264320094,0.9807922067356799
6494,2020-05-10,0.009459171265950528,0.9905408287340495
6495,2020-05-10,0.010204608628497258,0.9897953913715027
6496,2020-05-10,0.008918732541779995,0.99108126745822
6497,2020-05-10,0.0053096555507010645,0.9946903444492989
6498,2020-05-10,0.00944334575622241,0.9905566542437776
6499,2020-05-10,0.01231754927594153,0.9876824507240585
6500,2020-05-10,0.03742030188039458,0.9625796981196054
6501,2020-05-10,0.019049027298483456,0.9809509727015165
6502,2020-05-10,0.020591546013765005,0.979408453986235
6503,2020-05-10,0.003661623219390786,0.9963383767806092
6504,2020-05-10,0.03892153060967385,0.9610784693903262
6505,2020-05-10,0.015581334114384227,0.9844186658856158
6506,2020-05-10,0.022471644991397532,0.9775283550086025
6507,2020-05-10,0.007377744703787048,0.992622255296213
6509,2020-05-10,0.045552727631030576,0.9544472723689694
6511,2020-05-10,0.022966172833947085,0.9770338271660529
6513,2020-05-10,0.008293031062952871,0.9917069689370471
6514,2020-05-10,0.010944495749555583,0.9890555042504444
6515,2020-05-10,0.005288414868876101,0.9947115851311239
6517,2020-05-10,0.013456510312896741,0.9865434896871033
6518,2020-05-10,0.0160803802877727,0.9839196197122273
6519,2020-05-10,0.014498643365223551,0.9855013566347764
6520,2020-05-10,0.022462508165377204,0.9775374918346228
6521,2020-05-10,0.00424384376124487,0.9957561562387551
6522,2020-05-10,0.012713470680653538,0.9872865293193465
6524,2020-05-10,0.028835610839084147,0.9711643891609159
6525,2020-05-10,0.043019229639781886,0.9569807703602181
6526,2020-05-10,0.023357566140991715,0.9766424338590083
6527,2020-05-10,0.019098463512160713,0.9809015364878393
6528,2020-05-10,0.005667121294389732,0.9943328787056103
6529,2020-05-10,0.006186455565469373,0.9938135444345306
6532,2020-05-10,0.032216914576895905,0.9677830854231041
6533,2020-05-10,0.07205976897007738,0.9279402310299226
6534,2020-05-10,0.011264142583669368,0.9887358574163306
6535,2020-05-10,0.0013935824714664813,0.9986064175285335
6536,2020-05-10,0.02643723507432183,0.9735627649256782
6537,2020-05-10,0.004087487457751227,0.9959125125422488
6538,2020-05-10,0.001228236698603391,0.9987717633013966
6539,2020-05-10,0.008801408328459548,0.9911985916715405
6541,2020-05-10,0.05947705680854731,0.9405229431914527
6542,2020-05-10,0.010771430936278081,0.9892285690637219
6544,2020-05-10,0.03905041607077908,0.9609495839292209
6545,2020-05-10,0.013738841160390813,0.9862611588396092
6546,2020-05-10,0.01641713761146224,0.9835828623885378
6547,2020-05-10,0.020381871934228246,0.9796181280657718
6548,2020-05-10,0.007571429171633226,0.9924285708283668
6549,2020-05-10,0.016613721414711624,0.9833862785852884
6550,2020-05-10,0.0557227685839955,0.9442772314160045
6551,2020-05-10,0.02099356284548426,0.9790064371545157
6552,2020-05-10,0.010074097973086116,0.9899259020269139
6553,2020-05-10,0.012802631784266438,0.9871973682157336
6554,2020-05-10,0.008923131289104824,0.9910768687108952
6555,2020-05-10,0.0022381490996633557,0.9977618509003366
6556,2020-05-10,0.005539297237001972,0.994460702762998
6557,2020-05-10,0.00771981191501192,0.9922801880849881
6560,2020-05-10,0.007967289335779837,0.9920327106642202
6561,2020-05-10,0.021026217443831263,0.9789737825561687
6562,2020-05-10,0.014066345273228364,0.9859336547267716
6564,2020-05-10,0.006943673863585631,0.9930563261364144
6565,2020-05-10,0.028431181481088474,0.9715688185189115
6566,2020-05-10,0.012317166505495192,0.9876828334945048
6567,2020-05-10,0.015715290748648747,0.9842847092513513
6568,2020-05-10,0.0034414158782073434,0.9965585841217927
6569,2020-05-10,0.014305789827090631,0.9856942101729094
6570,2020-05-10,0.011507233166228259,0.9884927668337717
6571,2020-05-10,0.013039363011585037,0.986960636988415
6572,2020-05-10,0.011862396825412458,0.9881376031745875
6573,2020-05-10,0.016781680726503878,0.9832183192734961
6574,2020-05-10,0.044886631117769804,0.9551133688822302
6575,2020-05-10,0.0458005784840102,0.9541994215159898
6576,2020-05-10,0.013806440905780426,0.9861935590942196
6577,2020-05-10,0.015684643088208827,0.9843153569117912
6578,2020-05-10,0.014988289961769707,0.9850117100382303
6579,2020-05-10,0.025184013358943047,0.974815986641057
6580,2020-05-10,0.017745892777681238,0.9822541072223188
6581,2020-05-10,0.012455483167004844,0.9875445168329952
6582,2020-05-10,0.02854056394511073,0.9714594360548893
6583,2020-05-10,0.006154244153804944,0.9938457558461951
6584,2020-05-10,0.03196713696012787,0.9680328630398721
6585,2020-05-10,0.007283913480177429,0.9927160865198226
6586,2020-05-10,0.009167567075098693,0.9908324329249013
6587,2020-05-10,0.0969893875869845,0.9030106124130155
6588,2020-05-10,0.012259404764902948,0.987740595235097
6589,2020-05-10,0.056643807605436525,0.9433561923945635
6590,2020-05-10,0.0047966116499554845,0.9952033883500445
6591,2020-05-10,0.021591685713817754,0.9784083142861822
6592,2020-05-10,0.003252494834392383,0.9967475051656076
6593,2020-05-10,0.01034242602276314,0.9896575739772369
6594,2020-05-10,0.0018153407135540478,0.998184659286446
6595,2020-05-10,0.015688812932067253,0.9843111870679327
6596,2020-05-10,0.008227787694357058,0.9917722123056429
6597,2020-05-10,0.012082996287027026,0.987917003712973
6598,2020-05-10,0.06725834859498236,0.9327416514050176
6599,2020-05-10,0.016250051989960546,0.9837499480100395
6600,2020-05-10,0.05732341478912861,0.9426765852108714
6601,2020-05-10,0.01883508244786336,0.9811649175521366
6602,2020-05-10,0.008619568470953687,0.9913804315290463
6603,2020-05-10,0.004161667942146008,0.995838332057854
6604,2020-05-10,0.002284577923447606,0.9977154220765524
6605,2020-05-10,0.01633220956720871,0.9836677904327913
6606,2020-05-10,0.006168210901642102,0.9938317890983579
6607,2020-05-10,0.016727174777080855,0.9832728252229191
6608,2020-05-10,0.006933141311042612,0.9930668586889574
6609,2020-05-10,0.043711705021299396,0.9562882949787006
6610,2020-05-10,0.009896679672762754,0.9901033203272372
6611,2020-05-10,0.02490451071074551,0.9750954892892545
6612,2020-05-10,0.005279080931230418,0.9947209190687696
6613,2020-05-10,0.00991868198285828,0.9900813180171417
6614,2020-05-10,0.01017315821869269,0.9898268417813073
6615,2020-05-10,0.014795854330482805,0.9852041456695172
6616,2020-05-10,0.011104005825491758,0.9888959941745082
6617,2020-05-10,0.03897729329476807,0.9610227067052319
6619,2020-05-10,0.04831351868871758,0.9516864813112824
6620,2020-05-10,0.07073944028821855,0.9292605597117815
6621,2020-05-10,0.02520062897474118,0.9747993710252588
6622,2020-05-10,0.00799083986198712,0.9920091601380129
6623,2020-05-10,0.011519119892164142,0.9884808801078359
6624,2020-05-10,0.019459406087503406,0.9805405939124966
6625,2020-05-10,0.02346632028191442,0.9765336797180856
6627,2020-05-10,0.006355243159709922,0.9936447568402901
6628,2020-05-10,0.013294303772978688,0.9867056962270213
6629,2020-05-10,0.014732963694712109,0.9852670363052879
6630,2020-05-10,0.015689626730070128,0.9843103732699299
6631,2020-05-10,0.014959754069218567,0.9850402459307814
6632,2020-05-10,0.0074490730380956105,0.9925509269619044
6633,2020-05-10,0.008422088003029793,0.9915779119969702
6635,2020-05-10,0.03129469713880606,0.9687053028611939
6636,2020-05-10,0.015891707991569914,0.9841082920084301
6637,2020-05-10,0.07756340126635619,0.9224365987336438
6638,2020-05-10,0.030724516918482103,0.9692754830815179
6639,2020-05-10,0.002611763961640534,0.9973882360383595
6641,2020-05-10,0.01115208759427011,0.9888479124057299
6642,2020-05-10,0.0028513313855136335,0.9971486686144864
6643,2020-05-10,0.04558545214396803,0.954414547856032
6644,2020-05-10,0.01932362653939046,0.9806763734606095
6645,2020-05-10,0.021473334752554973,0.978526665247445
6646,2020-05-10,0.0038495980678716624,0.9961504019321283
6647,2020-05-10,0.02833245595435785,0.9716675440456422
6648,2020-05-10,0.015253293137706292,0.9847467068622937
6649,2020-05-10,0.0018027999094289981,0.998197200090571
6650,2020-05-10,0.023195286093461,0.976804713906539
6651,2020-05-10,0.00170927556884648,0.9982907244311535
6652,2020-05-10,0.008492781264182181,0.9915072187358178
6653,2020-05-10,0.004835689284774403,0.9951643107152256
6654,2020-05-10,0.02231258754456278,0.9776874124554372
6655,2020-05-10,0.00228237702123979,0.9977176229787602
6656,2020-05-10,0.027612928671929104,0.9723870713280709
6658,2020-05-10,0.011314876172234922,0.9886851238277651
6659,2020-05-10,0.017325915427695016,0.982674084572305
6660,2020-05-10,0.003689699148099357,0.9963103008519006
6661,2020-05-10,0.018168724734966113,0.9818312752650339
6662,2020-05-10,0.004356459296332216,0.9956435407036678
6664,2020-05-10,0.0627618330039389,0.9372381669960611
6665,2020-05-10,0.011150393621067622,0.9888496063789324
6666,2020-05-10,0.022891550108706138,0.9771084498912939
6667,2020-05-10,0.04626840582108949,0.9537315941789105
6668,2020-05-10,0.04667410025028618,0.9533258997497138
6670,2020-05-10,0.00804136541592626,0.9919586345840737
6671,2020-05-10,0.01434353435610014,0.9856564656438999
6672,2020-05-10,0.019159697801766407,0.9808403021982336
6673,2020-05-10,0.010850808950997437,0.9891491910490026
6675,2020-05-10,0.013751961636517707,0.9862480383634823
6677,2020-05-10,0.002117985690431645,0.9978820143095684
6678,2020-05-10,0.011465162545458818,0.9885348374545412
6679,2020-05-10,0.008181924933694074,0.9918180750663059
6680,2020-05-10,0.03718058916091005,0.96281941083909
6681,2020-05-10,0.005436301221973472,0.9945636987780265
6682,2020-05-10,0.00823797057871356,0.9917620294212864
6683,2020-05-10,0.01218337949680326,0.9878166205031967
6684,2020-05-10,0.016253887658963184,0.9837461123410368
6685,2020-05-10,0.02526387970367394,0.9747361202963261
6686,2020-05-10,0.0036039730232956257,0.9963960269767044
6687,2020-05-10,0.02164600679834805,0.978353993201652
6688,2020-05-10,0.016869896906872572,0.9831301030931274
6689,2020-05-10,0.026666978126730134,0.9733330218732699
6690,2020-05-10,0.0023091393865419807,0.997690860613458
6691,2020-05-10,0.011580969020788978,0.988419030979211
6692,2020-05-10,0.013313496905916766,0.9866865030940832
6693,2020-05-10,0.0018253986357428253,0.9981746013642572
6694,2020-05-10,0.003944749865885111,0.9960552501341149
6695,2020-05-10,0.021102238534849715,0.9788977614651503
6696,2020-05-10,0.05309385402244682,0.9469061459775532
6697,2020-05-10,0.011102348138357532,0.9888976518616425
6698,2020-05-10,0.001727252119340883,0.9982727478806591
6699,2020-05-10,0.056474301096260726,0.9435256989037393
6700,2020-05-10,0.006447780871988051,0.993552219128012
6701,2020-05-10,0.003404500480706396,0.9965954995192936
6702,2020-05-10,0.05300907731439242,0.9469909226856076
6703,2020-05-10,0.0095777047062382,0.9904222952937618
6704,2020-05-10,0.015528443690808413,0.9844715563091916
6705,2020-05-10,0.007647678252599044,0.992352321747401
6706,2020-05-10,0.016044310504637727,0.9839556894953623
6707,2020-05-10,0.003495366610571371,0.9965046333894286
6708,2020-05-10,0.05096692646572498,0.949033073534275
6709,2020-05-10,0.005101453556208391,0.9948985464437916
6710,2020-05-10,0.03694518101056343,0.9630548189894366
6711,2020-05-10,0.009491157333506584,0.9905088426664934
6712,2020-05-10,0.040560943411160566,0.9594390565888394
6713,2020-05-10,0.025526475177296892,0.9744735248227031
6714,2020-05-10,0.022127782490510395,0.9778722175094896
6715,2020-05-10,0.011082811807910486,0.9889171881920895
6716,2020-05-10,0.004742400586579265,0.9952575994134207
6717,2020-05-10,0.0056093873083257195,0.9943906126916743
6718,2020-05-10,0.0028398277521490822,0.9971601722478509
6719,2020-05-10,0.02368258112791022,0.9763174188720898
6720,2020-05-10,0.008517474811934433,0.9914825251880656
6721,2020-05-10,0.01976678181059488,0.9802332181894051
6722,2020-05-10,0.005089641121256094,0.9949103588787439
6723,2020-05-10,0.0566215311375301,0.9433784688624699
6724,2020-05-10,0.01360878178164382,0.9863912182183562
6725,2020-05-10,0.01556187141677623,0.9844381285832238
6726,2020-05-10,0.02353695797804467,0.9764630420219553
6727,2020-05-10,0.018265790564421458,0.9817342094355785
6728,2020-05-10,0.04107902174914568,0.9589209782508543
6729,2020-05-10,0.0078101820499406616,0.9921898179500593
6730,2020-05-10,0.04349716637422074,0.9565028336257793
6731,2020-05-10,0.05005242184517922,0.9499475781548208
6732,2020-05-10,0.09494958146523813,0.9050504185347619
6733,2020-05-10,0.024126242272628273,0.9758737577273717
6734,2020-05-10,0.033345338340078357,0.9666546616599216
6735,2020-05-10,0.011657572327877008,0.988342427672123
6736,2020-05-10,0.011051728569749564,0.9889482714302504
6737,2020-05-10,0.009483641940340681,0.9905163580596593
6738,2020-05-10,0.0020931164349042852,0.9979068835650957
6739,2020-05-10,0.0041113730077945165,0.9958886269922055
6740,2020-05-10,0.02749127281299224,0.9725087271870078
6741,2020-05-10,0.0009910112722958386,0.9990089887277042
6742,2020-05-10,0.010721665476198239,0.9892783345238018
6743,2020-05-10,0.007592000398236376,0.9924079996017636
6744,2020-05-10,0.002629411848760199,0.9973705881512398
6745,2020-05-10,0.030920075576747585,0.9690799244232524
6746,2020-05-10,0.009740779788966147,0.9902592202110339
6747,2020-05-10,0.007819817716182453,0.9921801822838175
6748,2020-05-10,0.018166775547612812,0.9818332244523872
6750,2020-05-10,0.03897959090063419,0.9610204090993658
6751,2020-05-10,0.04122601742045784,0.9587739825795422
6752,2020-05-10,0.010076048759950051,0.98992395124005
6753,2020-05-10,0.008309012516238945,0.991690987483761
6754,2020-05-10,0.009899723068626187,0.9901002769313738
6755,2020-05-10,0.003132272537968328,0.9968677274620317
6756,2020-05-10,0.006045373771090823,0.9939546262289092
6757,2020-05-10,0.014565651995588125,0.9854343480044119
6758,2020-05-10,0.00896934324454679,0.9910306567554532
6759,2020-05-10,0.11576590651205265,0.8842340934879473
6760,2020-05-10,0.0045415379854338855,0.9954584620145661
6761,2020-05-10,0.008952291457550166,0.9910477085424498
6762,2020-05-10,0.01129018441018248,0.9887098155898175
6764,2020-05-10,0.001424449240464587,0.9985755507595354
6765,2020-05-10,0.06811163392928421,0.9318883660707158
6766,2020-05-10,0.003570982104489584,0.9964290178955104
6767,2020-05-10,0.0569501228779854,0.9430498771220146
6768,2020-05-10,0.023163744236264883,0.9768362557637351
6770,2020-05-10,0.007175944646275689,0.9928240553537243
6771,2020-05-10,0.01756760459253459,0.9824323954074654
6772,2020-05-10,0.009872771016714132,0.9901272289832859
6773,2020-05-10,0.01683837101516472,0.9831616289848353
6774,2020-05-10,0.010907447026137218,0.9890925529738628
6775,2020-05-10,0.0527826460519879,0.9472173539480121
6776,2020-05-10,0.026080832633221918,0.9739191673667781
6777,2020-05-10,0.01750059187279218,0.9824994081272078
6778,2020-05-10,0.0029844974165629257,0.9970155025834371
6779,2020-05-10,0.009120503580883343,0.9908794964191167
6780,2020-05-10,0.004821316242396345,0.9951786837576037
6781,2020-05-10,0.002658141856338947,0.997341858143661
6782,2020-05-10,0.012913773049573196,0.9870862269504268
6783,2020-05-10,0.056628072919656214,0.9433719270803438
6784,2020-05-10,0.013105019053434863,0.9868949809465651
6785,2020-05-10,0.011687708309061406,0.9883122916909386
6786,2020-05-10,0.036893923982130095,0.9631060760178699
6787,2020-05-10,0.005887541997373402,0.9941124580026266
6788,2020-05-10,0.012629132361579809,0.9873708676384202
6789,2020-05-10,0.03481026716457658,0.9651897328354234
6790,2020-05-10,0.01681107749762145,0.9831889225023785
6791,2020-05-10,0.010379528329379273,0.9896204716706207
6792,2020-05-10,0.017353152277787,0.982646847722213
6793,2020-05-10,0.004539087132496289,0.9954609128675037
6794,2020-05-10,0.01359135260330202,0.986408647396698
6795,2020-05-10,0.008951614948290443,0.9910483850517096
6797,2020-05-10,0.05190630591057088,0.9480936940894291
6798,2020-05-10,0.05297199712913547,0.9470280028708645
6799,2020-05-10,0.009299025714130105,0.9907009742858699
6800,2020-05-10,0.009549444119295147,0.9904505558807049
6801,2020-05-10,0.004628446008848708,0.9953715539911513
6802,2020-05-10,0.0051435193695850145,0.994856480630415
6803,2020-05-10,0.008106503358296546,0.9918934966417035
6805,2020-05-10,0.004480644215775653,0.9955193557842243
6806,2020-05-10,0.010591024830850726,0.9894089751691493
6807,2020-05-10,0.010522424435076227,0.9894775755649238
6808,2020-05-10,0.02095078631717273,0.9790492136828273
6809,2020-05-10,0.0033926588259971524,0.9966073411740028
6810,2020-05-10,0.022020756236084682,0.9779792437639153
6812,2020-05-10,0.023077102228979074,0.9769228977710209
6813,2020-05-10,0.03936536619485398,0.960634633805146
6815,2020-05-10,0.021052470943429102,0.9789475290565709
6816,2020-05-10,0.017851720852004815,0.9821482791479952
6817,2020-05-10,0.017854423868304048,0.982145576131696
6818,2020-05-10,0.009094790107837647,0.9909052098921624
6819,2020-05-10,0.008553249556190856,0.9914467504438091
6820,2020-05-10,0.02598048972231004,0.97401951027769
6821,2020-05-10,0.004029665130860782,0.9959703348691392
6822,2020-05-10,0.008279674167923967,0.991720325832076
6823,2020-05-10,0.05990442323490475,0.9400955767650953
6825,2020-05-10,0.05448416521652577,0.9455158347834742
6826,2020-05-10,0.01052594350492242,0.9894740564950776
6827,2020-05-10,0.0024208397695654194,0.9975791602304346
6828,2020-05-10,0.019747180544602227,0.9802528194553978
6829,2020-05-10,0.012691338677612629,0.9873086613223874
6830,2020-05-10,0.012766700351073967,0.987233299648926
6831,2020-05-10,0.024842794874100682,0.9751572051258993
6832,2020-05-10,0.03958358783520344,0.9604164121647966
6833,2020-05-10,0.018112764133055848,0.9818872358669442
6835,2020-05-10,0.025470068507033816,0.9745299314929662
6836,2020-05-10,0.013164736994850657,0.9868352630051493
6837,2020-05-10,0.006842779712462166,0.9931572202875378
6838,2020-05-10,0.043114142467435834,0.9568858575325642
6839,2020-05-10,0.012265496215869365,0.9877345037841306
6840,2020-05-10,0.003314217704121214,0.9966857822958788
6841,2020-05-10,0.006056377977790461,0.9939436220222095
6842,2020-05-10,0.017026580833065408,0.9829734191669346
6843,2020-05-10,0.017715211924291152,0.9822847880757088
6845,2020-05-10,0.007382450681258423,0.9926175493187416
6846,2020-05-10,0.016804251975419238,0.9831957480245808
6847,2020-05-10,0.03465094829054971,0.9653490517094503
6848,2020-05-10,0.012103398876508464,0.9878966011234915
6849,2020-05-10,0.013391835903788674,0.9866081640962113
6850,2020-05-10,0.012927372668661508,0.9870726273313385
6851,2020-05-10,0.018194994663199182,0.9818050053368008
6852,2020-05-10,0.005904699224235421,0.9940953007757646
6854,2020-05-10,0.007250567326511637,0.9927494326734884
6855,2020-05-10,0.012700865908985226,0.9872991340910148
6856,2020-05-10,0.0070126691788910955,0.9929873308211089
6857,2020-05-10,0.0522562500087439,0.9477437499912561
6858,2020-05-10,0.011574533713246793,0.9884254662867532
6859,2020-05-10,0.028872329388954454,0.9711276706110455
6860,2020-05-10,0.019560455888148143,0.9804395441118519
6861,2020-05-10,0.033026261712834404,0.9669737382871656
6862,2020-05-10,0.05174289241297281,0.9482571075870272
6863,2020-05-10,0.01871550195033156,0.9812844980496684
6864,2020-05-10,0.005276642751683713,0.9947233572483163
6865,2020-05-10,0.009055887448377264,0.9909441125516227
6866,2020-05-10,0.04284720283246557,0.9571527971675344
6867,2020-05-10,0.005420421618471227,0.9945795783815288
6868,2020-05-10,0.010145794292694021,0.989854205707306
6869,2020-05-10,0.006803074923582786,0.9931969250764172
6870,2020-05-10,0.0033518147296880407,0.996648185270312
6871,2020-05-10,0.014535956436717568,0.9854640435632824
6872,2020-05-10,0.003904348750868758,0.9960956512491312
6873,2020-05-10,0.00952534828712559,0.9904746517128744
6875,2020-05-10,0.041514927821945546,0.9584850721780545
6876,2020-05-10,0.03899709275967189,0.9610029072403281
6879,2020-05-10,0.01658587456956684,0.9834141254304332
6880,2020-05-10,0.0030494426910852024,0.9969505573089148
6881,2020-05-10,0.021735449332500267,0.9782645506674997
6883,2020-05-10,0.021487700627501716,0.9785122993724983
6884,2020-05-10,0.005362454287997309,0.9946375457120027
6885,2020-05-10,0.0029824118106127617,0.9970175881893872
6887,2020-05-10,0.041212129897469474,0.9587878701025305
6888,2020-05-10,0.023903152457726118,0.9760968475422739
6889,2020-05-10,0.018544535474804835,0.9814554645251952
6890,2020-05-10,0.03687979736367708,0.9631202026363229
6891,2020-05-10,0.003088260523052111,0.9969117394769479
6892,2020-05-10,0.009774590815262996,0.990225409184737
6893,2020-05-10,0.0120924654813932,0.9879075345186068
6894,2020-05-10,0.12110269015333619,0.8788973098466638
6895,2020-05-10,0.007649089394144326,0.9923509106058557
6896,2020-05-10,0.08794201032914295,0.912057989670857
6897,2020-05-10,0.037777374865393565,0.9622226251346064
6898,2020-05-10,0.011130392686010793,0.9888696073139892
6899,2020-05-10,0.008877372203829448,0.9911226277961706
6900,2020-05-10,0.012967644328909622,0.9870323556710904
6901,2020-05-10,0.01236846354642418,0.9876315364535758
6902,2020-05-10,0.026090471479822686,0.9739095285201773
6903,2020-05-10,0.00600532642033802,0.993994673579662
6904,2020-05-10,0.005409044352275516,0.9945909556477245
6905,2020-05-10,0.025960448944897574,0.9740395510551024
6907,2020-05-10,0.005588369990938147,0.9944116300090619
6908,2020-05-10,0.025642379389309577,0.9743576206106904
6910,2020-05-10,0.008231614191499648,0.9917683858085004
6911,2020-05-10,0.010869201252403426,0.9891307987475966
6912,2020-05-10,0.008674631096641572,0.9913253689033584
6913,2020-05-10,0.027035688731783525,0.9729643112682165
6914,2020-05-10,0.055009053453286993,0.944990946546713
6915,2020-05-10,0.015072474522082713,0.9849275254779173
6916,2020-05-10,0.00880888352749798,0.991191116472502
6917,2020-05-10,0.011042959870367408,0.9889570401296326
6918,2020-05-10,0.038950535774394224,0.9610494642256058
6919,2020-05-10,0.006335719128865547,0.9936642808711345
6920,2020-05-10,0.003942773115318765,0.9960572268846812
6922,2020-05-10,0.03626795409959105,0.963732045900409
6923,2020-05-10,0.017590523386899926,0.9824094766131001
6924,2020-05-10,0.07124859194245248,0.9287514080575475
6925,2020-05-10,0.009489795797484102,0.9905102042025159
6927,2020-05-10,0.004767041951272977,0.995232958048727
6928,2020-05-10,0.0015399584814488332,0.9984600415185512
6929,2020-05-10,0.04124678485264255,0.9587532151473575
6930,2020-05-10,0.02002554724172534,0.9799744527582747
6931,2020-05-10,0.01740861786241843,0.9825913821375816
6932,2020-05-10,0.02624645161730066,0.9737535483826993
6933,2020-05-10,0.059828175193289757,0.9401718248067102
6934,2020-05-10,0.005965230802677635,0.9940347691973224
6935,2020-05-10,0.010733478046052292,0.9892665219539477
6936,2020-05-10,0.00999058939580555,0.9900094106041945
6937,2020-05-10,0.04132176611950622,0.9586782338804938
6938,2020-05-10,0.020731358946817213,0.9792686410531828
6939,2020-05-10,0.024440780491432945,0.975559219508567
6940,2020-05-10,0.08102122262144784,0.9189787773785522
6941,2020-05-10,0.07642261122976779,0.9235773887702322
6942,2020-05-10,0.019004700725117063,0.9809952992748829
6943,2020-05-10,0.012772414339044524,0.9872275856609555
6944,2020-05-10,0.006229067007902156,0.9937709329920978
6945,2020-05-10,0.05126675891207311,0.9487332410879269
6946,2020-05-10,0.004427758325968756,0.9955722416740312
6947,2020-05-10,0.014615136281653118,0.9853848637183469
6948,2020-05-10,0.02348404297263884,0.9765159570273612
6949,2020-05-10,0.01154858968180017,0.9884514103181998
6951,2020-05-10,0.011092192972848247,0.9889078070271518
6952,2020-05-10,0.016156687767295952,0.983843312232704
6953,2020-05-10,0.02975252645633497,0.970247473543665
6954,2020-05-10,0.01234293399247599,0.987657066007524
6955,2020-05-10,0.003391502067983887,0.9966084979320161
6956,2020-05-10,0.003146678038362216,0.9968533219616378
6957,2020-05-10,0.015589920095449572,0.9844100799045504
6958,2020-05-10,0.0031932138048267333,0.9968067861951733
6959,2020-05-10,0.0029997101700681705,0.9970002898299318
6960,2020-05-10,0.03924403829196044,0.9607559617080396
6961,2020-05-10,0.02336313620008179,0.9766368637999182
6963,2020-05-10,0.034523342079591623,0.9654766579204084
6964,2020-05-10,0.002888845302339793,0.9971111546976602
6965,2020-05-10,0.04452003878061073,0.9554799612193893
6966,2020-05-10,0.0199121492046066,0.9800878507953934
6967,2020-05-10,0.018397170448091416,0.9816028295519086
6969,2020-05-10,0.004966473918012859,0.9950335260819871
6970,2020-05-10,0.004431135374210693,0.9955688646257893
6971,2020-05-10,0.037953616607021234,0.9620463833929788
6972,2020-05-10,0.007985374498416187,0.9920146255015838
6973,2020-05-10,0.006586319256272066,0.9934136807437279
6974,2020-05-10,0.007997511819113678,0.9920024881808863
6975,2020-05-10,0.0006936966899565578,0.9993063033100434
6976,2020-05-10,0.007461853034154253,0.9925381469658457
6978,2020-05-10,0.021259428982348227,0.9787405710176518
6979,2020-05-10,0.07256717343058505,0.927432826569415
6980,2020-05-10,0.008541526607810601,0.9914584733921894
6981,2020-05-10,0.03587791166298271,0.9641220883370173
6982,2020-05-10,0.02431533548875242,0.9756846645112476
6983,2020-05-10,0.005276239552798545,0.9947237604472015
6984,2020-05-10,0.07056452653939149,0.9294354734606085
6985,2020-05-10,0.02310756468823638,0.9768924353117636
6986,2020-05-10,0.06058946257968523,0.9394105374203148
6987,2020-05-10,0.009065691350402916,0.9909343086495971
6988,2020-05-10,0.018110507671955767,0.9818894923280442
6989,2020-05-10,0.04636038578081547,0.9536396142191845
6990,2020-05-10,0.014864930015413225,0.9851350699845868
6991,2020-05-10,0.01963592708138584,0.9803640729186142
6992,2020-05-10,0.03579858894455168,0.9642014110554483
6993,2020-05-10,0.004576982824363474,0.9954230171756365
6994,2020-05-10,0.011560169595247416,0.9884398304047526
6995,2020-05-10,0.012993398288253855,0.9870066017117461
6996,2020-05-10,0.02717399608443749,0.9728260039155625
6997,2020-05-10,0.022158826576032187,0.9778411734239678
6999,2020-05-10,0.0538225705024683,0.9461774294975317
7000,2020-05-10,0.01412769599226571,0.9858723040077343
7001,2020-05-10,0.012904957637605019,0.987095042362395
7002,2020-05-10,0.002636059995803519,0.9973639400041965
7003,2020-05-10,0.012983447198734677,0.9870165528012653
7004,2020-05-10,0.008317493397067555,0.9916825066029324
7005,2020-05-10,0.013913169842731166,0.9860868301572688
7008,2020-05-10,0.006295202215022111,0.9937047977849779
7009,2020-05-10,0.018397632934876285,0.9816023670651237
7010,2020-05-10,0.05350110965327559,0.9464988903467244
7012,2020-05-10,0.015691124504870202,0.9843088754951298
7013,2020-05-10,0.009427051174811796,0.9905729488251882
7014,2020-05-10,0.013590691951748668,0.9864093080482513
7016,2020-05-10,0.007661083428096016,0.992338916571904
7017,2020-05-10,0.007684306596490775,0.9923156934035092
7018,2020-05-10,0.02505396610447297,0.974946033895527
7019,2020-05-10,0.015381682658638929,0.9846183173413611
7020,2020-05-10,0.028986766063360037,0.97101323393664
7021,2020-05-10,0.007769616713515504,0.9922303832864845
7022,2020-05-10,0.018934979475694558,0.9810650205243054
7023,2020-05-10,0.0028080225875403153,0.9971919774124597
7024,2020-05-10,0.008082669251876395,0.9919173307481236
7025,2020-05-10,0.013080798957638806,0.9869192010423612
7027,2020-05-10,0.03513371701655499,0.964866282983445
7028,2020-05-10,0.017790606194629244,0.9822093938053708
7029,2020-05-10,0.03735543475503844,0.9626445652449616
7030,2020-05-10,0.007336674888192896,0.9926633251118071
7031,2020-05-10,0.012825899946866004,0.987174100053134
7032,2020-05-10,0.02582950422306607,0.9741704957769339
7033,2020-05-10,0.006041838260274379,0.9939581617397256
7034,2020-05-10,0.03072406822444651,0.9692759317755535
7035,2020-05-10,0.0474043231018082,0.9525956768981918
7036,2020-05-10,0.03245150553811649,0.9675484944618835
7037,2020-05-10,0.05169389897789367,0.9483061010221063
7038,2020-05-10,0.016780653269417467,0.9832193467305825
7039,2020-05-10,0.057840869227415936,0.9421591307725841
7040,2020-05-10,0.04157510587938762,0.9584248941206124
7041,2020-05-10,0.007730865116875707,0.9922691348831243
7043,2020-05-10,0.03584789493360485,0.9641521050663951
7044,2020-05-10,0.0052339773811537205,0.9947660226188463
7045,2020-05-10,0.04680867336676653,0.9531913266332335
7046,2020-05-10,0.023142328876701868,0.9768576711232981
7047,2020-05-10,0.05901481644902973,0.9409851835509703
7048,2020-05-10,0.13980167399265497,0.860198326007345
7049,2020-05-10,0.007573622889395892,0.9924263771106041
7050,2020-05-10,0.01273546953434157,0.9872645304656584
7051,2020-05-10,0.010428986061224998,0.989571013938775
7052,2020-05-10,0.007680674392827935,0.9923193256071721
7053,2020-05-10,0.019127593923512376,0.9808724060764876
7055,2020-05-10,0.010792162606260924,0.9892078373937391
7056,2020-05-10,0.03162861304757014,0.9683713869524299
7057,2020-05-10,0.03906953554028425,0.9609304644597157
7058,2020-05-10,0.036182612873141506,0.9638173871268585
7059,2020-05-10,0.0038901899267235196,0.9961098100732765
7060,2020-05-10,0.0009531190230082087,0.9990468809769918
7062,2020-05-10,0.00891844219286353,0.9910815578071365
7064,2020-05-10,0.03821496475477271,0.9617850352452273
7065,2020-05-10,0.03079937370652952,0.9692006262934705
7066,2020-05-10,0.023492988570996243,0.9765070114290038
7067,2020-05-10,0.04668001478056649,0.9533199852194335
7069,2020-05-10,0.023407137064990646,0.9765928629350094
7070,2020-05-10,0.020323832695189226,0.9796761673048108
7071,2020-05-10,0.010844173943942659,0.9891558260560573
7072,2020-05-10,0.01137508942169918,0.9886249105783008
7073,2020-05-10,0.009947567241729294,0.9900524327582707
7074,2020-05-10,0.02169981576331037,0.9783001842366896
7075,2020-05-10,0.09835123063882079,0.9016487693611792
7076,2020-05-10,0.01780048378058985,0.9821995162194102
7077,2020-05-10,0.0215296166457849,0.9784703833542151
7078,2020-05-10,0.00772408034630645,0.9922759196536935
7079,2020-05-10,0.02832566008093984,0.9716743399190602
7080,2020-05-10,0.05733331537931574,0.9426666846206843
7081,2020-05-10,0.030465315523404368,0.9695346844765956
7082,2020-05-10,0.00809087494654026,0.9919091250534597
7083,2020-05-10,0.018631580413971727,0.9813684195860283
7084,2020-05-10,0.0539629390155314,0.9460370609844686
7085,2020-05-10,0.005022587901933773,0.9949774120980662
7086,2020-05-10,0.002464422172392622,0.9975355778276074
7087,2020-05-10,0.0035579809614212365,0.9964420190385788
7088,2020-05-10,0.008105297704820491,0.9918947022951795
7089,2020-05-10,0.011106949629022589,0.9888930503709774
7090,2020-05-10,0.07061717122764277,0.9293828287723572
7091,2020-05-10,0.021121519168126435,0.9788784808318736
7094,2020-05-10,0.024468786668664144,0.9755312133313359
7095,2020-05-10,0.04073172811924031,0.9592682718807597
7097,2020-05-10,0.017531748300388172,0.9824682516996118
7098,2020-05-10,0.008088167176012129,0.9919118328239879
7099,2020-05-10,0.018238228134401235,0.9817617718655988
7100,2020-05-10,0.011552647635155733,0.9884473523648443
7101,2020-05-10,0.013210083872045697,0.9867899161279543
7102,2020-05-10,0.0038506926290160504,0.996149307370984
7103,2020-05-10,0.025703203925258933,0.9742967960747411
7104,2020-05-10,0.03325142856297214,0.9667485714370279
7105,2020-05-10,0.012619921222117414,0.9873800787778826
7106,2020-05-10,0.005006176525060413,0.9949938234749396
7107,2020-05-10,0.03363861157700143,0.9663613884229986
7109,2020-05-10,0.018452341169315156,0.9815476588306848
7110,2020-05-10,0.029598488255233812,0.9704015117447662
7111,2020-05-10,0.026287730685075172,0.9737122693149248
7112,2020-05-10,0.007419279099574183,0.9925807209004258
7113,2020-05-10,0.006392301599812966,0.993607698400187
7114,2020-05-10,0.005758455084526881,0.9942415449154731
7115,2020-05-10,0.01053111468296064,0.9894688853170394
7116,2020-05-10,0.004592098715597626,0.9954079012844024
7117,2020-05-10,0.010685335387966899,0.9893146646120331
7118,2020-05-10,0.029873721808104214,0.9701262781918958
7119,2020-05-10,0.01905558377512806,0.9809444162248719
7120,2020-05-10,0.0074454793517667595,0.9925545206482332
7121,2020-05-10,0.009573777592120858,0.9904262224078791
7122,2020-05-10,0.03430824142309841,0.9656917585769016
7123,2020-05-10,0.005088859998163775,0.9949111400018362
7124,2020-05-10,0.0029703302102948026,0.9970296697897052
7125,2020-05-10,0.020781136796958588,0.9792188632030414
7126,2020-05-10,0.019861021048081517,0.9801389789519185
7127,2020-05-10,0.00874751933918616,0.9912524806608138
7129,2020-05-10,0.016307795163954086,0.9836922048360459
7130,2020-05-10,0.00682448858516449,0.9931755114148355
7131,2020-05-10,0.0329262866907194,0.9670737133092806
7132,2020-05-10,0.028452892781129835,0.9715471072188702
7133,2020-05-10,0.009607816630625932,0.9903921833693741
7134,2020-05-10,0.04840377955216535,0.9515962204478347
7135,2020-05-10,0.005037897464588936,0.9949621025354111
7136,2020-05-10,0.09180777633945925,0.9081922236605408
7137,2020-05-10,0.020304666190261056,0.9796953338097389
7138,2020-05-10,0.015703701723732144,0.9842962982762679
7139,2020-05-10,0.036161013712061485,0.9638389862879385
7140,2020-05-10,0.004388642202047044,0.995611357797953
7141,2020-05-10,0.08897440206016904,0.911025597939831
7142,2020-05-10,0.006446930285459063,0.9935530697145409
7144,2020-05-10,0.02619656021221628,0.9738034397877837
7145,2020-05-10,0.012483253035191932,0.9875167469648081
7146,2020-05-10,0.004415503686620692,0.9955844963133793
7147,2020-05-10,0.004840806656925323,0.9951591933430747
7148,2020-05-10,0.0014600805354552104,0.9985399194645448
7149,2020-05-10,0.016328460584220883,0.9836715394157791
7150,2020-05-10,0.0040067638681691164,0.9959932361318309
7151,2020-05-10,0.0025678640662134544,0.9974321359337865
7152,2020-05-10,0.01951654480555809,0.9804834551944419
7153,2020-05-10,0.01271505332069145,0.9872849466793086
7154,2020-05-10,0.012050007989728218,0.9879499920102718
7155,2020-05-10,0.046429866555312005,0.953570133444688
7156,2020-05-10,0.0368236182895012,0.9631763817104988
7157,2020-05-10,0.019879578670077613,0.9801204213299224
7158,2020-05-10,0.019370056793380108,0.9806299432066199
7159,2020-05-10,0.005839609495713605,0.9941603905042864
7160,2020-05-10,0.013104607540830093,0.9868953924591699
7161,2020-05-10,0.018600739483843665,0.9813992605161563
7162,2020-05-10,0.0029677645912347117,0.9970322354087653
7163,2020-05-10,0.006853172984457312,0.9931468270155427
7164,2020-05-10,0.0036180278596247284,0.9963819721403753
7165,2020-05-10,0.024133776282685315,0.9758662237173147
7166,2020-05-10,0.0166565166160485,0.9833434833839515
7167,2020-05-10,0.018741565212470834,0.9812584347875292
7168,2020-05-10,0.019525365537426898,0.9804746344625731
7169,2020-05-10,0.04125191198590361,0.9587480880140964
7170,2020-05-10,0.04876880205351697,0.951231197946483
7171,2020-05-10,0.013937808481548242,0.9860621915184518
7172,2020-05-10,0.008442575150020781,0.9915574248499792
7173,2020-05-10,0.008641816224894128,0.9913581837751059
7174,2020-05-10,0.028909159968131592,0.9710908400318684
7175,2020-05-10,0.036428002250272096,0.9635719977497279
7176,2020-05-10,0.037652035865692435,0.9623479641343076
7177,2020-05-10,0.06080571715892591,0.9391942828410741
7178,2020-05-10,0.014370649855959594,0.9856293501440404
7179,2020-05-10,0.020516355269030506,0.9794836447309695
7180,2020-05-10,0.010378976604101697,0.9896210233958983
7181,2020-05-10,0.002123571860461193,0.9978764281395388
7182,2020-05-10,0.03629717767790397,0.963702822322096
7183,2020-05-10,0.026045794595805805,0.9739542054041942
7184,2020-05-10,0.0050362772916509035,0.9949637227083491
7185,2020-05-10,0.0076916410882564845,0.9923083589117435
7186,2020-05-10,0.047736387933237534,0.9522636120667625
7188,2020-05-10,0.009982394305606213,0.9900176056943938
7189,2020-05-10,0.005259531201618262,0.9947404687983817
7190,2020-05-10,0.009005305668418506,0.9909946943315815
7191,2020-05-10,0.05952117989516936,0.9404788201048306
7192,2020-05-10,0.012405988806058366,0.9875940111939416
7193,2020-05-10,0.0029859532771083774,0.9970140467228916
7194,2020-05-10,0.029192460903271766,0.9708075390967282
7196,2020-05-10,0.008432786696419003,0.991567213303581
7197,2020-05-10,0.006668069795532028,0.993331930204468
7199,2020-05-10,0.02084400804874642,0.9791559919512536
7200,2020-05-10,0.008654263944053886,0.9913457360559461
7201,2020-05-10,0.08418401538974629,0.9158159846102537
7202,2020-05-10,0.024034841232190685,0.9759651587678093
7203,2020-05-10,0.01759633465861632,0.9824036653413837
7204,2020-05-10,0.024147047172488834,0.9758529528275112
7205,2020-05-10,0.013544512748024373,0.9864554872519756
7206,2020-05-10,0.005792195561152624,0.9942078044388474
7207,2020-05-10,0.022208686098975527,0.9777913139010245
7208,2020-05-10,0.06694549688524087,0.9330545031147591
7209,2020-05-10,0.024313692700861256,0.9756863072991387
7210,2020-05-10,0.0029420103544300913,0.9970579896455699
7211,2020-05-10,0.02090203780235589,0.9790979621976441
7213,2020-05-10,0.02388551279419393,0.9761144872058061
7214,2020-05-10,0.00458290654471516,0.9954170934552848
7215,2020-05-10,0.013582814360028062,0.9864171856399719
7216,2020-05-10,0.0030786229600086035,0.9969213770399914
7217,2020-05-10,0.015145676922343476,0.9848543230776565
7218,2020-05-10,0.013584528286000763,0.9864154717139992
7219,2020-05-10,0.03969812762633462,0.9603018723736654
7221,2020-05-10,0.011242886970243782,0.9887571130297562
7222,2020-05-10,0.045664548305718866,0.9543354516942811
7224,2020-05-10,0.038725174496314074,0.9612748255036859
7225,2020-05-10,0.017482993957073978,0.982517006042926
7227,2020-05-10,0.06481964500177229,0.9351803549982277
7228,2020-05-10,0.024935126669598295,0.9750648733304017
7229,2020-05-10,0.005790584412979305,0.9942094155870207
7232,2020-05-10,0.009553919965543889,0.9904460800344561
7233,2020-05-10,0.017900215424298982,0.982099784575701
7234,2020-05-10,0.007834289900506497,0.9921657100994935
7235,2020-05-10,0.011393301609377238,0.9886066983906228
7236,2020-05-10,0.03408804316572389,0.9659119568342761
7237,2020-05-10,0.015814745570640998,0.984185254429359
7238,2020-05-10,0.051540604968812964,0.948459395031187
7239,2020-05-10,0.01700271129201214,0.9829972887079879
7240,2020-05-10,0.008314884365921205,0.9916851156340788
7241,2020-05-10,0.00802771238222777,0.9919722876177722
7242,2020-05-10,0.011623126181131926,0.9883768738188681
7243,2020-05-10,0.016330099668747322,0.9836699003312527
7244,2020-05-10,0.010287843830026344,0.9897121561699737
7245,2020-05-10,0.02262921289411024,0.9773707871058898
7246,2020-05-10,0.08818252960590844,0.9118174703940916
7247,2020-05-10,0.00913480355627172,0.9908651964437283
7248,2020-05-10,0.01674891163430603,0.983251088365694
7250,2020-05-10,0.014427292457980245,0.9855727075420198
7251,2020-05-10,0.009657833148056905,0.9903421668519431
7253,2020-05-10,0.01681907784316994,0.9831809221568301
7254,2020-05-10,0.007096483354661731,0.9929035166453383
7256,2020-05-10,0.008770670234300448,0.9912293297656996
7258,2020-05-10,0.04348211968658022,0.9565178803134198
7259,2020-05-10,0.008087276541672517,0.9919127234583275
7260,2020-05-10,0.008370052732036615,0.9916299472679634
7262,2020-05-10,0.005621806641829319,0.9943781933581707
7263,2020-05-10,0.0039024908171634287,0.9960975091828366
7264,2020-05-10,0.010566939845243928,0.9894330601547561
7265,2020-05-10,0.00350643924469618,0.9964935607553038
7267,2020-05-10,0.008677728213472236,0.9913222717865278
7268,2020-05-10,0.05229588060423329,0.9477041193957667
7269,2020-05-10,0.029424180694893165,0.9705758193051068
7270,2020-05-10,0.007810024952318861,0.9921899750476811
7271,2020-05-10,0.018583466728048226,0.9814165332719518
7272,2020-05-10,0.028176554324130132,0.9718234456758699
7273,2020-05-10,0.016819716020096576,0.9831802839799034
7274,2020-05-10,0.021948157392414402,0.9780518426075856
7275,2020-05-10,0.0009461739888019238,0.9990538260111981
7276,2020-05-10,0.004975217245933972,0.995024782754066
7277,2020-05-10,0.025979247775430148,0.9740207522245699
7278,2020-05-10,0.01399110925220437,0.9860088907477956
7279,2020-05-10,0.057254394280127685,0.9427456057198723
7280,2020-05-10,0.012720234707938372,0.9872797652920616
7281,2020-05-10,0.01418108174381627,0.9858189182561837
7282,2020-05-10,0.061012679645360945,0.938987320354639
7283,2020-05-10,0.009117198379701708,0.9908828016202983
7286,2020-05-10,0.028618320321076918,0.9713816796789231
7287,2020-05-10,0.02543732676555499,0.974562673234445
7288,2020-05-10,0.011245651183082295,0.9887543488169177
7289,2020-05-10,0.010932183261884498,0.9890678167381155
7290,2020-05-10,0.025524698822053882,0.9744753011779461
7291,2020-05-10,0.016242443038546495,0.9837575569614535
7293,2020-05-10,0.0014973384969513281,0.9985026615030487
7294,2020-05-10,0.00882906388676652,0.9911709361132335
7296,2020-05-10,0.003638214300907272,0.9963617856990927
7297,2020-05-10,0.007467803193020428,0.9925321968069796
7298,2020-05-10,0.016320523263425146,0.9836794767365749
7299,2020-05-10,0.0018370815982943212,0.9981629184017057
7302,2020-05-10,0.07220797179092175,0.9277920282090782
7303,2020-05-10,0.018569005774131675,0.9814309942258683
7304,2020-05-10,0.012779637396255317,0.9872203626037447
7305,2020-05-10,0.005867311766419636,0.9941326882335804
7306,2020-05-10,0.039528684424745775,0.9604713155752542
7307,2020-05-10,0.00393672553468194,0.9960632744653181
7308,2020-05-10,0.0384269208700343,0.9615730791299657
7310,2020-05-10,0.0011310810555026363,0.9988689189444974
7312,2020-05-10,0.014373261600174048,0.985626738399826
7313,2020-05-10,0.0032084584870830657,0.9967915415129169
7314,2020-05-10,0.010890054563706286,0.9891099454362937
7315,2020-05-10,0.003395120838047161,0.9966048791619528
7316,2020-05-10,0.009870089037643748,0.9901299109623563
7317,2020-05-10,0.020765590862192762,0.9792344091378072
7318,2020-05-10,0.013899739972457525,0.9861002600275425
7319,2020-05-10,0.01489672056629221,0.9851032794337078
7320,2020-05-10,0.05224594778003666,0.9477540522199633
7322,2020-05-10,0.021237880571392198,0.9787621194286078
7323,2020-05-10,0.03165070340365361,0.9683492965963464
7324,2020-05-10,0.008152348381668895,0.9918476516183311
7325,2020-05-10,0.021706243532499614,0.9782937564675004
7326,2020-05-10,0.015939558306952928,0.9840604416930471
7327,2020-05-10,0.018929471529751773,0.9810705284702482
7328,2020-05-10,0.06873381570563564,0.9312661842943644
7329,2020-05-10,0.013454175249929645,0.9865458247500704
7330,2020-05-10,0.018061178320963323,0.9819388216790367
7331,2020-05-10,0.010661200143408656,0.9893387998565913
7332,2020-05-10,0.04712382009643168,0.9528761799035683
7333,2020-05-10,0.011237155922677489,0.9887628440773225
7334,2020-05-10,0.002384123403623706,0.9976158765963763
7335,2020-05-10,0.01563885653536523,0.9843611434646348
7336,2020-05-10,0.021587087029062202,0.9784129129709378
7337,2020-05-10,0.013150154380699997,0.9868498456193
7338,2020-05-10,0.012785514377105955,0.987214485622894
7339,2020-05-10,0.003095225449015082,0.9969047745509849
7341,2020-05-10,0.05106949359167412,0.9489305064083259
7343,2020-05-10,0.017262484230242237,0.9827375157697578
7344,2020-05-10,0.005204391940128672,0.9947956080598713
7345,2020-05-10,0.0084980315038784,0.9915019684961216
7346,2020-05-10,0.051801746724746356,0.9481982532752536
7347,2020-05-10,0.013433576038772821,0.9865664239612272
7348,2020-05-10,0.012888769959324087,0.9871112300406759
7349,2020-05-10,0.027836929381011677,0.9721630706189883
7350,2020-05-10,0.06519783270390911,0.9348021672960909
7352,2020-05-10,0.03185000442464048,0.9681499955753595
7353,2020-05-10,0.0036154084449636636,0.9963845915550363
7354,2020-05-10,0.005885748082007369,0.9941142519179926
7355,2020-05-10,0.029588469463345035,0.970411530536655
7356,2020-05-10,0.0051535988731242766,0.9948464011268757
7358,2020-05-10,0.0153867273676771,0.9846132726323229
7359,2020-05-10,0.04563441891120612,0.9543655810887939
7360,2020-05-10,0.003548834797199918,0.9964511652028001
7361,2020-05-10,0.012409817345423568,0.9875901826545764
7362,2020-05-10,0.008005009141317743,0.9919949908586823
7363,2020-05-10,0.006090319647454323,0.9939096803525457
7364,2020-05-10,0.01607718003245029,0.9839228199675497
7367,2020-05-10,0.0962646315863549,0.9037353684136451
7368,2020-05-10,0.008107878748884079,0.9918921212511159
7369,2020-05-10,0.14253605203357933,0.8574639479664207
7370,2020-05-10,0.0025350993668068478,0.9974649006331932
7371,2020-05-10,0.010160059972788904,0.9898399400272111
7373,2020-05-10,0.008086288755597026,0.991913711244403
7374,2020-05-10,0.014736052875500949,0.985263947124499
7375,2020-05-10,0.055804407644226006,0.944195592355774
7376,2020-05-10,0.04026377797227765,0.9597362220277224
7377,2020-05-10,0.047167682204716566,0.9528323177952834
7378,2020-05-10,0.006626822643092667,0.9933731773569073
7380,2020-05-10,0.012118722609750887,0.9878812773902491
7381,2020-05-10,0.0052188620561460786,0.9947811379438539
7383,2020-05-10,0.008568839737308265,0.9914311602626917
7384,2020-05-10,0.03853826794577697,0.961461732054223
7386,2020-05-10,0.008208313763643726,0.9917916862363563
7387,2020-05-10,0.022112834790991798,0.9778871652090082
7390,2020-05-10,0.002911548761013516,0.9970884512389865
7391,2020-05-10,0.020437610416269347,0.9795623895837307
7392,2020-05-10,0.011285276951553125,0.9887147230484469
7394,2020-05-10,0.004957999472132157,0.9950420005278678
7395,2020-05-10,0.025280560905811655,0.9747194390941883
7396,2020-05-10,0.05600349134392124,0.9439965086560788
7397,2020-05-10,0.025224680001116884,0.9747753199988831
7399,2020-05-10,0.007121138665269533,0.9928788613347305
7400,2020-05-10,0.005774249122960651,0.9942257508770393
7401,2020-05-10,0.0026190961114277433,0.9973809038885723
7403,2020-05-10,0.009033973833952103,0.9909660261660479
7404,2020-05-10,0.00341135111608315,0.9965886488839168
7405,2020-05-10,0.009381950141184037,0.990618049858816
7406,2020-05-10,0.005091911657999937,0.9949080883420001
7407,2020-05-10,0.010002460671477809,0.9899975393285222
7408,2020-05-10,0.019092656928834106,0.9809073430711659
7409,2020-05-10,0.002318151125549117,0.9976818488744509
7410,2020-05-10,0.004663990158753517,0.9953360098412465
7411,2020-05-10,0.010083511573828918,0.9899164884261711
7413,2020-05-10,0.011680716998641705,0.9883192830013583
7414,2020-05-10,0.016767135957724832,0.9832328640422752
7415,2020-05-10,0.013896538933915292,0.9861034610660847
7416,2020-05-10,0.004556856161841316,0.9954431438381587
7417,2020-05-10,0.004649990763622824,0.9953500092363772
7418,2020-05-10,0.009159033362115099,0.9908409666378849
7419,2020-05-10,0.0244694848639474,0.9755305151360526
7421,2020-05-10,0.009563982165825102,0.9904360178341749
7422,2020-05-10,0.009464830009263014,0.990535169990737
7424,2020-05-10,0.020914251623275537,0.9790857483767245
7425,2020-05-10,0.04327714808025329,0.9567228519197467
7426,2020-05-10,0.0057853458095652455,0.9942146541904348
7427,2020-05-10,0.02151298490025677,0.9784870150997432
7429,2020-05-10,0.0967787056606596,0.9032212943393404
7430,2020-05-10,0.010753250982674212,0.9892467490173258
7431,2020-05-10,0.0850222751341081,0.9149777248658919
7432,2020-05-10,0.05553734760438356,0.9444626523956164
7434,2020-05-10,0.024479805318153636,0.9755201946818464
7435,2020-05-10,0.007897730503051092,0.9921022694969489
7436,2020-05-10,0.01320854268795768,0.9867914573120423
7437,2020-05-10,0.04258784278387151,0.9574121572161285
7438,2020-05-10,0.010323659242024386,0.9896763407579756
7440,2020-05-10,0.02277846820941698,0.977221531790583
7441,2020-05-10,0.05832049665564798,0.941679503344352
7442,2020-05-10,0.07466811237588888,0.9253318876241111
7443,2020-05-10,0.00428783564231372,0.9957121643576863
7444,2020-05-10,0.012286604190212769,0.9877133958097872
7445,2020-05-10,0.006515798591986921,0.9934842014080131
7446,2020-05-10,0.029482557659686992,0.970517442340313
7447,2020-05-10,0.023645593571124612,0.9763544064288754
7448,2020-05-10,0.027481526811634516,0.9725184731883655
7449,2020-05-10,0.05522748360813268,0.9447725163918673
7450,2020-05-10,0.015507251862301619,0.9844927481376984
7451,2020-05-10,0.07407782346565561,0.9259221765343444
7452,2020-05-10,0.004101804358500716,0.9958981956414993
7453,2020-05-10,0.0030884515335424245,0.9969115484664576
7454,2020-05-10,0.10876734795524523,0.8912326520447548
7455,2020-05-10,0.00406604681981404,0.995933953180186
7456,2020-05-10,0.010502749783500187,0.9894972502164998
7457,2020-05-10,0.05357246121604231,0.9464275387839577
7458,2020-05-10,0.009054316809412488,0.9909456831905875
7459,2020-05-10,0.0017796815578066116,0.9982203184421934
7460,2020-05-10,0.0212629336980924,0.9787370663019076
7461,2020-05-10,0.01897846245886292,0.9810215375411371
7462,2020-05-10,0.0203488449646525,0.9796511550353475
7463,2020-05-10,0.019829201667837415,0.9801707983321626
7464,2020-05-10,0.008380058273298574,0.9916199417267014
7465,2020-05-10,0.002787557011046604,0.9972124429889534
7466,2020-05-10,0.010528787137791484,0.9894712128622085
7467,2020-05-10,0.025798411800408982,0.974201588199591
7468,2020-05-10,0.0482728358547041,0.9517271641452959
7470,2020-05-10,0.01085302723810777,0.9891469727618922
7471,2020-05-10,0.0047125312804904285,0.9952874687195096
7472,2020-05-10,0.01302935570054875,0.9869706442994512
7473,2020-05-10,0.018350733720789658,0.9816492662792103
7474,2020-05-10,0.006483306755629248,0.9935166932443708
7475,2020-05-10,0.02325011052798609,0.9767498894720139
7476,2020-05-10,0.04126231146302772,0.9587376885369723
7477,2020-05-10,0.02075950591825515,0.9792404940817448
7478,2020-05-10,0.0471029925853077,0.9528970074146923
7479,2020-05-10,0.007147870334016759,0.9928521296659832
7480,2020-05-10,0.06022676394209259,0.9397732360579074
7481,2020-05-10,0.03426241825554521,0.9657375817444548
7482,2020-05-10,0.0377730003355613,0.9622269996644387
7483,2020-05-10,0.006548358827669465,0.9934516411723305
7484,2020-05-10,0.008651578856412323,0.9913484211435877
7485,2020-05-10,0.006643813593659953,0.99335618640634
7486,2020-05-10,0.007765513117254597,0.9922344868827454
7487,2020-05-10,0.003700997935967121,0.9962990020640329
7488,2020-05-10,0.03314109996264103,0.966858900037359
7489,2020-05-10,0.0012303260465588162,0.9987696739534412
7490,2020-05-10,0.0007380799700493768,0.9992619200299506
7492,2020-05-10,0.011764384237755388,0.9882356157622446
7493,2020-05-10,0.05966348710321423,0.9403365128967858
7494,2020-05-10,0.05568726975864513,0.9443127302413549
7495,2020-05-10,0.012208765983920289,0.9877912340160797
7496,2020-05-10,0.004495826148924409,0.9955041738510756
7497,2020-05-10,0.01626968480911062,0.9837303151908894
7498,2020-05-10,0.17780562460747518,0.8221943753925248
7499,2020-05-10,0.009137307506072334,0.9908626924939277
7500,2020-05-10,0.04664633242363869,0.9533536675763613
7501,2020-05-10,0.0847248909431445,0.9152751090568555
7502,2020-05-10,0.026714863856631688,0.9732851361433683
7503,2020-05-10,0.0027184841512810642,0.9972815158487189
7504,2020-05-10,0.0079682887404805,0.9920317112595195
7505,2020-05-10,0.017320010747837955,0.982679989252162
7506,2020-05-10,0.023310615626917275,0.9766893843730827
7507,2020-05-10,0.012327040166241865,0.9876729598337581
7508,2020-05-10,0.010233914793850718,0.9897660852061493
7510,2020-05-10,0.0020623359106103356,0.9979376640893897
7513,2020-05-10,0.003916436978682047,0.996083563021318
7515,2020-05-10,0.008921125121670648,0.9910788748783294
7516,2020-05-10,0.03247850467498359,0.9675214953250164
7518,2020-05-10,0.01915683532039192,0.9808431646796081
7519,2020-05-10,0.01670597728438894,0.9832940227156111
7520,2020-05-10,0.04119543934092473,0.9588045606590753
7522,2020-05-10,0.03556079131473433,0.9644392086852657
7523,2020-05-10,0.0053075815594179065,0.9946924184405821
7524,2020-05-10,0.025712780356112908,0.9742872196438871
7525,2020-05-10,0.01908705275282374,0.9809129472471763
7526,2020-05-10,0.032496281315012476,0.9675037186849875
7528,2020-05-10,0.02313249932670991,0.9768675006732901
7529,2020-05-10,0.0032173011853242617,0.9967826988146757
7530,2020-05-10,0.019617161461340404,0.9803828385386596
7531,2020-05-10,0.0014103048821236808,0.9985896951178763
7532,2020-05-10,0.023349221487741767,0.9766507785122582
7534,2020-05-10,0.013512917901113641,0.9864870820988864
7536,2020-05-10,0.0019770310559894533,0.9980229689440105
7537,2020-05-10,0.014607930645205935,0.9853920693547941
7539,2020-05-10,0.01794640789518298,0.982053592104817
7540,2020-05-10,0.010663856767064384,0.9893361432329356
7541,2020-05-10,0.004172188430417556,0.9958278115695824
7543,2020-05-10,0.002254812261560324,0.9977451877384397
7545,2020-05-10,0.027417123274816158,0.9725828767251838
7546,2020-05-10,0.013947979729695192,0.9860520202703048
7547,2020-05-10,0.001865182285762601,0.9981348177142374
7548,2020-05-10,0.006205025838106226,0.9937949741618938
7549,2020-05-10,0.010810388061548437,0.9891896119384516
7550,2020-05-10,0.024950884053536404,0.9750491159464636
7551,2020-05-10,0.007433662004923347,0.9925663379950767
7552,2020-05-10,0.011590291474592118,0.9884097085254079
7553,2020-05-10,0.059490879679498954,0.940509120320501
7554,2020-05-10,0.032663557098809526,0.9673364429011905
7555,2020-05-10,0.004762752888095689,0.9952372471119043
7556,2020-05-10,0.04524524978455424,0.9547547502154458
7557,2020-05-10,0.010021896343985204,0.9899781036560148
7558,2020-05-10,0.010002734871507046,0.989997265128493
7559,2020-05-10,0.023008948582039723,0.9769910514179603
7560,2020-05-10,0.003439191812046105,0.9965608081879539
7561,2020-05-10,0.01003915967486857,0.9899608403251314
7562,2020-05-10,0.0132839667747775,0.9867160332252225
7563,2020-05-10,0.0051467423432428605,0.9948532576567571
7564,2020-05-10,0.027917452698245304,0.9720825473017547
7565,2020-05-10,0.003149098630406577,0.9968509013695934
7566,2020-05-10,0.0225634930840799,0.9774365069159201
7567,2020-05-10,0.014830108291554178,0.9851698917084458
7568,2020-05-10,0.03476371520767474,0.9652362847923253
7569,2020-05-10,0.05878716925415017,0.9412128307458498
7570,2020-05-10,0.02765786182467156,0.9723421381753284
7571,2020-05-10,0.009980033807174937,0.9900199661928251
7572,2020-05-10,0.032788167160509474,0.9672118328394905
7573,2020-05-10,0.01444235364941171,0.9855576463505883
7575,2020-05-10,0.013211647950382432,0.9867883520496176
7576,2020-05-10,0.0027556592378793487,0.9972443407621207
7577,2020-05-10,0.0032609570638592045,0.9967390429361408
7578,2020-05-10,0.029289589036254338,0.9707104109637457
7579,2020-05-10,0.03916138595271712,0.9608386140472829
7580,2020-05-10,0.05178948064816957,0.9482105193518304
7581,2020-05-10,0.0094724459446206,0.9905275540553794
7583,2020-05-10,0.004852292860111573,0.9951477071398884
7584,2020-05-10,0.007738149396778526,0.9922618506032215
7585,2020-05-10,0.007979536661446018,0.992020463338554
7586,2020-05-10,0.0606132235926089,0.9393867764073911
7587,2020-05-10,0.021304462662905976,0.978695537337094
7588,2020-05-10,0.013073452275132125,0.9869265477248679
7589,2020-05-10,0.03898270417929339,0.9610172958207066
7590,2020-05-10,0.02496890695978682,0.9750310930402132
7591,2020-05-10,0.03565870697407214,0.9643412930259279
7592,2020-05-10,0.004863613072277562,0.9951363869277224
7593,2020-05-10,0.0017413636765452045,0.9982586363234548
7594,2020-05-10,0.02342185904360561,0.9765781409563944
7595,2020-05-10,0.030929957615839165,0.9690700423841608
7596,2020-05-10,0.059054218764430066,0.9409457812355699
7597,2020-05-10,0.00861795121796749,0.9913820487820325
7598,2020-05-10,0.005841151825082713,0.9941588481749173
7599,2020-05-10,0.026046769349773125,0.9739532306502269
7600,2020-05-10,0.010172123610096895,0.9898278763899031
7601,2020-05-10,0.011235379201519957,0.98876462079848
7602,2020-05-10,0.051860714359427296,0.9481392856405727
7603,2020-05-10,0.005354781266593056,0.9946452187334069
7604,2020-05-10,0.009754062342437142,0.9902459376575629
7605,2020-05-10,0.022284086207605913,0.9777159137923941
7606,2020-05-10,0.04617836943928311,0.9538216305607169
7607,2020-05-10,0.005601546743680186,0.9943984532563198
7609,2020-05-10,0.04521468084108837,0.9547853191589116
7610,2020-05-10,0.0039102848363183895,0.9960897151636816
7611,2020-05-10,0.00764017129910366,0.9923598287008963
7612,2020-05-10,0.009688868521193772,0.9903111314788062
7613,2020-05-10,0.0497512405195486,0.9502487594804514
7614,2020-05-10,0.012439998182165013,0.987560001817835
7615,2020-05-10,0.010713434969543911,0.9892865650304561
7616,2020-05-10,0.004583545051128235,0.9954164549488718
7617,2020-05-10,0.008938981543397007,0.991061018456603
7618,2020-05-10,0.008290425215361275,0.9917095747846387
7621,2020-05-10,0.008469883533677725,0.9915301164663223
7622,2020-05-10,0.008150267799827193,0.9918497322001728
7623,2020-05-10,0.054805806653099975,0.9451941933469
7624,2020-05-10,0.03456782471171904,0.965432175288281
7625,2020-05-10,0.04923091038861338,0.9507690896113866
7626,2020-05-10,0.007989610503424727,0.9920103894965753
7627,2020-05-10,0.013535876802609259,0.9864641231973907
7628,2020-05-10,0.03981864481750086,0.9601813551824991
7629,2020-05-10,0.0034191897564899154,0.9965808102435101
7630,2020-05-10,0.02706092329927412,0.9729390767007259
7631,2020-05-10,0.013720130327910196,0.9862798696720898
7632,2020-05-10,0.017553330941908918,0.9824466690580911
7633,2020-05-10,0.007626144723413386,0.9923738552765866
7634,2020-05-10,0.017708727750308073,0.9822912722496919
7635,2020-05-10,0.01664293496009628,0.9833570650399037
7636,2020-05-10,0.030297353246336756,0.9697026467536632
7637,2020-05-10,0.015095382029279514,0.9849046179707205
7638,2020-05-10,0.006726237518412503,0.9932737624815875
7639,2020-05-10,0.04284901089117976,0.9571509891088202
7640,2020-05-10,0.014881020794756394,0.9851189792052436
7641,2020-05-10,0.015970759253489897,0.9840292407465101
7642,2020-05-10,0.04817934574331573,0.9518206542566843
7643,2020-05-10,0.010651692379398336,0.9893483076206017
7644,2020-05-10,0.0024124734321557817,0.9975875265678442
7645,2020-05-10,0.01693901350862581,0.9830609864913742
7646,2020-05-10,0.015739187306038405,0.9842608126939616
7648,2020-05-10,0.017536276401416973,0.982463723598583
7649,2020-05-10,0.007849151623940176,0.9921508483760598
7650,2020-05-10,0.006646502726927017,0.993353497273073
7652,2020-05-10,0.008934338306007095,0.9910656616939929
7653,2020-05-10,0.023194461994900495,0.9768055380050995
7654,2020-05-10,0.0030498498511563055,0.9969501501488437
7655,2020-05-10,0.01983876026692777,0.9801612397330722
7656,2020-05-10,0.012123144434828648,0.9878768555651714
7657,2020-05-10,0.05035603810876055,0.9496439618912395
7661,2020-05-10,0.007723921669138378,0.9922760783308616
7663,2020-05-10,0.03263004968314798,0.967369950316852
7664,2020-05-10,0.014208248524016143,0.9857917514759839
7665,2020-05-10,0.008453921918151974,0.991546078081848
7666,2020-05-10,0.010738636298881832,0.9892613637011182
7667,2020-05-10,0.0052794417037768104,0.9947205582962232
7668,2020-05-10,0.017340503491151904,0.9826594965088481
7669,2020-05-10,0.022912569545394446,0.9770874304546056
7670,2020-05-10,0.014520349742088157,0.9854796502579118
7671,2020-05-10,0.0009248305291407188,0.9990751694708593
7672,2020-05-10,0.029093066558878444,0.9709069334411216
7673,2020-05-10,0.013637843346523182,0.9863621566534768
7674,2020-05-10,0.007578689454632692,0.9924213105453673
7676,2020-05-10,0.017286764368694363,0.9827132356313056
7677,2020-05-10,0.018766338695325624,0.9812336613046744
7678,2020-05-10,0.02441715904166175,0.9755828409583382
7679,2020-05-10,0.023902880377232427,0.9760971196227676
7680,2020-05-10,0.015703424022874057,0.9842965759771259
7681,2020-05-10,0.10368293127989192,0.8963170687201081
7682,2020-05-10,0.007016424380919761,0.9929835756190802
7683,2020-05-10,0.004756700806496816,0.9952432991935032
7685,2020-05-10,0.012984369464372092,0.9870156305356279
7686,2020-05-10,0.0005090338614811563,0.9994909661385188
7688,2020-05-10,0.058619101597911616,0.9413808984020884
7692,2020-05-10,0.0020324772866771035,0.9979675227133229
7694,2020-05-10,0.018259632606911325,0.9817403673930887
7695,2020-05-10,0.029201716529028254,0.9707982834709717
7696,2020-05-10,0.0031495319493700658,0.9968504680506299
7697,2020-05-10,0.04694376018975366,0.9530562398102463
7698,2020-05-10,0.022599559928825785,0.9774004400711742
7699,2020-05-10,0.019156075471124745,0.9808439245288753
7700,2020-05-10,0.011597299102420355,0.9884027008975796
7701,2020-05-10,0.03175443612737405,0.968245563872626
7702,2020-05-10,0.010576209502239697,0.9894237904977603
7703,2020-05-10,0.016979037598751634,0.9830209624012484
7704,2020-05-10,0.01841678359958998,0.98158321640041
7706,2020-05-10,0.0024565780276762927,0.9975434219723237
7707,2020-05-10,0.007391399129872966,0.992608600870127
7708,2020-05-10,0.012514284807916054,0.987485715192084
7709,2020-05-10,0.04207045873746096,0.957929541262539
7710,2020-05-10,0.0321795140165656,0.9678204859834344
7711,2020-05-10,0.04381530582094073,0.9561846941790593
7712,2020-05-10,0.02489229186712938,0.9751077081328706
7713,2020-05-10,0.008317167786128565,0.9916828322138714
7714,2020-05-10,0.0067932110418292835,0.9932067889581707
7715,2020-05-10,0.0019985927785365343,0.9980014072214635
7716,2020-05-10,0.0074376452564918205,0.9925623547435082
7717,2020-05-10,0.04673418884844582,0.9532658111515542
7718,2020-05-10,0.012446023124859318,0.9875539768751407
7719,2020-05-10,0.009716535093109213,0.9902834649068908
7720,2020-05-10,0.015085375245335153,0.9849146247546648
7721,2020-05-10,0.002892721554777933,0.9971072784452221
7722,2020-05-10,0.011860454974661483,0.9881395450253385
7723,2020-05-10,0.008416048880599658,0.9915839511194003
7724,2020-05-10,0.013671979822098557,0.9863280201779014
7725,2020-05-10,0.0770294096819647,0.9229705903180353
7727,2020-05-10,0.050943555292124354,0.9490564447078756
7728,2020-05-10,0.03316705887116356,0.9668329411288364
7729,2020-05-10,0.02145051193732872,0.9785494880626713
7730,2020-05-10,0.002705287216150154,0.9972947127838498
7731,2020-05-10,0.023591852858129703,0.9764081471418703
7732,2020-05-10,0.016162332534430335,0.9838376674655697
7733,2020-05-10,0.06379159485825614,0.9362084051417439
7734,2020-05-10,0.008217833525798857,0.9917821664742011
7735,2020-05-10,0.0328987578714065,0.9671012421285935
7736,2020-05-10,0.020327284285476588,0.9796727157145234
7737,2020-05-10,0.010446087055700937,0.9895539129442991
7738,2020-05-10,0.004744215249347983,0.995255784750652
7739,2020-05-10,0.008499162300251717,0.9915008376997483
7740,2020-05-10,0.028540664842453878,0.9714593351575461
7741,2020-05-10,0.005500596414791947,0.994499403585208
7742,2020-05-10,0.02683162876326961,0.9731683712367304
7743,2020-05-10,0.048995671141036534,0.9510043288589635
7744,2020-05-10,0.006652779224591843,0.9933472207754082
7745,2020-05-10,0.01815029842610405,0.981849701573896
7746,2020-05-10,0.0032950336161781113,0.9967049663838219
7747,2020-05-10,0.005757766272828202,0.9942422337271718
7748,2020-05-10,0.006650776815096959,0.993349223184903
7749,2020-05-10,0.028083202045225963,0.971916797954774
7751,2020-05-10,0.013392253883072969,0.986607746116927
7752,2020-05-10,0.010696815932737525,0.9893031840672625
7753,2020-05-10,0.012684060735907332,0.9873159392640927
7755,2020-05-10,0.10566200508873791,0.8943379949112621
7756,2020-05-10,0.008247228079076518,0.9917527719209235
7757,2020-05-10,0.020259637928500607,0.9797403620714994
7758,2020-05-10,0.02441233726137615,0.9755876627386239
7759,2020-05-10,0.03850411145131816,0.9614958885486818
7760,2020-05-10,0.013233843357405961,0.986766156642594
7761,2020-05-10,0.01419045082259729,0.9858095491774027
7762,2020-05-10,0.005957002695363589,0.9940429973046364
7763,2020-05-10,0.017576534829420454,0.9824234651705795
7765,2020-05-10,0.010268339647021008,0.989731660352979
7766,2020-05-10,0.004915022436479677,0.9950849775635203
7767,2020-05-10,0.035306715243725084,0.9646932847562749
7768,2020-05-10,0.0027696650029597203,0.9972303349970403
7769,2020-05-10,0.011307343835725403,0.9886926561642746
7770,2020-05-10,0.01268351676784274,0.9873164832321573
7771,2020-05-10,0.0035896285215151202,0.9964103714784849
7772,2020-05-10,0.0051017265308168636,0.9948982734691831
7773,2020-05-10,0.0051200940681496165,0.9948799059318504
7774,2020-05-10,0.004383132005243429,0.9956168679947566
7775,2020-05-10,0.00334733007126764,0.9966526699287324
7776,2020-05-10,0.020548994896837924,0.9794510051031621
7777,2020-05-10,0.011630886632967186,0.9883691133670328
7778,2020-05-10,0.011146069519847646,0.9888539304801524
7779,2020-05-10,0.009372636330338135,0.9906273636696619
7780,2020-05-10,0.03481171619423806,0.9651882838057619
7781,2020-05-10,0.0074493604147301,0.9925506395852699
7782,2020-05-10,0.03541179209010159,0.9645882079098984
7783,2020-05-10,0.007433519108776987,0.992566480891223
7784,2020-05-10,0.016334573037592115,0.9836654269624079
7785,2020-05-10,0.00775372898344584,0.9922462710165542
7786,2020-05-10,0.007153803039335327,0.9928461969606647
7787,2020-05-10,0.04742391820159331,0.9525760817984067
7788,2020-05-10,0.04366440618171874,0.9563355938182813
7789,2020-05-10,0.006522661357824644,0.9934773386421754
7790,2020-05-10,0.01962862969228185,0.9803713703077181
7791,2020-05-10,0.014461868848016035,0.985538131151984
7792,2020-05-10,0.003596128029791812,0.9964038719702082
7793,2020-05-10,0.0021673233214991594,0.9978326766785008
7794,2020-05-10,0.047086588801261375,0.9529134111987386
7795,2020-05-10,0.01226443788517062,0.9877355621148294
7798,2020-05-10,0.042255113526391774,0.9577448864736082
7799,2020-05-10,0.008807094303137086,0.9911929056968629
7801,2020-05-10,0.02264621809945011,0.9773537819005499
7802,2020-05-10,0.027827255373770177,0.9721727446262298
7803,2020-05-10,0.09382508786201826,0.9061749121379817
7804,2020-05-10,0.014254262211242708,0.9857457377887573
7805,2020-05-10,0.031000785163156297,0.9689992148368437
7806,2020-05-10,0.015885916024377833,0.9841140839756222
7807,2020-05-10,0.012114858022893249,0.9878851419771068
7808,2020-05-10,0.049253570017578796,0.9507464299824212
7810,2020-05-10,0.001375038580330168,0.9986249614196698
7811,2020-05-10,0.03114460453330825,0.9688553954666917
7812,2020-05-10,0.008147269961791603,0.9918527300382084
7813,2020-05-10,0.003442889046934128,0.9965571109530659
7814,2020-05-10,0.022178243150313137,0.9778217568496869
7815,2020-05-10,0.0031808044437214855,0.9968191955562785
7816,2020-05-10,0.013932250667156532,0.9860677493328435
7817,2020-05-10,0.01713994800789731,0.9828600519921027
7818,2020-05-10,0.03884389927330989,0.9611561007266901
7819,2020-05-10,0.01595767563285877,0.9840423243671412
7820,2020-05-10,0.01171315931889283,0.9882868406811072
7821,2020-05-10,0.014996651031168207,0.9850033489688318
7822,2020-05-10,0.03734041231876484,0.9626595876812352
7823,2020-05-10,0.005884566485631959,0.994115433514368
7824,2020-05-10,0.017449655542240983,0.982550344457759
7825,2020-05-10,0.010988616988412025,0.989011383011588
7826,2020-05-10,0.04614810615642728,0.9538518938435727
7827,2020-05-10,0.009465267660706767,0.9905347323392932
7828,2020-05-10,0.016656337386198317,0.9833436626138017
7829,2020-05-10,0.008745631206021787,0.9912543687939782
7830,2020-05-10,0.004637408708142221,0.9953625912918578
7831,2020-05-10,0.005119853412453024,0.994880146587547
7832,2020-05-10,0.009582833430602955,0.990417166569397
7833,2020-05-10,0.0027915200490246095,0.9972084799509754
7834,2020-05-10,0.12091182785421628,0.8790881721457837
7836,2020-05-10,0.016242026006229482,0.9837579739937705
7837,2020-05-10,0.01478023024239783,0.9852197697576022
7839,2020-05-10,0.01717785047464393,0.9828221495253561
7840,2020-05-10,0.016301439113317606,0.9836985608866824
7841,2020-05-10,0.01976721650688018,0.9802327834931198
7842,2020-05-10,0.027981946317668704,0.9720180536823313
7843,2020-05-10,0.013929163546206325,0.9860708364537937
7844,2020-05-10,0.04307640879776331,0.9569235912022367
7847,2020-05-10,0.01741992551965721,0.9825800744803428
7848,2020-05-10,0.005323212090768248,0.9946767879092318
7849,2020-05-10,0.024849788266156247,0.9751502117338438
7850,2020-05-10,0.012685959760735832,0.9873140402392642
7851,2020-05-10,0.004889963214241511,0.9951100367857585
7852,2020-05-10,0.051142253943638916,0.9488577460563611
7853,2020-05-10,0.04245082452373794,0.9575491754762621
7854,2020-05-10,0.011524030377173866,0.9884759696228261
7855,2020-05-10,0.007732161758450484,0.9922678382415495
7856,2020-05-10,0.022970929001382312,0.9770290709986177
7858,2020-05-10,0.017081627824234724,0.9829183721757653
7859,2020-05-10,0.003261286928022966,0.996738713071977
7860,2020-05-10,0.011386901808156713,0.9886130981918433
7861,2020-05-10,0.004364097367898667,0.9956359026321013
7862,2020-05-10,0.007588504961092091,0.9924114950389079
7863,2020-05-10,0.008339479160797247,0.9916605208392028
7864,2020-05-10,0.014637513769639066,0.9853624862303609
7865,2020-05-10,0.0028351515286281215,0.9971648484713719
7866,2020-05-10,0.006924578269602133,0.9930754217303979
7867,2020-05-10,0.02079092063012067,0.9792090793698793
7869,2020-05-10,0.022361774623768982,0.977638225376231
7870,2020-05-10,0.0019296550929041034,0.9980703449070959
7874,2020-05-10,0.026298613178746377,0.9737013868212536
7875,2020-05-10,0.0008921502129491943,0.9991078497870508
7876,2020-05-10,0.05080017127053871,0.9491998287294613
7877,2020-05-10,0.008207227342568513,0.9917927726574315
7878,2020-05-10,0.1297374327324522,0.8702625672675478
7879,2020-05-10,0.01610944028856187,0.9838905597114381
7880,2020-05-10,0.0129262764984992,0.9870737235015008
7881,2020-05-10,0.012190099690123524,0.9878099003098765
7882,2020-05-10,0.006269717757879545,0.9937302822421205
7883,2020-05-10,0.06924929211897524,0.9307507078810248
7885,2020-05-10,0.05933993765423862,0.9406600623457614
7886,2020-05-10,0.044539770695207204,0.9554602293047928
7887,2020-05-10,0.009438809920877866,0.9905611900791221
7888,2020-05-10,0.010902129808360472,0.9890978701916395
7889,2020-05-10,0.015868808671590462,0.9841311913284095
7890,2020-05-10,0.003781197249280943,0.9962188027507191
7891,2020-05-10,0.022353293831236964,0.977646706168763
7892,2020-05-10,0.06802900286638403,0.931970997133616
7893,2020-05-10,0.0423855936735692,0.9576144063264308
7894,2020-05-10,0.05588994124720659,0.9441100587527934
7895,2020-05-10,0.011600699939425141,0.9883993000605749
7896,2020-05-10,0.02486747262992095,0.975132527370079
7897,2020-05-10,0.0032206473018068227,0.9967793526981932
7898,2020-05-10,0.0051749859108481955,0.9948250140891518
7899,2020-05-10,0.0056013415048693505,0.9943986584951306
7900,2020-05-10,0.020576557484720426,0.9794234425152796
7902,2020-05-10,0.007570707788207787,0.9924292922117922
7903,2020-05-10,0.017497592138570606,0.9825024078614294
7904,2020-05-10,0.024751818876791898,0.9752481811232081
7905,2020-05-10,0.02519602982289837,0.9748039701771016
7906,2020-05-10,0.017674754848445384,0.9823252451515546
7907,2020-05-10,0.003849888758307385,0.9961501112416926
7909,2020-05-10,0.011342527660512025,0.988657472339488
7910,2020-05-10,0.01311185484364119,0.9868881451563588
7911,2020-05-10,0.021416234780430088,0.9785837652195699
7912,2020-05-10,0.014873429662653925,0.9851265703373461
7913,2020-05-10,0.022998445125141043,0.977001554874859
7914,2020-05-10,0.019754882487268977,0.980245117512731
7915,2020-05-10,0.006629952382681936,0.9933700476173181
7916,2020-05-10,0.01220424516630314,0.9877957548336969
7917,2020-05-10,0.0059580598061518275,0.9940419401938482
7918,2020-05-10,0.031708197814014794,0.9682918021859852
7919,2020-05-10,0.008120051516738447,0.9918799484832616
7920,2020-05-10,0.01360361027698187,0.9863963897230181
7921,2020-05-10,0.012781488738675462,0.9872185112613245
7922,2020-05-10,0.040145440463623006,0.959854559536377
7923,2020-05-10,0.0134983768298379,0.9865016231701621
7924,2020-05-10,0.015335338219808814,0.9846646617801912
7925,2020-05-10,0.006375095635335115,0.9936249043646649
7926,2020-05-10,0.006950731746910854,0.9930492682530891
7927,2020-05-10,0.01462888547490826,0.9853711145250917
7928,2020-05-10,0.01363308871562674,0.9863669112843733
7929,2020-05-10,0.002425501418662046,0.997574498581338
7930,2020-05-10,0.020560995414461658,0.9794390045855383
7931,2020-05-10,0.02457818903132991,0.9754218109686701
7933,2020-05-10,0.013730611291616346,0.9862693887083837
7934,2020-05-10,0.02336601244924985,0.9766339875507501
7935,2020-05-10,0.01361128324106431,0.9863887167589357
7936,2020-05-10,0.014756902257508808,0.9852430977424912
7937,2020-05-10,0.02832437322172543,0.9716756267782746
7938,2020-05-10,0.02114191193912618,0.9788580880608738
7939,2020-05-10,0.02939968031177076,0.9706003196882292
7940,2020-05-10,0.006777878071329346,0.9932221219286707
7941,2020-05-10,0.007918506636395484,0.9920814933636045
7942,2020-05-10,0.02181867642704105,0.978181323572959
7943,2020-05-10,0.01394676720326038,0.9860532327967396
7944,2020-05-10,0.03799076416063374,0.9620092358393663
7945,2020-05-10,0.015742525955217634,0.9842574740447824
7946,2020-05-10,0.017256422313097097,0.9827435776869029
7947,2020-05-10,0.03238935224793349,0.9676106477520665
7948,2020-05-10,0.003753556995378493,0.9962464430046215
7949,2020-05-10,0.027072211222565867,0.9729277887774341
7950,2020-05-10,0.13982253457833027,0.8601774654216697
7951,2020-05-10,0.04272025977255822,0.9572797402274418
7952,2020-05-10,0.006866254241643555,0.9931337457583564
7954,2020-05-10,0.006749036290705224,0.9932509637092948
7955,2020-05-10,0.01635849935742051,0.9836415006425795
7956,2020-05-10,0.015903940640472403,0.9840960593595276
7957,2020-05-10,0.005802616547042505,0.9941973834529575
7958,2020-05-10,0.0408362208887415,0.9591637791112585
7959,2020-05-10,0.011913789943500785,0.9880862100564992
7960,2020-05-10,0.004185247333195807,0.9958147526668042
7961,2020-05-10,0.011632494144722338,0.9883675058552777
7962,2020-05-10,0.0033378973290566494,0.9966621026709434
7963,2020-05-10,0.0026675764678141256,0.9973324235321859
7964,2020-05-10,0.012775375060960159,0.9872246249390398
7965,2020-05-10,0.005018422404562517,0.9949815775954375
7967,2020-05-10,0.08465527862895961,0.9153447213710404
7968,2020-05-10,0.03195300692160197,0.968046993078398
7969,2020-05-10,0.0014815994339624217,0.9985184005660376
7970,2020-05-10,0.015596933134861435,0.9844030668651386
7971,2020-05-10,0.019101927542060526,0.9808980724579395
7972,2020-05-10,0.008915037250071367,0.9910849627499286
7973,2020-05-10,0.036669018509662976,0.963330981490337
7975,2020-05-10,0.037183804273697385,0.9628161957263026
7976,2020-05-10,0.004673805323827995,0.995326194676172
7977,2020-05-10,0.004471235719126665,0.9955287642808733
7978,2020-05-10,0.01923938033913908,0.9807606196608609
7979,2020-05-10,0.003456819435690761,0.9965431805643092
7980,2020-05-10,0.025359778248314813,0.9746402217516852
7981,2020-05-10,0.022181204185387826,0.9778187958146122
7982,2020-05-10,0.005529648231436091,0.9944703517685639
7983,2020-05-10,0.00881601355837014,0.9911839864416299
7984,2020-05-10,0.035491854957602875,0.9645081450423971
7985,2020-05-10,0.004771482083896994,0.995228517916103
7986,2020-05-10,0.01122595925969383,0.9887740407403062
7987,2020-05-10,0.010132850962975781,0.9898671490370242
7988,2020-05-10,0.0028445097692959553,0.997155490230704
7989,2020-05-10,0.023865030499590212,0.9761349695004098
7993,2020-05-10,0.02738031152221032,0.9726196884777897
7994,2020-05-10,0.014954722871550086,0.9850452771284499
7996,2020-05-10,0.024456652327240036,0.97554334767276
7997,2020-05-10,0.015123089964380276,0.9848769100356197
7998,2020-05-10,0.009030891860902224,0.9909691081390978
7999,2020-05-10,0.009931665507071807,0.9900683344929282
8000,2020-05-10,0.009238156819155519,0.9907618431808445
8001,2020-05-10,0.016433269174102372,0.9835667308258976
8002,2020-05-10,0.015338186374189822,0.9846618136258102
8003,2020-05-10,0.01034493650697621,0.9896550634930238
8004,2020-05-10,0.004755880008165181,0.9952441199918348
8005,2020-05-10,0.001990053329964936,0.9980099466700351
8006,2020-05-10,0.015668549676482235,0.9843314503235178
8007,2020-05-10,0.014381523021630871,0.9856184769783691
8008,2020-05-10,0.007510380427785623,0.9924896195722144
8009,2020-05-10,0.01382598515551614,0.9861740148444839
8010,2020-05-10,0.04854765416885776,0.9514523458311422
8011,2020-05-10,0.017449628093039404,0.9825503719069606
8012,2020-05-10,0.006847812297875788,0.9931521877021242
8013,2020-05-10,0.0032132902950052777,0.9967867097049947
8014,2020-05-10,0.014540500838369774,0.9854594991616302
8015,2020-05-10,0.013941436791110817,0.9860585632088892
8016,2020-05-10,0.01760486494151403,0.982395135058486
8017,2020-05-10,0.0022338340438131654,0.9977661659561868
8018,2020-05-10,0.008156462666335185,0.9918435373336648
8019,2020-05-10,0.014917065502326632,0.9850829344976734
8020,2020-05-10,0.004938828464559397,0.9950611715354406
8022,2020-05-10,0.03973933794990747,0.9602606620500925
8023,2020-05-10,0.0069988685620473445,0.9930011314379527
8024,2020-05-10,0.0032598630049781585,0.9967401369950218
8025,2020-05-10,0.051773791035997885,0.9482262089640021
8026,2020-05-10,0.005500190777370961,0.994499809222629
8027,2020-05-10,0.008323828504890218,0.9916761714951098
8028,2020-05-10,0.003599083425293137,0.9964009165747069
8029,2020-05-10,0.002025233221630396,0.9979747667783696
8030,2020-05-10,0.020180991888190003,0.97981900811181
8031,2020-05-10,0.008017679016095736,0.9919823209839043
8032,2020-05-10,0.008584979565516848,0.9914150204344832
8033,2020-05-10,0.021251678507613003,0.978748321492387
8034,2020-05-10,0.021567483573078916,0.9784325164269211
8035,2020-05-10,0.009534055324291635,0.9904659446757084
8036,2020-05-10,0.02487128855691534,0.9751287114430847
8037,2020-05-10,0.004836900343114348,0.9951630996568857
8038,2020-05-10,0.010648462121040314,0.9893515378789597
8040,2020-05-10,0.0307766529631186,0.9692233470368814
8041,2020-05-10,0.05219757386620816,0.9478024261337918
8042,2020-05-10,0.03565611538331903,0.964343884616681
8043,2020-05-10,0.007253904984816151,0.9927460950151838
8045,2020-05-10,0.019228703718415674,0.9807712962815843
8046,2020-05-10,0.009861690541454582,0.9901383094585454
8047,2020-05-10,0.006913064105016353,0.9930869358949836
8048,2020-05-10,0.023907188941657775,0.9760928110583422
8049,2020-05-10,0.02208514516071136,0.9779148548392886
8051,2020-05-10,0.01247186790044208,0.9875281320995579
8052,2020-05-10,0.027565654667991768,0.9724343453320082
8053,2020-05-10,0.013633834503653963,0.986366165496346
8054,2020-05-10,0.00701386687866612,0.9929861331213339
8057,2020-05-10,0.007467517548828462,0.9925324824511715
8058,2020-05-10,0.03740967783686455,0.9625903221631354
8060,2020-05-10,0.009570774362409717,0.9904292256375903
8062,2020-05-10,0.010240058152294562,0.9897599418477054
8063,2020-05-10,0.02422396686358208,0.9757760331364179
8064,2020-05-10,0.007077637606774156,0.9929223623932258
8065,2020-05-10,0.018361808763692422,0.9816381912363076
8066,2020-05-10,0.03208544147650372,0.9679145585234963
8067,2020-05-10,0.016377348887291143,0.9836226511127089
8068,2020-05-10,0.013447165093876778,0.9865528349061232
8069,2020-05-10,0.02447900291656957,0.9755209970834304
8070,2020-05-10,0.005055720653685758,0.9949442793463142
8071,2020-05-10,0.002735503982678855,0.9972644960173211
8072,2020-05-10,0.02756634865658769,0.9724336513434123
8073,2020-05-10,0.022815028371731993,0.977184971628268
8074,2020-05-10,0.009136953595426323,0.9908630464045737
8075,2020-05-10,0.01138312241166528,0.9886168775883347
8076,2020-05-10,0.008339734666661047,0.991660265333339
8077,2020-05-10,0.007235376861978171,0.9927646231380218
8078,2020-05-10,0.013201185004843685,0.9867988149951563
8079,2020-05-10,0.02811790587561669,0.9718820941243833
8080,2020-05-10,0.01588839312944701,0.984111606870553
8081,2020-05-10,0.006765847962876048,0.993234152037124
8082,2020-05-10,0.009686359488107255,0.9903136405118927
8083,2020-05-10,0.018934415306641417,0.9810655846933586
8084,2020-05-10,0.010229048931374773,0.9897709510686252
8086,2020-05-10,0.0138657226091361,0.9861342773908639
8087,2020-05-10,0.029923114383686444,0.9700768856163136
8088,2020-05-10,0.039241560360158134,0.9607584396398419
8089,2020-05-10,0.011370506393225233,0.9886294936067748
8090,2020-05-10,0.02989893108112318,0.9701010689188768
8091,2020-05-10,0.04780221592307865,0.9521977840769213
8092,2020-05-10,0.0481090152946847,0.9518909847053153
8093,2020-05-10,0.022203775050687047,0.977796224949313
8095,2020-05-10,0.0017474970388728917,0.9982525029611271
8098,2020-05-10,0.029780871608973247,0.9702191283910268
8099,2020-05-10,0.011074683780612493,0.9889253162193875
8100,2020-05-10,0.012024593375515757,0.9879754066244842
8101,2020-05-10,0.016879786349326742,0.9831202136506733
8102,2020-05-10,0.0726878769738738,0.9273121230261262
8103,2020-05-10,0.029008067988059882,0.9709919320119401
8104,2020-05-10,0.005726244689673421,0.9942737553103266
8105,2020-05-10,0.007298536242415277,0.9927014637575847
8106,2020-05-10,0.002431676987974307,0.9975683230120257
8107,2020-05-10,0.006378177159545584,0.9936218228404544
8108,2020-05-10,0.022796458168447775,0.9772035418315522
8109,2020-05-10,0.014555192816602891,0.9854448071833971
8110,2020-05-10,0.0028629807699177556,0.9971370192300822
8111,2020-05-10,0.003950379137816484,0.9960496208621835
8112,2020-05-10,0.009174203909307233,0.9908257960906928
8113,2020-05-10,0.024150870495403542,0.9758491295045965
8114,2020-05-10,0.002323498945473901,0.9976765010545261
8115,2020-05-10,0.010483776798473676,0.9895162232015263
8116,2020-05-10,0.05386986075375033,0.9461301392462497
8117,2020-05-10,0.021174789771311042,0.978825210228689
8118,2020-05-10,0.015166854911546013,0.984833145088454
8120,2020-05-10,0.016150966870675076,0.9838490331293249
8122,2020-05-10,0.016100374834302045,0.983899625165698
8123,2020-05-10,0.016543316954534926,0.9834566830454651
8125,2020-05-10,0.0017139960550783817,0.9982860039449216
8126,2020-05-10,0.007484844240265076,0.9925151557597349
8127,2020-05-10,0.012355420903428005,0.987644579096572
8128,2020-05-10,0.030319687969630582,0.9696803120303694
8129,2020-05-10,0.017333440751363338,0.9826665592486367
8130,2020-05-10,0.03146140753959281,0.9685385924604072
8131,2020-05-10,0.193887698131199,0.806112301868801
8132,2020-05-10,0.005983548118860815,0.9940164518811392
8133,2020-05-10,0.021169219621815172,0.9788307803781848
8134,2020-05-10,0.0045747946690514185,0.9954252053309486
8135,2020-05-10,0.027756581368515332,0.9722434186314847
8136,2020-05-10,0.015849827528511717,0.9841501724714883
8137,2020-05-10,0.010000677506478373,0.9899993224935216
8139,2020-05-10,0.007234022875996282,0.9927659771240037
8140,2020-05-10,0.013552361389095213,0.9864476386109048
8141,2020-05-10,0.01724861653604448,0.9827513834639555
8143,2020-05-10,0.022362330645692374,0.9776376693543076
8144,2020-05-10,0.012942076969913452,0.9870579230300865
8146,2020-05-10,0.02104682803297475,0.9789531719670252
8149,2020-05-10,0.014373835141251123,0.9856261648587489
8150,2020-05-10,0.007456304288804394,0.9925436957111956
8151,2020-05-10,0.01092181524278868,0.9890781847572113
8152,2020-05-10,0.02111955177817071,0.9788804482218293
8153,2020-05-10,0.03375232720029275,0.9662476727997072
8154,2020-05-10,0.02428313453823472,0.9757168654617653
8155,2020-05-10,0.014240443415427961,0.985759556584572
8156,2020-05-10,0.039661104816287596,0.9603388951837124
8158,2020-05-10,0.001957425879606456,0.9980425741203935
8159,2020-05-10,0.05967127780498527,0.9403287221950147
8160,2020-05-10,0.008063447114366573,0.9919365528856334
8161,2020-05-10,0.02477320627307522,0.9752267937269248
8162,2020-05-10,0.06497603658906015,0.9350239634109399
8163,2020-05-10,0.044615094192412164,0.9553849058075878
8164,2020-05-10,0.0030154911299828946,0.9969845088700171
8165,2020-05-10,0.012894795619576849,0.9871052043804232
8167,2020-05-10,0.00326787086932534,0.9967321291306747
8168,2020-05-10,0.02854933592266662,0.9714506640773334
8169,2020-05-10,0.006007591594880846,0.9939924084051192
8170,2020-05-10,0.010088078562008218,0.9899119214379918
8171,2020-05-10,0.011747281615141159,0.9882527183848588
8173,2020-05-10,0.019754394448078916,0.9802456055519211
8174,2020-05-10,0.0025367957061763757,0.9974632042938236
8175,2020-05-10,0.03141427380479833,0.9685857261952017
8176,2020-05-10,0.01682142263740727,0.9831785773625927
8177,2020-05-10,0.13329173209914946,0.8667082679008505
8178,2020-05-10,0.015105686990916412,0.9848943130090836
8179,2020-05-10,0.029525933828702167,0.9704740661712978
8180,2020-05-10,0.00639028516068485,0.9936097148393152
8181,2020-05-10,0.0008415517543500783,0.9991584482456499
8182,2020-05-10,0.027087265030972696,0.9729127349690273
8183,2020-05-10,0.014646071551935647,0.9853539284480644
8184,2020-05-10,0.010034241262294352,0.9899657587377056
8186,2020-05-10,0.013854515454607919,0.9861454845453921
8187,2020-05-10,0.004020284900512872,0.9959797150994871
8188,2020-05-10,0.00989212122336769,0.9901078787766323
8189,2020-05-10,0.03027294702462413,0.9697270529753759
8190,2020-05-10,0.04331350234763842,0.9566864976523616
8191,2020-05-10,0.009068729285304,0.990931270714696
8194,2020-05-10,0.003231911387987174,0.9967680886120128
8195,2020-05-10,0.004705710832785925,0.9952942891672141
8196,2020-05-10,0.05153567241046497,0.948464327589535
8197,2020-05-10,0.019681605462273155,0.9803183945377268
8198,2020-05-10,0.01644950472580753,0.9835504952741925
8200,2020-05-10,0.003919230022565889,0.9960807699774341
8201,2020-05-10,0.016037628447655217,0.9839623715523448
8202,2020-05-10,0.004040123837360077,0.9959598761626399
8203,2020-05-10,0.011804109337822721,0.9881958906621773
8204,2020-05-10,0.009148368713562727,0.9908516312864373
8205,2020-05-10,0.0023716801954000166,0.9976283198046
8206,2020-05-10,0.005775180716024564,0.9942248192839754
8208,2020-05-10,0.031121377285315166,0.9688786227146848
8211,2020-05-10,0.03319935253488515,0.9668006474651148
8212,2020-05-10,0.009525138388651211,0.9904748616113488
8213,2020-05-10,0.010351869294879523,0.9896481307051205
8214,2020-05-10,0.029547768030418142,0.9704522319695819
8215,2020-05-10,0.025368830158582267,0.9746311698414177
8216,2020-05-10,0.005341498168267567,0.9946585018317324
8218,2020-05-10,0.049369862306952395,0.9506301376930476
8219,2020-05-10,0.008500678916237403,0.9914993210837626
8220,2020-05-10,0.008005554840193718,0.9919944451598063
8221,2020-05-10,0.0028397938254959287,0.9971602061745041
8222,2020-05-10,0.02579566624020302,0.974204333759797
8223,2020-05-10,0.04058011782645754,0.9594198821735425
8224,2020-05-10,0.0200291963119692,0.9799708036880308
8225,2020-05-10,0.009903624800673971,0.990096375199326
8226,2020-05-10,0.02100277773265613,0.9789972222673439
8227,2020-05-10,0.0164039853857878,0.9835960146142122
8228,2020-05-10,0.02754854394380768,0.9724514560561923
8229,2020-05-10,0.014972145363903566,0.9850278546360964
8230,2020-05-10,0.006860458535064007,0.993139541464936
8231,2020-05-10,0.030749374814145636,0.9692506251858544
8232,2020-05-10,0.021111983675467183,0.9788880163245328
8233,2020-05-10,0.04946696944965623,0.9505330305503438
8234,2020-05-10,0.0064054866678908695,0.9935945133321091
8235,2020-05-10,0.015207623145192417,0.9847923768548076
8236,2020-05-10,0.00879081896226619,0.9912091810377338
8237,2020-05-10,0.021996861339445006,0.978003138660555
8239,2020-05-10,0.05153498669922274,0.9484650133007773
8240,2020-05-10,0.009384463174067381,0.9906155368259326
8241,2020-05-10,0.007273897772426929,0.9927261022275731
8242,2020-05-10,0.010456096110572632,0.9895439038894274
8243,2020-05-10,0.004630927703088483,0.9953690722969115
8244,2020-05-10,0.01053846386581725,0.9894615361341828
8245,2020-05-10,0.025403793088991766,0.9745962069110082
8246,2020-05-10,0.004372968367471586,0.9956270316325284
8247,2020-05-10,0.023115576701747576,0.9768844232982524
8248,2020-05-10,0.01858254667517112,0.9814174533248289
8249,2020-05-10,0.02442426095385286,0.9755757390461471
8250,2020-05-10,0.021351672951773537,0.9786483270482265
8251,2020-05-10,0.007072648336880372,0.9929273516631196
8252,2020-05-10,0.01738379251173483,0.9826162074882652
8253,2020-05-10,0.004328055848351942,0.9956719441516481
8254,2020-05-10,0.010045598543374168,0.9899544014566258
8255,2020-05-10,0.0017041492175600137,0.99829585078244
8256,2020-05-10,0.020491423661238017,0.979508576338762
8257,2020-05-10,0.022298458282852263,0.9777015417171477
8258,2020-05-10,0.004328731612101344,0.9956712683878987
8259,2020-05-10,0.04264622914302718,0.9573537708569728
8260,2020-05-10,0.0037171425856424856,0.9962828574143575
8262,2020-05-10,0.021664121743801723,0.9783358782561983
8263,2020-05-10,0.00726235424052768,0.9927376457594723
8264,2020-05-10,0.03763640883013364,0.9623635911698664
8265,2020-05-10,0.0032638814339455147,0.9967361185660545
8266,2020-05-10,0.0036662370444568992,0.9963337629555431
8267,2020-05-10,0.0012380145200111548,0.9987619854799888
8268,2020-05-10,0.006855315859819799,0.9931446841401802
8270,2020-05-10,0.01438806829643291,0.9856119317035671
8272,2020-05-10,0.033913909732697034,0.966086090267303
8273,2020-05-10,0.01097676283285165,0.9890232371671484
8274,2020-05-10,0.01223034444957849,0.9877696555504215
8275,2020-05-10,0.022840199321453758,0.9771598006785462
8276,2020-05-10,0.003127953642287018,0.996872046357713
8277,2020-05-10,0.02661450028802448,0.9733854997119755
8278,2020-05-10,0.002794877983657851,0.9972051220163421
8279,2020-05-10,0.008179826966949966,0.99182017303305
8281,2020-05-10,0.005127128518407353,0.9948728714815926
8282,2020-05-10,0.028330287577993052,0.971669712422007
8283,2020-05-10,0.011734512567353472,0.9882654874326465
8285,2020-05-10,0.005592807675128819,0.9944071923248712
8286,2020-05-10,0.02929107358797889,0.9707089264120211
8287,2020-05-10,0.00742795653335937,0.9925720434666406
8288,2020-05-10,0.06762120482557554,0.9323787951744245
8289,2020-05-10,0.009705113384860242,0.9902948866151398
8290,2020-05-10,0.0021441120366522126,0.9978558879633478
8291,2020-05-10,0.026357225240066562,0.9736427747599334
8292,2020-05-10,0.005144787022153707,0.9948552129778463
8293,2020-05-10,0.007576978077835639,0.9924230219221644
8295,2020-05-10,0.009926226165558716,0.9900737738344413
8296,2020-05-10,0.019157484819184112,0.9808425151808159
8297,2020-05-10,0.03367730427898041,0.9663226957210196
8298,2020-05-10,0.011080374275458937,0.9889196257245411
8299,2020-05-10,0.022234025181855466,0.9777659748181445
8300,2020-05-10,0.062007536374869776,0.9379924636251302
8301,2020-05-10,0.032869864772611224,0.9671301352273888
8302,2020-05-10,0.047131963871259286,0.9528680361287407
8303,2020-05-10,0.03383989998668202,0.966160100013318
8304,2020-05-10,0.012107675013620978,0.987892324986379
8305,2020-05-10,0.002039515384369528,0.9979604846156305
8306,2020-05-10,0.04783252725858678,0.9521674727414132
8307,2020-05-10,0.02844487692875497,0.971555123071245
8308,2020-05-10,0.010106736795238769,0.9898932632047612
8309,2020-05-10,0.018484559711649973,0.98151544028835
8310,2020-05-10,0.010046338678155298,0.9899536613218447
8312,2020-05-10,0.0018347943934247102,0.9981652056065753
8313,2020-05-10,0.01567423239656951,0.9843257676034305
8314,2020-05-10,0.007241379581075291,0.9927586204189247
8315,2020-05-10,0.009374964795708096,0.9906250352042919
8316,2020-05-10,0.03414247120096903,0.965857528799031
8317,2020-05-10,0.018822397237685973,0.981177602762314
8318,2020-05-10,0.00480497832454041,0.9951950216754596
8319,2020-05-10,0.019926568806090117,0.9800734311939099
8320,2020-05-10,0.031065831313010772,0.9689341686869892
8321,2020-05-10,0.007701957954366345,0.9922980420456337
8322,2020-05-10,0.026084612917966488,0.9739153870820335
8324,2020-05-10,0.010247590916244054,0.989752409083756
8325,2020-05-10,0.004543201369939687,0.9954567986300603
8326,2020-05-10,0.035435196277031955,0.964564803722968
8327,2020-05-10,0.013595957786401103,0.9864040422135989
8328,2020-05-10,0.028369186980533367,0.9716308130194666
8329,2020-05-10,0.024309232283195814,0.9756907677168042
8330,2020-05-10,0.013782639486251025,0.986217360513749
8331,2020-05-10,0.008270012658266102,0.9917299873417339
8332,2020-05-10,0.027303696318831783,0.9726963036811682
8333,2020-05-10,0.004007262132000422,0.9959927378679996
8334,2020-05-10,0.05288298533062852,0.9471170146693715
8335,2020-05-10,0.008509590142988133,0.9914904098570119
8336,2020-05-10,0.0037604527387629094,0.9962395472612371
8337,2020-05-10,0.02002004179944583,0.9799799582005542
8338,2020-05-10,0.0028862892070820045,0.997113710792918
8339,2020-05-10,0.040942008890080706,0.9590579911099193
8340,2020-05-10,0.019072052450036514,0.9809279475499635
8341,2020-05-10,0.017118629663443574,0.9828813703365564
8342,2020-05-10,0.00751055117591426,0.9924894488240857
8343,2020-05-10,0.030777099628638616,0.9692229003713614
8344,2020-05-10,0.014218029613323191,0.9857819703866768
8345,2020-05-10,0.04131330191000104,0.958686698089999
8346,2020-05-10,0.01676681402181046,0.9832331859781895
8347,2020-05-10,0.016315521961784873,0.9836844780382151
8348,2020-05-10,0.02539975067539646,0.9746002493246035
8349,2020-05-10,0.0031025687629036014,0.9968974312370964
8350,2020-05-10,0.01143345970753007,0.9885665402924699
8351,2020-05-10,0.029105463799441234,0.9708945362005588
8352,2020-05-10,0.017878570601041366,0.9821214293989586
8353,2020-05-10,0.0488881454736233,0.9511118545263767
8354,2020-05-10,0.0018875922798812228,0.9981124077201188
8355,2020-05-10,0.018118232875732332,0.9818817671242677
8356,2020-05-10,0.012271111174828375,0.9877288888251716
8358,2020-05-10,0.0780035555784514,0.9219964444215486
8359,2020-05-10,0.008959724509371547,0.9910402754906285
8361,2020-05-10,0.017255539985106427,0.9827444600148936
8362,2020-05-10,0.007063374701347658,0.9929366252986523
8363,2020-05-10,0.008467236178377191,0.9915327638216228
8364,2020-05-10,0.005704433555298927,0.9942955664447011
8365,2020-05-10,0.009423443372261642,0.9905765566277384
8366,2020-05-10,0.010361295076379284,0.9896387049236207
8367,2020-05-10,0.002165057946667659,0.9978349420533323
8368,2020-05-10,0.0196081646848717,0.9803918353151283
8369,2020-05-10,0.004192070255405578,0.9958079297445944
8370,2020-05-10,0.006276864895936707,0.9937231351040633
8372,2020-05-10,0.0017739099658040658,0.9982260900341959
8373,2020-05-10,0.021058229129611528,0.9789417708703885
8374,2020-05-10,0.024581283585282665,0.9754187164147173
8375,2020-05-10,0.03331869920329045,0.9666813007967096
8376,2020-05-10,0.03502290128869223,0.9649770987113078
8377,2020-05-10,0.02656263357630595,0.973437366423694
8378,2020-05-10,0.012916828090425603,0.9870831719095744
8379,2020-05-10,0.047092885735015355,0.9529071142649846
8380,2020-05-10,0.004925462483934662,0.9950745375160653
8381,2020-05-10,0.004326720766594239,0.9956732792334058
8382,2020-05-10,0.010033503551906797,0.9899664964480932
8383,2020-05-10,0.014633559640280791,0.9853664403597192
8385,2020-05-10,0.009366341618618823,0.9906336583813812
8386,2020-05-10,0.016055376774049668,0.9839446232259503
8387,2020-05-10,0.0020171460118494355,0.9979828539881506
8388,2020-05-10,0.023803118334428275,0.9761968816655717
8389,2020-05-10,0.03830475996382232,0.9616952400361777
8390,2020-05-10,0.0037023973357742657,0.9962976026642257
8391,2020-05-10,0.011199258483950203,0.9888007415160498
8392,2020-05-10,0.012896025877640604,0.9871039741223594
8393,2020-05-10,0.01359033323454828,0.9864096667654517
8394,2020-05-10,0.0041476164629712375,0.9958523835370288
8395,2020-05-10,0.02881186576875916,0.9711881342312408
8396,2020-05-10,0.01241290757590674,0.9875870924240933
8397,2020-05-10,0.04718291343370362,0.9528170865662964
8398,2020-05-10,0.0009051655209113552,0.9990948344790886
8400,2020-05-10,0.00461307542458933,0.9953869245754107
8401,2020-05-10,0.050489821365997334,0.9495101786340027
8403,2020-05-10,0.03303307959974122,0.9669669204002588
8404,2020-05-10,0.015498092052470658,0.9845019079475293
8405,2020-05-10,0.014141464466020381,0.9858585355339796
8407,2020-05-10,0.004431374177707892,0.9955686258222921
8408,2020-05-10,0.010899624652843887,0.9891003753471561
8409,2020-05-10,0.013612022041988747,0.9863879779580113
8410,2020-05-10,0.03030458896081023,0.9696954110391898
8411,2020-05-10,0.013865774151721633,0.9861342258482784
8412,2020-05-10,0.05823587399494046,0.9417641260050595
8413,2020-05-10,0.0025726064481991218,0.9974273935518009
8414,2020-05-10,0.029246457134427195,0.9707535428655728
8415,2020-05-10,0.013436027717230736,0.9865639722827693
8416,2020-05-10,0.010206370450375868,0.9897936295496241
8417,2020-05-10,0.05615384526901801,0.943846154730982
8418,2020-05-10,0.03517525635907415,0.9648247436409259
8420,2020-05-10,0.1133689840551767,0.8866310159448233
8421,2020-05-10,0.003198935621059218,0.9968010643789408
8422,2020-05-10,0.058935311793291145,0.9410646882067089
8423,2020-05-10,0.016319652770143023,0.983680347229857
8424,2020-05-10,0.01984982477725128,0.9801501752227487
8425,2020-05-10,0.010862585182684015,0.989137414817316
8426,2020-05-10,0.012548853549489647,0.9874511464505104
8427,2020-05-10,0.007720244136844356,0.9922797558631556
8428,2020-05-10,0.003910930276362357,0.9960890697236376
8429,2020-05-10,0.03347849216167709,0.9665215078383229
8430,2020-05-10,0.00870554936894763,0.9912944506310524
8431,2020-05-10,0.014572111036738722,0.9854278889632613
8432,2020-05-10,0.013606777197289532,0.9863932228027105
8433,2020-05-10,0.010951856537607219,0.9890481434623928
8434,2020-05-10,0.019740292107568336,0.9802597078924317
8435,2020-05-10,0.01040823753990383,0.9895917624600962
8436,2020-05-10,0.022159549078947016,0.977840450921053
8437,2020-05-10,0.003172112015812578,0.9968278879841874
8438,2020-05-10,0.01718987949905082,0.9828101205009492
8440,2020-05-10,0.0054104722437292585,0.9945895277562707
8441,2020-05-10,0.007331412488520317,0.9926685875114797
8442,2020-05-10,0.03763965516378409,0.9623603448362159
8444,2020-05-10,0.04048399491526711,0.9595160050847329
8445,2020-05-10,0.0137648055022076,0.9862351944977924
8446,2020-05-10,0.007459033920237501,0.9925409660797625
8447,2020-05-10,0.026221235599322212,0.9737787644006778
8448,2020-05-10,0.00402298333253559,0.9959770166674644
8449,2020-05-10,0.004863701969142431,0.9951362980308576
8450,2020-05-10,0.007889232436393168,0.9921107675636068
8451,2020-05-10,0.00571552712152068,0.9942844728784793
8452,2020-05-10,0.009569968068559587,0.9904300319314404
8454,2020-05-10,0.02237020161394676,0.9776297983860532
8455,2020-05-10,0.0035956967525788697,0.9964043032474211
8456,2020-05-10,0.010450358852284625,0.9895496411477154
8457,2020-05-10,0.0733675161171975,0.9266324838828025
8458,2020-05-10,0.01909367100443049,0.9809063289955695
8459,2020-05-10,0.03395970599302922,0.9660402940069708
8460,2020-05-10,0.010578053455241876,0.9894219465447581
8461,2020-05-10,0.03161235965597342,0.9683876403440266
8462,2020-05-10,0.017291198959986542,0.9827088010400135
8463,2020-05-10,0.009082170245637844,0.9909178297543622
8464,2020-05-10,0.033018359017386145,0.9669816409826139
8465,2020-05-10,0.014085982655702045,0.985914017344298
8466,2020-05-10,0.05868710874728933,0.9413128912527107
8467,2020-05-10,0.004785999836098065,0.9952140001639019
8468,2020-05-10,0.008092387780076815,0.9919076122199232
8469,2020-05-10,0.0014064959126927068,0.9985935040873073
8470,2020-05-10,0.0034993146382553686,0.9965006853617446
8471,2020-05-10,0.00612379740408453,0.9938762025959155
8472,2020-05-10,0.004418946370067456,0.9955810536299325
8473,2020-05-10,0.004871579075086729,0.9951284209249133
8474,2020-05-10,0.039313081074016876,0.9606869189259831
8475,2020-05-10,0.011415817505680548,0.9885841824943195
8477,2020-05-10,0.013652895628190276,0.9863471043718097
8478,2020-05-10,0.057377041252122396,0.9426229587478776
8479,2020-05-10,0.08997228715863903,0.910027712841361
8480,2020-05-10,0.018200141954468174,0.9817998580455318
8483,2020-05-10,0.01082266906614271,0.9891773309338573
8484,2020-05-10,0.002685935538825457,0.9973140644611745
8485,2020-05-10,0.018665971996725705,0.9813340280032743
8486,2020-05-10,0.0017589296921660669,0.9982410703078339
8487,2020-05-10,0.024982287667152603,0.9750177123328474
8488,2020-05-10,0.010540658435240324,0.9894593415647597
8489,2020-05-10,0.0022007345941612577,0.9977992654058387
8491,2020-05-10,0.0023622200750105238,0.9976377799249895
8492,2020-05-10,0.016568046587486562,0.9834319534125134
8493,2020-05-10,0.03229497579501728,0.9677050242049827
8494,2020-05-10,0.03144244847881128,0.9685575515211887
8495,2020-05-10,0.019808686895632532,0.9801913131043675
8496,2020-05-10,0.011592348966450672,0.9884076510335493
8497,2020-05-10,0.0300189157528985,0.9699810842471015
8498,2020-05-10,0.011656651085453773,0.9883433489145462
8499,2020-05-10,0.008298239447421918,0.9917017605525781
8500,2020-05-10,0.015453609329852958,0.984546390670147
8501,2020-05-10,0.013203599645918662,0.9867964003540813
8502,2020-05-10,0.029419366004862835,0.9705806339951372
8503,2020-05-10,0.0025655324888236297,0.9974344675111764
8504,2020-05-10,0.0014958348917532005,0.9985041651082468
8505,2020-05-10,0.0065103813817734,0.9934896186182266
8506,2020-05-10,0.11707078449037467,0.8829292155096253
8507,2020-05-10,0.032782945826213994,0.967217054173786
8508,2020-05-10,0.028362156686783213,0.9716378433132168
8509,2020-05-10,0.04507469896538885,0.9549253010346112
8510,2020-05-10,0.025510226158241944,0.9744897738417581
8511,2020-05-10,0.02099620741898789,0.9790037925810121
8512,2020-05-10,0.03273683842125841,0.9672631615787416
8513,2020-05-10,0.012104239470317246,0.9878957605296828
8514,2020-05-10,0.030263387185136104,0.9697366128148639
8515,2020-05-10,0.005787576637898861,0.9942124233621011
8517,2020-05-10,0.01846804106682909,0.9815319589331709
8518,2020-05-10,0.02559986237304257,0.9744001376269574
8519,2020-05-10,0.0035883473656790343,0.996411652634321
8521,2020-05-10,0.00770800152299056,0.9922919984770094
8523,2020-05-10,0.014521180656234867,0.9854788193437651
8524,2020-05-10,0.041932639827223506,0.9580673601727765
8525,2020-05-10,0.009442139040166664,0.9905578609598333
8526,2020-05-10,0.032647783905476735,0.9673522160945233
8527,2020-05-10,0.07205451255881301,0.927945487441187
8528,2020-05-10,0.001820567545321894,0.9981794324546781
8529,2020-05-10,0.005364481180487046,0.994635518819513
8530,2020-05-10,0.024916305734881683,0.9750836942651183
8531,2020-05-10,0.021123871748863432,0.9788761282511366
8532,2020-05-10,0.04305473097583923,0.9569452690241608
8533,2020-05-10,0.032393807868769664,0.9676061921312303
8534,2020-05-10,0.019752631196709447,0.9802473688032906
8535,2020-05-10,0.002927983161440384,0.9970720168385596
8536,2020-05-10,0.006275072962933059,0.9937249270370669
8537,2020-05-10,0.0018344180010492206,0.9981655819989508
8539,2020-05-10,0.0033709081935309193,0.9966290918064691
8540,2020-05-10,0.02638359574639404,0.973616404253606
8541,2020-05-10,0.005277348820420524,0.9947226511795795
8542,2020-05-10,0.02820519789108389,0.9717948021089161
8543,2020-05-10,0.007833654451747218,0.9921663455482528
8544,2020-05-10,0.015273318060540886,0.9847266819394591
8545,2020-05-10,0.03249226428165697,0.967507735718343
8546,2020-05-10,0.004716518386884805,0.9952834816131152
8547,2020-05-10,0.01941036732668111,0.9805896326733189
8548,2020-05-10,0.007305711439409612,0.9926942885605904
8549,2020-05-10,0.025261236927273556,0.9747387630727264
8550,2020-05-10,0.16055314280630162,0.8394468571936984
8551,2020-05-10,0.0117730481614845,0.9882269518385155
8552,2020-05-10,0.0063129074402703544,0.9936870925597296
8553,2020-05-10,0.03209998043577278,0.9679000195642272
8554,2020-05-10,0.037712533935055026,0.962287466064945
8555,2020-05-10,0.11416387547831996,0.88583612452168
8556,2020-05-10,0.0027173343663906557,0.9972826656336093
8557,2020-05-10,0.005633576676520868,0.9943664233234791
8558,2020-05-10,0.0011151298936865617,0.9988848701063134
8559,2020-05-10,0.016757619743446805,0.9832423802565532
8560,2020-05-10,0.004856315402725353,0.9951436845972746
8561,2020-05-10,0.018372848398369168,0.9816271516016308
8562,2020-05-10,0.026055243236195236,0.9739447567638048
8564,2020-05-10,0.008623919138564418,0.9913760808614356
8565,2020-05-10,0.009195790764765732,0.9908042092352343
8566,2020-05-10,0.015012075860736718,0.9849879241392633
8567,2020-05-10,0.01825062971242475,0.9817493702875753
8569,2020-05-10,0.0031927235357976924,0.9968072764642023
8570,2020-05-10,0.022869887304460934,0.9771301126955391
8571,2020-05-10,0.010852873468786384,0.9891471265312136
8572,2020-05-10,0.03809136108669209,0.9619086389133079
8573,2020-05-10,0.007586779345243544,0.9924132206547565
8574,2020-05-10,0.024672222150235346,0.9753277778497647
8575,2020-05-10,0.023909635896035897,0.9760903641039641
8576,2020-05-10,0.003783032788888918,0.9962169672111111
8577,2020-05-10,0.0325500078625246,0.9674499921374754
8578,2020-05-10,0.007974452808314547,0.9920255471916855
8579,2020-05-10,0.002481128422583523,0.9975188715774165
8580,2020-05-10,0.012241029516235291,0.9877589704837647
8581,2020-05-10,0.03357636053897339,0.9664236394610266
8582,2020-05-10,0.014760023716521742,0.9852399762834783
8583,2020-05-10,0.03113685582725123,0.9688631441727488
8584,2020-05-10,0.03952229938806573,0.9604777006119343
8586,2020-05-10,0.028930687408512012,0.971069312591488
8587,2020-05-10,0.016844125407099453,0.9831558745929005
8588,2020-05-10,0.03616994626191028,0.9638300537380897
8589,2020-05-10,0.03414400929650696,0.965855990703493
8590,2020-05-10,0.00555347653157634,0.9944465234684237
8591,2020-05-10,0.06456612492777825,0.9354338750722218
8592,2020-05-10,0.01124420146636973,0.9887557985336303
8593,2020-05-10,0.011331451370500067,0.9886685486294999
8594,2020-05-10,0.022598862873454695,0.9774011371265453
8595,2020-05-10,0.010125710833323698,0.9898742891666763
8597,2020-05-10,0.04269507631366187,0.9573049236863381
8598,2020-05-10,0.0026469440575848102,0.9973530559424152
8599,2020-05-10,0.008193278421532835,0.9918067215784672
8600,2020-05-10,0.051851755443570235,0.9481482445564298
8601,2020-05-10,0.0076434849350420775,0.9923565150649579
8603,2020-05-10,0.03506235425777959,0.9649376457422204
8604,2020-05-10,0.007122804038553698,0.9928771959614463
8605,2020-05-10,0.026673526244628265,0.9733264737553717
8607,2020-05-10,0.005513777466475189,0.9944862225335248
8608,2020-05-10,0.011885010122199113,0.9881149898778009
8609,2020-05-10,0.014685884445659103,0.9853141155543409
8610,2020-05-10,0.012948891353657066,0.9870511086463429
8611,2020-05-10,0.0033692896472866662,0.9966307103527133
8612,2020-05-10,0.024257090434402828,0.9757429095655972
8614,2020-05-10,0.0032958699450013063,0.9967041300549987
8615,2020-05-10,0.0313564808822534,0.9686435191177466
8616,2020-05-10,0.01588593279144901,0.984114067208551
8617,2020-05-10,0.009201221878791688,0.9907987781212083
8618,2020-05-10,0.0033386723864543555,0.9966613276135456
8619,2020-05-10,0.007112287450994459,0.9928877125490055
8620,2020-05-10,0.04542027488676725,0.9545797251132327
8621,2020-05-10,0.011502275037782672,0.9884977249622173
8622,2020-05-10,0.004541701826271005,0.995458298173729
8623,2020-05-10,0.018992336848929314,0.9810076631510707
8624,2020-05-10,0.09531125841559351,0.9046887415844065
8625,2020-05-10,0.00502793746147201,0.994972062538528
8626,2020-05-10,0.008463115482268524,0.9915368845177315
8627,2020-05-10,0.06923335173144218,0.9307666482685578
8628,2020-05-10,0.006030317474753355,0.9939696825252466
8629,2020-05-10,0.0029219015873382936,0.9970780984126617
8630,2020-05-10,0.0038690803204030066,0.996130919679597
8631,2020-05-10,0.0028558691125909474,0.997144130887409
8632,2020-05-10,0.018800770328395,0.981199229671605
8633,2020-05-10,0.00770997611884372,0.9922900238811563
8634,2020-05-10,0.0381991443172045,0.9618008556827955
8635,2020-05-10,0.012770951837891897,0.9872290481621081
8636,2020-05-10,0.012525420666098297,0.9874745793339017
8637,2020-05-10,0.0026215824082524986,0.9973784175917475
8638,2020-05-10,0.022697390487957048,0.977302609512043
8639,2020-05-10,0.010727087256531709,0.9892729127434683
8640,2020-05-10,0.002336277248332852,0.9976637227516671
8641,2020-05-10,0.05180241557703624,0.9481975844229638
8642,2020-05-10,0.016980508491785784,0.9830194915082142
8643,2020-05-10,0.03817827666007434,0.9618217233399257
8644,2020-05-10,0.007248529599463316,0.9927514704005367
8645,2020-05-10,0.012490859314104874,0.9875091406858951
8646,2020-05-10,0.024992581101759503,0.9750074188982405
8647,2020-05-10,0.0026237869544595283,0.9973762130455405
8648,2020-05-10,0.0141870757290955,0.9858129242709045
8649,2020-05-10,0.013383911253476266,0.9866160887465237
8650,2020-05-10,0.016121197308571422,0.9838788026914286
8651,2020-05-10,0.05592800047247837,0.9440719995275216
8652,2020-05-10,0.017578387224728376,0.9824216127752716
8653,2020-05-10,0.013409364313296424,0.9865906356867036
8654,2020-05-10,0.0772236636977206,0.9227763363022794
8657,2020-05-10,0.01818101671584449,0.9818189832841555
8659,2020-05-10,0.00741471134495586,0.9925852886550441
8660,2020-05-10,0.009470401812047724,0.9905295981879523
8661,2020-05-10,0.02802279819342346,0.9719772018065765
8662,2020-05-10,0.007067242298600007,0.9929327577014
8663,2020-05-10,0.008240653538583276,0.9917593464614167
8665,2020-05-10,0.01352853131705023,0.9864714686829498
8666,2020-05-10,0.006387394492708975,0.993612605507291
8667,2020-05-10,0.026482783299634716,0.9735172167003653
8669,2020-05-10,0.005087583514553851,0.9949124164854461
8671,2020-05-10,0.008897692601829377,0.9911023073981706
8672,2020-05-10,0.017155448280076535,0.9828445517199235
8673,2020-05-10,0.02500038195895815,0.9749996180410418
8674,2020-05-10,0.00829443713498057,0.9917055628650194
8675,2020-05-10,0.0034854079676125416,0.9965145920323875
8676,2020-05-10,0.024557912512463864,0.9754420874875361
8677,2020-05-10,0.014321701303537493,0.9856782986964625
8679,2020-05-10,0.030760713247623306,0.9692392867523767
8681,2020-05-10,0.05498252645296153,0.9450174735470385
8682,2020-05-10,0.03591595078438781,0.9640840492156122
8683,2020-05-10,0.015616032945670821,0.9843839670543292
8684,2020-05-10,0.007792871798718681,0.9922071282012813
8685,2020-05-10,0.01015897642186514,0.9898410235781349
8686,2020-05-10,0.011632444292867139,0.9883675557071329
8687,2020-05-10,0.019462145982391266,0.9805378540176087
8688,2020-05-10,0.03648520180167136,0.9635147981983286
8689,2020-05-10,0.022645600708898872,0.9773543992911011
8691,2020-05-10,0.04570158752421272,0.9542984124757873
8692,2020-05-10,0.006873108112184445,0.9931268918878156
8693,2020-05-10,0.041167974204117996,0.958832025795882
8694,2020-05-10,0.06345483120580031,0.9365451687941997
8695,2020-05-10,0.009958523766798955,0.990041476233201
8696,2020-05-10,0.010436943229883422,0.9895630567701166
8697,2020-05-10,0.03997857226274204,0.960021427737258
8698,2020-05-10,0.01472455372654169,0.9852754462734583
8699,2020-05-10,0.0044630681286700336,0.99553693187133
8700,2020-05-10,0.012197641000900594,0.9878023589990994
8702,2020-05-10,0.018418936010530684,0.9815810639894693
8703,2020-05-10,0.04011168282478461,0.9598883171752154
8704,2020-05-10,0.015894358465717073,0.9841056415342829
8706,2020-05-10,0.018781164101374426,0.9812188358986256
8707,2020-05-10,0.006021707141874444,0.9939782928581256
8708,2020-05-10,0.010190536363152591,0.9898094636368474
8709,2020-05-10,0.07231429240985454,0.9276857075901455
8710,2020-05-10,0.026054777657637085,0.9739452223423629
8711,2020-05-10,0.002040604740098706,0.9979593952599013
8712,2020-05-10,0.018180501676586136,0.9818194983234139
8713,2020-05-10,0.017508538474762747,0.9824914615252373
8714,2020-05-10,0.06735404605702178,0.9326459539429782
8715,2020-05-10,0.0302064755947975,0.9697935244052025
8716,2020-05-10,0.030724411481107383,0.9692755885188926
8717,2020-05-10,0.002307291571878811,0.9976927084281212
8718,2020-05-10,0.008866472628091815,0.9911335273719082
8719,2020-05-10,0.008994693043127278,0.9910053069568727
8720,2020-05-10,0.03100841273964894,0.9689915872603511
8721,2020-05-10,0.02321049719533519,0.9767895028046648
8722,2020-05-10,0.018522993660196718,0.9814770063398033
8723,2020-05-10,0.046235663692012374,0.9537643363079876
8724,2020-05-10,0.005342339536216101,0.9946576604637839
8725,2020-05-10,0.022527642862467556,0.9774723571375324
8726,2020-05-10,0.02347841513660709,0.9765215848633929
8727,2020-05-10,0.020404432904322367,0.9795955670956776
8728,2020-05-10,0.011372070896645825,0.9886279291033542
8729,2020-05-10,0.01506509563249725,0.9849349043675028
8730,2020-05-10,0.08095540236008802,0.919044597639912
8731,2020-05-10,0.007851990936882158,0.9921480090631178
8732,2020-05-10,0.047161370647812784,0.9528386293521872
8733,2020-05-10,0.022066591520128243,0.9779334084798718
8734,2020-05-10,0.012085355344385262,0.9879146446556147
8735,2020-05-10,0.011559165031313712,0.9884408349686863
8737,2020-05-10,0.034184153294309905,0.9658158467056901
8738,2020-05-10,0.018275059876578514,0.9817249401234215
8739,2020-05-10,0.029053496853193805,0.9709465031468062
8741,2020-05-10,0.03985523762451437,0.9601447623754856
8742,2020-05-10,0.008993705055666212,0.9910062949443338
8743,2020-05-10,0.015326158555325042,0.984673841444675
8744,2020-05-10,0.02123689428598985,0.9787631057140102
8745,2020-05-10,0.0051673918206220915,0.9948326081793779
8746,2020-05-10,0.03339528135004033,0.9666047186499597
8747,2020-05-10,0.007985337982161611,0.9920146620178384
8749,2020-05-10,0.010254460694452905,0.9897455393055471
8751,2020-05-10,0.029271313119790032,0.97072868688021
8752,2020-05-10,0.02256486013043235,0.9774351398695676
8753,2020-05-10,0.03871011477775177,0.9612898852222482
8754,2020-05-10,0.024447337738963126,0.9755526622610369
8755,2020-05-10,0.003596842841953385,0.9964031571580466
8756,2020-05-10,0.0067752177495763455,0.9932247822504237
8757,2020-05-10,0.03388450264913068,0.9661154973508693
8758,2020-05-10,0.011719187968746714,0.9882808120312533
8759,2020-05-10,0.050776384493568916,0.9492236155064311
8760,2020-05-10,0.006101096982999654,0.9938989030170003
8761,2020-05-10,0.04531070329105613,0.9546892967089439
8762,2020-05-10,0.013592240172120573,0.9864077598278794
8763,2020-05-10,0.009704347411103376,0.9902956525888966
8764,2020-05-10,0.019625318532899727,0.9803746814671003
8765,2020-05-10,0.03440435872912695,0.965595641270873
8768,2020-05-10,0.0142174497139671,0.9857825502860329
8769,2020-05-10,0.06438679439626527,0.9356132056037347
8770,2020-05-10,0.025800901516816688,0.9741990984831833
8771,2020-05-10,0.015022734035082252,0.9849772659649177
8773,2020-05-10,0.02533721765946051,0.9746627823405395
8774,2020-05-10,0.0376800539359079,0.9623199460640921
8775,2020-05-10,0.013551485965907162,0.9864485140340928
8776,2020-05-10,0.017108300327851156,0.9828916996721488
8777,2020-05-10,0.004524319801459953,0.99547568019854
8779,2020-05-10,0.03895329386934743,0.9610467061306526
8780,2020-05-10,0.05145373195333902,0.948546268046661
8781,2020-05-10,0.02251009913279023,0.9774899008672098
8782,2020-05-10,0.012697358926622493,0.9873026410733775
8783,2020-05-10,0.05006404945806242,0.9499359505419376
8784,2020-05-10,0.03779450859724598,0.962205491402754
8785,2020-05-10,0.0034905627055157318,0.9965094372944843
8787,2020-05-10,0.00744561139492006,0.9925543886050799
8788,2020-05-10,0.045561540896072006,0.954438459103928
8790,2020-05-10,0.008515241602896517,0.9914847583971035
8791,2020-05-10,0.05913051644070044,0.9408694835592996
8792,2020-05-10,0.011018530517450498,0.9889814694825495
8793,2020-05-10,0.011146651499904792,0.9888533485000952
8794,2020-05-10,0.03695573681744746,0.9630442631825525
8795,2020-05-10,0.008869005820181464,0.9911309941798185
8796,2020-05-10,0.011177975904121062,0.9888220240958789
8797,2020-05-10,0.02551968674263505,0.974480313257365
8798,2020-05-10,0.03487053750013258,0.9651294624998674
8799,2020-05-10,0.01840665570124056,0.9815933442987594
8800,2020-05-10,0.002737965271934595,0.9972620347280654
8802,2020-05-10,0.05950365709765004,0.94049634290235
8803,2020-05-10,0.010967341679366971,0.989032658320633
8805,2020-05-10,0.02672456101242826,0.9732754389875717
8806,2020-05-10,0.009174268593252655,0.9908257314067473
8807,2020-05-10,0.016318479840386813,0.9836815201596132
8809,2020-05-10,0.006816783235255475,0.9931832167647445
8810,2020-05-10,0.004536935765775851,0.9954630642342241
8811,2020-05-10,0.014902586552826502,0.9850974134471735
8812,2020-05-10,0.008944154776024393,0.9910558452239756
8813,2020-05-10,0.013720530588228974,0.986279469411771
8814,2020-05-10,0.02382963999659704,0.976170360003403
8815,2020-05-10,0.014410533065871256,0.9855894669341287
8816,2020-05-10,0.018156996554683613,0.9818430034453164
8817,2020-05-10,0.0039032666438295616,0.9960967333561704
8818,2020-05-10,0.014737033514491404,0.9852629664855086
8819,2020-05-10,0.06771544503453242,0.9322845549654676
8820,2020-05-10,0.016461536369575924,0.9835384636304241
8821,2020-05-10,0.0033741869555709014,0.9966258130444291
8822,2020-05-10,0.025598634853880253,0.9744013651461197
8823,2020-05-10,0.023769775172579055,0.976230224827421
8824,2020-05-10,0.023288179942606235,0.9767118200573938
8825,2020-05-10,0.00305197268541213,0.9969480273145879
8826,2020-05-10,0.0475450131902585,0.9524549868097415
8827,2020-05-10,0.010664288858961202,0.9893357111410388
8828,2020-05-10,0.005844072487666607,0.9941559275123334
8829,2020-05-10,0.0016289922092889153,0.9983710077907111
8831,2020-05-10,0.03673614440512052,0.9632638555948795
8832,2020-05-10,0.019568423194634366,0.9804315768053656
8833,2020-05-10,0.003715565483796812,0.9962844345162032
8834,2020-05-10,0.018202914811273452,0.9817970851887265
8835,2020-05-10,0.06765262238640857,0.9323473776135914
8836,2020-05-10,0.011490501905442319,0.9885094980945577
8837,2020-05-10,0.01266924980965023,0.9873307501903498
8838,2020-05-10,0.004065178040944417,0.9959348219590556
8840,2020-05-10,0.05984647815858879,0.9401535218414112
8841,2020-05-10,0.014419202448395563,0.9855807975516044
8842,2020-05-10,0.011655207465748663,0.9883447925342513
8843,2020-05-10,0.04352154196595637,0.9564784580340436
8844,2020-05-10,0.02137751337953997,0.97862248662046
8845,2020-05-10,0.005384421430622233,0.9946155785693778
8846,2020-05-10,0.011667772304672752,0.9883322276953272
8848,2020-05-10,0.05045670008358227,0.9495432999164177
8849,2020-05-10,0.012462118657691756,0.9875378813423082
8850,2020-05-10,0.007857436958791708,0.9921425630412083
8851,2020-05-10,0.04271005561486063,0.9572899443851394
8852,2020-05-10,0.009976250426728672,0.9900237495732713
8853,2020-05-10,0.015297966134092067,0.9847020338659079
8854,2020-05-10,0.0068793730587910495,0.993120626941209
8856,2020-05-10,0.007404619398032719,0.9925953806019673
8857,2020-05-10,0.005568506778011462,0.9944314932219885
8858,2020-05-10,0.027191342469364055,0.972808657530636
8859,2020-05-10,0.028113915122582767,0.9718860848774172
8860,2020-05-10,0.011492966416128403,0.9885070335838716
8861,2020-05-10,0.002219468968790772,0.9977805310312092
8862,2020-05-10,0.023829826215612582,0.9761701737843874
8863,2020-05-10,0.009337031560458064,0.9906629684395419
8864,2020-05-10,0.039142342628412874,0.9608576573715871
8865,2020-05-10,0.004017292347244239,0.9959827076527558
8866,2020-05-10,0.0010262850918096866,0.9989737149081903
8867,2020-05-10,0.009388506835191546,0.9906114931648085
8868,2020-05-10,0.015105575440036878,0.9848944245599631
8869,2020-05-10,0.030602625044260923,0.9693973749557391
8870,2020-05-10,0.0017034450389254996,0.9982965549610745
8871,2020-05-10,0.0206966208742988,0.9793033791257012
8872,2020-05-10,0.004505695188851466,0.9954943048111485
8873,2020-05-10,0.004696648719528684,0.9953033512804713
8874,2020-05-10,0.01334395650751019,0.9866560434924898
8876,2020-05-10,0.015283159855456252,0.9847168401445437
8877,2020-05-10,0.009195732645400856,0.9908042673545991
8878,2020-05-10,0.03827382026627746,0.9617261797337225
8879,2020-05-10,0.0051629729618005715,0.9948370270381994
8881,2020-05-10,0.005755172649855145,0.9942448273501449
8882,2020-05-10,0.07639737583334327,0.9236026241666567
8883,2020-05-10,0.01075259888695379,0.9892474011130462
8884,2020-05-10,0.031136482227958062,0.9688635177720419
8885,2020-05-10,0.05116696124492626,0.9488330387550737
8886,2020-05-10,0.005758926314241908,0.9942410736857581
8887,2020-05-10,0.0029097853624737713,0.9970902146375262
8888,2020-05-10,0.016828403287927785,0.9831715967120722
8889,2020-05-10,0.057430543799786515,0.9425694562002135
8890,2020-05-10,0.017122972482380705,0.9828770275176193
8891,2020-05-10,0.01789730753384211,0.9821026924661579
8892,2020-05-10,0.005686163945725964,0.994313836054274
8893,2020-05-10,0.020717578979840057,0.9792824210201599
8894,2020-05-10,0.01898213009115568,0.9810178699088443
8895,2020-05-10,0.04073611157336121,0.9592638884266388
8896,2020-05-10,0.009509866607363637,0.9904901333926364
8898,2020-05-10,0.012497081620997608,0.9875029183790024
8899,2020-05-10,0.007142513504753256,0.9928574864952467
8900,2020-05-10,0.0015971783488276659,0.9984028216511723
8901,2020-05-10,0.012656964424126005,0.987343035575874
8902,2020-05-10,0.01774987880890133,0.9822501211910987
8903,2020-05-10,0.0107697913016922,0.9892302086983078
8904,2020-05-10,0.00676209673749284,0.9932379032625072
8905,2020-05-10,0.014286124979473791,0.9857138750205262
8906,2020-05-10,0.07903288978847,0.92096711021153
8907,2020-05-10,0.024591690816695655,0.9754083091833043
8909,2020-05-10,0.023893744223322244,0.9761062557766778
8910,2020-05-10,0.0013300447826979367,0.9986699552173021
8911,2020-05-10,0.01131186208999102,0.988688137910009
8912,2020-05-10,0.007484657135357398,0.9925153428646426
8913,2020-05-10,0.004397956989936502,0.9956020430100635
8914,2020-05-10,0.008429434330576746,0.9915705656694233
8915,2020-05-10,0.03745818336307194,0.9625418166369281
8916,2020-05-10,0.0361580521976409,0.9638419478023591
8917,2020-05-10,0.013214864059840292,0.9867851359401597
8918,2020-05-10,0.055105751417743654,0.9448942485822563
8919,2020-05-10,0.025209189983481983,0.974790810016518
8920,2020-05-10,0.006989636745641681,0.9930103632543583
8921,2020-05-10,0.01390563953775903,0.986094360462241
8922,2020-05-10,0.0050867396854330504,0.994913260314567
8924,2020-05-10,0.02722622726990853,0.9727737727300915
8925,2020-05-10,0.018893655529626185,0.9811063444703738
8926,2020-05-10,0.027255476509026266,0.9727445234909737
8927,2020-05-10,0.04097823372323306,0.9590217662767669
8929,2020-05-10,0.010426751387769273,0.9895732486122307
8930,2020-05-10,0.020914378002061418,0.9790856219979386
8931,2020-05-10,0.006497697470225883,0.9935023025297741
8932,2020-05-10,0.008403687780546898,0.9915963122194531
8933,2020-05-10,0.0033986292408766383,0.9966013707591234
8935,2020-05-10,0.03154787333895681,0.9684521266610432
8936,2020-05-10,0.04568030638036524,0.9543196936196348
8937,2020-05-10,0.03942514986987378,0.9605748501301262
8938,2020-05-10,0.0044618257380032444,0.9955381742619968
8939,2020-05-10,0.0070089817029336254,0.9929910182970664
8940,2020-05-10,0.00861725377364686,0.9913827462263531
8941,2020-05-10,0.004163903516017253,0.9958360964839827
8942,2020-05-10,0.021395431966628187,0.9786045680333718
8943,2020-05-10,0.007772710052944443,0.9922272899470556
8944,2020-05-10,0.009382665976708449,0.9906173340232916
8945,2020-05-10,0.008509805552472272,0.9914901944475277
8946,2020-05-10,0.05852124503316514,0.9414787549668349
8947,2020-05-10,0.004615309319099148,0.9953846906809009
8948,2020-05-10,0.004453525193281349,0.9955464748067187
8949,2020-05-10,0.06084630683536618,0.9391536931646338
8950,2020-05-10,0.014773431086433919,0.9852265689135661
8951,2020-05-10,0.00657765560266188,0.9934223443973381
8952,2020-05-10,0.06932563902418798,0.930674360975812
8953,2020-05-10,0.019114248409987766,0.9808857515900122
8954,2020-05-10,0.01717823973713417,0.9828217602628658
8956,2020-05-10,0.05223130271083565,0.9477686972891644
8958,2020-05-10,0.029775696395675344,0.9702243036043247
8959,2020-05-10,0.013403097562937338,0.9865969024370627
8960,2020-05-10,0.014909099898282707,0.9850909001017173
8961,2020-05-10,0.009216857539012357,0.9907831424609876
8962,2020-05-10,0.02219749237563251,0.9778025076243675
8963,2020-05-10,0.0019647202053770796,0.9980352797946229
8964,2020-05-10,0.004665814236020749,0.9953341857639793
8965,2020-05-10,0.0017330439507391437,0.9982669560492609
8966,2020-05-10,0.01543214665520698,0.984567853344793
8967,2020-05-10,0.005007236006788762,0.9949927639932112
8968,2020-05-10,0.012721987112911282,0.9872780128870887
8969,2020-05-10,0.005890010452592742,0.9941099895474073
8970,2020-05-10,0.00790092878952553,0.9920990712104745
8971,2020-05-10,0.07774407049359289,0.9222559295064071
8972,2020-05-10,0.035185302475249536,0.9648146975247505
8973,2020-05-10,0.015224511892250825,0.9847754881077492
8974,2020-05-10,0.020529393590697942,0.9794706064093021
8975,2020-05-10,0.02298836339330479,0.9770116366066952
8977,2020-05-10,0.03183212680147096,0.968167873198529
8978,2020-05-10,0.003551802259667336,0.9964481977403327
8979,2020-05-10,0.004209600363058286,0.9957903996369417
8980,2020-05-10,0.02376589118013639,0.9762341088198636
8981,2020-05-10,0.007167141489721973,0.992832858510278
8982,2020-05-10,0.0033735237800908147,0.9966264762199092
8984,2020-05-10,0.02087539950563755,0.9791246004943625
8985,2020-05-10,0.005311512399445162,0.9946884876005548
8987,2020-05-10,0.017542655661267004,0.982457344338733
8988,2020-05-10,0.007507479904093506,0.9924925200959065
8989,2020-05-10,0.011227474641810287,0.9887725253581897
8990,2020-05-10,0.02094074351102937,0.9790592564889706
8991,2020-05-10,0.02089403160075687,0.9791059683992431
8992,2020-05-10,0.05994309826654043,0.9400569017334596
8993,2020-05-10,0.049448229547269684,0.9505517704527303
8994,2020-05-10,0.0055603711698831715,0.9944396288301168
8995,2020-05-10,0.026790895582834318,0.9732091044171657
8997,2020-05-10,0.020423823485155923,0.9795761765148441
8998,2020-05-10,0.0265136342378125,0.9734863657621875
8999,2020-05-10,0.0038346937147836213,0.9961653062852164
9000,2020-05-10,0.013755661684187848,0.9862443383158122
9001,2020-05-10,0.013490198685875754,0.9865098013141242
9002,2020-05-10,0.022376559717621536,0.9776234402823785
9003,2020-05-10,0.007582541093293371,0.9924174589067066
9005,2020-05-10,0.028014585426669236,0.9719854145733308
9006,2020-05-10,0.020879211631246286,0.9791207883687537
9007,2020-05-10,0.0013875305160171436,0.9986124694839829
9008,2020-05-10,0.06344345217128877,0.9365565478287112
9009,2020-05-10,0.08147237868439128,0.9185276213156087
9010,2020-05-10,0.025933191193662775,0.9740668088063372
9011,2020-05-10,0.023975891568509433,0.9760241084314906
9012,2020-05-10,0.03675425010099964,0.9632457498990004
9013,2020-05-10,0.030795369075111045,0.969204630924889
9014,2020-05-10,0.06228938492971847,0.9377106150702815
9015,2020-05-10,0.020849814121366994,0.979150185878633
9016,2020-05-10,0.011384359625635665,0.9886156403743643
9017,2020-05-10,0.016320132661036935,0.9836798673389631
9018,2020-05-10,0.02593745835796757,0.9740625416420324
9019,2020-05-10,0.07140108791542743,0.9285989120845726
9020,2020-05-10,0.020161948293259235,0.9798380517067408
9022,2020-05-10,0.05980930627809622,0.9401906937219038
9023,2020-05-10,0.005025077055150429,0.9949749229448496
9024,2020-05-10,0.05895049701376598,0.941049502986234
9025,2020-05-10,0.012302197506829038,0.987697802493171
9026,2020-05-10,0.007102608600655813,0.9928973913993442
9027,2020-05-10,0.05563200684804048,0.9443679931519595
9028,2020-05-10,0.010814837958110557,0.9891851620418894
9029,2020-05-10,0.002832152928004872,0.9971678470719951
9030,2020-05-10,0.014218499558006137,0.9857815004419939
9031,2020-05-10,0.01790274215997789,0.9820972578400221
9032,2020-05-10,0.009159685383950844,0.9908403146160492
9034,2020-05-10,0.012062361583942693,0.9879376384160573
9035,2020-05-10,0.03151587314830573,0.9684841268516943
9037,2020-05-10,0.01594521031507079,0.9840547896849292
9038,2020-05-10,0.050473650942496895,0.9495263490575031
9039,2020-05-10,0.0033048909543714755,0.9966951090456285
9040,2020-05-10,0.013367057825517614,0.9866329421744824
9041,2020-05-10,0.008346626625074127,0.9916533733749259
9042,2020-05-10,0.02416248069747462,0.9758375193025254
9044,2020-05-10,0.0023159021799432633,0.9976840978200567
9045,2020-05-10,0.02821120641059982,0.9717887935894002
9046,2020-05-10,0.007341548308932633,0.9926584516910674
9047,2020-05-10,0.007964113930823524,0.9920358860691765
9048,2020-05-10,0.008769119480229182,0.9912308805197708
9049,2020-05-10,0.0023314537295943127,0.9976685462704057
9050,2020-05-10,0.036086292931885144,0.9639137070681149
9051,2020-05-10,0.03751398581524701,0.962486014184753
9052,2020-05-10,0.011112575856635942,0.9888874241433641
9053,2020-05-10,0.021255364013420652,0.9787446359865793
9054,2020-05-10,0.01901438823497148,0.9809856117650285
9055,2020-05-10,0.011265159773554911,0.9887348402264451
9056,2020-05-10,0.015031092920719136,0.9849689070792809
9057,2020-05-10,0.012845247653089364,0.9871547523469106
9058,2020-05-10,0.013876345341579777,0.9861236546584202
9059,2020-05-10,0.018383844261370297,0.9816161557386297
9060,2020-05-10,0.03250762639201821,0.9674923736079818
9061,2020-05-10,0.019491939576720574,0.9805080604232794
9062,2020-05-10,0.0048167864420548545,0.9951832135579451
9063,2020-05-10,0.034318813237578794,0.9656811867624212
9064,2020-05-10,0.007728398075842247,0.9922716019241578
9065,2020-05-10,0.010701695686556656,0.9892983043134433
9066,2020-05-10,0.014891866069142501,0.9851081339308575
9067,2020-05-10,0.014213467003251101,0.9857865329967489
9068,2020-05-10,0.00922877057002236,0.9907712294299776
9069,2020-05-10,0.04684724290959141,0.9531527570904086
9071,2020-05-10,0.02636811776798953,0.9736318822320105
9072,2020-05-10,0.037048578442947844,0.9629514215570522
9073,2020-05-10,0.0078164019895407,0.9921835980104593
9074,2020-05-10,0.006545110072406879,0.9934548899275931
9075,2020-05-10,0.024306200546368895,0.9756937994536311
9076,2020-05-10,0.01574928892533456,0.9842507110746654
9077,2020-05-10,0.025376282399634853,0.9746237176003651
9078,2020-05-10,0.009737242374889044,0.990262757625111
9079,2020-05-10,0.007461907236250398,0.9925380927637496
9080,2020-05-10,0.017566823857040226,0.9824331761429598
9081,2020-05-10,0.05036305987378431,0.9496369401262157
9082,2020-05-10,0.026409855738383503,0.9735901442616165
9083,2020-05-10,0.03272348758258947,0.9672765124174105
9084,2020-05-10,0.016971249706537073,0.9830287502934629
9085,2020-05-10,0.010692971854689315,0.9893070281453107
9086,2020-05-10,0.03292006762710864,0.9670799323728914
9088,2020-05-10,0.022467914787626997,0.977532085212373
9089,2020-05-10,0.004747570821255098,0.9952524291787449
9090,2020-05-10,0.030836913920878284,0.9691630860791217
9091,2020-05-10,0.025605093557126368,0.9743949064428736
9092,2020-05-10,0.033927032954719105,0.9660729670452809
9093,2020-05-10,0.008323889003139517,0.9916761109968605
9094,2020-05-10,0.005738201429258849,0.9942617985707412
9095,2020-05-10,0.019154116952196043,0.980845883047804
9096,2020-05-10,0.023782585762161523,0.9762174142378385
9097,2020-05-10,0.016696088479695947,0.983303911520304
9098,2020-05-10,0.007219516804276349,0.9927804831957237
9099,2020-05-10,0.010630694066078306,0.9893693059339217
9100,2020-05-10,0.00416761977662139,0.9958323802233786
9101,2020-05-10,0.013186182056988183,0.9868138179430118
9102,2020-05-10,0.00372055454624598,0.996279445453754
9103,2020-05-10,0.023288418433671576,0.9767115815663284
9104,2020-05-10,0.002913332699270521,0.9970866673007295
9105,2020-05-10,0.011298887001306324,0.9887011129986937
9106,2020-05-10,0.010556246210574827,0.9894437537894252
9107,2020-05-10,0.009003428133974145,0.9909965718660259
9108,2020-05-10,0.016406267811803543,0.9835937321881965
9109,2020-05-10,0.023615376311956537,0.9763846236880435
9110,2020-05-10,0.0427731338032592,0.9572268661967408
9111,2020-05-10,0.021339595003005085,0.9786604049969949
9112,2020-05-10,0.012270006160216451,0.9877299938397835
9113,2020-05-10,0.003618607114805994,0.996381392885194
9114,2020-05-10,0.023163542028763362,0.9768364579712366
9115,2020-05-10,0.019381889532996355,0.9806181104670036
9116,2020-05-10,0.011331186898448697,0.9886688131015513
9117,2020-05-10,0.02480916065725003,0.97519083934275
9118,2020-05-10,0.02779311331561385,0.9722068866843862
9119,2020-05-10,0.011624018061718866,0.9883759819382811
9120,2020-05-10,0.01925692206192786,0.9807430779380721
9121,2020-05-10,0.003425925692747578,0.9965740743072524
9124,2020-05-10,0.014684279073618134,0.9853157209263819
9125,2020-05-10,0.006723269913668006,0.993276730086332
9126,2020-05-10,0.01954098961645545,0.9804590103835445
9128,2020-05-10,0.0056343341703528615,0.9943656658296471
9129,2020-05-10,0.017753057851759402,0.9822469421482406
9130,2020-05-10,0.010761048868851875,0.9892389511311481
9131,2020-05-10,0.008625338800387516,0.9913746611996125
9133,2020-05-10,0.0467099438635139,0.9532900561364861
9134,2020-05-10,0.01908564330620155,0.9809143566937985
9135,2020-05-10,0.006221445537882064,0.9937785544621179
9136,2020-05-10,0.01377781557753155,0.9862221844224685
9137,2020-05-10,0.011286895243801665,0.9887131047561983
9138,2020-05-10,0.013225270140775458,0.9867747298592245
9139,2020-05-10,0.014363047837355092,0.9856369521626449
9140,2020-05-10,0.00883332959177896,0.991166670408221
9141,2020-05-10,0.003999081922901437,0.9960009180770986
9142,2020-05-10,0.010439144245832366,0.9895608557541676
9144,2020-05-10,0.051803970257047194,0.9481960297429528
9145,2020-05-10,0.03887986377126407,0.9611201362287359
9146,2020-05-10,0.012023198095041487,0.9879768019049585
9147,2020-05-10,0.004508630181881856,0.9954913698181181
9148,2020-05-10,0.01022442202169005,0.98977557797831
9149,2020-05-10,0.005618398283096737,0.9943816017169033
9150,2020-05-10,0.011540800952412722,0.9884591990475873
9151,2020-05-10,0.01194465275296186,0.9880553472470381
9152,2020-05-10,0.04462203802198317,0.9553779619780168
9153,2020-05-10,0.034905281497827456,0.9650947185021725
9154,2020-05-10,0.013574020389595542,0.9864259796104045
9155,2020-05-10,0.01897872186747185,0.9810212781325282
9156,2020-05-10,0.016579195050017037,0.983420804949983
9158,2020-05-10,0.006343564595527429,0.9936564354044726
9159,2020-05-10,0.01961772680768159,0.9803822731923184
9160,2020-05-10,0.008815719865193916,0.9911842801348061
9161,2020-05-10,0.009107686485768984,0.990892313514231
9162,2020-05-10,0.007724745344451223,0.9922752546555488
9164,2020-05-10,0.0036578431672574796,0.9963421568327425
9165,2020-05-10,0.01243039285810954,0.9875696071418905
9166,2020-05-10,0.004654690754039237,0.9953453092459608
9167,2020-05-10,0.07442802497972945,0.9255719750202706
9168,2020-05-10,0.017842639427929186,0.9821573605720708
9169,2020-05-10,0.006177077213220694,0.9938229227867793
9170,2020-05-10,0.027374818505503717,0.9726251814944963
9171,2020-05-10,0.0736624510055216,0.9263375489944784
9174,2020-05-10,0.009187676352476748,0.9908123236475233
9175,2020-05-10,0.016167883075986267,0.9838321169240137
9176,2020-05-10,0.026490663909206957,0.973509336090793
9177,2020-05-10,0.018145576038790412,0.9818544239612096
9178,2020-05-10,0.04185361380331587,0.9581463861966841
9179,2020-05-10,0.0244988540732457,0.9755011459267543
9180,2020-05-10,0.005945069549743054,0.994054930450257
9181,2020-05-10,0.022019938972161146,0.9779800610278389
9182,2020-05-10,0.011248435611959096,0.9887515643880409
9183,2020-05-10,0.004656851298573961,0.995343148701426
9184,2020-05-10,0.0077070815950159854,0.992292918404984
9185,2020-05-10,0.0038456426755201223,0.9961543573244799
9186,2020-05-10,0.020735352369388282,0.9792646476306117
9187,2020-05-10,0.027678970428143268,0.9723210295718567
9188,2020-05-10,0.005399252727180115,0.9946007472728199
9189,2020-05-10,0.0032810393967690477,0.996718960603231
9190,2020-05-10,0.0040335192650478024,0.9959664807349522
9191,2020-05-10,0.020748165381511252,0.9792518346184887
9194,2020-05-10,0.0029296105210386836,0.9970703894789613
9195,2020-05-10,0.03476549391166339,0.9652345060883366
9196,2020-05-10,0.005502328503460774,0.9944976714965392
9197,2020-05-10,0.05303967605283011,0.9469603239471699
9198,2020-05-10,0.027343892027640426,0.9726561079723596
9199,2020-05-10,0.057470850802772366,0.9425291491972276
9201,2020-05-10,0.014617026304309833,0.9853829736956902
9202,2020-05-10,0.015200756879744537,0.9847992431202555
9203,2020-05-10,0.009913678525166447,0.9900863214748336
9204,2020-05-10,0.012786726145048943,0.9872132738549511
9205,2020-05-10,0.041772459556343455,0.9582275404436565
9206,2020-05-10,0.08143299287329375,0.9185670071267062
9208,2020-05-10,0.011927043218341815,0.9880729567816582
9209,2020-05-10,0.011551041077776714,0.9884489589222233
9210,2020-05-10,0.015082029657437435,0.9849179703425626
9211,2020-05-10,0.033889264892298154,0.9661107351077018
9212,2020-05-10,0.030045992344492012,0.969954007655508
9214,2020-05-10,0.012955412607065564,0.9870445873929344
9215,2020-05-10,0.007822139988724719,0.9921778600112753
9216,2020-05-10,0.03296258637983551,0.9670374136201645
9217,2020-05-10,0.01699986700038203,0.983000132999618
9218,2020-05-10,0.007110574665804781,0.9928894253341952
9219,2020-05-10,0.004831743849519898,0.9951682561504801
9220,2020-05-10,0.034651148154778655,0.9653488518452213
9221,2020-05-10,0.01757507204214548,0.9824249279578545
9222,2020-05-10,0.01756302275096755,0.9824369772490325
9223,2020-05-10,0.016190092433183367,0.9838099075668166
9224,2020-05-10,0.029099250720391767,0.9709007492796082
9225,2020-05-10,0.007361795857130482,0.9926382041428695
9226,2020-05-10,0.0627589723289863,0.9372410276710137
9227,2020-05-10,0.04681553911233416,0.9531844608876658
9228,2020-05-10,0.03638996882143475,0.9636100311785653
9229,2020-05-10,0.004444410165518442,0.9955555898344816
9230,2020-05-10,0.1334040165743583,0.8665959834256417
9231,2020-05-10,0.007463957770205698,0.9925360422297943
9232,2020-05-10,0.011554880206336549,0.9884451197936635
9233,2020-05-10,0.010153679783517111,0.9898463202164829
9234,2020-05-10,0.02214416894566973,0.9778558310543303
9235,2020-05-10,0.025600188059312412,0.9743998119406876
9236,2020-05-10,0.022746533862583962,0.977253466137416
9237,2020-05-10,0.03358318916748837,0.9664168108325116
9238,2020-05-10,0.02290179393332248,0.9770982060666775
9239,2020-05-10,0.011923464529480787,0.9880765354705192
9240,2020-05-10,0.0113694788461568,0.9886305211538432
9241,2020-05-10,0.014917973877479174,0.9850820261225208
9242,2020-05-10,0.08344383461778826,0.9165561653822117
9243,2020-05-10,0.029949743182667077,0.9700502568173329
9244,2020-05-10,0.025733732954788757,0.9742662670452112
9245,2020-05-10,0.0036727256364122995,0.9963272743635877
9246,2020-05-10,0.050355033850794984,0.949644966149205
9247,2020-05-10,0.013621726196060835,0.9863782738039392
9248,2020-05-10,0.017216045029107008,0.982783954970893
9249,2020-05-10,0.04075000133544415,0.9592499986645558
9251,2020-05-10,0.013020550584034507,0.9869794494159655
9252,2020-05-10,0.01699680885677568,0.9830031911432243
9253,2020-05-10,0.008539189678727133,0.9914608103212729
9254,2020-05-10,0.013654288470964948,0.986345711529035
9255,2020-05-10,0.02029572852682482,0.9797042714731752
9257,2020-05-10,0.008210551305818492,0.9917894486941815
9258,2020-05-10,0.018025271211648985,0.981974728788351
9259,2020-05-10,0.03271668759412283,0.9672833124058772
9260,2020-05-10,0.14676186456864315,0.8532381354313568
9261,2020-05-10,0.0008793891385935337,0.9991206108614065
9262,2020-05-10,0.018703048842946934,0.9812969511570531
9263,2020-05-10,0.024649844539403776,0.9753501554605962
9264,2020-05-10,0.019519818383134657,0.9804801816168653
9265,2020-05-10,0.012458314241416302,0.9875416857585837
9266,2020-05-10,0.02769699959087346,0.9723030004091265
9267,2020-05-10,0.017310153811696316,0.9826898461883037
9268,2020-05-10,0.00897113296268226,0.9910288670373177
9269,2020-05-10,0.016013390447567333,0.9839866095524327
9271,2020-05-10,0.023432212528164187,0.9765677874718358
9272,2020-05-10,0.030294634802562448,0.9697053651974376
9274,2020-05-10,0.011874354109331686,0.9881256458906683
9275,2020-05-10,0.011334691133657482,0.9886653088663425
9276,2020-05-10,0.020980457991562562,0.9790195420084374
9277,2020-05-10,0.003188354024309059,0.9968116459756909
9278,2020-05-10,0.02470588603861823,0.9752941139613818
9279,2020-05-10,0.012029916275154706,0.9879700837248453
9280,2020-05-10,0.02736220423688851,0.9726377957631115
9281,2020-05-10,0.0763413827476691,0.9236586172523309
9282,2020-05-10,0.011730425510291576,0.9882695744897084
9283,2020-05-10,0.007724416898804098,0.9922755831011959
9284,2020-05-10,0.006720195183647415,0.9932798048163526
9285,2020-05-10,0.009967383168990929,0.9900326168310091
9286,2020-05-10,0.003657143671876195,0.9963428563281238
9287,2020-05-10,0.025082082821845653,0.9749179171781543
9288,2020-05-10,0.013919213196408098,0.9860807868035919
9289,2020-05-10,0.019524836927014455,0.9804751630729855
9290,2020-05-10,0.007917398419417854,0.9920826015805821
9291,2020-05-10,0.012774217590439951,0.98722578240956
9292,2020-05-10,0.0016860770872914044,0.9983139229127086
9293,2020-05-10,0.04017351854795859,0.9598264814520414
9294,2020-05-10,0.034703005433802114,0.9652969945661979
9296,2020-05-10,0.025240786714604613,0.9747592132853954
9297,2020-05-10,0.015584111269591139,0.9844158887304089
9298,2020-05-10,0.007487785955096804,0.9925122140449032
9299,2020-05-10,0.004056589055960624,0.9959434109440394
9301,2020-05-10,0.04770865694857185,0.9522913430514282
9302,2020-05-10,0.03773115322646026,0.9622688467735397
9303,2020-05-10,0.0315245003549266,0.9684754996450734
9305,2020-05-10,0.009644693261184667,0.9903553067388153
9306,2020-05-10,0.009043961098240128,0.9909560389017599
9307,2020-05-10,0.026605941004028244,0.9733940589959718
9308,2020-05-10,0.011455996889378706,0.9885440031106213
9310,2020-05-10,0.011347721719705883,0.9886522782802941
9311,2020-05-10,0.01063184349904911,0.9893681565009509
9312,2020-05-10,0.003955609829964901,0.9960443901700351
9313,2020-05-10,0.008804257163478657,0.9911957428365213
9314,2020-05-10,0.006437563253527623,0.9935624367464724
9316,2020-05-10,0.024340082214679093,0.9756599177853209
9317,2020-05-10,0.03172428506353431,0.9682757149364657
9319,2020-05-10,0.010404096827894116,0.9895959031721059
9320,2020-05-10,0.022611219272065552,0.9773887807279344
9322,2020-05-10,0.0056486749860693575,0.9943513250139306
9323,2020-05-10,0.009239749470567049,0.990760250529433
9325,2020-05-10,0.02491953461124885,0.9750804653887511
9326,2020-05-10,0.033672388749369064,0.9663276112506309
9328,2020-05-10,0.007444227294811201,0.9925557727051888
9329,2020-05-10,0.013886023094350719,0.9861139769056493
9330,2020-05-10,0.03020934242967166,0.9697906575703283
9331,2020-05-10,0.012439910465423809,0.9875600895345762
9332,2020-05-10,0.006880153865642669,0.9931198461343573
9333,2020-05-10,0.011035360864579236,0.9889646391354208
9334,2020-05-10,0.016979379158288288,0.9830206208417117
9335,2020-05-10,0.026010715903824422,0.9739892840961756
9336,2020-05-10,0.055786533476614775,0.9442134665233852
9337,2020-05-10,0.03486749763317276,0.9651325023668272
9338,2020-05-10,0.002077668125594734,0.9979223318744053
9339,2020-05-10,0.06740815599581607,0.9325918440041839
9340,2020-05-10,0.0028994450707690023,0.997100554929231
9341,2020-05-10,0.004725771453686245,0.9952742285463138
9342,2020-05-10,0.02212426312302118,0.9778757368769788
9343,2020-05-10,0.03976936919045171,0.9602306308095483
9344,2020-05-10,0.10086809002630459,0.8991319099736954
9345,2020-05-10,0.07103758466123655,0.9289624153387634
9346,2020-05-10,0.025611840994131052,0.974388159005869
9347,2020-05-10,0.029557727328678007,0.970442272671322
9348,2020-05-10,0.017669424781943,0.982330575218057
9351,2020-05-10,0.011015712189023419,0.9889842878109766
9352,2020-05-10,0.023177701920874982,0.976822298079125
9353,2020-05-10,0.03050229340859778,0.9694977065914022
9354,2020-05-10,0.005455082542769163,0.9945449174572308
9355,2020-05-10,0.019205612705864517,0.9807943872941355
9356,2020-05-10,0.06843924405920276,0.9315607559407972
9357,2020-05-10,0.010377310087461233,0.9896226899125388
9358,2020-05-10,0.0026401673067404374,0.9973598326932596
9359,2020-05-10,0.0029669808273398157,0.9970330191726602
9360,2020-05-10,0.036894915790133154,0.9631050842098668
9361,2020-05-10,0.004403976606837112,0.9955960233931629
9362,2020-05-10,0.001321476114702791,0.9986785238852972
9364,2020-05-10,0.0031116640851601707,0.9968883359148398
9365,2020-05-10,0.08424418460073413,0.9157558153992659
9366,2020-05-10,0.0029019984333770177,0.997098001566623
9368,2020-05-10,0.039995411308431095,0.9600045886915689
9369,2020-05-10,0.011077314718517361,0.9889226852814826
9371,2020-05-10,0.010301471194218426,0.9896985288057816
9373,2020-05-10,0.015608944051349605,0.9843910559486504
9374,2020-05-10,0.007866982290872127,0.9921330177091279
9375,2020-05-10,0.002261630873591436,0.9977383691264086
9376,2020-05-10,0.005650607104589311,0.9943493928954107
9378,2020-05-10,0.01413019362275858,0.9858698063772414
9379,2020-05-10,0.010492106373850452,0.9895078936261495
9380,2020-05-10,0.03168923620270192,0.9683107637972981
9381,2020-05-10,0.009298083924967782,0.9907019160750322
9382,2020-05-10,0.03004004920965364,0.9699599507903464
9383,2020-05-10,0.008641363018836556,0.9913586369811634
9385,2020-05-10,0.0070635082422778606,0.9929364917577221
9386,2020-05-10,0.009986757328233065,0.9900132426717669
9387,2020-05-10,0.0038638656687254302,0.9961361343312746
9388,2020-05-10,0.041521332188595106,0.9584786678114049
9389,2020-05-10,0.015018146203504057,0.9849818537964959
9390,2020-05-10,0.01799637454679681,0.9820036254532032
9391,2020-05-10,0.01572100756042527,0.9842789924395747
9392,2020-05-10,0.01646223682463399,0.983537763175366
9393,2020-05-10,0.01990227683101553,0.9800977231689845
9394,2020-05-10,0.04816223424870303,0.951837765751297
9396,2020-05-10,0.005052805506539637,0.9949471944934604
9397,2020-05-10,0.021536326776411596,0.9784636732235884
9398,2020-05-10,0.0028605226929123706,0.9971394773070876
9399,2020-05-10,0.010872127401828857,0.9891278725981711
9400,2020-05-10,0.005086233531277684,0.9949137664687223
9402,2020-05-10,0.019623231302507427,0.9803767686974926
9403,2020-05-10,0.016471965766991947,0.983528034233008
9404,2020-05-10,0.0025974021769545885,0.9974025978230454
9405,2020-05-10,0.04898959207199183,0.9510104079280082
9407,2020-05-10,0.011369440363939498,0.9886305596360605
9408,2020-05-10,0.015369247007692377,0.9846307529923076
9409,2020-05-10,0.044918893312713704,0.9550811066872863
9410,2020-05-10,0.0039495359178188805,0.9960504640821811
9411,2020-05-10,0.022902996362093697,0.9770970036379063
9412,2020-05-10,0.020808725088260815,0.9791912749117392
9413,2020-05-10,0.02920986587008567,0.9707901341299143
9414,2020-05-10,0.00790717036045574,0.9920928296395443
9415,2020-05-10,0.011432714879166306,0.9885672851208337
9416,2020-05-10,0.01997758804866656,0.9800224119513334
9417,2020-05-10,0.01108196977349929,0.9889180302265007
9418,2020-05-10,0.037239693141304375,0.9627603068586956
9420,2020-05-10,0.005210804831684568,0.9947891951683154
9421,2020-05-10,0.043061694516061344,0.9569383054839387
9422,2020-05-10,0.008050733389694642,0.9919492666103054
9426,2020-05-10,0.010777015077441332,0.9892229849225587
9427,2020-05-10,0.008135530055895734,0.9918644699441043
9428,2020-05-10,0.031346446575283626,0.9686535534247164
9430,2020-05-10,0.035317160053526475,0.9646828399464735
9431,2020-05-10,0.034944337496503275,0.9650556625034967
9432,2020-05-10,0.006407675677921887,0.9935923243220781
9433,2020-05-10,0.0171995007410064,0.9828004992589936
9434,2020-05-10,0.011875670727927612,0.9881243292720724
9435,2020-05-10,0.031759443656583786,0.9682405563434162
9436,2020-05-10,0.018541958512124035,0.981458041487876
9437,2020-05-10,0.013097993967983723,0.9869020060320163
9438,2020-05-10,0.03750939829606581,0.9624906017039342
9439,2020-05-10,0.031154331499376187,0.9688456685006238
9440,2020-05-10,0.003392952905445945,0.996607047094554
9442,2020-05-10,0.021288102523413288,0.9787118974765867
9443,2020-05-10,0.014457154490626345,0.9855428455093737
9444,2020-05-10,0.03132501001882271,0.9686749899811773
9445,2020-05-10,0.011548666624081605,0.9884513333759184
9446,2020-05-10,0.00829943403295641,0.9917005659670436
9447,2020-05-10,0.00413499269847506,0.9958650073015249
9448,2020-05-10,0.0610072763556907,0.9389927236443093
9449,2020-05-10,0.019615104730535404,0.9803848952694646
9450,2020-05-10,0.03411554662838645,0.9658844533716135
9451,2020-05-10,0.0031431602934786085,0.9968568397065214
9452,2020-05-10,0.010878510689772303,0.9891214893102277
9453,2020-05-10,0.009400565036283504,0.9905994349637165
9454,2020-05-10,0.029333616673823948,0.970666383326176
9455,2020-05-10,0.005479167578510635,0.9945208324214894
9456,2020-05-10,0.0392954927075716,0.9607045072924284
9457,2020-05-10,0.027783730019861008,0.972216269980139
9458,2020-05-10,0.009437451775534234,0.9905625482244658
9459,2020-05-10,0.0022171400605469627,0.997782859939453
9460,2020-05-10,0.008403499199084008,0.991596500800916
9461,2020-05-10,0.013287444617270605,0.9867125553827294
9462,2020-05-10,0.0021981018096079996,0.997801898190392
9463,2020-05-10,0.008987387983499184,0.9910126120165008
9464,2020-05-10,0.013666828874151493,0.9863331711258485
9465,2020-05-10,0.016872691559671638,0.9831273084403284
9466,2020-05-10,0.009991103605769047,0.990008896394231
9467,2020-05-10,0.011905164353261388,0.9880948356467386
9468,2020-05-10,0.01728379799829516,0.9827162020017048
9469,2020-05-10,0.011959582482874431,0.9880404175171256
9470,2020-05-10,0.013639403670193895,0.9863605963298061
9471,2020-05-10,0.009012756124873067,0.9909872438751269
9472,2020-05-10,0.003201118526591884,0.9967988814734081
9473,2020-05-10,0.0024844712975818917,0.9975155287024181
9474,2020-05-10,0.008319912712923538,0.9916800872870765
9475,2020-05-10,0.004473411517765036,0.995526588482235
9476,2020-05-10,0.023249332757077856,0.9767506672429221
9477,2020-05-10,0.005687859382384364,0.9943121406176156
9478,2020-05-10,0.012236815799474887,0.9877631842005251
9479,2020-05-10,0.033931031008706425,0.9660689689912936
9480,2020-05-10,0.07030591950156684,0.9296940804984332
9481,2020-05-10,0.0026026680341045827,0.9973973319658954
9482,2020-05-10,0.025130319476395768,0.9748696805236042
9483,2020-05-10,0.015026777255272794,0.9849732227447272
9485,2020-05-10,0.004849145675440036,0.99515085432456
9486,2020-05-10,0.023372295262357623,0.9766277047376424
9487,2020-05-10,0.012423538315090799,0.9875764616849092
9488,2020-05-10,0.02335570962061473,0.9766442903793853
9489,2020-05-10,0.024813787983069546,0.9751862120169305
9490,2020-05-10,0.018910185426485815,0.9810898145735142
9492,2020-05-10,0.03008467749859378,0.9699153225014062
9494,2020-05-10,0.006674944605638999,0.993325055394361
9495,2020-05-10,0.01155325387607442,0.9884467461239256
9496,2020-05-10,0.020604284563840225,0.9793957154361598
9497,2020-05-10,0.017314245589132082,0.9826857544108679
9498,2020-05-10,0.01772854615861419,0.9822714538413858
9499,2020-05-10,0.013631466471479725,0.9863685335285203
9500,2020-05-10,0.02091032750839683,0.9790896724916032
9501,2020-05-10,0.02046432395759501,0.979535676042405
9503,2020-05-10,0.023542550365133863,0.9764574496348661
9504,2020-05-10,0.016598553899396018,0.983401446100604
9505,2020-05-10,0.010894168860010267,0.9891058311399897
9506,2020-05-10,0.008020017367760701,0.9919799826322393
9507,2020-05-10,0.009352181257202163,0.9906478187427978
9508,2020-05-10,0.032470373583075474,0.9675296264169245
9509,2020-05-10,0.023027679310057336,0.9769723206899427
9510,2020-05-10,0.01735184356010777,0.9826481564398922
9511,2020-05-10,0.008468209105635172,0.9915317908943648
9512,2020-05-10,0.05446612958778152,0.9455338704122185
9513,2020-05-10,0.00575190344912746,0.9942480965508725
9514,2020-05-10,0.010682096827621668,0.9893179031723783
9515,2020-05-10,0.002509049976475719,0.9974909500235243
9516,2020-05-10,0.0014157237650923582,0.9985842762349076
9517,2020-05-10,0.060301392278988564,0.9396986077210114
9518,2020-05-10,0.018561564010096454,0.9814384359899035
9519,2020-05-10,0.0038627435011325817,0.9961372564988674
9520,2020-05-10,0.04400916291077972,0.9559908370892203
9521,2020-05-10,0.0046544568386012175,0.9953455431613988
9523,2020-05-10,0.004954616874998763,0.9950453831250012
9524,2020-05-10,0.005820603693123205,0.9941793963068768
9525,2020-05-10,0.022854438411803346,0.9771455615881967
9526,2020-05-10,0.07398851638816284,0.9260114836118372
9527,2020-05-10,0.027843149582483684,0.9721568504175163
9528,2020-05-10,0.016247052086202363,0.9837529479137976
9529,2020-05-10,0.010909882557367578,0.9890901174426324
9530,2020-05-10,0.03152739672443372,0.9684726032755663
9531,2020-05-10,0.011291590348930347,0.9887084096510697
9532,2020-05-10,0.004411113338885109,0.9955888866611149
9533,2020-05-10,0.008211385834570928,0.9917886141654291
9534,2020-05-10,0.049908520073560614,0.9500914799264394
9535,2020-05-10,0.030242585925293497,0.9697574140747065
9536,2020-05-10,0.031023454853916888,0.9689765451460831
9537,2020-05-10,0.015512873971053942,0.9844871260289461
9538,2020-05-10,0.018717898634021513,0.9812821013659785
9539,2020-05-10,0.054763933148822774,0.9452360668511772
9540,2020-05-10,0.023259733110180036,0.97674026688982
9541,2020-05-10,0.008861245174327737,0.9911387548256723
9543,2020-05-10,0.016013264653427894,0.9839867353465721
9544,2020-05-10,0.031804216891100134,0.9681957831088999
9545,2020-05-10,0.03894065171249528,0.9610593482875047
9546,2020-05-10,0.02126713670195568,0.9787328632980443
9547,2020-05-10,0.02448660335501418,0.9755133966449858
9548,2020-05-10,0.013846187529579335,0.9861538124704207
9549,2020-05-10,0.01618506381411078,0.9838149361858892
9550,2020-05-10,0.035035635719436575,0.9649643642805634
9551,2020-05-10,0.00684356520204199,0.993156434797958
9552,2020-05-10,0.02449673636713856,0.9755032636328614
9554,2020-05-10,0.025822728455104915,0.9741772715448951
9555,2020-05-10,0.003574116392413118,0.9964258836075869
9556,2020-05-10,0.006110862430854236,0.9938891375691458
9558,2020-05-10,0.03691929832300844,0.9630807016769916
9559,2020-05-10,0.03120998272171982,0.9687900172782802
9560,2020-05-10,0.048298362478561896,0.9517016375214381
9561,2020-05-10,0.032496946880561706,0.9675030531194383
9564,2020-05-10,0.019740855822118708,0.9802591441778813
9565,2020-05-10,0.016468442541037964,0.983531557458962
9566,2020-05-10,0.012512647956381073,0.9874873520436189
9567,2020-05-10,0.03836266905745411,0.9616373309425459
9568,2020-05-10,0.06606809307404582,0.9339319069259542
9569,2020-05-10,0.015023504018836675,0.9849764959811633
9570,2020-05-10,0.008269858354598592,0.9917301416454014
9571,2020-05-10,0.025414353168967452,0.9745856468310325
9572,2020-05-10,0.013489957093001492,0.9865100429069985
9573,2020-05-10,0.016410091206390698,0.9835899087936093
9574,2020-05-10,0.018153026695951646,0.9818469733040484
9575,2020-05-10,0.020481382696447947,0.979518617303552
9576,2020-05-10,0.02798511715363261,0.9720148828463674
9577,2020-05-10,0.017159950045870676,0.9828400499541293
9578,2020-05-10,0.009309548019316383,0.9906904519806836
9579,2020-05-10,0.01937005903122979,0.9806299409687702
9581,2020-05-10,0.049545779934579426,0.9504542200654206
9582,2020-05-10,0.01402424853363815,0.9859757514663618
9583,2020-05-10,0.003677303519549202,0.9963226964804508
9584,2020-05-10,0.013664979615068296,0.9863350203849317
9585,2020-05-10,0.005578782295490692,0.9944212177045093
9586,2020-05-10,0.015196362977889732,0.9848036370221103
9588,2020-05-10,0.011475129638914727,0.9885248703610853
9589,2020-05-10,0.012161601373680164,0.9878383986263198
9590,2020-05-10,0.018911820767162246,0.9810881792328378
9591,2020-05-10,0.03951238430715942,0.9604876156928406
9592,2020-05-10,0.010169909570109437,0.9898300904298906
9593,2020-05-10,0.026300568928005474,0.9736994310719945
9594,2020-05-10,0.006457772342958412,0.9935422276570416
9595,2020-05-10,0.01758428989017935,0.9824157101098207
9596,2020-05-10,0.014398665381001097,0.9856013346189989
9597,2020-05-10,0.00747590020205624,0.9925240997979438
9598,2020-05-10,0.021245830221403916,0.9787541697785961
9600,2020-05-10,0.08772883901411632,0.9122711609858837
9601,2020-05-10,0.014905128950072899,0.9850948710499271
9602,2020-05-10,0.0221477739743019,0.9778522260256981
9603,2020-05-10,0.04061094561420986,0.9593890543857901
9604,2020-05-10,0.00875274970525075,0.9912472502947492
9605,2020-05-10,0.006791350450771172,0.9932086495492288
9606,2020-05-10,0.009878416226509312,0.9901215837734907
9609,2020-05-10,0.030161612678436867,0.9698383873215631
9610,2020-05-10,0.04081993382740601,0.959180066172594
9611,2020-05-10,0.01307442801535974,0.9869255719846403
9613,2020-05-10,0.014843699478875538,0.9851563005211245
9614,2020-05-10,0.04057762410174237,0.9594223758982576
9616,2020-05-10,0.029611960332791787,0.9703880396672082
9617,2020-05-10,0.004245836654539037,0.995754163345461
9619,2020-05-10,0.016268406399113755,0.9837315936008862
9620,2020-05-10,0.03907601537887584,0.9609239846211242
9621,2020-05-10,0.006566700376094081,0.9934332996239059
9622,2020-05-10,0.0761747308550158,0.9238252691449842
9623,2020-05-10,0.0033851883213915634,0.9966148116786084
9624,2020-05-10,0.012077043883692684,0.9879229561163073
9625,2020-05-10,0.00377726855238103,0.996222731447619
9626,2020-05-10,0.011033467928725504,0.9889665320712745
9628,2020-05-10,0.12059038928429577,0.8794096107157042
9629,2020-05-10,0.005274660874568293,0.9947253391254317
9630,2020-05-10,0.005218401903795633,0.9947815980962044
9631,2020-05-10,0.02006280691431328,0.9799371930856867
9632,2020-05-10,0.07413244630652083,0.9258675536934792
9633,2020-05-10,0.018501411091479625,0.9814985889085204
9634,2020-05-10,0.024674025256705368,0.9753259747432946
9635,2020-05-10,0.008481629607135166,0.9915183703928648
9636,2020-05-10,0.03131456968682533,0.9686854303131747
9637,2020-05-10,0.010107554816320197,0.9898924451836798
9638,2020-05-10,0.01770056184633595,0.982299438153664
9639,2020-05-10,0.005315621896965661,0.9946843781030343
9640,2020-05-10,0.011184809614715352,0.9888151903852846
9641,2020-05-10,0.014602391650584079,0.9853976083494159
9642,2020-05-10,0.0023485576110566786,0.9976514423889433
9643,2020-05-10,0.0022703603135485473,0.9977296396864515
9644,2020-05-10,0.0042303645090032704,0.9957696354909967
9645,2020-05-10,0.012513328987875938,0.9874866710121241
9646,2020-05-10,0.003399025311380144,0.9966009746886199
9647,2020-05-10,0.00984922172167213,0.9901507782783279
9648,2020-05-10,0.011073975253019896,0.9889260247469801
9649,2020-05-10,0.01848871266171903,0.981511287338281
9650,2020-05-10,0.008098910959877026,0.991901089040123
9651,2020-05-10,0.0008711114543838994,0.9991288885456161
9652,2020-05-10,0.005890352136489141,0.9941096478635109
9653,2020-05-10,0.019357179147436065,0.9806428208525639
9655,2020-05-10,0.015458897509512015,0.984541102490488
9657,2020-05-10,0.008189349199749119,0.9918106508002509
9658,2020-05-10,0.01359811667683486,0.9864018833231651
9659,2020-05-10,0.08004420047183514,0.9199557995281649
9660,2020-05-10,0.009831022057665506,0.9901689779423345
9661,2020-05-10,0.036903236756811175,0.9630967632431888
9662,2020-05-10,0.01663839339851725,0.9833616066014828
9663,2020-05-10,0.014968217890316216,0.9850317821096838
9664,2020-05-10,0.008194035566544744,0.9918059644334553
9665,2020-05-10,0.01923351064812817,0.9807664893518718
9666,2020-05-10,0.029514626421282553,0.9704853735787174
9667,2020-05-10,0.00649707161445956,0.9935029283855404
9668,2020-05-10,0.011625731733517441,0.9883742682664826
9670,2020-05-10,0.009286475280347095,0.9907135247196529
9671,2020-05-10,0.011929767300940641,0.9880702326990594
9672,2020-05-10,0.03461978882335215,0.9653802111766479
9673,2020-05-10,0.028909846763826574,0.9710901532361734
9674,2020-05-10,0.01115610627588115,0.9888438937241188
9675,2020-05-10,0.002624842169192121,0.9973751578308079
9676,2020-05-10,0.025065790882269234,0.9749342091177308
9677,2020-05-10,0.01177235244917263,0.9882276475508274
9678,2020-05-10,0.01677804062472299,0.983221959375277
9679,2020-05-10,0.013467504369238714,0.9865324956307613
9680,2020-05-10,0.00952428391004767,0.9904757160899523
9681,2020-05-10,0.012446796843424313,0.9875532031565757
9682,2020-05-10,0.02803176875370139,0.9719682312462986
9684,2020-05-10,0.007126757651194637,0.9928732423488054
9685,2020-05-10,0.0424695720768653,0.9575304279231347
9686,2020-05-10,0.0771720550414019,0.9228279449585981
9688,2020-05-10,0.009330740048997144,0.9906692599510029
9689,2020-05-10,0.008539949339138486,0.9914600506608615
9690,2020-05-10,0.01064970514427388,0.9893502948557261
9691,2020-05-10,0.007240612102829891,0.9927593878971701
9692,2020-05-10,0.016971882645486325,0.9830281173545137
9693,2020-05-10,0.006629700970103847,0.9933702990298962
9694,2020-05-10,0.011545426988597285,0.9884545730114027
9695,2020-05-10,0.02478291647515507,0.9752170835248449
9696,2020-05-10,0.0047892492286908395,0.9952107507713092
9697,2020-05-10,0.01243118134252541,0.9875688186574746
9699,2020-05-10,0.0032157042737316344,0.9967842957262684
9700,2020-05-10,0.016835717240272774,0.9831642827597272
9701,2020-05-10,0.019158397585314013,0.980841602414686
9702,2020-05-10,0.016213081128852003,0.983786918871148
9703,2020-05-10,0.010493976568210606,0.9895060234317894
9704,2020-05-10,0.034652769307641273,0.9653472306923587
9705,2020-05-10,0.006159474118578312,0.9938405258814217
9706,2020-05-10,0.014529626432311815,0.9854703735676882
9707,2020-05-10,0.00852765882327633,0.9914723411767237
9708,2020-05-10,0.0075368851332212605,0.9924631148667787
9709,2020-05-10,0.022283114886376576,0.9777168851136234
9710,2020-05-10,0.031989942121707915,0.9680100578782921
9711,2020-05-10,0.00961877209282802,0.990381227907172
9712,2020-05-10,0.025406179582038613,0.9745938204179614
9713,2020-05-10,0.006692314857498327,0.9933076851425017
9714,2020-05-10,0.023189839376287602,0.9768101606237124
9715,2020-05-10,0.015436569640935649,0.9845634303590644
9716,2020-05-10,0.009414529534793381,0.9905854704652066
9717,2020-05-10,0.024327854608545252,0.9756721453914547
9718,2020-05-10,0.012443290210406466,0.9875567097895935
9719,2020-05-10,0.023575142981028363,0.9764248570189716
9720,2020-05-10,0.004139800569712193,0.9958601994302878
9721,2020-05-10,0.009805277031662452,0.9901947229683375
9722,2020-05-10,0.010258935694220428,0.9897410643057796
9723,2020-05-10,0.012560977673438556,0.9874390223265614
9724,2020-05-10,0.015596999917654841,0.9844030000823452
9725,2020-05-10,0.016988577456057197,0.9830114225439428
9726,2020-05-10,0.011570688350679315,0.9884293116493207
9727,2020-05-10,0.00575745664161742,0.9942425433583826
9728,2020-05-10,0.02198601699406033,0.9780139830059397
9729,2020-05-10,0.05011379158755824,0.9498862084124418
9730,2020-05-10,0.013693018919010758,0.9863069810809892
9731,2020-05-10,0.005973084946602203,0.9940269150533978
9732,2020-05-10,0.00978819874192427,0.9902118012580757
9733,2020-05-10,0.005137722806381473,0.9948622771936185
9734,2020-05-10,0.045004260368733395,0.9549957396312666
9735,2020-05-10,0.016880575085528537,0.9831194249144715
9736,2020-05-10,0.006465769414344069,0.9935342305856559
9737,2020-05-10,0.004924604024433843,0.9950753959755662
9738,2020-05-10,0.07728620336425573,0.9227137966357443
9739,2020-05-10,0.008699666024744146,0.9913003339752559
9740,2020-05-10,0.012664743594987038,0.987335256405013
9741,2020-05-10,0.07775290548698588,0.9222470945130141
9742,2020-05-10,0.02480365074381241,0.9751963492561876
9743,2020-05-10,0.014408643306912827,0.9855913566930872
9744,2020-05-10,0.0028251207826416325,0.9971748792173584
9745,2020-05-10,0.019183671350612386,0.9808163286493876
9746,2020-05-10,0.003200555976214159,0.9967994440237858
9747,2020-05-10,0.004197399434297533,0.9958026005657025
9748,2020-05-10,0.013811181209889223,0.9861888187901108
9749,2020-05-10,0.009093803385415988,0.990906196614584
9750,2020-05-10,0.006940596645649388,0.9930594033543506
9751,2020-05-10,0.04498887356179804,0.955011126438202
9752,2020-05-10,0.0023798308878256735,0.9976201691121743
9753,2020-05-10,0.045119542804725854,0.9548804571952741
9754,2020-05-10,0.01151220654624241,0.9884877934537576
9755,2020-05-10,0.024007199990864314,0.9759928000091357
9756,2020-05-10,0.0031913164760141166,0.9968086835239859
9757,2020-05-10,0.03481489168796248,0.9651851083120375
9758,2020-05-10,0.002638494786972312,0.9973615052130277
9759,2020-05-10,0.019533814218068435,0.9804661857819316
9760,2020-05-10,0.04272091984947812,0.9572790801505219
9761,2020-05-10,0.007686460128050077,0.9923135398719499
9762,2020-05-10,0.0039650453289648,0.9960349546710352
9763,2020-05-10,0.0029034714321356514,0.9970965285678643
9764,2020-05-10,0.024410848891552095,0.9755891511084479
9765,2020-05-10,0.02711543769480229,0.9728845623051977
9766,2020-05-10,0.019689448856054947,0.980310551143945
9767,2020-05-10,0.020274509249583628,0.9797254907504164
9768,2020-05-10,0.011863229766929329,0.9881367702330707
9769,2020-05-10,0.01395232879969166,0.9860476712003083
9770,2020-05-10,0.021481943083056954,0.978518056916943
9771,2020-05-10,0.0064523905932213355,0.9935476094067787
9772,2020-05-10,0.0027535885037951457,0.9972464114962049
9773,2020-05-10,0.04639612980201058,0.9536038701979894
9774,2020-05-10,0.0465782927043531,0.9534217072956469
9775,2020-05-10,0.005733546663356903,0.9942664533366431
9776,2020-05-10,0.007282124055562722,0.9927178759444373
9777,2020-05-10,0.03376963368890196,0.966230366311098
9778,2020-05-10,0.0625062895311368,0.9374937104688632
9779,2020-05-10,0.010690097689465383,0.9893099023105346
9780,2020-05-10,0.0041816766594940935,0.9958183233405059
9781,2020-05-10,0.0015348706700271109,0.9984651293299729
9783,2020-05-10,0.014299507089151842,0.9857004929108482
9784,2020-05-10,0.009243411808733892,0.9907565881912661
9785,2020-05-10,0.003800651131526611,0.9961993488684734
9786,2020-05-10,0.011578589014100027,0.9884214109859
9787,2020-05-10,0.012682593781940255,0.9873174062180597
9788,2020-05-10,0.025407121703844515,0.9745928782961555
9789,2020-05-10,0.012079632430229359,0.9879203675697706
9790,2020-05-10,0.006889287831734703,0.9931107121682653
9791,2020-05-10,0.012755392652585629,0.9872446073474144
9792,2020-05-10,0.011864848190714428,0.9881351518092856
9793,2020-05-10,0.02700480644134462,0.9729951935586554
9794,2020-05-10,0.051989169830065296,0.9480108301699347
9795,2020-05-10,0.01871116656833316,0.9812888334316668
9796,2020-05-10,0.05139763080793447,0.9486023691920655
9797,2020-05-10,0.016476924413954985,0.983523075586045
9799,2020-05-10,0.01464420666158528,0.9853557933384147
9800,2020-05-10,0.017953077528014894,0.9820469224719851
9801,2020-05-10,0.008884983092808496,0.9911150169071915
9802,2020-05-10,0.03130217819511216,0.9686978218048878
9803,2020-05-10,0.025889750044125526,0.9741102499558745
9804,2020-05-10,0.002487042616317492,0.9975129573836825
9805,2020-05-10,0.09334583668135277,0.9066541633186472
9806,2020-05-10,0.032449391751879886,0.9675506082481201
9807,2020-05-10,0.005415842454617792,0.9945841575453822
9808,2020-05-10,0.040969812218559776,0.9590301877814402
9810,2020-05-10,0.010864964132619503,0.9891350358673805
9811,2020-05-10,0.03121257805602029,0.9687874219439797
9812,2020-05-10,0.005571079363725362,0.9944289206362746
9813,2020-05-10,0.025870202501434236,0.9741297974985658
9814,2020-05-10,0.009888662040327345,0.9901113379596727
9816,2020-05-10,0.007312380383088901,0.9926876196169111
9817,2020-05-10,0.012928994748434786,0.9870710052515652
9818,2020-05-10,0.0066356399847560255,0.993364360015244
9819,2020-05-10,0.02217403389878414,0.9778259661012159
9820,2020-05-10,0.004070914038457829,0.9959290859615422
9821,2020-05-10,0.010098687489379143,0.9899013125106209
9822,2020-05-10,0.011157504850446642,0.9888424951495534
9823,2020-05-10,0.008613679118595008,0.991386320881405
9824,2020-05-10,0.017839893201661017,0.982160106798339
9825,2020-05-10,0.1465635179039857,0.8534364820960143
9826,2020-05-10,0.00913354012795975,0.9908664598720403
9827,2020-05-10,0.00321408914739163,0.9967859108526084
9828,2020-05-10,0.005537274213426313,0.9944627257865737
9829,2020-05-10,0.001379836720683869,0.9986201632793161
9830,2020-05-10,0.006309734212503582,0.9936902657874964
9831,2020-05-10,0.005203583263612144,0.9947964167363879
9832,2020-05-10,0.009379089607383317,0.9906209103926167
9833,2020-05-10,0.00710183307427259,0.9928981669257274
9834,2020-05-10,0.010454431905736694,0.9895455680942633
9835,2020-05-10,0.013506064406248575,0.9864939355937514
9836,2020-05-10,0.012130279441480485,0.9878697205585195
9837,2020-05-10,0.007842241633971736,0.9921577583660283
9838,2020-05-10,0.01406689347677248,0.9859331065232275
9839,2020-05-10,0.01150387040891121,0.9884961295910888
9840,2020-05-10,0.06698806755142195,0.933011932448578
9841,2020-05-10,0.020080434955786486,0.9799195650442135
9842,2020-05-10,0.00284527016694891,0.9971547298330511
9843,2020-05-10,0.04115611796796825,0.9588438820320317
9844,2020-05-10,0.0049498236045448785,0.9950501763954551
9846,2020-05-10,0.01728098008241097,0.982719019917589
9847,2020-05-10,0.015804167842246253,0.9841958321577537
9849,2020-05-10,0.00617157997625617,0.9938284200237438
9851,2020-05-10,0.0064585083240301655,0.9935414916759698
9852,2020-05-10,0.0018122913331396484,0.9981877086668604
9853,2020-05-10,0.03474630680613311,0.9652536931938669
9856,2020-05-10,0.03473868009853909,0.9652613199014609
9857,2020-05-10,0.0145352384786811,0.9854647615213189
9858,2020-05-10,0.006101209602132451,0.9938987903978675
9859,2020-05-10,0.021936249266473862,0.9780637507335261
9860,2020-05-10,0.014039096175794796,0.9859609038242052
9861,2020-05-10,0.006413263171575201,0.9935867368284248
9862,2020-05-10,0.011509103970341661,0.9884908960296583
9863,2020-05-10,0.0034986247247058566,0.9965013752752941
9864,2020-05-10,0.03884022504421669,0.9611597749557833
9865,2020-05-10,0.031289268711309104,0.9687107312886909
9867,2020-05-10,0.013039895032627147,0.9869601049673729
9868,2020-05-10,0.03015519963050839,0.9698448003694916
9869,2020-05-10,0.022908362022761142,0.9770916379772389
9870,2020-05-10,0.037818649707487384,0.9621813502925126
9871,2020-05-10,0.009364955752238058,0.9906350442477619
9872,2020-05-10,0.00524309343261431,0.9947569065673857
9873,2020-05-10,0.016724672191408385,0.9832753278085916
9874,2020-05-10,0.0035564949444876204,0.9964435050555124
9875,2020-05-10,0.00279554131706361,0.9972044586829364
9876,2020-05-10,0.021528605791526823,0.9784713942084732
9877,2020-05-10,0.039156464859236184,0.9608435351407638
9878,2020-05-10,0.03835946877078944,0.9616405312292106
9879,2020-05-10,0.018204667393327045,0.981795332606673
9880,2020-05-10,0.022577949409299913,0.9774220505907001
9881,2020-05-10,0.010608588871409474,0.9893914111285905
9882,2020-05-10,0.002970248852405155,0.9970297511475948
9883,2020-05-10,0.03336393334396759,0.9666360666560324
9884,2020-05-10,0.030669857494625363,0.9693301425053746
9885,2020-05-10,0.0802269549766772,0.9197730450233228
9886,2020-05-10,0.010116635195469681,0.9898833648045303
9887,2020-05-10,0.014192256156807526,0.9858077438431925
9888,2020-05-10,0.013130542477842622,0.9868694575221574
9889,2020-05-10,0.004643210918701013,0.995356789081299
9890,2020-05-10,0.014872979403547593,0.9851270205964524
9891,2020-05-10,0.00400422252775956,0.9959957774722404
9892,2020-05-10,0.009312156041531794,0.9906878439584682
9893,2020-05-10,0.009024388669455208,0.9909756113305448
9895,2020-05-10,0.0015142302131428975,0.9984857697868571
9896,2020-05-10,0.0393647241222721,0.9606352758777279
9897,2020-05-10,0.054031917787029204,0.9459680822129708
9898,2020-05-10,0.004035747466008099,0.9959642525339919
9899,2020-05-10,0.013780969796873488,0.9862190302031265
9900,2020-05-10,0.014673836464302537,0.9853261635356975
9901,2020-05-10,0.015590265411086657,0.9844097345889133
9902,2020-05-10,0.022786388970143623,0.9772136110298564
9903,2020-05-10,0.0036007440697400916,0.9963992559302599
9904,2020-05-10,0.01966765305956175,0.9803323469404382
9905,2020-05-10,0.010940178961735492,0.9890598210382645
9906,2020-05-10,0.014192923967915383,0.9858070760320846
9907,2020-05-10,0.00550756428104171,0.9944924357189583
9908,2020-05-10,0.016326029501202877,0.9836739704987971
9909,2020-05-10,0.019456366563885497,0.9805436334361145
9911,2020-05-10,0.009059612013178397,0.9909403879868216
9912,2020-05-10,0.010958170642023202,0.9890418293579768
9913,2020-05-10,0.010567888775251943,0.9894321112247481
9914,2020-05-10,0.013501440170148094,0.9864985598298519
9915,2020-05-10,0.005698492770176977,0.994301507229823
9916,2020-05-10,0.005313156417944498,0.9946868435820555
9917,2020-05-10,0.022479840994515166,0.9775201590054848
9918,2020-05-10,0.04669457821924872,0.9533054217807513
9919,2020-05-10,0.00643785229673155,0.9935621477032685
9920,2020-05-10,0.015482137517852101,0.9845178624821479
9921,2020-05-10,0.05799442820244738,0.9420055717975526
9922,2020-05-10,0.0057486811645725,0.9942513188354275
9923,2020-05-10,0.015499482443447787,0.9845005175565522
9924,2020-05-10,0.004134098562994515,0.9958659014370055
9925,2020-05-10,0.022735006032198912,0.9772649939678011
9927,2020-05-10,0.007874659245753368,0.9921253407542466
9928,2020-05-10,0.04415803845144317,0.9558419615485568
9929,2020-05-10,0.03922939066793041,0.9607706093320696
9930,2020-05-10,0.014151308916455774,0.9858486910835442
9931,2020-05-10,0.01664783256647795,0.983352167433522
9932,2020-05-10,0.0269206655569173,0.9730793344430827
9933,2020-05-10,0.02424005031552179,0.9757599496844782
9934,2020-05-10,0.015479480588065031,0.984520519411935
9936,2020-05-10,0.036543005205886936,0.9634569947941131
9937,2020-05-10,0.004803804552927393,0.9951961954470726
9938,2020-05-10,0.0572744555166913,0.9427255444833087
9939,2020-05-10,0.0097793694908056,0.9902206305091944
9940,2020-05-10,0.02417010642864592,0.9758298935713541
9941,2020-05-10,0.07907764973810938,0.9209223502618906
9942,2020-05-10,0.0074953792617982185,0.9925046207382018
9943,2020-05-10,0.05061223264161485,0.9493877673583851
9944,2020-05-10,0.01826651753809827,0.9817334824619017
9945,2020-05-10,0.01778385373904179,0.9822161462609582
9947,2020-05-10,0.009061611243251555,0.9909383887567484
9949,2020-05-10,0.010700330540336589,0.9892996694596634
9950,2020-05-10,0.011731782267618285,0.9882682177323817
9951,2020-05-10,0.02591296224544759,0.9740870377545524
9952,2020-05-10,0.0020618910792460365,0.997938108920754
9953,2020-05-10,0.009490206348082064,0.9905097936519179
9954,2020-05-10,0.017510020265693593,0.9824899797343064
9956,2020-05-10,0.008095080811872046,0.991904919188128
9957,2020-05-10,0.08449606025002188,0.9155039397499781
9958,2020-05-10,0.014597778046093746,0.9854022219539063
9959,2020-05-10,0.021888142114174225,0.9781118578858258
9960,2020-05-10,0.013969490100857684,0.9860305098991423
9961,2020-05-10,0.04361241575598451,0.9563875842440155
9963,2020-05-10,0.008433254306084215,0.9915667456939158
9964,2020-05-10,0.021662111624227043,0.978337888375773
9965,2020-05-10,0.004999171782788414,0.9950008282172116
9967,2020-05-10,0.01450685281971964,0.9854931471802804
9968,2020-05-10,0.007865219520138744,0.9921347804798613
9969,2020-05-10,0.018633727219059426,0.9813662727809406
9970,2020-05-10,0.003802114419480196,0.9961978855805198
9971,2020-05-10,0.050597113228118884,0.9494028867718811
9972,2020-05-10,0.01312647108038445,0.9868735289196156
9973,2020-05-10,0.020211259359323552,0.9797887406406764
9975,2020-05-10,0.019610948486288637,0.9803890515137114
9977,2020-05-10,0.01217711131940491,0.9878228886805951
9978,2020-05-10,0.011479050126039336,0.9885209498739607
9979,2020-05-10,0.04091244673478478,0.9590875532652152
9980,2020-05-10,0.019067713117697505,0.9809322868823025
9981,2020-05-10,0.01585200664153974,0.9841479933584603
9982,2020-05-10,0.0039231347798662775,0.9960768652201337
9983,2020-05-10,0.00407886825129633,0.9959211317487037
9984,2020-05-10,0.012917287044344694,0.9870827129556553
9985,2020-05-10,0.0065115512207564175,0.9934884487792436
9986,2020-05-10,0.02216202940229095,0.977837970597709
9987,2020-05-10,0.0449241480503888,0.9550758519496112
9988,2020-05-10,0.003249765812204819,0.9967502341877952
9989,2020-05-10,0.012267599584949607,0.9877324004150504
9990,2020-05-10,0.015121202892180441,0.9848787971078196
9991,2020-05-10,0.00491295523190971,0.9950870447680903
9992,2020-05-10,0.020726274632766772,0.9792737253672332
9993,2020-05-10,0.02636557336385592,0.9736344266361441
9994,2020-05-10,0.028258492343527286,0.9717415076564727
9995,2020-05-10,0.04444717861003544,0.9555528213899646
9996,2020-05-10,0.01791753299497234,0.9820824670050277
9997,2020-05-10,0.018618721606245003,0.981381278393755
9999,2020-05-10,0.00514839892592589,0.9948516010740741
10000,2020-05-10,0.01232462734999551,0.9876753726500045
10002,2020-05-10,0.04868907925806254,0.9513109207419375
10004,2020-05-10,0.05301968606597185,0.9469803139340282
10005,2020-05-10,0.01153683052269383,0.9884631694773062
10006,2020-05-10,0.005906617836428429,0.9940933821635716
10007,2020-05-10,0.055550190295187485,0.9444498097048125
10008,2020-05-10,0.0038785120752521385,0.9961214879247479
10009,2020-05-10,0.013221172375026069,0.9867788276249739
10010,2020-05-10,0.01941958423946044,0.9805804157605396
10012,2020-05-10,0.019149459683121317,0.9808505403168787
10013,2020-05-10,0.004547561181115767,0.9954524388188842
10014,2020-05-10,0.011877376044741372,0.9881226239552586
10015,2020-05-10,0.045030056007593244,0.9549699439924068
10016,2020-05-10,0.011726349231063082,0.9882736507689369
10018,2020-05-10,0.023995825509067314,0.9760041744909327
10019,2020-05-10,0.002189232359466997,0.997810767640533
10021,2020-05-10,0.04537692742434474,0.9546230725756553
10022,2020-05-10,0.025671223973213753,0.9743287760267862
10023,2020-05-10,0.003983500855795574,0.9960164991442044
10024,2020-05-10,0.054338886239258644,0.9456611137607414
10025,2020-05-10,0.017870897969186172,0.9821291020308138
10026,2020-05-10,0.004912072162258974,0.995087927837741
10027,2020-05-10,0.021440988689652163,0.9785590113103478
10028,2020-05-10,0.0073414343723836595,0.9926585656276163
10029,2020-05-10,0.009121754684676464,0.9908782453153235
10030,2020-05-10,0.0030454649563347314,0.9969545350436653
10031,2020-05-10,0.013616866510503423,0.9863831334894966
10032,2020-05-10,0.006858181428076926,0.9931418185719231
10033,2020-05-10,0.0140697688938628,0.9859302311061372
10034,2020-05-10,0.02125205207416636,0.9787479479258336
10035,2020-05-10,0.022481175326179548,0.9775188246738205
10036,2020-05-10,0.03553491269482789,0.9644650873051721
10038,2020-05-10,0.009310100171891156,0.9906898998281088
10039,2020-05-10,0.007251079061485699,0.9927489209385143
10040,2020-05-10,0.018973953728930848,0.9810260462710692
10041,2020-05-10,0.014499197169343558,0.9855008028306564
10042,2020-05-10,0.009846289640965344,0.9901537103590347
10043,2020-05-10,0.0009822000499081218,0.9990177999500919
10044,2020-05-10,0.013059481485813595,0.9869405185141864
10045,2020-05-10,0.020604729510033448,0.9793952704899666
10046,2020-05-10,0.015015537780777466,0.9849844622192225
10048,2020-05-10,0.013445480929365927,0.9865545190706341
10049,2020-05-10,0.004488294868511433,0.9955117051314886
10050,2020-05-10,0.0067217249851392324,0.9932782750148608
10051,2020-05-10,0.011243785348282187,0.9887562146517178
10052,2020-05-10,0.004261119561352333,0.9957388804386477
10053,2020-05-10,0.022076095666950568,0.9779239043330494
10054,2020-05-10,0.09781350281235457,0.9021864971876454
10055,2020-05-10,0.005905456743696247,0.9940945432563038
10056,2020-05-10,0.01992244356900208,0.9800775564309979
10057,2020-05-10,0.004222473799099902,0.9957775262009001
10058,2020-05-10,0.057403420309423914,0.9425965796905761
10059,2020-05-10,0.00898628765478715,0.9910137123452128
10060,2020-05-10,0.02568887386829133,0.9743111261317087
10061,2020-05-10,0.006605932770910483,0.9933940672290895
10062,2020-05-10,0.006780414805785839,0.9932195851942142
10063,2020-05-10,0.016694401826971905,0.9833055981730281
10065,2020-05-10,0.00372653370071252,0.9962734662992875
10066,2020-05-10,0.003809692836701295,0.9961903071632987
10067,2020-05-10,0.00949730957233963,0.9905026904276604
10068,2020-05-10,0.010851819409837704,0.9891481805901623
10069,2020-05-10,0.007426453972350866,0.9925735460276491
10070,2020-05-10,0.022549118717969163,0.9774508812820308
10071,2020-05-10,0.004760991155411842,0.9952390088445882
10073,2020-05-10,0.011266038351842922,0.9887339616481571
10074,2020-05-10,0.007102021192365471,0.9928979788076345
10075,2020-05-10,0.003286007787677736,0.9967139922123223
10076,2020-05-10,0.02821800091479376,0.9717819990852062
10077,2020-05-10,0.011428065110134167,0.9885719348898658
10079,2020-05-10,0.016420315516253448,0.9835796844837466
10080,2020-05-10,0.018389715404129592,0.9816102845958704
10081,2020-05-10,0.008920678148570671,0.9910793218514293
10082,2020-05-10,0.06759034335658753,0.9324096566434125
10083,2020-05-10,0.01091380974123446,0.9890861902587655
10085,2020-05-10,0.014811832088159838,0.9851881679118402
10086,2020-05-10,0.018659437633938847,0.9813405623660612
10087,2020-05-10,0.055868329147793494,0.9441316708522065
10088,2020-05-10,0.01562940880087471,0.9843705911991253
10089,2020-05-10,0.041642215801188875,0.9583577841988111
10090,2020-05-10,0.009765133815563098,0.9902348661844369
10091,2020-05-10,0.0075172068130887615,0.9924827931869112
10092,2020-05-10,0.05428732188430185,0.9457126781156981
10093,2020-05-10,0.005849350472349801,0.9941506495276502
10094,2020-05-10,0.016577948691861466,0.9834220513081385
10095,2020-05-10,0.006952135616320465,0.9930478643836795
10096,2020-05-10,0.008340361238449279,0.9916596387615507
10097,2020-05-10,0.01874280809674267,0.9812571919032573
10098,2020-05-10,0.01614482542106832,0.9838551745789317
10099,2020-05-10,0.002653020917117832,0.9973469790828822
10100,2020-05-10,0.014856138947686004,0.985143861052314
10101,2020-05-10,0.007509326914119208,0.9924906730858808
10102,2020-05-10,0.007382651774343718,0.9926173482256563
10104,2020-05-10,0.014018965139392492,0.9859810348606075
10105,2020-05-10,0.04380692540392339,0.9561930745960766
10106,2020-05-10,0.06293977847248211,0.9370602215275179
10107,2020-05-10,0.018175949078113707,0.9818240509218863
10108,2020-05-10,0.027055888636540626,0.9729441113634594
10110,2020-05-10,0.008234376529506315,0.9917656234704937
10111,2020-05-10,0.015904843013449188,0.9840951569865508
10112,2020-05-10,0.007755969918927241,0.9922440300810728
10113,2020-05-10,0.039081864773733654,0.9609181352262663
10114,2020-05-10,0.01827634219870955,0.9817236578012905
10115,2020-05-10,0.045113823172588274,0.9548861768274117
10116,2020-05-10,0.003125639904214661,0.9968743600957853
10117,2020-05-10,0.013409034747099091,0.9865909652529009
10118,2020-05-10,0.024293733811153184,0.9757062661888468
10119,2020-05-10,0.01949086519203569,0.9805091348079643
10121,2020-05-10,0.025251075526204536,0.9747489244737955
10122,2020-05-10,0.00285866832418602,0.997141331675814
10123,2020-05-10,0.02929337656632358,0.9707066234336764
10124,2020-05-10,0.004449256737697249,0.9955507432623028
10125,2020-05-10,0.01772135044202794,0.9822786495579721
10126,2020-05-10,0.005535465799198391,0.9944645342008016
10127,2020-05-10,0.025288001598195886,0.9747119984018041
10128,2020-05-10,0.013472640507140365,0.9865273594928596
10129,2020-05-10,0.027100121230687058,0.9728998787693129
10130,2020-05-10,0.011146211069796741,0.9888537889302033
10131,2020-05-10,0.04094985640472548,0.9590501435952745
10132,2020-05-10,0.007069972440806427,0.9929300275591936
10134,2020-05-10,0.025891172698913167,0.9741088273010868
10135,2020-05-10,0.010863403010420658,0.9891365969895793
10136,2020-05-10,0.005770043327335328,0.9942299566726647
10137,2020-05-10,0.025246902255242842,0.9747530977447572
10138,2020-05-10,0.011626144503425917,0.9883738554965741
10139,2020-05-10,0.012352548107252836,0.9876474518927472
10140,2020-05-10,0.01762474144224324,0.9823752585577568
10141,2020-05-10,0.011838176883682161,0.9881618231163178
10143,2020-05-10,0.04454943057701133,0.9554505694229887
10144,2020-05-10,0.008860986358540268,0.9911390136414597
10145,2020-05-10,0.05252078010410022,0.9474792198958998
10146,2020-05-10,0.012065282792858789,0.9879347172071412
10147,2020-05-10,0.003018518727567421,0.9969814812724326
10148,2020-05-10,0.044039181115005044,0.955960818884995
10149,2020-05-10,0.0059257990491440315,0.994074200950856
10150,2020-05-10,0.00794684690616021,0.9920531530938398
10151,2020-05-10,0.003992422025353881,0.9960075779746461
10152,2020-05-10,0.003543789971711786,0.9964562100282882
10153,2020-05-10,0.01297445795913843,0.9870255420408616
10154,2020-05-10,0.036571910520581175,0.9634280894794188
10155,2020-05-10,0.0008304865873334233,0.9991695134126666
10156,2020-05-10,0.017375230897446747,0.9826247691025533
10157,2020-05-10,0.03400043261941088,0.9659995673805891
10158,2020-05-10,0.01359312297865789,0.9864068770213421
10159,2020-05-10,0.019520428276854518,0.9804795717231455
10160,2020-05-10,0.008310974544967542,0.9916890254550325
10161,2020-05-10,0.020602283604679084,0.9793977163953209
10162,2020-05-10,0.005722782715640307,0.9942772172843597
10163,2020-05-10,0.029994025178209593,0.9700059748217904
10164,2020-05-10,0.024763409449342966,0.975236590550657
10165,2020-05-10,0.03126994619996404,0.968730053800036
10166,2020-05-10,0.022477389852049168,0.9775226101479508
10167,2020-05-10,0.025233070779253963,0.974766929220746
10168,2020-05-10,0.03233238649518677,0.9676676135048132
10169,2020-05-10,0.002100352280509754,0.9978996477194902
10170,2020-05-10,0.00448100129616702,0.995518998703833
10171,2020-05-10,0.021212151263493184,0.9787878487365068
10172,2020-05-10,0.008130315745027095,0.9918696842549729
10173,2020-05-10,0.028021181884160473,0.9719788181158395
10174,2020-05-10,0.033543305799298095,0.9664566942007019
10175,2020-05-10,0.00820646603164843,0.9917935339683516
10176,2020-05-10,0.0033371006976010698,0.9966628993023989
10177,2020-05-10,0.014372777374055512,0.9856272226259445
10178,2020-05-10,0.01632665650055265,0.9836733434994474
10180,2020-05-10,0.007165059273724572,0.9928349407262754
10181,2020-05-10,0.04048244273282575,0.9595175572671742
10182,2020-05-10,0.007141432382271162,0.9928585676177288
10183,2020-05-10,0.006788503065609519,0.9932114969343905
10184,2020-05-10,0.04620506143360237,0.9537949385663976
10185,2020-05-10,0.032142783255033724,0.9678572167449663
10186,2020-05-10,0.03409594804967431,0.9659040519503257
10187,2020-05-10,0.011471793347125225,0.9885282066528748
10188,2020-05-10,0.02892308139266142,0.9710769186073386
10189,2020-05-10,0.015268738599434228,0.9847312614005658
10190,2020-05-10,0.008097384384146089,0.9919026156158539
10191,2020-05-10,0.07185716702450762,0.9281428329754924
10193,2020-05-10,0.038309758250864134,0.9616902417491359
10194,2020-05-10,0.008542055633385615,0.9914579443666144
10195,2020-05-10,0.019234893384261764,0.9807651066157382
10196,2020-05-10,0.03752083353443281,0.9624791664655672
10197,2020-05-10,0.013046207177077607,0.9869537928229224
10198,2020-05-10,0.021136376612057584,0.9788636233879424
10199,2020-05-10,0.00916728362707997,0.99083271637292
10200,2020-05-10,0.0018937104104954638,0.9981062895895045
10201,2020-05-10,0.012523582438517589,0.9874764175614824
10202,2020-05-10,0.0066935700185130065,0.993306429981487
10203,2020-05-10,0.024633001345497507,0.9753669986545025
10204,2020-05-10,0.022282288117259963,0.97771771188274
10206,2020-05-10,0.013572921538811733,0.9864270784611883
10207,2020-05-10,0.004761678404970104,0.9952383215950299
10208,2020-05-10,0.01751098939452156,0.9824890106054784
10209,2020-05-10,0.014074665868311409,0.9859253341316886
10210,2020-05-10,0.004180377341490016,0.99581962265851
10211,2020-05-10,0.0651740062990801,0.9348259937009199
10212,2020-05-10,0.03097060606497226,0.9690293939350277
10213,2020-05-10,0.01426820664079953,0.9857317933592005
10214,2020-05-10,0.017120491231986668,0.9828795087680133
10215,2020-05-10,0.03456506050626107,0.9654349394937389
10216,2020-05-10,0.00975912088694153,0.9902408791130585
10218,2020-05-10,0.014326126000780093,0.9856738739992199
10219,2020-05-10,0.013780698768276922,0.9862193012317231
10220,2020-05-10,0.0030960940033183393,0.9969039059966817
10221,2020-05-10,0.012820539797795738,0.9871794602022043
10222,2020-05-10,0.005440758186567085,0.9945592418134329
10223,2020-05-10,0.011292773320578542,0.9887072266794215
10224,2020-05-10,0.0049396547316131745,0.9950603452683868
10225,2020-05-10,0.029127927204766202,0.9708720727952338
10226,2020-05-10,0.025967681645385765,0.9740323183546142
10227,2020-05-10,0.001762068658007765,0.9982379313419922
10228,2020-05-10,0.031060079601096025,0.968939920398904
10229,2020-05-10,0.011153740951803326,0.9888462590481967
10230,2020-05-10,0.04974204051439601,0.950257959485604
10231,2020-05-10,0.003947499969564672,0.9960525000304353
10232,2020-05-10,0.017513858137921945,0.982486141862078
10233,2020-05-10,0.012719842456566766,0.9872801575434332
10234,2020-05-10,0.012897487904860672,0.9871025120951393
10235,2020-05-10,0.014399106112124582,0.9856008938878754
10236,2020-05-10,0.009162847767793969,0.990837152232206
10237,2020-05-10,0.009760916467961844,0.9902390835320382
10238,2020-05-10,0.009425030219326835,0.9905749697806732
10239,2020-05-10,0.053720302353196026,0.946279697646804
10240,2020-05-10,0.027465081919505696,0.9725349180804943
10241,2020-05-10,0.027042618864536516,0.9729573811354635
10242,2020-05-10,0.007596294305239004,0.992403705694761
10243,2020-05-10,0.0045697790795462545,0.9954302209204537
10245,2020-05-10,0.00724499534032319,0.9927550046596768
10246,2020-05-10,0.011719455508064303,0.9882805444919357
10247,2020-05-10,0.00241092814985433,0.9975890718501457
10248,2020-05-10,0.008180918137040583,0.9918190818629594
10249,2020-05-10,0.01888499454976056,0.9811150054502394
10250,2020-05-10,0.002932519211077844,0.9970674807889222
10251,2020-05-10,0.00485028850142355,0.9951497114985765
10252,2020-05-10,0.012660774260399021,0.987339225739601
10253,2020-05-10,0.04035271286870612,0.9596472871312939
10255,2020-05-10,0.03251519801460123,0.9674848019853988
10256,2020-05-10,0.018830390840421374,0.9811696091595786
10257,2020-05-10,0.10464329094063052,0.8953567090593695
10258,2020-05-10,0.029464387931337765,0.9705356120686622
10259,2020-05-10,0.0031105075897283063,0.9968894924102717
10261,2020-05-10,0.011936493569852935,0.9880635064301471
10262,2020-05-10,0.020470844077743133,0.9795291559222569
10263,2020-05-10,0.0027879180940251214,0.9972120819059749
10264,2020-05-10,0.06617451874401137,0.9338254812559886
10265,2020-05-10,0.04613047590082309,0.9538695240991769
10267,2020-05-10,0.020393356307772947,0.979606643692227
10268,2020-05-10,0.04188779670284348,0.9581122032971565
10269,2020-05-10,0.011582889919387385,0.9884171100806126
10271,2020-05-10,0.020676559043138698,0.9793234409568613
10272,2020-05-10,0.018559300012071844,0.9814406999879282
10273,2020-05-10,0.002033619737826786,0.9979663802621732
10274,2020-05-10,0.026601490276877415,0.9733985097231226
10275,2020-05-10,0.004364771393585376,0.9956352286064146
10276,2020-05-10,0.010945058311864209,0.9890549416881358
10277,2020-05-10,0.03410579916156964,0.9658942008384304
10278,2020-05-10,0.0030086065106225135,0.9969913934893775
10279,2020-05-10,0.011982875689989791,0.9880171243100102
10280,2020-05-10,0.011410683152034085,0.9885893168479659
10281,2020-05-10,0.0035691955296135447,0.9964308044703865
10282,2020-05-10,0.009970905445682576,0.9900290945543174
10283,2020-05-10,0.013571279626718669,0.9864287203732813
10284,2020-05-10,0.0063802611585120905,0.9936197388414879
10285,2020-05-10,0.012090717434504406,0.9879092825654956
10286,2020-05-10,0.0031350526374325227,0.9968649473625675
10287,2020-05-10,0.008299376076425835,0.9917006239235742
10288,2020-05-10,0.03641980473991735,0.9635801952600827
10289,2020-05-10,0.022788800017908395,0.9772111999820916
10290,2020-05-10,0.008888649589173014,0.991111350410827
10291,2020-05-10,0.005279133756714738,0.9947208662432853
10292,2020-05-10,0.007526125107274795,0.9924738748927252
10293,2020-05-10,0.004361497570856909,0.9956385024291431
10295,2020-05-10,0.02769456784297819,0.9723054321570218
10296,2020-05-10,0.04056779453387893,0.9594322054661211
10297,2020-05-10,0.005794228307280824,0.9942057716927192
10298,2020-05-10,0.02130977992541816,0.9786902200745818
10299,2020-05-10,0.008660076835210306,0.9913399231647897
10300,2020-05-10,0.01453713022063119,0.9854628697793688
10301,2020-05-10,0.020124554224438373,0.9798754457755616
10302,2020-05-10,0.0032167765975783524,0.9967832234024216
10303,2020-05-10,0.007343698866489778,0.9926563011335102
10304,2020-05-10,0.028667960231771872,0.9713320397682281
10305,2020-05-10,0.022856991795293657,0.9771430082047063
10306,2020-05-10,0.016564678924697818,0.9834353210753022
10307,2020-05-10,0.04896847779098279,0.9510315222090172
10308,2020-05-10,0.0036542794988649874,0.996345720501135
10309,2020-05-10,0.0045484238797213195,0.9954515761202787
10310,2020-05-10,0.003352759236556202,0.9966472407634438
10311,2020-05-10,0.027951531404990737,0.9720484685950093
10312,2020-05-10,0.02656753004635448,0.9734324699536455
10313,2020-05-10,0.02366052767702742,0.9763394723229726
10315,2020-05-10,0.003651861231343534,0.9963481387686565
10316,2020-05-10,0.00456894204255176,0.9954310579574482
10317,2020-05-10,0.005846573131674249,0.9941534268683258
10318,2020-05-10,0.02562413645391004,0.97437586354609
10319,2020-05-10,0.025714109356480108,0.9742858906435199
10320,2020-05-10,0.006915973774914819,0.9930840262250852
10321,2020-05-10,0.058456792424890436,0.9415432075751096
10322,2020-05-10,0.0339190474786607,0.9660809525213393
10323,2020-05-10,0.004852476746037615,0.9951475232539624
10324,2020-05-10,0.006023723252664426,0.9939762767473356
10325,2020-05-10,0.008329669483297386,0.9916703305167026
10326,2020-05-10,0.016525621725617445,0.9834743782743826
10327,2020-05-10,0.017162700216597493,0.9828372997834025
10328,2020-05-10,0.03167256692354514,0.9683274330764549
10330,2020-05-10,0.04871076957752929,0.9512892304224707
10332,2020-05-10,0.009049119780848103,0.9909508802191519
10334,2020-05-10,0.021285281014482682,0.9787147189855173
10335,2020-05-10,0.007112954600305699,0.9928870453996943
10336,2020-05-10,0.02346642212397232,0.9765335778760277
10337,2020-05-10,0.019306703904194755,0.9806932960958052
10338,2020-05-10,0.014234456094002201,0.9857655439059978
10339,2020-05-10,0.022761072569448926,0.9772389274305511
10340,2020-05-10,0.020065910685810207,0.9799340893141898
10341,2020-05-10,0.025092686662717578,0.9749073133372824
10342,2020-05-10,0.0038571534101108362,0.9961428465898892
10343,2020-05-10,0.007757916895010708,0.9922420831049893
10344,2020-05-10,0.029758897867176448,0.9702411021328236
10345,2020-05-10,0.009578827585515426,0.9904211724144846
10346,2020-05-10,0.028705697980892397,0.9712943020191076
10348,2020-05-10,0.003618661677009194,0.9963813383229908
10349,2020-05-10,0.01962876998076679,0.9803712300192332
10350,2020-05-10,0.016693720736996043,0.983306279263004
10351,2020-05-10,0.0241935353168522,0.9758064646831478
10353,2020-05-10,0.002856196012099521,0.9971438039879005
10354,2020-05-10,0.02489119260769479,0.9751088073923052
10355,2020-05-10,0.010218893638347382,0.9897811063616526
10356,2020-05-10,0.016271412135786534,0.9837285878642135
10357,2020-05-10,0.01597342425459569,0.9840265757454043
10358,2020-05-10,0.019203067007878216,0.9807969329921218
10359,2020-05-10,0.0026202884662251957,0.9973797115337748
10360,2020-05-10,0.0075837792226089995,0.992416220777391
10362,2020-05-10,0.028008202822085493,0.9719917971779145
10363,2020-05-10,0.006064501940306499,0.9939354980596935
10364,2020-05-10,0.006017433154863805,0.9939825668451362
10365,2020-05-10,0.009566566664808707,0.9904334333351913
10366,2020-05-10,0.0164838835828377,0.9835161164171623
10367,2020-05-10,0.03787211188103945,0.9621278881189606
10368,2020-05-10,0.05994156318469701,0.940058436815303
10370,2020-05-10,0.02046280801998346,0.9795371919800165
10371,2020-05-10,0.024194019031155256,0.9758059809688447
10372,2020-05-10,0.02235007102701514,0.9776499289729849
10373,2020-05-10,0.007226794376451351,0.9927732056235486
10374,2020-05-10,0.021938391096407273,0.9780616089035927
10375,2020-05-10,0.012305598065040724,0.9876944019349593
10376,2020-05-10,0.022765720605681383,0.9772342793943186
10377,2020-05-10,0.015268798847224652,0.9847312011527753
10378,2020-05-10,0.006989330274730365,0.9930106697252696
10379,2020-05-10,0.021741529305617013,0.978258470694383
10380,2020-05-10,0.002528126229751404,0.9974718737702486
10381,2020-05-10,0.03548689452738818,0.9645131054726118
10382,2020-05-10,0.026345453509582062,0.9736545464904179
10383,2020-05-10,0.013564010764806067,0.9864359892351939
10384,2020-05-10,0.01321650201783009,0.9867834979821699
10385,2020-05-10,0.001559582068098031,0.998440417931902
10386,2020-05-10,0.00719338478435394,0.9928066152156461
10387,2020-05-10,0.0383501812343513,0.9616498187656487
10388,2020-05-10,0.016610303106711966,0.983389696893288
10389,2020-05-10,0.021793448623005474,0.9782065513769945
10390,2020-05-10,0.014671593503545965,0.985328406496454
10391,2020-05-10,0.021449568144730313,0.9785504318552697
10392,2020-05-10,0.013686127370989842,0.9863138726290102
10393,2020-05-10,0.004140214511574758,0.9958597854884252
10394,2020-05-10,0.017222368904331375,0.9827776310956686
10395,2020-05-10,0.010751619556530367,0.9892483804434696
10396,2020-05-10,0.009772508782226574,0.9902274912177734
10397,2020-05-10,0.01985059282014201,0.980149407179858
10398,2020-05-10,0.01646221006523174,0.9835377899347683
10399,2020-05-10,0.0030723754104605705,0.9969276245895394
10400,2020-05-10,0.03301397222194924,0.9669860277780508
10402,2020-05-10,0.028017363680589935,0.9719826363194101
10403,2020-05-10,0.002888305593488627,0.9971116944065114
10404,2020-05-10,0.005143977477125361,0.9948560225228746
10405,2020-05-10,0.02331194367721623,0.9766880563227838
10406,2020-05-10,0.007577421939523155,0.9924225780604768
10407,2020-05-10,0.014333221188067458,0.9856667788119325
10408,2020-05-10,0.015866193946165952,0.984133806053834
10409,2020-05-10,0.015392105353837615,0.9846078946461624
10410,2020-05-10,0.013620817373311667,0.9863791826266883
10412,2020-05-10,0.008653866774364527,0.9913461332256355
10414,2020-05-10,0.027012254731249685,0.9729877452687503
10415,2020-05-10,0.010287000074864161,0.9897129999251358
10416,2020-05-10,0.006073192085108148,0.9939268079148919
10417,2020-05-10,0.01943677185819892,0.9805632281418011
10418,2020-05-10,0.0056005585051569495,0.994399441494843
10419,2020-05-10,0.01961906779712974,0.9803809322028703
10420,2020-05-10,0.024177202864638203,0.9758227971353618
10421,2020-05-10,0.004279382088437922,0.9957206179115621
10422,2020-05-10,0.0071243192650122245,0.9928756807349878
10423,2020-05-10,0.014888508542844847,0.9851114914571552
10424,2020-05-10,0.00270486034621098,0.997295139653789
10425,2020-05-10,0.0082273357848337,0.9917726642151663
10426,2020-05-10,0.029176552338097683,0.9708234476619023
10427,2020-05-10,0.003557922082054632,0.9964420779179454
10428,2020-05-10,0.038262250483771076,0.9617377495162289
10429,2020-05-10,0.011422558234065794,0.9885774417659342
10430,2020-05-10,0.02486022262412424,0.9751397773758758
10431,2020-05-10,0.04352139770195784,0.9564786022980422
10432,2020-05-10,0.03166643336673669,0.9683335666332633
10433,2020-05-10,0.0066431674139783015,0.9933568325860217
10434,2020-05-10,0.005521066799973329,0.9944789332000267
10435,2020-05-10,0.007793043427184343,0.9922069565728157
10436,2020-05-10,0.008032770186598204,0.9919672298134018
10437,2020-05-10,0.00702325636047596,0.992976743639524
10438,2020-05-10,0.01869332349769981,0.9813066765023002
10439,2020-05-10,0.0036981238158364516,0.9963018761841635
10440,2020-05-10,0.030871516687481226,0.9691284833125188
10441,2020-05-10,0.003986663525822998,0.996013336474177
10442,2020-05-10,0.006132223553118155,0.9938677764468818
10443,2020-05-10,0.027223891625301255,0.9727761083746987
10444,2020-05-10,0.006286322405199329,0.9937136775948007
10446,2020-05-10,0.014426171428858936,0.9855738285711411
10447,2020-05-10,0.013497134616945239,0.9865028653830548
10448,2020-05-10,0.026528796526089415,0.9734712034739106
10449,2020-05-10,0.03839418242192427,0.9616058175780757
10450,2020-05-10,0.018737857797979096,0.9812621422020209
10451,2020-05-10,0.011555872082721352,0.9884441279172786
10452,2020-05-10,0.028302526233465963,0.971697473766534
10453,2020-05-10,0.038790058302471175,0.9612099416975288
10454,2020-05-10,0.017321715553726413,0.9826782844462736
10455,2020-05-10,0.019151764716061503,0.9808482352839385
10456,2020-05-10,0.024033017538807377,0.9759669824611926
10457,2020-05-10,0.003946435316255492,0.9960535646837445
10458,2020-05-10,0.013276919580904156,0.9867230804190958
10460,2020-05-10,0.004072743510895704,0.9959272564891043
10462,2020-05-10,0.03974262993134181,0.9602573700686582
10464,2020-05-10,0.018943894387702165,0.9810561056122978
10465,2020-05-10,0.007059277702435862,0.9929407222975641
10466,2020-05-10,0.01260370822122503,0.987396291778775
10467,2020-05-10,0.005255791468671278,0.9947442085313287
10468,2020-05-10,0.019105080469016156,0.9808949195309838
10469,2020-05-10,0.030555724585500932,0.9694442754144991
10470,2020-05-10,0.03406260587452781,0.9659373941254722
10473,2020-05-10,0.029251001479231653,0.9707489985207683
10474,2020-05-10,0.0037212799294874532,0.9962787200705125
10475,2020-05-10,0.03955002893094728,0.9604499710690527
10476,2020-05-10,0.0031361727218460755,0.9968638272781539
10477,2020-05-10,0.012245068346567356,0.9877549316534326
10478,2020-05-10,0.00394672727368961,0.9960532727263104
10479,2020-05-10,0.005256506584905174,0.9947434934150948
10481,2020-05-10,0.01020499448704082,0.9897950055129592
10483,2020-05-10,0.0037588975273820102,0.996241102472618
10484,2020-05-10,0.013771884032692472,0.9862281159673075
10485,2020-05-10,0.013383732016087668,0.9866162679839123
10486,2020-05-10,0.008082625753273454,0.9919173742467265
10487,2020-05-10,0.11161163690287579,0.8883883630971242
10488,2020-05-10,0.00516534872075658,0.9948346512792434
10489,2020-05-10,0.06985971956259673,0.9301402804374033
10490,2020-05-10,0.011798521996124967,0.988201478003875
10491,2020-05-10,0.008547226856477907,0.9914527731435221
10492,2020-05-10,0.010822277656790669,0.9891777223432093
10493,2020-05-10,0.060186161880281364,0.9398138381197186
10494,2020-05-10,0.015124341977770905,0.9848756580222291
10495,2020-05-10,0.030202881833245376,0.9697971181667546
10496,2020-05-10,0.019656867585748916,0.9803431324142511
10497,2020-05-10,0.007802931242538724,0.9921970687574613
10498,2020-05-10,0.014155174293038142,0.9858448257069619
10499,2020-05-10,0.03687482032805467,0.9631251796719453
10500,2020-05-10,0.04543801254295732,0.9545619874570427
10501,2020-05-10,0.015061286675026153,0.9849387133249738
10502,2020-05-10,0.003931938938214641,0.9960680610617854
10503,2020-05-10,0.006552219083424404,0.9934477809165756
10504,2020-05-10,0.01309853962857599,0.986901460371424
10505,2020-05-10,0.006656385221690875,0.9933436147783091
10506,2020-05-10,0.02211083283261317,0.9778891671673868
10507,2020-05-10,0.042886263837253136,0.9571137361627469
10508,2020-05-10,0.012079583149970374,0.9879204168500296
10509,2020-05-10,0.023470211949603303,0.9765297880503967
10510,2020-05-10,0.009438186062850962,0.990561813937149
10511,2020-05-10,0.04434980133083477,0.9556501986691652
10512,2020-05-10,0.035376255978679216,0.9646237440213208
10513,2020-05-10,0.03534193533397745,0.9646580646660226
10514,2020-05-10,0.020078444082143987,0.979921555917856
10515,2020-05-10,0.0049222618452675615,0.9950777381547324
10516,2020-05-10,0.007030390640244688,0.9929696093597553
10517,2020-05-10,0.03263166095389569,0.9673683390461043
10518,2020-05-10,0.03305850483167594,0.9669414951683241
10519,2020-05-10,0.007965308627416068,0.9920346913725839
10520,2020-05-10,0.00831998349340246,0.9916800165065975
10523,2020-05-10,0.017210925061367233,0.9827890749386328
10524,2020-05-10,0.02516298342541945,0.9748370165745806
10525,2020-05-10,0.03087645222869606,0.9691235477713039
10526,2020-05-10,0.019909737601623956,0.980090262398376
10528,2020-05-10,0.0063171140315454455,0.9936828859684546
10529,2020-05-10,0.010899326241339269,0.9891006737586607
10530,2020-05-10,0.004355577563745272,0.9956444224362547
10532,2020-05-10,0.05866869541730524,0.9413313045826948
10533,2020-05-10,0.01706547964285421,0.9829345203571458
10534,2020-05-10,0.002622945313280778,0.9973770546867192
10536,2020-05-10,0.03016787919417141,0.9698321208058286
10537,2020-05-10,0.043108016436127716,0.9568919835638723
10538,2020-05-10,0.03406913227768371,0.9659308677223163
10539,2020-05-10,0.021060462353291953,0.978939537646708
10540,2020-05-10,0.03889151162163362,0.9611084883783664
10541,2020-05-10,0.009323005979895993,0.990676994020104
10542,2020-05-10,0.009425633303185799,0.9905743666968142
10543,2020-05-10,0.016346870724075035,0.983653129275925
10544,2020-05-10,0.009721760163578619,0.9902782398364214
10545,2020-05-10,0.00665620294436664,0.9933437970556334
10546,2020-05-10,0.07629319543343271,0.9237068045665673
10547,2020-05-10,0.001130205052380151,0.9988697949476198
10549,2020-05-10,0.007613944608220957,0.992386055391779
10550,2020-05-10,0.008251584512381505,0.9917484154876185
10551,2020-05-10,0.018135744764266826,0.9818642552357332
10552,2020-05-10,0.02232059913329909,0.9776794008667009
10553,2020-05-10,0.0024676335480934286,0.9975323664519066
10555,2020-05-10,0.005384869955880944,0.9946151300441191
10556,2020-05-10,0.10187626944477779,0.8981237305552222
10557,2020-05-10,0.007460836405819737,0.9925391635941803
10559,2020-05-10,0.01608171464351349,0.9839182853564865
10560,2020-05-10,0.0013479011639344618,0.9986520988360655
10561,2020-05-10,0.005441497785728777,0.9945585022142712
10562,2020-05-10,0.01011341235241614,0.9898865876475839
10563,2020-05-10,0.02967281691438206,0.9703271830856179
10564,2020-05-10,0.02015030160790232,0.9798496983920977
10565,2020-05-10,0.0037005234704196033,0.9962994765295804
10566,2020-05-10,0.0061494960273216215,0.9938505039726784
10567,2020-05-10,0.010146306552150985,0.989853693447849
10568,2020-05-10,0.013909609661617361,0.9860903903383826
10570,2020-05-10,0.014148699598859227,0.9858513004011408
10572,2020-05-10,0.005813185448096503,0.9941868145519035
10574,2020-05-10,0.0039603882723682204,0.9960396117276318
10575,2020-05-10,0.030161401612696537,0.9698385983873035
10576,2020-05-10,0.043581786717154625,0.9564182132828454
10577,2020-05-10,0.00999578565007797,0.990004214349922
10578,2020-05-10,0.0741076527238359,0.9258923472761641
10579,2020-05-10,0.006555175868226626,0.9934448241317734
10580,2020-05-10,0.015594080448951275,0.9844059195510487
10581,2020-05-10,0.002692129791376119,0.9973078702086239
10582,2020-05-10,0.0009105991155869964,0.999089400884413
10585,2020-05-10,0.015016680169890995,0.984983319830109
10586,2020-05-10,0.004834421550281909,0.9951655784497181
10587,2020-05-10,0.022491957228501502,0.9775080427714985
10588,2020-05-10,0.021093469233804618,0.9789065307661954
10589,2020-05-10,0.06611752919426928,0.9338824708057307
10591,2020-05-10,0.010407831354956265,0.9895921686450437
10592,2020-05-10,0.019092297180508644,0.9809077028194914
10593,2020-05-10,0.02588870302754165,0.9741112969724584
10594,2020-05-10,0.018500994311470786,0.9814990056885292
10595,2020-05-10,0.034340919047167295,0.9656590809528327
10596,2020-05-10,0.01002910394418266,0.9899708960558173
10597,2020-05-10,0.005728802151155676,0.9942711978488443
10598,2020-05-10,0.005628472274944452,0.9943715277250555
10599,2020-05-10,0.022842974315222975,0.977157025684777
10600,2020-05-10,0.013313436027296843,0.9866865639727032
10602,2020-05-10,0.006858796220909347,0.9931412037790907
10603,2020-05-10,0.0034726845156736186,0.9965273154843264
10604,2020-05-10,0.01807611926862296,0.981923880731377
10605,2020-05-10,0.018746637735281624,0.9812533622647184
10606,2020-05-10,0.09038758587412066,0.9096124141258793
10607,2020-05-10,0.014021545314476636,0.9859784546855234
10608,2020-05-10,0.006230569704643751,0.9937694302953562
10609,2020-05-10,0.03241718654771619,0.9675828134522838
10611,2020-05-10,0.0023483244897087863,0.9976516755102912
10612,2020-05-10,0.0024472329593726583,0.9975527670406273
10613,2020-05-10,0.005227373585393824,0.9947726264146062
10614,2020-05-10,0.007437861583615923,0.9925621384163841
10615,2020-05-10,0.03246772782477425,0.9675322721752257
10616,2020-05-10,0.004897235102067854,0.9951027648979321
10617,2020-05-10,0.016973228071227475,0.9830267719287725
10618,2020-05-10,0.015609340149846829,0.9843906598501532
10619,2020-05-10,0.05153716872154579,0.9484628312784542
10621,2020-05-10,0.02453454815796985,0.9754654518420302
10622,2020-05-10,0.01822112894652117,0.9817788710534788
10623,2020-05-10,0.010740884144943896,0.9892591158550561
10624,2020-05-10,0.1247078088972925,0.8752921911027075
10625,2020-05-10,0.002201867662052104,0.9977981323379479
10626,2020-05-10,0.022604157364483957,0.977395842635516
10627,2020-05-10,0.00803120545550895,0.991968794544491
10628,2020-05-10,0.027036131776169925,0.9729638682238301
10629,2020-05-10,0.01263256320713968,0.9873674367928603
10630,2020-05-10,0.024358527755747317,0.9756414722442527
10631,2020-05-10,0.0099164901625457,0.9900835098374543
10632,2020-05-10,0.02166564213242561,0.9783343578675744
10633,2020-05-10,0.005114237418942569,0.9948857625810574
10634,2020-05-10,0.02121040350923009,0.9787895964907699
10636,2020-05-10,0.042322382061210084,0.9576776179387899
10637,2020-05-10,0.001291021224299027,0.998708978775701
10638,2020-05-10,0.0033307869972113435,0.9966692130027887
10640,2020-05-10,0.01496624438477756,0.9850337556152224
10641,2020-05-10,0.006038325861372096,0.9939616741386279
10643,2020-05-10,0.01017578087061366,0.9898242191293863
10644,2020-05-10,0.017229980298831493,0.9827700197011685
10645,2020-05-10,0.016943670277294598,0.9830563297227054
10646,2020-05-10,0.009061215983910742,0.9909387840160893
10647,2020-05-10,0.0360231872190615,0.9639768127809385
10648,2020-05-10,0.011258111479219068,0.9887418885207809
10649,2020-05-10,0.005155068647268779,0.9948449313527312
10650,2020-05-10,0.014078941637375442,0.9859210583626246
10651,2020-05-10,0.004758741062194316,0.9952412589378057
10652,2020-05-10,0.02624878235166561,0.9737512176483344
10653,2020-05-10,0.010481783188034832,0.9895182168119652
10654,2020-05-10,0.0066300755190862315,0.9933699244809138
10655,2020-05-10,0.09229006045100807,0.9077099395489919
10657,2020-05-10,0.03021464164510168,0.9697853583548983
10658,2020-05-10,0.002007454932197783,0.9979925450678022
10659,2020-05-10,0.03926195922500464,0.9607380407749954
10660,2020-05-10,0.040963791260444915,0.9590362087395551
10662,2020-05-10,0.024621020089834356,0.9753789799101656
10663,2020-05-10,0.007865093929044997,0.992134906070955
10664,2020-05-10,0.020805102994873148,0.9791948970051269
10666,2020-05-10,0.12368481649921947,0.8763151835007805
10667,2020-05-10,0.007970897545412026,0.992029102454588
10668,2020-05-10,0.013578572482222384,0.9864214275177776
10669,2020-05-10,0.003856536047845305,0.9961434639521547
10670,2020-05-10,0.01900246554048657,0.9809975344595134
10671,2020-05-10,0.008855207114022656,0.9911447928859773
10672,2020-05-10,0.01898371237313856,0.9810162876268614
10673,2020-05-10,0.0033179712709796583,0.9966820287290203
10675,2020-05-10,0.011465705874691756,0.9885342941253082
10676,2020-05-10,0.02312908384803114,0.9768709161519689
10677,2020-05-10,0.017512534928099788,0.9824874650719002
10678,2020-05-10,0.005070713451620579,0.9949292865483794
10679,2020-05-10,0.020131540262423697,0.9798684597375763
10681,2020-05-10,0.012404859631872545,0.9875951403681275
10682,2020-05-10,0.01695575629518531,0.9830442437048147
10683,2020-05-10,0.004558575740561288,0.9954414242594387
10685,2020-05-10,0.03584483843739017,0.9641551615626098
10686,2020-05-10,0.011017865165883545,0.9889821348341165
10687,2020-05-10,0.009029213843768313,0.9909707861562317
10688,2020-05-10,0.0016268064788355074,0.9983731935211645
10689,2020-05-10,0.013794899510938263,0.9862051004890617
10690,2020-05-10,0.014525967192090539,0.9854740328079095
10691,2020-05-10,0.009020713460018204,0.9909792865399818
10692,2020-05-10,0.03247177952038682,0.9675282204796132
10693,2020-05-10,0.05367960006731709,0.9463203999326829
10694,2020-05-10,0.005865476140582637,0.9941345238594174
10695,2020-05-10,0.0046872016630349345,0.9953127983369651
10696,2020-05-10,0.013982356051561173,0.9860176439484388
10697,2020-05-10,0.010902037434706968,0.989097962565293
10698,2020-05-10,0.01700729496146436,0.9829927050385356
10699,2020-05-10,0.01651415150577662,0.9834858484942234
10700,2020-05-10,0.0024178709777059604,0.997582129022294
10701,2020-05-10,0.010444194475281776,0.9895558055247182
10702,2020-05-10,0.0065621684044309125,0.9934378315955691
10703,2020-05-10,0.015530010813300521,0.9844699891866995
10704,2020-05-10,0.03458036558083477,0.9654196344191652
10705,2020-05-10,0.005483124262618988,0.994516875737381
10706,2020-05-10,0.0063489515701530275,0.993651048429847
10707,2020-05-10,0.016216835715396005,0.983783164284604
10708,2020-05-10,0.008865688474785638,0.9911343115252144
10709,2020-05-10,0.02989554214325607,0.9701044578567439
10710,2020-05-10,0.09690088333527702,0.903099116664723
10711,2020-05-10,0.028826810550057647,0.9711731894499424
10712,2020-05-10,0.016293836488496805,0.9837061635115032
10713,2020-05-10,0.016799353491052327,0.9832006465089477
10715,2020-05-10,0.030562554618132176,0.9694374453818678
10716,2020-05-10,0.023695050458424682,0.9763049495415753
10717,2020-05-10,0.023002135484634922,0.9769978645153651
10718,2020-05-10,0.031096398813292403,0.9689036011867076
10719,2020-05-10,0.009070762299664525,0.9909292377003355
10720,2020-05-10,0.057599568415557356,0.9424004315844426
10721,2020-05-10,0.008069272611103129,0.9919307273888969
10722,2020-05-10,0.018732838932730367,0.9812671610672696
10723,2020-05-10,0.004751477610628219,0.9952485223893718
10724,2020-05-10,0.01967399112383661,0.9803260088761634
10725,2020-05-10,0.019818845231513782,0.9801811547684862
10727,2020-05-10,0.007346576811229966,0.99265342318877
10728,2020-05-10,0.007005215602954418,0.9929947843970456
10729,2020-05-10,0.006310941560936922,0.9936890584390631
10730,2020-05-10,0.01887420639545634,0.9811257936045437
10731,2020-05-10,0.0046249689337207744,0.9953750310662792
10732,2020-05-10,0.0030908630155797034,0.9969091369844203
10733,2020-05-10,0.0010372739552135801,0.9989627260447864
10734,2020-05-10,0.05382347860117487,0.9461765213988251
10735,2020-05-10,0.006900702525152069,0.9930992974748479
10736,2020-05-10,0.025719688075878433,0.9742803119241216
10737,2020-05-10,0.029128326166363405,0.9708716738336366
10738,2020-05-10,0.007601669901377783,0.9923983300986222
10740,2020-05-10,0.007048461348120649,0.9929515386518794
10741,2020-05-10,0.008302625054500856,0.9916973749454991
10742,2020-05-10,0.08470137525349453,0.9152986247465055
10744,2020-05-10,0.06427367295357689,0.9357263270464231
10745,2020-05-10,0.0013080429642119418,0.9986919570357881
10746,2020-05-10,0.031599213988383834,0.9684007860116162
10747,2020-05-10,0.006399180536461602,0.9936008194635384
10748,2020-05-10,0.007613464359294997,0.992386535640705
10749,2020-05-10,0.003626631067149777,0.9963733689328502
10750,2020-05-10,0.009260850576394808,0.9907391494236052
10751,2020-05-10,0.019224624836480464,0.9807753751635195
10753,2020-05-10,0.019668688917628185,0.9803313110823718
10754,2020-05-10,0.0050930684796034464,0.9949069315203966
10755,2020-05-10,0.005971478613575609,0.9940285213864244
10756,2020-05-10,0.01576166534068224,0.9842383346593178
10757,2020-05-10,0.00976887392606296,0.990231126073937
10758,2020-05-10,0.01770728897605245,0.9822927110239476
10759,2020-05-10,0.004526241865079661,0.9954737581349203
10760,2020-05-10,0.017835047198045628,0.9821649528019544
10761,2020-05-10,0.028031345660951,0.971968654339049
10762,2020-05-10,0.012411066387925551,0.9875889336120744
10763,2020-05-10,0.0291892351900489,0.9708107648099511
10765,2020-05-10,0.005459633020952204,0.9945403669790478
10766,2020-05-10,0.0113005730186031,0.9886994269813969
10767,2020-05-10,0.0016094937162359768,0.998390506283764
10768,2020-05-10,0.020190431648555607,0.9798095683514444
10769,2020-05-10,0.05268910079133604,0.947310899208664
10770,2020-05-10,0.033041490512165206,0.9669585094878348
10771,2020-05-10,0.01149097785616826,0.9885090221438317
10772,2020-05-10,0.03726318760885383,0.9627368123911462
10773,2020-05-10,0.03213960561246576,0.9678603943875342
10774,2020-05-10,0.032293893929593365,0.9677061060704066
10775,2020-05-10,0.011575778432642903,0.9884242215673571
10776,2020-05-10,0.022464258230706302,0.9775357417692937
10777,2020-05-10,0.029486729255726263,0.9705132707442737
10778,2020-05-10,0.001246312371604108,0.9987536876283959
10779,2020-05-10,0.02223536291658368,0.9777646370834163
10780,2020-05-10,0.03177045569284642,0.9682295443071536
10781,2020-05-10,0.004566945362012853,0.9954330546379871
10782,2020-05-10,0.029487149109775124,0.9705128508902249
10783,2020-05-10,0.005285157646342964,0.994714842353657
10784,2020-05-10,0.014641582107762452,0.9853584178922375
10785,2020-05-10,0.014370585672217606,0.9856294143277824
10786,2020-05-10,0.01726989893369868,0.9827301010663013
10787,2020-05-10,0.007722951643936549,0.9922770483560635
10788,2020-05-10,0.00688134686057873,0.9931186531394213
10789,2020-05-10,0.028825065420084783,0.9711749345799152
10790,2020-05-10,0.003166252701839567,0.9968337472981604
10791,2020-05-10,0.019196905489425986,0.980803094510574
10792,2020-05-10,0.00699918975015934,0.9930008102498407
10793,2020-05-10,0.04853940363831977,0.9514605963616802
10794,2020-05-10,0.05016632720198577,0.9498336727980142
10795,2020-05-10,0.011478474134360095,0.9885215258656399
10796,2020-05-10,0.01359288821881044,0.9864071117811896
10797,2020-05-10,0.011160481736880556,0.9888395182631194
10801,2020-05-10,0.02169388531184524,0.9783061146881548
10802,2020-05-10,0.01792936977544468,0.9820706302245553
10803,2020-05-10,0.01125506362276063,0.9887449363772394
10804,2020-05-10,0.05306844351017859,0.9469315564898214
10806,2020-05-10,0.016916874250751723,0.9830831257492483
10807,2020-05-10,0.01564362736644509,0.9843563726335549
10809,2020-05-10,0.004705983267997205,0.9952940167320028
10810,2020-05-10,0.0020218575628955238,0.9979781424371045
10811,2020-05-10,0.008058381544757909,0.9919416184552421
10813,2020-05-10,0.012831891128223472,0.9871681088717765
10814,2020-05-10,0.10902130336322158,0.8909786966367784
10815,2020-05-10,0.1051789757232956,0.8948210242767044
10816,2020-05-10,0.035196332927842966,0.964803667072157
10817,2020-05-10,0.010608050240281885,0.9893919497597181
10818,2020-05-10,0.006560502851528205,0.9934394971484718
10819,2020-05-10,0.050997662427907486,0.9490023375720925
10820,2020-05-10,0.018738551042078,0.981261448957922
10821,2020-05-10,0.024764399651872715,0.9752356003481273
10823,2020-05-10,0.016945816267379343,0.9830541837326207
10824,2020-05-10,0.014826282598174978,0.985173717401825
10825,2020-05-10,0.00670502958644803,0.993294970413552
10826,2020-05-10,0.03264341962683248,0.9673565803731675
10827,2020-05-10,0.00873326685446929,0.9912667331455307
10828,2020-05-10,0.04659461929626518,0.9534053807037348
10829,2020-05-10,0.027191454024826922,0.9728085459751731
10830,2020-05-10,0.028245036134161405,0.9717549638658386
10832,2020-05-10,0.021537761254881493,0.9784622387451185
10833,2020-05-10,0.03077246297029912,0.9692275370297009
10834,2020-05-10,0.008597148857243053,0.991402851142757
10835,2020-05-10,0.06832413501747836,0.9316758649825216
10836,2020-05-10,0.015315417453242164,0.9846845825467578
10837,2020-05-10,0.021313229922546584,0.9786867700774534
10838,2020-05-10,0.024494193888232374,0.9755058061117676
10839,2020-05-10,0.005965516054847186,0.9940344839451528
10840,2020-05-10,0.008890163816195451,0.9911098361838045
10841,2020-05-10,0.026146098861907108,0.9738539011380929
10842,2020-05-10,0.01039988551187021,0.9896001144881298
10843,2020-05-10,0.011192185451955883,0.9888078145480441
10844,2020-05-10,0.011569965035444829,0.9884300349645552
10845,2020-05-10,0.017371548861668917,0.9826284511383311
10846,2020-05-10,0.025046871212642596,0.9749531287873574
10847,2020-05-10,0.02164594576984802,0.978354054230152
10848,2020-05-10,0.004789779734240218,0.9952102202657598
10849,2020-05-10,0.026512351745676788,0.9734876482543232
10850,2020-05-10,0.020584211377124295,0.9794157886228757
10851,2020-05-10,0.04033042517572594,0.9596695748242741
10852,2020-05-10,0.01643590306408549,0.9835640969359145
10853,2020-05-10,0.016300171895093585,0.9836998281049064
10854,2020-05-10,0.10230300103760093,0.8976969989623991
10855,2020-05-10,0.008448612963539381,0.9915513870364606
10856,2020-05-10,0.014590816268222895,0.9854091837317771
10857,2020-05-10,0.046658235701111384,0.9533417642988886
10858,2020-05-10,0.014515394201008558,0.9854846057989914
10859,2020-05-10,0.003301206414313418,0.9966987935856866
10860,2020-05-10,0.1263526016245543,0.8736473983754457
10861,2020-05-10,0.05231748049947482,0.9476825195005252
10862,2020-05-10,0.03452941932791276,0.9654705806720872
10863,2020-05-10,0.02287145557306125,0.9771285444269387
10864,2020-05-10,0.02366487961476449,0.9763351203852355
10865,2020-05-10,0.02581123110360861,0.9741887688963914
10866,2020-05-10,0.002215835131616384,0.9977841648683836
10867,2020-05-10,0.008067275331541945,0.991932724668458
10869,2020-05-10,0.037651264456246336,0.9623487355437537
10870,2020-05-10,0.030669721299501962,0.969330278700498
10871,2020-05-10,0.026243946523407558,0.9737560534765924
10872,2020-05-10,0.02614734306936306,0.9738526569306369
10873,2020-05-10,0.013044877624703743,0.9869551223752963
10874,2020-05-10,0.016998216059493587,0.9830017839405064
10875,2020-05-10,0.010809440338771403,0.9891905596612286
10876,2020-05-10,0.013851215740168898,0.9861487842598311
10877,2020-05-10,0.00781103923167592,0.9921889607683241
10878,2020-05-10,0.03159533506305112,0.9684046649369489
10879,2020-05-10,0.023732713658593085,0.9762672863414069
10880,2020-05-10,0.0034090871879265405,0.9965909128120735
10881,2020-05-10,0.016271454303767863,0.9837285456962321
10882,2020-05-10,0.007889826448058579,0.9921101735519414
10883,2020-05-10,0.025045580244171917,0.9749544197558281
10884,2020-05-10,0.003320985311413005,0.996679014688587
10885,2020-05-10,0.013541514604804572,0.9864584853951954
10886,2020-05-10,0.015778375687067525,0.9842216243129325
10887,2020-05-10,0.012621493689374819,0.9873785063106252
10888,2020-05-10,0.002083562424860963,0.997916437575139
10889,2020-05-10,0.004961750424322675,0.9950382495756773
10890,2020-05-10,0.06381412561336741,0.9361858743866326
10891,2020-05-10,0.0444321248679832,0.9555678751320168
10893,2020-05-10,0.0056489497180076675,0.9943510502819923
10894,2020-05-10,0.01736930768659839,0.9826306923134016
10895,2020-05-10,0.008719190359357087,0.9912808096406429
10896,2020-05-10,0.012776131015127423,0.9872238689848726
10897,2020-05-10,0.011908098099711828,0.9880919019002882
10898,2020-05-10,0.01571269845348111,0.9842873015465189
10899,2020-05-10,0.035771048872766276,0.9642289511272337
10901,2020-05-10,0.020472033872182882,0.9795279661278171
10902,2020-05-10,0.012401519133172223,0.9875984808668278
10903,2020-05-10,0.003248473419707021,0.996751526580293
10904,2020-05-10,0.007442323038510001,0.99255767696149
10905,2020-05-10,0.017381842410052917,0.9826181575899471
10906,2020-05-10,0.017597119225498892,0.9824028807745011
10907,2020-05-10,0.014353743702460564,0.9856462562975394
10908,2020-05-10,0.007540656043816929,0.9924593439561831
10909,2020-05-10,0.03353829860629909,0.9664617013937009
10910,2020-05-10,0.00971805263601444,0.9902819473639856
10911,2020-05-10,0.005251952530734405,0.9947480474692656
10913,2020-05-10,0.03455206287335311,0.9654479371266469
10914,2020-05-10,0.01891339975154238,0.9810866002484576
10916,2020-05-10,0.0383040122247863,0.9616959877752137
10917,2020-05-10,0.01350119706104247,0.9864988029389575
10918,2020-05-10,0.009419170038727831,0.9905808299612722
10919,2020-05-10,0.00376898901170164,0.9962310109882984
10920,2020-05-10,0.008623976927629617,0.9913760230723704
10922,2020-05-10,0.013807486933363977,0.986192513066636
10923,2020-05-10,0.03446982631381834,0.9655301736861817
10924,2020-05-10,0.014958357840054726,0.9850416421599453
10925,2020-05-10,0.011923897921847115,0.9880761020781529
10926,2020-05-10,0.06660984194561714,0.9333901580543829
10927,2020-05-10,0.018195071411308827,0.9818049285886912
10928,2020-05-10,0.01198303238246512,0.9880169676175349
10929,2020-05-10,0.0041508472334117474,0.9958491527665883
10930,2020-05-10,0.0008107457302866106,0.9991892542697134
10931,2020-05-10,0.01500757500743688,0.9849924249925631
10933,2020-05-10,0.06637349314252483,0.9336265068574752
10934,2020-05-10,0.019328313223590077,0.9806716867764099
10935,2020-05-10,0.0032455944340018528,0.9967544055659981
10936,2020-05-10,0.052440316206826654,0.9475596837931733
10937,2020-05-10,0.013408169175471496,0.9865918308245285
10938,2020-05-10,0.008691270572421028,0.991308729427579
10940,2020-05-10,0.005492914802783799,0.9945070851972162
10941,2020-05-10,0.028826130337654243,0.9711738696623458
10942,2020-05-10,0.01493413277084088,0.9850658672291591
10943,2020-05-10,0.04934161901265044,0.9506583809873496
10944,2020-05-10,0.010370926621312337,0.9896290733786877
10945,2020-05-10,0.002711751432773468,0.9972882485672265
10946,2020-05-10,0.010327443960919891,0.9896725560390801
10947,2020-05-10,0.009980685100701159,0.9900193148992988
10948,2020-05-10,0.01617858260670002,0.9838214173933
10950,2020-05-10,0.0061478513124010314,0.993852148687599
10951,2020-05-10,0.010832759312299878,0.9891672406877001
10953,2020-05-10,0.008235329732111718,0.9917646702678883
10954,2020-05-10,0.01107443743901726,0.9889255625609827
10955,2020-05-10,0.028477597432006285,0.9715224025679937
10957,2020-05-10,0.01094673675319513,0.9890532632468049
10958,2020-05-10,0.007012367798362007,0.992987632201638
10959,2020-05-10,0.008986442481548451,0.9910135575184515
10960,2020-05-10,0.0012728047778024498,0.9987271952221976
10961,2020-05-10,0.011147217916690044,0.98885278208331
10962,2020-05-10,0.004658153060299819,0.9953418469397002
10963,2020-05-10,0.02702263714100439,0.9729773628589956
10964,2020-05-10,0.008918880033818799,0.9910811199661812
10965,2020-05-10,0.007995725818030541,0.9920042741819695
10966,2020-05-10,0.0034849993190068096,0.9965150006809932
10968,2020-05-10,0.013617925179777335,0.9863820748202227
10969,2020-05-10,0.02885942152477805,0.971140578475222
10970,2020-05-10,0.016680855868694278,0.9833191441313057
10971,2020-05-10,0.021060759922837957,0.978939240077162
10972,2020-05-10,0.0020733270236183987,0.9979266729763816
10973,2020-05-10,0.0030605875126313853,0.9969394124873686
10974,2020-05-10,0.01113506037338452,0.9888649396266155
10975,2020-05-10,0.00982417834616589,0.9901758216538341
10976,2020-05-10,0.028402077420048633,0.9715979225799514
10977,2020-05-10,0.010363744854805956,0.989636255145194
10978,2020-05-10,0.017270957984793056,0.9827290420152069
10979,2020-05-10,0.01806032291162385,0.9819396770883762
10981,2020-05-10,0.0052385355649196,0.9947614644350804
10982,2020-05-10,0.022852157668508344,0.9771478423314917
10984,2020-05-10,0.009336516276780005,0.99066348372322
10985,2020-05-10,0.005203765222944634,0.9947962347770554
10986,2020-05-10,0.010504099037904724,0.9894959009620953
10987,2020-05-10,0.00837364077394609,0.9916263592260539
10988,2020-05-10,0.009690327978257751,0.9903096720217422
10989,2020-05-10,0.0019252230722847097,0.9980747769277153
10990,2020-05-10,0.03338444226521753,0.9666155577347825
10991,2020-05-10,0.016937060871549225,0.9830629391284508
10992,2020-05-10,0.016792040604643788,0.9832079593953562
10994,2020-05-10,0.014548851738472868,0.9854511482615271
10995,2020-05-10,0.044567436492068735,0.9554325635079313
10997,2020-05-10,0.012632986709649519,0.9873670132903505
10998,2020-05-10,0.051701776665578625,0.9482982233344214
10999,2020-05-10,0.015791267190832348,0.9842087328091677
11000,2020-05-10,0.008224946088140173,0.9917750539118598
11001,2020-05-10,0.010353129911190861,0.9896468700888091
11002,2020-05-10,0.03649424050535044,0.9635057594946496
11003,2020-05-10,0.007127856608684979,0.992872143391315
11004,2020-05-10,0.002485036381439043,0.997514963618561
11005,2020-05-10,0.07032168351448065,0.9296783164855194
11006,2020-05-10,0.017150058651412725,0.9828499413485873
11007,2020-05-10,0.07707285269349973,0.9229271473065003
11008,2020-05-10,0.025807307326407902,0.9741926926735921
11010,2020-05-10,0.012434740223008833,0.9875652597769912
11011,2020-05-10,0.006801728523077588,0.9931982714769224
11012,2020-05-10,0.00939632996844908,0.9906036700315509
11013,2020-05-10,0.01894681807488785,0.9810531819251121
11014,2020-05-10,0.004607120510984886,0.9953928794890151
11015,2020-05-10,0.01479955188869797,0.985200448111302
11016,2020-05-10,0.008042567690487945,0.991957432309512
11017,2020-05-10,0.13825391605713322,0.8617460839428668
11018,2020-05-10,0.009888649284411577,0.9901113507155884
11020,2020-05-10,0.007697662974532893,0.9923023370254671
11021,2020-05-10,0.018258940626818987,0.981741059373181
11022,2020-05-10,0.007587887386470649,0.9924121126135294
11023,2020-05-10,0.011612477837755764,0.9883875221622442
11024,2020-05-10,0.013896989569071705,0.9861030104309283
11026,2020-05-10,0.003989759572172513,0.9960102404278275
11027,2020-05-10,0.01596352518364863,0.9840364748163514
11028,2020-05-10,0.0010001740750771315,0.9989998259249229
11029,2020-05-10,0.03144748159615829,0.9685525184038417
11030,2020-05-10,0.021744312576261415,0.9782556874237386
11031,2020-05-10,0.03469819648172823,0.9653018035182718
11032,2020-05-10,0.008085607898975944,0.9919143921010241
11033,2020-05-10,0.025021069541698138,0.9749789304583019
11035,2020-05-10,0.01951285955406623,0.9804871404459338
11036,2020-05-10,0.007284408436944223,0.9927155915630558
11038,2020-05-10,0.005332639709300535,0.9946673602906995
11039,2020-05-10,0.018816256448734414,0.9811837435512656
11040,2020-05-10,0.012662461383377788,0.9873375386166222
11042,2020-05-10,0.014856514751308558,0.9851434852486914
11043,2020-05-10,0.026161634229798003,0.973838365770202
11045,2020-05-10,0.00777738224215474,0.9922226177578453
11046,2020-05-10,0.01013550671214647,0.9898644932878535
11047,2020-05-10,0.054346252276707196,0.9456537477232928
11048,2020-05-10,0.01064620718363396,0.989353792816366
11049,2020-05-10,0.0091860878284028,0.9908139121715972
11050,2020-05-10,0.009982842515663837,0.9900171574843362
11051,2020-05-10,0.05613432331604795,0.943865676683952
11052,2020-05-10,0.007469995653584083,0.9925300043464159
11053,2020-05-10,0.019849761009287925,0.9801502389907121
11054,2020-05-10,0.004125308312133313,0.9958746916878667
11055,2020-05-10,0.015004338724898036,0.984995661275102
11056,2020-05-10,0.06982972681027866,0.9301702731897213
11057,2020-05-10,0.00758666445191547,0.9924133355480845
11058,2020-05-10,0.010560555127375526,0.9894394448726245
11059,2020-05-10,0.021583112501924462,0.9784168874980755
11060,2020-05-10,0.006030984131645822,0.9939690158683542
11061,2020-05-10,0.013874766652395398,0.9861252333476046
11062,2020-05-10,0.0028494781055157237,0.9971505218944843
11063,2020-05-10,0.016603000596119077,0.9833969994038809
11064,2020-05-10,0.07167537971662863,0.9283246202833714
11065,2020-05-10,0.02427079181479963,0.9757292081852004
11066,2020-05-10,0.009688994749826985,0.990311005250173
11068,2020-05-10,0.03044731327913852,0.9695526867208615
11069,2020-05-10,0.050277634372278945,0.949722365627721
11070,2020-05-10,0.013569184169227366,0.9864308158307726
11071,2020-05-10,0.011381953149524171,0.9886180468504758
11072,2020-05-10,0.02779743700746784,0.9722025629925322
11073,2020-05-10,0.004172914934997829,0.9958270850650022
11074,2020-05-10,0.016159630075629927,0.9838403699243701
11075,2020-05-10,0.026106954401758475,0.9738930455982415
11076,2020-05-10,0.014278335593772451,0.9857216644062275
11077,2020-05-10,0.011580756129230263,0.9884192438707697
11078,2020-05-10,0.007100193926500964,0.992899806073499
11081,2020-05-10,0.001933274886363856,0.9980667251136361
11082,2020-05-10,0.004889943672429453,0.9951100563275705
11083,2020-05-10,0.04538805018415071,0.9546119498158493
11084,2020-05-10,0.01569460048707727,0.9843053995129227
11085,2020-05-10,0.004858071593298541,0.9951419284067015
11086,2020-05-10,0.010598742153768992,0.989401257846231
11087,2020-05-10,0.008405762976979925,0.9915942370230201
11088,2020-05-10,0.002329304501115348,0.9976706954988847
11089,2020-05-10,0.009338048962362788,0.9906619510376372
11091,2020-05-10,0.030788607524963152,0.9692113924750368
11092,2020-05-10,0.034975917964625625,0.9650240820353744
11093,2020-05-10,0.021475288447105556,0.9785247115528944
11094,2020-05-10,0.007127845854797532,0.9928721541452025
11095,2020-05-10,0.010029438988808481,0.9899705610111915
11096,2020-05-10,0.007259070954989122,0.9927409290450109
11097,2020-05-10,0.00289420328856127,0.9971057967114387
11098,2020-05-10,0.03163351953746485,0.9683664804625352
11099,2020-05-10,0.006748734290574321,0.9932512657094257
11100,2020-05-10,0.005696702806357923,0.9943032971936421
11101,2020-05-10,0.06746233890381004,0.93253766109619
11102,2020-05-10,0.012802259045503028,0.987197740954497
11103,2020-05-10,0.02801489130651491,0.9719851086934851
11104,2020-05-10,0.005950907148235429,0.9940490928517646
11105,2020-05-10,0.008120697654360187,0.9918793023456398
11106,2020-05-10,0.01984059868607846,0.9801594013139215
11107,2020-05-10,0.01446786179756765,0.9855321382024324
11108,2020-05-10,0.00863133254610815,0.9913686674538918
11109,2020-05-10,0.017941377373926093,0.9820586226260739
11110,2020-05-10,0.007842698119231217,0.9921573018807688
11111,2020-05-10,0.028218387148255086,0.9717816128517449
11114,2020-05-10,0.003900978598163518,0.9960990214018365
11115,2020-05-10,0.01148868303414563,0.9885113169658544
11116,2020-05-10,0.0513934786484147,0.9486065213515853
11117,2020-05-10,0.015683487494431714,0.9843165125055683
11118,2020-05-10,0.021186919721768005,0.978813080278232
11119,2020-05-10,0.007184778924449908,0.9928152210755501
11120,2020-05-10,0.020775201740140692,0.9792247982598593
11121,2020-05-10,0.02062624659803003,0.97937375340197
11122,2020-05-10,0.02111295142245917,0.9788870485775408
11123,2020-05-10,0.008772122257877712,0.9912278777421223
11124,2020-05-10,0.01898028302000032,0.9810197169799997
11125,2020-05-10,0.006426522807428836,0.9935734771925712
11126,2020-05-10,0.033750940389551065,0.9662490596104489
11127,2020-05-10,0.003341590009142248,0.9966584099908578
11128,2020-05-10,0.008474522892107594,0.9915254771078924
11129,2020-05-10,0.007888013745482314,0.9921119862545177
11130,2020-05-10,0.04055929238412859,0.9594407076158714
11131,2020-05-10,0.005355235660070901,0.9946447643399291
11132,2020-05-10,0.0074009585961537505,0.9925990414038462
11133,2020-05-10,0.007763052087568556,0.9922369479124314
11134,2020-05-10,0.02268492419713397,0.977315075802866
11135,2020-05-10,0.004550694055661553,0.9954493059443384
11136,2020-05-10,0.040252495428562685,0.9597475045714373
11137,2020-05-10,0.014330774705896943,0.9856692252941031
11138,2020-05-10,0.02201351311524191,0.9779864868847581
11139,2020-05-10,0.003511500282808888,0.9964884997171911
11140,2020-05-10,0.01771303737424068,0.9822869626257593
11141,2020-05-10,0.02807656035492012,0.9719234396450799
11142,2020-05-10,0.014666935526861713,0.9853330644731383
11143,2020-05-10,0.001981424861749792,0.9980185751382502
11144,2020-05-10,0.009521284614058878,0.9904787153859411
11145,2020-05-10,0.006461487318686898,0.9935385126813131
11146,2020-05-10,0.04512091461056722,0.9548790853894328
11147,2020-05-10,0.08254833318481614,0.9174516668151839
11148,2020-05-10,0.008872566576754393,0.9911274334232456
11149,2020-05-10,0.013800806145075506,0.9861991938549245
11150,2020-05-10,0.010004818629088419,0.9899951813709116
11152,2020-05-10,0.025418862030174627,0.9745811379698254
11153,2020-05-10,0.003530134247217931,0.9964698657527821
11154,2020-05-10,0.020390299606046658,0.9796097003939533
11155,2020-05-10,0.008167138127545215,0.9918328618724548
11156,2020-05-10,0.009091268089445381,0.9909087319105546
11157,2020-05-10,0.07377787661198965,0.9262221233880104
11158,2020-05-10,0.0066274970508373166,0.9933725029491627
11159,2020-05-10,0.05223519188446213,0.9477648081155379
11160,2020-05-10,0.007162675725963852,0.9928373242740361
11161,2020-05-10,0.019350538976668608,0.9806494610233314
11162,2020-05-10,0.011848702485117935,0.9881512975148821
11163,2020-05-10,0.0046051359296693795,0.9953948640703306
11164,2020-05-10,0.011516517122497683,0.9884834828775023
11165,2020-05-10,0.012287001387405683,0.9877129986125943
11166,2020-05-10,0.00672218602424024,0.9932778139757598
11167,2020-05-10,0.006272960517555881,0.9937270394824441
11168,2020-05-10,0.008054768112275568,0.9919452318877244
11169,2020-05-10,0.013616795468424758,0.9863832045315752
11170,2020-05-10,0.021604319155073326,0.9783956808449267
11171,2020-05-10,0.012529928680535485,0.9874700713194645
11172,2020-05-10,0.01781712792382495,0.982182872076175
11173,2020-05-10,0.020143108093012896,0.9798568919069871
11174,2020-05-10,0.003529945984870886,0.9964700540151291
11175,2020-05-10,0.019516958829394526,0.9804830411706055
11176,2020-05-10,0.00791216408128026,0.9920878359187197
11177,2020-05-10,0.0035861888436139466,0.996413811156386
11178,2020-05-10,0.007511659173064622,0.9924883408269354
11179,2020-05-10,0.008913122899966153,0.9910868771000338
11180,2020-05-10,0.023289554140528357,0.9767104458594716
11181,2020-05-10,0.007463860291299418,0.9925361397087006
11182,2020-05-10,0.010710916775352741,0.9892890832246473
11183,2020-05-10,0.0020993226033653167,0.9979006773966347
11184,2020-05-10,0.005092148726843826,0.9949078512731562
11185,2020-05-10,0.010851540011648342,0.9891484599883517
11186,2020-05-10,0.006909041736437693,0.9930909582635623
11187,2020-05-10,0.012444927137997497,0.9875550728620025
11188,2020-05-10,0.0073368690249420165,0.992663130975058
11189,2020-05-10,0.025443669989261175,0.9745563300107388
11190,2020-05-10,0.0046863504575914705,0.9953136495424085
11191,2020-05-10,0.037241816643756254,0.9627581833562437
11192,2020-05-10,0.013100777687308107,0.9868992223126919
11193,2020-05-10,0.04017207712931459,0.9598279228706854
11194,2020-05-10,0.018455996987236767,0.9815440030127632
11196,2020-05-10,0.01597988060757749,0.9840201193924225
11198,2020-05-10,0.023090064410840938,0.9769099355891591
11199,2020-05-10,0.0011141265018805857,0.9988858734981194
11200,2020-05-10,0.011051880441973139,0.9889481195580269
11201,2020-05-10,0.011310691674977003,0.988689308325023
11202,2020-05-10,0.06885817002571748,0.9311418299742825
11203,2020-05-10,0.005223509018116301,0.9947764909818837
11204,2020-05-10,0.02325330598412101,0.976746694015879
11205,2020-05-10,0.014507724120363275,0.9854922758796367
11206,2020-05-10,0.017738333087290004,0.98226166691271
11207,2020-05-10,0.020206609296913536,0.9797933907030865
11208,2020-05-10,0.04483444057025543,0.9551655594297446
11209,2020-05-10,0.07981012946409438,0.9201898705359056
11210,2020-05-10,0.004160243733706048,0.995839756266294
11212,2020-05-10,0.006843064834955004,0.993156935165045
11213,2020-05-10,0.020309045584982033,0.979690954415018
11214,2020-05-10,0.006089200705004627,0.9939107992949954
11215,2020-05-10,0.006883437741564302,0.9931165622584357
11216,2020-05-10,0.008795385277205692,0.9912046147227943
11217,2020-05-10,0.02577273759274623,0.9742272624072538
11218,2020-05-10,0.030838900777146128,0.9691610992228539
11219,2020-05-10,0.0914264442551318,0.9085735557448682
11220,2020-05-10,0.028552956011068664,0.9714470439889313
11222,2020-05-10,0.021914882705629246,0.9780851172943708
11223,2020-05-10,0.016532401386743834,0.9834675986132562
11224,2020-05-10,0.028711259019358448,0.9712887409806416
11225,2020-05-10,0.004761601884779476,0.9952383981152205
11226,2020-05-10,0.024191826767848923,0.9758081732321511
11227,2020-05-10,0.011274039650034706,0.9887259603499653
11228,2020-05-10,0.008125102365729608,0.9918748976342704
11229,2020-05-10,0.03581451329137475,0.9641854867086253
11230,2020-05-10,0.011444156503685687,0.9885558434963143
11231,2020-05-10,0.05814278328384803,0.941857216716152
11232,2020-05-10,0.006091354220978729,0.9939086457790213
11233,2020-05-10,0.006011799990605193,0.9939882000093948
11234,2020-05-10,0.07462256900511643,0.9253774309948836
11235,2020-05-10,0.010867079608863128,0.9891329203911369
11236,2020-05-10,0.016686071047303352,0.9833139289526966
11237,2020-05-10,0.03238688985125682,0.9676131101487432
11238,2020-05-10,0.01080226637260473,0.9891977336273953
11239,2020-05-10,0.0010701222876051686,0.9989298777123948
11240,2020-05-10,0.0020569418749322166,0.9979430581250678
11241,2020-05-10,0.007192976961817754,0.9928070230381822
11242,2020-05-10,0.022031967916324557,0.9779680320836754
11243,2020-05-10,0.02167968570407619,0.9783203142959238
11244,2020-05-10,0.005606239277467839,0.9943937607225322
11245,2020-05-10,0.005394564100729804,0.9946054358992702
11246,2020-05-10,0.027555849977094038,0.972444150022906
11247,2020-05-10,0.0005261319840879075,0.9994738680159121
11248,2020-05-10,0.009979301701195764,0.9900206982988042
11249,2020-05-10,0.01554414325985598,0.984455856740144
11250,2020-05-10,0.03431920607100469,0.9656807939289953
11251,2020-05-10,0.002983095350409859,0.9970169046495901
11252,2020-05-10,0.010985054094017177,0.9890149459059828
11253,2020-05-10,0.035971923078033985,0.964028076921966
11254,2020-05-10,0.02745885257653846,0.9725411474234615
11255,2020-05-10,0.008650767702694018,0.991349232297306
11256,2020-05-10,0.00773466495890085,0.9922653350410992
11257,2020-05-10,0.02891764859993573,0.9710823514000643
11258,2020-05-10,0.004245678765839034,0.995754321234161
11260,2020-05-10,0.0436321335328933,0.9563678664671067
11262,2020-05-10,0.016058334910142746,0.9839416650898573
11263,2020-05-10,0.0021157382555577753,0.9978842617444422
11264,2020-05-10,0.024698411625362682,0.9753015883746373
11265,2020-05-10,0.040299948749798475,0.9597000512502015
11266,2020-05-10,0.014696686000186476,0.9853033139998135
11267,2020-05-10,0.015390591231094208,0.9846094087689058
11268,2020-05-10,0.005599425507968214,0.9944005744920318
11269,2020-05-10,0.03095733466142714,0.9690426653385729
11270,2020-05-10,0.0037372576537145763,0.9962627423462854
11271,2020-05-10,0.0184841005047649,0.9815158994952351
11272,2020-05-10,0.03299861630126821,0.9670013836987318
11273,2020-05-10,0.009337032761728037,0.990662967238272
11274,2020-05-10,0.010648179086175547,0.9893518209138245
11275,2020-05-10,0.05820424304233651,0.9417957569576635
11276,2020-05-10,0.017053579406480446,0.9829464205935196
11277,2020-05-10,0.008513692882466395,0.9914863071175336
11278,2020-05-10,0.008158055160980004,0.99184194483902
11279,2020-05-10,0.0018460355427918351,0.9981539644572082
11280,2020-05-10,0.005629887972169234,0.9943701120278308
11281,2020-05-10,0.00819129002506147,0.9918087099749385
11282,2020-05-10,0.02905417664337484,0.9709458233566252
11283,2020-05-10,0.014456045361385894,0.9855439546386141
11284,2020-05-10,0.00822605470643445,0.9917739452935656
11285,2020-05-10,0.007365792976660845,0.9926342070233392
11286,2020-05-10,0.023627809596157068,0.9763721904038429
11287,2020-05-10,0.012986955084229534,0.9870130449157705
11288,2020-05-10,0.00580174217313012,0.9941982578268699
11289,2020-05-10,0.013041075868813756,0.9869589241311862
11290,2020-05-10,0.006234436430168744,0.9937655635698313
11291,2020-05-10,0.008935745133784145,0.9910642548662159
11292,2020-05-10,0.0036818846920682047,0.9963181153079318
11293,2020-05-10,0.014244696630680509,0.9857553033693195
11294,2020-05-10,0.016374643185077975,0.983625356814922
11295,2020-05-10,0.014107024675015234,0.9858929753249848
11296,2020-05-10,0.09707001932502257,0.9029299806749774
11297,2020-05-10,0.0086235926062872,0.9913764073937128
11298,2020-05-10,0.005698323534607086,0.9943016764653929
11299,2020-05-10,0.0041044102893739165,0.9958955897106261
11300,2020-05-10,0.023407938220981417,0.9765920617790186
11301,2020-05-10,0.017958658397442484,0.9820413416025575
11302,2020-05-10,0.060064269640003776,0.9399357303599962
11303,2020-05-10,0.004692268787801046,0.995307731212199
11304,2020-05-10,0.01012431232787192,0.9898756876721281
11305,2020-05-10,0.04251905508668552,0.9574809449133145
11307,2020-05-10,0.00965227354886422,0.9903477264511358
11308,2020-05-10,0.007956311849784625,0.9920436881502154
11309,2020-05-10,0.035907600919581784,0.9640923990804182
11311,2020-05-10,0.0013586837725433343,0.9986413162274567
11312,2020-05-10,0.013076606270495228,0.9869233937295048
11313,2020-05-10,0.008542864301104292,0.9914571356988957
11315,2020-05-10,0.010524425851680785,0.9894755741483192
11316,2020-05-10,0.009172978413043986,0.990827021586956
11317,2020-05-10,0.010101971804380327,0.9898980281956197
11318,2020-05-10,0.011902567264925779,0.9880974327350742
11319,2020-05-10,0.03296397282310126,0.9670360271768987
11320,2020-05-10,0.0032633600080141933,0.9967366399919858
11321,2020-05-10,0.02540064912832718,0.9745993508716728
11322,2020-05-10,0.006227932452498419,0.9937720675475016
11323,2020-05-10,0.022892437039273572,0.9771075629607264
11324,2020-05-10,0.05324758097698479,0.9467524190230152
11325,2020-05-10,0.006831699222919374,0.9931683007770806
11326,2020-05-10,0.007445428208308069,0.9925545717916919
11327,2020-05-10,0.02811715387256697,0.971882846127433
11328,2020-05-10,0.009210735075939946,0.99078926492406
11329,2020-05-10,0.015121620984720807,0.9848783790152792
11330,2020-05-10,0.006272976639597583,0.9937270233604024
11331,2020-05-10,0.004589268041703676,0.9954107319582963
11332,2020-05-10,0.010446585200811098,0.9895534147991889
11333,2020-05-10,0.024583583239382256,0.9754164167606177
11334,2020-05-10,0.02277349316957844,0.9772265068304216
11335,2020-05-10,0.05043144586481019,0.9495685541351898
11336,2020-05-10,0.008789871671331051,0.991210128328669
11337,2020-05-10,0.01182554130343505,0.988174458696565
11338,2020-05-10,0.048570577363582945,0.951429422636417
11339,2020-05-10,0.04578546157729435,0.9542145384227056
11340,2020-05-10,0.024326329106458155,0.9756736708935418
11341,2020-05-10,0.008353201159736923,0.9916467988402631
11342,2020-05-10,0.006231348991953101,0.9937686510080469
11343,2020-05-10,0.006269869011009677,0.9937301309889903
11344,2020-05-10,0.02021524462004254,0.9797847553799575
11345,2020-05-10,0.01477971125001154,0.9852202887499885
11346,2020-05-10,0.006248792378352741,0.9937512076216473
11347,2020-05-10,0.006218315964863441,0.9937816840351366
11348,2020-05-10,0.027483583544530843,0.9725164164554692
11349,2020-05-10,0.01994454152345393,0.9800554584765461
11350,2020-05-10,0.03506886275446908,0.9649311372455309
11351,2020-05-10,0.05302253615704644,0.9469774638429536
11353,2020-05-10,0.001992993196038295,0.9980070068039617
11354,2020-05-10,0.0398344669637809,0.9601655330362191
11355,2020-05-10,0.04542722694681678,0.9545727730531832
11356,2020-05-10,0.004337523420867906,0.9956624765791321
11357,2020-05-10,0.045575458866201846,0.9544245411337982
11358,2020-05-10,0.003376542391592574,0.9966234576084074
11359,2020-05-10,0.008250408326838876,0.9917495916731611
11360,2020-05-10,0.007084716252183543,0.9929152837478165
11361,2020-05-10,0.03673450858384619,0.9632654914161538
11362,2020-05-10,0.0010027612016679788,0.998997238798332
11363,2020-05-10,0.07093762709442619,0.9290623729055738
11364,2020-05-10,0.029253622939187318,0.9707463770608127
11365,2020-05-10,0.004298960725243384,0.9957010392747566
11366,2020-05-10,0.020373837427383412,0.9796261625726166
11367,2020-05-10,0.0199597773981236,0.9800402226018764
11368,2020-05-10,0.03490375044659466,0.9650962495534053
11369,2020-05-10,0.013093634361914352,0.9869063656380856
11370,2020-05-10,0.031487301112543054,0.968512698887457
11371,2020-05-10,0.0489490593044426,0.9510509406955574
11372,2020-05-10,0.024307841942124098,0.9756921580578759
11373,2020-05-10,0.0022448540313304566,0.9977551459686695
11374,2020-05-10,0.01150671254342217,0.9884932874565778
11375,2020-05-10,0.010879235110199947,0.9891207648898
11378,2020-05-10,0.0029890781677925915,0.9970109218322074
11380,2020-05-10,0.013876238900545346,0.9861237610994547
11381,2020-05-10,0.018155084782636943,0.9818449152173631
11382,2020-05-10,0.021218112315144033,0.978781887684856
11383,2020-05-10,0.008527081993524366,0.9914729180064756
11385,2020-05-10,0.019087093531813037,0.980912906468187
11386,2020-05-10,0.07281754903281812,0.9271824509671819
11387,2020-05-10,0.04359745143632332,0.9564025485636767
11388,2020-05-10,0.008297214685757726,0.9917027853142423
11389,2020-05-10,0.01074577660870335,0.9892542233912966
11390,2020-05-10,0.01978883783066221,0.9802111621693378
11391,2020-05-10,0.015138039985064689,0.9848619600149353
11392,2020-05-10,0.01786676193284409,0.9821332380671559
11393,2020-05-10,0.004370973394146049,0.995629026605854
11394,2020-05-10,0.007710259951204779,0.9922897400487952
11395,2020-05-10,0.008696340558012161,0.9913036594419878
11396,2020-05-10,0.006802559603812708,0.9931974403961873
11397,2020-05-10,0.026538625049364106,0.9734613749506359
11398,2020-05-10,0.06473425098008323,0.9352657490199168
11399,2020-05-10,0.03263028758841924,0.9673697124115808
11400,2020-05-10,0.012477252278557671,0.9875227477214423
11401,2020-05-10,0.0021490580315596253,0.9978509419684404
11402,2020-05-10,0.004543818656501997,0.995456181343498
11403,2020-05-10,0.010324877883717831,0.9896751221162822
11404,2020-05-10,0.02574918826249173,0.9742508117375083
11405,2020-05-10,0.003268030900837271,0.9967319690991627
11406,2020-05-10,0.002640593695092397,0.9973594063049076
11407,2020-05-10,0.0030144646257447283,0.9969855353742553
11409,2020-05-10,0.01283682213897508,0.9871631778610249
11410,2020-05-10,0.017486689035645098,0.9825133109643549
11411,2020-05-10,0.03728068530519013,0.9627193146948099
11412,2020-05-10,0.03917166454688459,0.9608283354531154
11415,2020-05-10,0.018018483601657698,0.9819815163983423
11417,2020-05-10,0.007954911467861425,0.9920450885321386
11418,2020-05-10,0.005730317575502908,0.9942696824244971
11419,2020-05-10,0.006766450620952269,0.9932335493790477
11420,2020-05-10,0.05265555554196166,0.9473444444580383
11421,2020-05-10,0.02356430116508701,0.976435698834913
11422,2020-05-10,0.09431302546576914,0.9056869745342309
11423,2020-05-10,0.08641132533941609,0.9135886746605839
11424,2020-05-10,0.0028461508220856135,0.9971538491779144
11425,2020-05-10,0.032433832983981614,0.9675661670160184
11426,2020-05-10,0.018885536703633132,0.9811144632963669
11427,2020-05-10,0.016196660133998675,0.9838033398660013
11428,2020-05-10,0.0202780499519033,0.9797219500480967
11429,2020-05-10,0.018994526852116222,0.9810054731478838
11430,2020-05-10,0.007358445016195758,0.9926415549838042
11432,2020-05-10,0.028431410600754825,0.9715685893992452
11433,2020-05-10,0.0123462097761734,0.9876537902238266
11434,2020-05-10,0.00457732132342048,0.9954226786765795
11435,2020-05-10,0.0059230017536349155,0.9940769982463651
11436,2020-05-10,0.00768488491466357,0.9923151150853364
11437,2020-05-10,0.0056421888541927645,0.9943578111458072
11438,2020-05-10,0.01308711244126326,0.9869128875587367
11439,2020-05-10,0.010962297525343057,0.9890377024746569
11441,2020-05-10,0.04278388086388296,0.957216119136117
11442,2020-05-10,0.006923131004939687,0.9930768689950603
11443,2020-05-10,0.0046442358658334015,0.9953557641341666
11444,2020-05-10,0.005871728826082445,0.9941282711739176
11445,2020-05-10,0.04955865537491033,0.9504413446250897
11446,2020-05-10,0.013407263162165117,0.9865927368378349
11447,2020-05-10,0.005600915287921615,0.9943990847120784
11448,2020-05-10,0.014110273257969652,0.9858897267420303
11449,2020-05-10,0.011336260431646927,0.9886637395683531
11450,2020-05-10,0.008025565721048511,0.9919744342789515
11451,2020-05-10,0.005120228970604601,0.9948797710293954
11452,2020-05-10,0.007790998786133541,0.9922090012138665
11453,2020-05-10,0.13664031468230398,0.863359685317696
11454,2020-05-10,0.0044486328905172234,0.9955513671094828
11455,2020-05-10,0.0071378556003393046,0.9928621443996607
11456,2020-05-10,0.007182417703873956,0.992817582296126
11457,2020-05-10,0.016826604927998368,0.9831733950720016
11458,2020-05-10,0.03264666583143527,0.9673533341685647
11459,2020-05-10,0.0037118717079522856,0.9962881282920477
11460,2020-05-10,0.007446409367072748,0.9925535906329273
11461,2020-05-10,0.10712531197925257,0.8928746880207474
11462,2020-05-10,0.05995466895215584,0.9400453310478442
11463,2020-05-10,0.02376430862983192,0.9762356913701681
11464,2020-05-10,0.008249308972913316,0.9917506910270867
11465,2020-05-10,0.08821448105671292,0.9117855189432871
11466,2020-05-10,0.013041260192063309,0.9869587398079367
11467,2020-05-10,0.02048900766792139,0.9795109923320786
11469,2020-05-10,0.011115056520859201,0.9888849434791408
11470,2020-05-10,0.007863066180061828,0.9921369338199382
11471,2020-05-10,0.012902989375746077,0.9870970106242539
11472,2020-05-10,0.023683937573163893,0.9763160624268361
11473,2020-05-10,0.009722777873602761,0.9902772221263972
11474,2020-05-10,0.04210821944488796,0.957891780555112
11476,2020-05-10,0.0162535849508888,0.9837464150491112
11477,2020-05-10,0.012633162615594773,0.9873668373844052
11478,2020-05-10,0.00930071895800788,0.9906992810419921
11479,2020-05-10,0.009493039762591748,0.9905069602374083
11480,2020-05-10,0.014600477067705064,0.9853995229322949
11481,2020-05-10,0.005266986105629479,0.9947330138943705
11482,2020-05-10,0.03437242075615721,0.9656275792438428
11483,2020-05-10,0.022944952080160896,0.9770550479198391
11484,2020-05-10,0.002735556222252633,0.9972644437777474
11485,2020-05-10,0.013268858614689849,0.9867311413853102
11486,2020-05-10,0.0037948675254551034,0.9962051324745449
11487,2020-05-10,0.04524616966361705,0.954753830336383
11488,2020-05-10,0.07767737030305721,0.9223226296969428
11489,2020-05-10,0.0014931981790641258,0.9985068018209359
11490,2020-05-10,0.008488770932338907,0.9915112290676611
11491,2020-05-10,0.02706934327449384,0.9729306567255062
11492,2020-05-10,0.04205547002462762,0.9579445299753724
11493,2020-05-10,0.022005576425549678,0.9779944235744503
11494,2020-05-10,0.0061814283574207485,0.9938185716425793
11495,2020-05-10,0.02142275270963523,0.9785772472903648
11496,2020-05-10,0.004625137324181239,0.9953748626758188
11497,2020-05-10,0.010534034813658666,0.9894659651863413
11498,2020-05-10,0.0028863739324226367,0.9971136260675774
11499,2020-05-10,0.019625576428512925,0.9803744235714871
11500,2020-05-10,0.0021729502908385268,0.9978270497091615
11501,2020-05-10,0.0034711358336698694,0.9965288641663301
11502,2020-05-10,0.0018381449136952721,0.9981618550863047
11503,2020-05-10,0.004087332198579929,0.9959126678014201
11504,2020-05-10,0.011084761836042456,0.9889152381639575
11505,2020-05-10,0.011523758446089993,0.98847624155391
11506,2020-05-10,0.0019532398511772353,0.9980467601488228
11507,2020-05-10,0.068749192659457,0.931250807340543
11508,2020-05-10,0.013659961058426928,0.9863400389415731
11509,2020-05-10,0.049426874463207704,0.9505731255367923
11510,2020-05-10,0.0074921017058262596,0.9925078982941737
11511,2020-05-10,0.00875407783069837,0.9912459221693016
11512,2020-05-10,0.016346671434054993,0.983653328565945
11513,2020-05-10,0.0181002811272043,0.9818997188727957
11514,2020-05-10,0.015051672960139206,0.9849483270398608
11515,2020-05-10,0.045170438745945174,0.9548295612540548
11517,2020-05-10,0.007488288438634139,0.9925117115613659
11518,2020-05-10,0.003283077808741708,0.9967169221912583
11519,2020-05-10,0.028881303985801132,0.9711186960141989
11520,2020-05-10,0.02869043748263722,0.9713095625173628
11521,2020-05-10,0.005148512784857284,0.9948514872151427
11523,2020-05-10,0.03438259184686243,0.9656174081531376
11524,2020-05-10,0.006761122815663878,0.9932388771843361
11525,2020-05-10,0.009240040180248599,0.9907599598197514
11526,2020-05-10,0.011714333080312223,0.9882856669196878
11527,2020-05-10,0.015188581563936432,0.9848114184360636
11528,2020-05-10,0.016422527657125707,0.9835774723428743
11529,2020-05-10,0.01082554120391277,0.9891744587960872
11530,2020-05-10,0.0087826263121773,0.9912173736878227
11531,2020-05-10,0.049906135016762665,0.9500938649832373
11532,2020-05-10,0.024041192730116956,0.975958807269883
11534,2020-05-10,0.002111205533264493,0.9978887944667355
11535,2020-05-10,0.003978134776026265,0.9960218652239737
11536,2020-05-10,0.008232429439860689,0.9917675705601393
11537,2020-05-10,0.023054616366145808,0.9769453836338542
11538,2020-05-10,0.06691081253748798,0.933089187462512
11539,2020-05-10,0.007049078883536786,0.9929509211164632
11540,2020-05-10,0.015565479824664163,0.9844345201753358
11541,2020-05-10,0.025535663377360796,0.9744643366226392
11542,2020-05-10,0.011241168231848175,0.9887588317681518
11543,2020-05-10,0.02003721627062116,0.9799627837293788
11544,2020-05-10,0.02031109466695713,0.9796889053330429
11545,2020-05-10,0.04119368140580426,0.9588063185941957
11546,2020-05-10,0.017578054875888816,0.9824219451241112
11547,2020-05-10,0.07530075219717025,0.9246992478028297
11548,2020-05-10,0.03901000000941501,0.960989999990585
11551,2020-05-10,0.012356651186023027,0.987643348813977
11552,2020-05-10,0.0036920875540804587,0.9963079124459195
11553,2020-05-10,0.0024509317433405453,0.9975490682566595
11554,2020-05-10,0.038710434445023645,0.9612895655549764
11555,2020-05-10,0.059661955720076376,0.9403380442799236
11556,2020-05-10,0.00823765434992052,0.9917623456500795
11557,2020-05-10,0.0276261291862967,0.9723738708137033
11558,2020-05-10,0.026345382150166352,0.9736546178498336
11559,2020-05-10,0.026248878888644134,0.9737511211113559
11561,2020-05-10,0.0030164516448210055,0.996983548355179
11562,2020-05-10,0.052817464834880146,0.9471825351651199
11563,2020-05-10,0.005371706027122003,0.994628293972878
11564,2020-05-10,0.029092670499045736,0.9709073295009543
11565,2020-05-10,0.01877701908082685,0.9812229809191731
11567,2020-05-10,0.009146238777113957,0.990853761222886
11568,2020-05-10,0.006547978229711093,0.9934520217702889
11569,2020-05-10,0.010740943472986486,0.9892590565270135
11570,2020-05-10,0.004747247932527898,0.9952527520674721
11571,2020-05-10,0.003966832116229058,0.9960331678837709
11572,2020-05-10,0.006121866568470025,0.99387813343153
11573,2020-05-10,0.019138529924243253,0.9808614700757567
11574,2020-05-10,0.032831760110424324,0.9671682398895757
11575,2020-05-10,0.01600427987632047,0.9839957201236795
11576,2020-05-10,0.018815356144919027,0.981184643855081
11577,2020-05-10,0.01997046651991674,0.9800295334800833
11578,2020-05-10,0.005161967271938517,0.9948380327280615
11579,2020-05-10,0.045864124895483194,0.9541358751045168
11580,2020-05-10,0.019507752925118194,0.9804922470748818
11581,2020-05-10,0.004744681644220816,0.9952553183557792
11582,2020-05-10,0.023020476655760458,0.9769795233442395
11583,2020-05-10,0.03454991056192269,0.9654500894380773
11584,2020-05-10,0.02194371318880195,0.978056286811198
11585,2020-05-10,0.01802089320256961,0.9819791067974304
11586,2020-05-10,0.013314937838135754,0.9866850621618642
11588,2020-05-10,0.08145986895072821,0.9185401310492718
11589,2020-05-10,0.01021446672523374,0.9897855332747663
11590,2020-05-10,0.02361544967433038,0.9763845503256696
11591,2020-05-10,0.013431898384322793,0.9865681016156772
11592,2020-05-10,0.008731521362831618,0.9912684786371684
11593,2020-05-10,0.011353707190316586,0.9886462928096834
11594,2020-05-10,0.012225502410764477,0.9877744975892355
11596,2020-05-10,0.015037695973126652,0.9849623040268733
11597,2020-05-10,0.006576086372369394,0.9934239136276306
11598,2020-05-10,0.016173017439421122,0.9838269825605789
11599,2020-05-10,0.018738809875911477,0.9812611901240885
11600,2020-05-10,0.029956205690156557,0.9700437943098434
11601,2020-05-10,0.0038315747574740877,0.9961684252425259
11602,2020-05-10,0.011312507389143467,0.9886874926108565
11603,2020-05-10,0.016533384216631863,0.9834666157833681
11604,2020-05-10,0.010513163366639322,0.9894868366333607
11605,2020-05-10,0.021920526196557266,0.9780794738034427
11607,2020-05-10,0.0012911963705481977,0.9987088036294518
11608,2020-05-10,0.024053157099856226,0.9759468429001438
11609,2020-05-10,0.00587295810045485,0.9941270418995451
11610,2020-05-10,0.08474647630061416,0.9152535236993858
11611,2020-05-10,0.0075368517119549505,0.992463148288045
11612,2020-05-10,0.005826810979756014,0.994173189020244
11613,2020-05-10,0.021461359820056813,0.9785386401799432
11614,2020-05-10,0.06382733740113122,0.9361726625988688
11615,2020-05-10,0.043324123073937626,0.9566758769260624
11616,2020-05-10,0.025667781381848886,0.9743322186181511
11617,2020-05-10,0.005019757437995542,0.9949802425620045
11618,2020-05-10,0.022445848679725433,0.9775541513202746
11619,2020-05-10,0.03930174893220428,0.9606982510677957
11621,2020-05-10,0.006548387553913959,0.993451612446086
11622,2020-05-10,0.03221692041772517,0.9677830795822748
11623,2020-05-10,0.00428256641209257,0.9957174335879074
11624,2020-05-10,0.018801069213175037,0.981198930786825
11625,2020-05-10,0.0057518462967778294,0.9942481537032222
11626,2020-05-10,0.009844785625578223,0.9901552143744218
11628,2020-05-10,0.014374736427741674,0.9856252635722583
11629,2020-05-10,0.0038301992579639066,0.9961698007420361
11630,2020-05-10,0.009428569675507648,0.9905714303244924
11631,2020-05-10,0.042511152311828004,0.957488847688172
11633,2020-05-10,0.008483143194879417,0.9915168568051206
11634,2020-05-10,0.016104295355804377,0.9838957046441956
11635,2020-05-10,0.01682676007595696,0.983173239924043
11636,2020-05-10,0.045237137756398815,0.9547628622436012
11637,2020-05-10,0.010387820875886966,0.989612179124113
11638,2020-05-10,0.03413626957523985,0.9658637304247601
11639,2020-05-10,0.008197678706987732,0.9918023212930123
11640,2020-05-10,0.019309747741357186,0.9806902522586428
11641,2020-05-10,0.04052750895122603,0.959472491048774
11642,2020-05-10,0.11220489978802428,0.8877951002119757
11643,2020-05-10,0.0021648100869543496,0.9978351899130457
11644,2020-05-10,0.07024177117765995,0.92975822882234
11645,2020-05-10,0.003746794825955413,0.9962532051740446
11646,2020-05-10,0.045556442810351094,0.9544435571896489
11647,2020-05-10,0.005300239376092142,0.9946997606239079
11648,2020-05-10,0.018266589534645772,0.9817334104653542
11649,2020-05-10,0.010236264517284765,0.9897637354827152
11650,2020-05-10,0.025464165260719707,0.9745358347392803
11651,2020-05-10,0.012097320169532466,0.9879026798304675
11652,2020-05-10,0.020749920479446016,0.979250079520554
11653,2020-05-10,0.003958046412328664,0.9960419535876713
11654,2020-05-10,0.023728463949879264,0.9762715360501207
11655,2020-05-10,0.004380248853681046,0.995619751146319
11656,2020-05-10,0.06786616634850218,0.9321338336514978
11657,2020-05-10,0.017575325118739493,0.9824246748812605
11658,2020-05-10,0.01615929660047788,0.9838407033995221
11659,2020-05-10,0.011882049393966865,0.9881179506060331
11660,2020-05-10,0.015003498769749823,0.9849965012302502
11661,2020-05-10,0.04697210239702598,0.953027897602974
11662,2020-05-10,0.00895746084503024,0.9910425391549698
11663,2020-05-10,0.023430682875506204,0.9765693171244938
11664,2020-05-10,0.020708829599540346,0.9792911704004597
11665,2020-05-10,0.005333477249870766,0.9946665227501292
11666,2020-05-10,0.01679338672257491,0.9832066132774251
11667,2020-05-10,0.01828227411239236,0.9817177258876076
11668,2020-05-10,0.025298201193996728,0.9747017988060033
11670,2020-05-10,0.007654627964382987,0.992345372035617
11672,2020-05-10,0.018938744581017297,0.9810612554189827
11673,2020-05-10,0.007666141621113676,0.9923338583788863
11674,2020-05-10,0.0030256797799520507,0.996974320220048
11675,2020-05-10,0.0207982281945438,0.9792017718054562
11676,2020-05-10,0.02028994038901699,0.979710059610983
11677,2020-05-10,0.04762283902446118,0.9523771609755388
11678,2020-05-10,0.02125554211664238,0.9787444578833576
11679,2020-05-10,0.002519838683142539,0.9974801613168575
11680,2020-05-10,0.002983683872731624,0.9970163161272684
11681,2020-05-10,0.008158239433257664,0.9918417605667423
11683,2020-05-10,0.017996911622441214,0.9820030883775588
11684,2020-05-10,0.01702936526562071,0.9829706347343793
11686,2020-05-10,0.03080531999990821,0.9691946800000918
11687,2020-05-10,0.00793828927393525,0.9920617107260647
11688,2020-05-10,0.006315598556637769,0.9936844014433622
11689,2020-05-10,0.07737940841265212,0.9226205915873479
11690,2020-05-10,0.06261356982414856,0.9373864301758514
11691,2020-05-10,0.016389220760285372,0.9836107792397146
11692,2020-05-10,0.0028024426694225335,0.9971975573305775
11693,2020-05-10,0.004517702806244306,0.9954822971937557
11694,2020-05-10,0.008059616934960379,0.9919403830650396
11695,2020-05-10,0.004590466844938912,0.9954095331550611
11696,2020-05-10,0.02327092526137786,0.9767290747386221
11697,2020-05-10,0.003082170926847372,0.9969178290731526
11698,2020-05-10,0.03927161696193904,0.960728383038061
11700,2020-05-10,0.002795275979606049,0.997204724020394
11701,2020-05-10,0.011193184045147686,0.9888068159548523
11702,2020-05-10,0.009882486447594041,0.990117513552406
11704,2020-05-10,0.0007885182327991291,0.9992114817672009
11705,2020-05-10,0.04087732495167962,0.9591226750483204
11707,2020-05-10,0.010755345281237116,0.9892446547187629
11708,2020-05-10,0.008993077403499417,0.9910069225965006
11709,2020-05-10,0.02213842293185564,0.9778615770681444
11710,2020-05-10,0.007051730501755449,0.9929482694982446
11711,2020-05-10,0.030820022499730704,0.9691799775002693
11712,2020-05-10,0.011924209772001149,0.9880757902279989
11713,2020-05-10,0.04097391069083833,0.9590260893091617
11714,2020-05-10,0.017234414429527445,0.9827655855704726
11715,2020-05-10,0.013473442484191245,0.9865265575158088
11716,2020-05-10,0.017645759157250307,0.9823542408427497
11717,2020-05-10,0.006591152587837601,0.9934088474121624
11718,2020-05-10,0.0050643856132800424,0.99493561438672
11719,2020-05-10,0.00435450005189264,0.9956454999481074
11720,2020-05-10,0.01879251531509074,0.9812074846849093
11721,2020-05-10,0.005742613776565153,0.9942573862234348
11722,2020-05-10,0.022754257486594542,0.9772457425134055
11723,2020-05-10,0.0011907910984354508,0.9988092089015645
11724,2020-05-10,0.011675280407406619,0.9883247195925934
11725,2020-05-10,0.026158657418724696,0.9738413425812753
11726,2020-05-10,0.007833346155742271,0.9921666538442577
11727,2020-05-10,0.00956414404661765,0.9904358559533823
11728,2020-05-10,0.02226466025279683,0.9777353397472032
11730,2020-05-10,0.005713286234971249,0.9942867137650288
11731,2020-05-10,0.024869186000597066,0.9751308139994029
11732,2020-05-10,0.023980303124542912,0.9760196968754571
11733,2020-05-10,0.015771745935808212,0.9842282540641918
11734,2020-05-10,0.0039563864878147115,0.9960436135121853
11735,2020-05-10,0.03407683452028043,0.9659231654797196
11736,2020-05-10,0.019076512536291612,0.9809234874637084
11737,2020-05-10,0.0427889989688357,0.9572110010311643
11738,2020-05-10,0.018656281813665965,0.981343718186334
11739,2020-05-10,0.00582978156323577,0.9941702184367642
11740,2020-05-10,0.0062538707930588355,0.9937461292069412
11741,2020-05-10,0.018357343353388456,0.9816426566466115
11742,2020-05-10,0.01123833113608752,0.9887616688639125
11743,2020-05-10,0.010738229195548454,0.9892617708044515
11744,2020-05-10,0.01572549853373717,0.9842745014662628
11745,2020-05-10,0.014278878836938125,0.9857211211630619
11746,2020-05-10,0.03463884307412379,0.9653611569258762
11747,2020-05-10,0.005589327912626785,0.9944106720873732
11748,2020-05-10,0.001430631127222859,0.9985693688727771
11749,2020-05-10,0.00928470051328445,0.9907152994867156
11750,2020-05-10,0.0137735451817661,0.9862264548182339
11751,2020-05-10,0.0030070263242688577,0.9969929736757311
11752,2020-05-10,0.014623683305687862,0.9853763166943121
11753,2020-05-10,0.009408718779383762,0.9905912812206162
11754,2020-05-10,0.02303432496275737,0.9769656750372426
11756,2020-05-10,0.01591551521117951,0.9840844847888205
11757,2020-05-10,0.01828807555512335,0.9817119244448766
11758,2020-05-10,0.0169142424431713,0.9830857575568287
11759,2020-05-10,0.046114960773331104,0.9538850392266689
11760,2020-05-10,0.03709651818220816,0.9629034818177918
11761,2020-05-10,0.035708949535357526,0.9642910504646425
11762,2020-05-10,0.035654479481048496,0.9643455205189515
11763,2020-05-10,0.004292107228392128,0.9957078927716079
11764,2020-05-10,0.010665615345545665,0.9893343846544543
11765,2020-05-10,0.019580975485046337,0.9804190245149537
11766,2020-05-10,0.0063611732541993815,0.9936388267458006
11767,2020-05-10,0.006546932320156684,0.9934530676798433
11768,2020-05-10,0.01089170563640629,0.9891082943635937
11769,2020-05-10,0.01732417315457957,0.9826758268454204
11770,2020-05-10,0.003681306874679602,0.9963186931253204
11771,2020-05-10,0.0070926816738579035,0.9929073183261421
11772,2020-05-10,0.020074534458979443,0.9799254655410206
11773,2020-05-10,0.03152824370669871,0.9684717562933013
11774,2020-05-10,0.0020937795767566048,0.9979062204232434
11775,2020-05-10,0.005981713291521418,0.9940182867084786
11776,2020-05-10,0.013070930561498662,0.9869290694385013
11777,2020-05-10,0.008629082466972915,0.9913709175330271
11778,2020-05-10,0.029702875110749982,0.97029712488925
11779,2020-05-10,0.00795427081667599,0.992045729183324
11780,2020-05-10,0.012156028648790729,0.9878439713512093
11781,2020-05-10,0.004380466385999093,0.9956195336140009
11782,2020-05-10,0.017565906160762146,0.9824340938392379
11783,2020-05-10,0.04609122144025446,0.9539087785597455
11784,2020-05-10,0.006479715265975683,0.9935202847340243
11785,2020-05-10,0.015123404953197417,0.9848765950468026
11786,2020-05-10,0.03800763851379929,0.9619923614862007
11787,2020-05-10,0.014314087112695884,0.9856859128873041
11788,2020-05-10,0.05808009524722835,0.9419199047527717
11789,2020-05-10,0.07684431380536927,0.9231556861946307
11790,2020-05-10,0.009523358227767287,0.9904766417722327
11791,2020-05-10,0.0071034004394379124,0.9928965995605621
11792,2020-05-10,0.01165563693689975,0.9883443630631003
11793,2020-05-10,0.01597733760843245,0.9840226623915675
11794,2020-05-10,0.042792282841351614,0.9572077171586484
11795,2020-05-10,0.00806652945603481,0.9919334705439652
11796,2020-05-10,0.011613928278666141,0.9883860717213339
11797,2020-05-10,0.007834048211734945,0.992165951788265
11798,2020-05-10,0.035288537316283786,0.9647114626837162
11799,2020-05-10,0.009617482694557422,0.9903825173054426
11800,2020-05-10,0.029072871474405737,0.9709271285255943
11801,2020-05-10,0.012519691373076514,0.9874803086269235
11802,2020-05-10,0.03589130071220348,0.9641086992877965
11803,2020-05-10,0.010106326969595902,0.9898936730304041
11804,2020-05-10,0.004092481007159865,0.9959075189928401
11806,2020-05-10,0.024947673181388574,0.9750523268186114
11807,2020-05-10,0.005290208454944767,0.9947097915450552
11808,2020-05-10,0.003464304878000757,0.9965356951219992
11809,2020-05-10,0.00521412114287001,0.99478587885713
11810,2020-05-10,0.015501984415740577,0.9844980155842594
11811,2020-05-10,0.02892941469077448,0.9710705853092255
11812,2020-05-10,0.020347365793429772,0.9796526342065702
11813,2020-05-10,0.0318733097427738,0.9681266902572262
11814,2020-05-10,0.01079100503457453,0.9892089949654255
11815,2020-05-10,0.03568272243834947,0.9643172775616505
11816,2020-05-10,0.00829468794826127,0.9917053120517387
11817,2020-05-10,0.030921449098146647,0.9690785509018534
11818,2020-05-10,0.023234776018662417,0.9767652239813376
11819,2020-05-10,0.007995769067200897,0.9920042309327991
11820,2020-05-10,0.004016998018004703,0.9959830019819953
11821,2020-05-10,0.10364610748341263,0.8963538925165874
11822,2020-05-10,0.034002206424744164,0.9659977935752558
11823,2020-05-10,0.0586332471561235,0.9413667528438765
11824,2020-05-10,0.013266281629422005,0.986733718370578
11825,2020-05-10,0.009709113736172892,0.9902908862638271
11826,2020-05-10,0.05462951958834694,0.9453704804116531
11827,2020-05-10,0.03542302094875205,0.964576979051248
11828,2020-05-10,0.023384301974656463,0.9766156980253435
11829,2020-05-10,0.019981088469350317,0.9800189115306497
11830,2020-05-10,0.0258189059293632,0.9741810940706368
11831,2020-05-10,0.036522849421380066,0.9634771505786199
11832,2020-05-10,0.01568667226111231,0.9843133277388877
11833,2020-05-10,0.018040892838018463,0.9819591071619815
11834,2020-05-10,0.0039051091889324985,0.9960948908110675
11836,2020-05-10,0.01787768340083573,0.9821223165991643
11837,2020-05-10,0.006007599559585741,0.9939924004404143
11838,2020-05-10,0.028253966599158686,0.9717460334008413
11839,2020-05-10,0.022788043788134038,0.977211956211866
11840,2020-05-10,0.0009232955281778255,0.9990767044718222
11841,2020-05-10,0.02833722143555506,0.9716627785644449
11845,2020-05-10,0.004542048565965073,0.9954579514340349
11846,2020-05-10,0.010738380349612942,0.9892616196503871
11847,2020-05-10,0.017234627538701974,0.982765372461298
11848,2020-05-10,0.017763437059957976,0.982236562940042
11849,2020-05-10,0.0646371356569716,0.9353628643430284
11850,2020-05-10,0.005803567896186079,0.9941964321038139
11851,2020-05-10,0.006801302093624839,0.9931986979063752
11852,2020-05-10,0.0032802823332425124,0.9967197176667575
11853,2020-05-10,0.009296985571218719,0.9907030144287813
11854,2020-05-10,0.02996230398332833,0.9700376960166717
11856,2020-05-10,0.17020419208408577,0.8297958079159142
11857,2020-05-10,0.0021015836996315373,0.9978984163003685
11858,2020-05-10,0.01387646944561427,0.9861235305543857
11859,2020-05-10,0.008074483612287131,0.9919255163877129
11860,2020-05-10,0.041730585442391166,0.9582694145576088
11861,2020-05-10,0.010379826343191567,0.9896201736568084
11862,2020-05-10,0.006303504176475738,0.9936964958235243
11863,2020-05-10,0.0053597439707359085,0.9946402560292641
11864,2020-05-10,0.035415038083529415,0.9645849619164706
11865,2020-05-10,0.030285955642718076,0.9697140443572819
11866,2020-05-10,0.01913648318701644,0.9808635168129836
11867,2020-05-10,0.002275545015269609,0.9977244549847304
11868,2020-05-10,0.015503089094862754,0.9844969109051372
11869,2020-05-10,0.003951004617756659,0.9960489953822433
11870,2020-05-10,0.005398788518764186,0.9946012114812358
11871,2020-05-10,0.0029909198509940893,0.9970090801490059
11872,2020-05-10,0.032070230406415545,0.9679297695935845
11873,2020-05-10,0.01245397988729291,0.9875460201127071
11874,2020-05-10,0.05362304997100176,0.9463769500289982
11875,2020-05-10,0.002231471938219709,0.9977685280617803
11876,2020-05-10,0.005590913322001234,0.9944090866779988
11877,2020-05-10,0.002483966515584135,0.9975160334844159
11878,2020-05-10,0.0038886129873063613,0.9961113870126936
11879,2020-05-10,0.008714336436808634,0.9912856635631914
11880,2020-05-10,0.05712687578988895,0.942873124210111
11881,2020-05-10,0.0023781255503712018,0.9976218744496288
11882,2020-05-10,0.06042423134805763,0.9395757686519424
11883,2020-05-10,0.007565785405447167,0.9924342145945528
11884,2020-05-10,0.030081949743707037,0.969918050256293
11885,2020-05-10,0.04935972230337171,0.9506402776966283
11886,2020-05-10,0.004879108218768913,0.9951208917812311
11887,2020-05-10,0.03312897973082107,0.9668710202691789
11889,2020-05-10,0.02985568700730723,0.9701443129926928
11890,2020-05-10,0.007704164772115996,0.992295835227884
11891,2020-05-10,0.026075994495511123,0.9739240055044889
11892,2020-05-10,0.006250376930506563,0.9937496230694934
11893,2020-05-10,0.030478962553490474,0.9695210374465095
11894,2020-05-10,0.0025579324661252345,0.9974420675338748
11895,2020-05-10,0.02280877550769078,0.9771912244923092
11896,2020-05-10,0.0026118024964685294,0.9973881975035315
11897,2020-05-10,0.0207404269785324,0.9792595730214676
11899,2020-05-10,0.012958760531097124,0.9870412394689029
11900,2020-05-10,0.0028723115269572164,0.9971276884730428
11901,2020-05-10,0.01903822050171311,0.9809617794982869
11903,2020-05-10,0.023767326366337382,0.9762326736336626
11904,2020-05-10,0.03164280028733868,0.9683571997126613
11905,2020-05-10,0.017356975109104722,0.9826430248908953
11906,2020-05-10,0.0005547017175000502,0.9994452982825
11908,2020-05-10,0.03395180608437198,0.966048193915628
11909,2020-05-10,0.01202218296213775,0.9879778170378622
11910,2020-05-10,0.015900878875274138,0.9840991211247259
11911,2020-05-10,0.0189828517396875,0.9810171482603125
11912,2020-05-10,0.004016991287028704,0.9959830087129713
11914,2020-05-10,0.0010729293668774176,0.9989270706331226
11915,2020-05-10,0.004931103398271741,0.9950688966017283
11916,2020-05-10,0.01457773293438791,0.9854222670656121
11918,2020-05-10,0.024749019203627265,0.9752509807963727
11919,2020-05-10,0.09634828992978628,0.9036517100702137
11920,2020-05-10,0.03112751909440381,0.9688724809055962
11921,2020-05-10,0.004242736598429331,0.9957572634015707
11922,2020-05-10,0.007726547302674747,0.9922734526973253
11924,2020-05-10,0.02200754053614984,0.9779924594638502
11925,2020-05-10,0.0051888112154543364,0.9948111887845457
11926,2020-05-10,0.01733581149681951,0.9826641885031805
11927,2020-05-10,0.04629409774857374,0.9537059022514263
11928,2020-05-10,0.028757259149922332,0.9712427408500777
11929,2020-05-10,0.020959131894332628,0.9790408681056674
11930,2020-05-10,0.0068895551548454614,0.9931104448451545
11931,2020-05-10,0.01666056573121477,0.9833394342687852
11932,2020-05-10,0.023115724820448214,0.9768842751795518
11933,2020-05-10,0.004996470652622986,0.995003529347377
11934,2020-05-10,0.004343053185244861,0.9956569468147551
11935,2020-05-10,0.014814402667374882,0.9851855973326251
11936,2020-05-10,0.022067085171300738,0.9779329148286993
11937,2020-05-10,0.002887436699560708,0.9971125633004393
11938,2020-05-10,0.017623586698534366,0.9823764133014656
11939,2020-05-10,0.02435796767840892,0.9756420323215911
11940,2020-05-10,0.032295725081536886,0.9677042749184631
11941,2020-05-10,0.07581080431136089,0.9241891956886391
11942,2020-05-10,0.00820702746941937,0.9917929725305806
11943,2020-05-10,0.014940492896779567,0.9850595071032204
11944,2020-05-10,0.006277263361160523,0.9937227366388395
11945,2020-05-10,0.003931528290608832,0.9960684717093912
11946,2020-05-10,0.061175443336045965,0.938824556663954
11947,2020-05-10,0.019324488310542898,0.9806755116894571
11948,2020-05-10,0.00911594317448039,0.9908840568255196
11949,2020-05-10,0.010862368091326458,0.9891376319086735
11950,2020-05-10,0.00797547851083702,0.992024521489163
11951,2020-05-10,0.02810493636697331,0.9718950636330267
11952,2020-05-10,0.03639509902241023,0.9636049009775898
11953,2020-05-10,0.03680551940383603,0.963194480596164
11955,2020-05-10,0.0018306632772961962,0.9981693367227038
11956,2020-05-10,0.012561631268777296,0.9874383687312227
11957,2020-05-10,0.02189412060385798,0.978105879396142
11958,2020-05-10,0.01021850487247522,0.9897814951275248
11959,2020-05-10,0.008286603612501886,0.9917133963874981
11960,2020-05-10,0.030939476607358074,0.9690605233926419
11961,2020-05-10,0.005556081239159627,0.9944439187608404
11962,2020-05-10,0.03841560628660334,0.9615843937133967
11963,2020-05-10,0.015981122304112527,0.9840188776958875
11964,2020-05-10,0.022011397244219966,0.97798860275578
11965,2020-05-10,0.011157596679077453,0.9888424033209225
11966,2020-05-10,0.01405800713157268,0.9859419928684273
11967,2020-05-10,0.008873296774664086,0.9911267032253359
11968,2020-05-10,0.003758203367438706,0.9962417966325613
11969,2020-05-10,0.008452595376647443,0.9915474046233526
11970,2020-05-10,0.01396374562271474,0.9860362543772853
11971,2020-05-10,0.03430035846667234,0.9656996415333277
11974,2020-05-10,0.0044588822866605815,0.9955411177133394
11975,2020-05-10,0.04679527829148655,0.9532047217085134
11976,2020-05-10,0.008873091706533165,0.9911269082934668
11977,2020-05-10,0.010439351954435572,0.9895606480455644
11978,2020-05-10,0.0031777301560099724,0.99682226984399
11980,2020-05-10,0.0035583506843858137,0.9964416493156142
11981,2020-05-10,0.05280304784930512,0.9471969521506949
11982,2020-05-10,0.00465923556828407,0.9953407644317159
11983,2020-05-10,0.02083898542816731,0.9791610145718327
11984,2020-05-10,0.004029799813035084,0.9959702001869649
11985,2020-05-10,0.0045359713723786,0.9954640286276214
11986,2020-05-10,0.016155464109523066,0.9838445358904769
11987,2020-05-10,0.03828198208846334,0.9617180179115367
11988,2020-05-10,0.00980454377346629,0.9901954562265337
11989,2020-05-10,0.025719161177945926,0.9742808388220541
11990,2020-05-10,0.006552660948384137,0.9934473390516159
11991,2020-05-10,0.012932471850667704,0.9870675281493323
11992,2020-05-10,0.016886189907745264,0.9831138100922547
11993,2020-05-10,0.01084786922669867,0.9891521307733013
11994,2020-05-10,0.03548854631532483,0.9645114536846752
11995,2020-05-10,0.016853643297227827,0.9831463567027722
11996,2020-05-10,0.005022445792153052,0.994977554207847
11997,2020-05-10,0.005249370575253098,0.9947506294247469
11998,2020-05-10,0.03728756743410344,0.9627124325658966
11999,2020-05-10,0.010585213445208574,0.9894147865547914
12000,2020-05-10,0.0027203268532939306,0.9972796731467061
12001,2020-05-10,0.008798117452610277,0.9912018825473897
12002,2020-05-10,0.017335258102293083,0.9826647418977069
12003,2020-05-10,0.00663706201099834,0.9933629379890017
12005,2020-05-10,0.06247936929148512,0.9375206307085149
12006,2020-05-10,0.014735759664384562,0.9852642403356154
12007,2020-05-10,0.010192358039339267,0.9898076419606607
12008,2020-05-10,0.04851353309542639,0.9514864669045736
12009,2020-05-10,0.007347649656337163,0.9926523503436628
12010,2020-05-10,0.04266884830547113,0.9573311516945289
12011,2020-05-10,0.022093971094166,0.977906028905834
12012,2020-05-10,0.034317949016142046,0.965682050983858
12013,2020-05-10,0.02540971975254147,0.9745902802474585
12014,2020-05-10,0.02092855598215171,0.9790714440178483
12015,2020-05-10,0.007554158195047012,0.992445841804953
12016,2020-05-10,0.008071873466045654,0.9919281265339543
12017,2020-05-10,0.049571285487008176,0.9504287145129918
12018,2020-05-10,0.019594787841990646,0.9804052121580094
12019,2020-05-10,0.015060957875028924,0.9849390421249711
12020,2020-05-10,0.008883333049021225,0.9911166669509788
12021,2020-05-10,0.010447468161322249,0.9895525318386778
12022,2020-05-10,0.011585758645860866,0.9884142413541391
12023,2020-05-10,0.007667753259713028,0.992332246740287
12024,2020-05-10,0.02808586883709485,0.9719141311629051
12025,2020-05-10,0.02927569844564426,0.9707243015543557
12026,2020-05-10,0.008821121370554796,0.9911788786294452
12027,2020-05-10,0.0030178665893915158,0.9969821334106085
12028,2020-05-10,0.005623271101221183,0.9943767288987788
12029,2020-05-10,0.05263599321011758,0.9473640067898824
12030,2020-05-10,0.09273946965299029,0.9072605303470097
12032,2020-05-10,0.0025651030265613217,0.9974348969734387
12033,2020-05-10,0.005924315921020273,0.9940756840789797
12034,2020-05-10,0.008865684922060968,0.991134315077939
12035,2020-05-10,0.0042683101869878115,0.9957316898130122
12036,2020-05-10,0.016896369293790237,0.9831036307062098
12037,2020-05-10,0.009431344602652492,0.9905686553973475
12038,2020-05-10,0.00367293263792845,0.9963270673620716
12039,2020-05-10,0.02337454451939991,0.9766254554806001
12040,2020-05-10,0.0074180009105155875,0.9925819990894844
12041,2020-05-10,0.018265184884076358,0.9817348151159236
12042,2020-05-10,0.026380235275690334,0.9736197647243097
12043,2020-05-10,0.014726735098738564,0.9852732649012614
12044,2020-05-10,0.011396592018054652,0.9886034079819453
12046,2020-05-10,0.010373906383827403,0.9896260936161726
12047,2020-05-10,0.014627953080648015,0.985372046919352
12048,2020-05-10,0.04238731468601231,0.9576126853139877
12049,2020-05-10,0.016152039462084322,0.9838479605379157
12050,2020-05-10,0.0023510537319790803,0.9976489462680209
12051,2020-05-10,0.017378607130814405,0.9826213928691856
12052,2020-05-10,0.02498680984465851,0.9750131901553415
12053,2020-05-10,0.010478299662310064,0.9895217003376899
12054,2020-05-10,0.00881490212235081,0.9911850978776492
12055,2020-05-10,0.012812966599204723,0.9871870334007953
12056,2020-05-10,0.019731905569663644,0.9802680944303364
12057,2020-05-10,0.010378224398082225,0.9896217756019178
12058,2020-05-10,0.016204130383621895,0.9837958696163781
12059,2020-05-10,0.0043188503701928616,0.9956811496298071
12060,2020-05-10,0.06264493994008247,0.9373550600599175
12061,2020-05-10,0.005445118425327133,0.9945548815746729
12062,2020-05-10,0.011066519710523193,0.9889334802894768
12063,2020-05-10,0.0666802369579047,0.9333197630420953
12064,2020-05-10,0.043654996422758385,0.9563450035772416
12065,2020-05-10,0.022949174856861765,0.9770508251431382
12066,2020-05-10,0.014995107416827858,0.9850048925831721
12067,2020-05-10,0.016099908777275296,0.9839000912227247
12068,2020-05-10,0.02387511782798024,0.9761248821720198
12069,2020-05-10,0.025981841767912073,0.9740181582320879
12070,2020-05-10,0.022382732903608482,0.9776172670963915
12071,2020-05-10,0.023516784769988086,0.9764832152300119
12072,2020-05-10,0.023184054634305395,0.9768159453656946
12073,2020-05-10,0.06595961347445256,0.9340403865255474
12074,2020-05-10,0.14598817747235726,0.8540118225276427
12075,2020-05-10,0.014711805452073734,0.9852881945479263
12076,2020-05-10,0.04652939418383706,0.9534706058161629
12077,2020-05-10,0.09902141330423675,0.9009785866957633
12078,2020-05-10,0.014194077877991762,0.9858059221220082
12079,2020-05-10,0.002012792741611702,0.9979872072583883
12080,2020-05-10,0.00739627428316203,0.992603725716838
12081,2020-05-10,0.012101752751813022,0.987898247248187
12082,2020-05-10,0.010428725314003628,0.9895712746859964
12083,2020-05-10,0.04592823964499093,0.9540717603550091
12084,2020-05-10,0.0177745711252304,0.9822254288747696
12085,2020-05-10,0.00680520514543026,0.9931947948545697
12086,2020-05-10,0.0017012513498535498,0.9982987486501465
12087,2020-05-10,0.007972166077775622,0.9920278339222244
12089,2020-05-10,0.01637330016507088,0.9836266998349291
12091,2020-05-10,0.007851800967175193,0.9921481990328248
12092,2020-05-10,0.013591336427344225,0.9864086635726558
12093,2020-05-10,0.023938716133422577,0.9760612838665774
12094,2020-05-10,0.005205495947040895,0.9947945040529591
12095,2020-05-10,0.02129416222854752,0.9787058377714525
12096,2020-05-10,0.006532080053781586,0.9934679199462184
12097,2020-05-10,0.015815818591790154,0.9841841814082098
12098,2020-05-10,0.023235494192955675,0.9767645058070443
12099,2020-05-10,0.007266382781757619,0.9927336172182424
12100,2020-05-10,0.007901557733506537,0.9920984422664935
12103,2020-05-10,0.0056839812527290645,0.9943160187472709
12104,2020-05-10,0.010418620158764047,0.989581379841236
12105,2020-05-10,0.04426532950417117,0.9557346704958288
12106,2020-05-10,0.0025366228673934232,0.9974633771326066
12107,2020-05-10,0.017443341513625255,0.9825566584863747
12108,2020-05-10,0.008505972817007601,0.9914940271829924
12110,2020-05-10,0.001960983005764083,0.9980390169942359
12111,2020-05-10,0.006390619004106757,0.9936093809958932
12112,2020-05-10,0.019110289276940473,0.9808897107230595
12113,2020-05-10,0.02207099488933062,0.9779290051106694
12114,2020-05-10,0.044660392329820664,0.9553396076701793
12115,2020-05-10,0.09858710046794916,0.9014128995320508
12116,2020-05-10,0.041527678845374005,0.958472321154626
12117,2020-05-10,0.05431977030073121,0.9456802296992688
12118,2020-05-10,0.012890781364188975,0.987109218635811
12119,2020-05-10,0.006269961274317781,0.9937300387256822
12120,2020-05-10,0.024388704254158733,0.9756112957458413
12121,2020-05-10,0.06911338281718538,0.9308866171828146
12122,2020-05-10,0.07642023055620306,0.9235797694437969
12123,2020-05-10,0.1254178540287838,0.8745821459712162
12124,2020-05-10,0.028474810836492614,0.9715251891635074
12126,2020-05-10,0.003358355541441038,0.996641644458559
12127,2020-05-10,0.013890406927226095,0.9861095930727739
12128,2020-05-10,0.038611512602964915,0.9613884873970351
12129,2020-05-10,0.02405770133707974,0.9759422986629203
12130,2020-05-10,0.00899248814786191,0.9910075118521381
12131,2020-05-10,0.015803961919653053,0.984196038080347
12133,2020-05-10,0.012122784951103083,0.9878772150488969
12134,2020-05-10,0.06848188533409805,0.931518114665902
12135,2020-05-10,0.0070559846459087305,0.9929440153540913
12136,2020-05-10,0.039384658274639994,0.96061534172536
12138,2020-05-10,0.00310869842337147,0.9968913015766285
12139,2020-05-10,0.015014753940269299,0.9849852460597307
12140,2020-05-10,0.009645770586394264,0.9903542294136057
12141,2020-05-10,0.014378539327187134,0.9856214606728129
12142,2020-05-10,0.3659414671047796,0.6340585328952204
12143,2020-05-10,0.024761447183948015,0.975238552816052
12144,2020-05-10,0.01899464794641892,0.9810053520535811
12145,2020-05-10,0.12691551644486332,0.8730844835551367
12146,2020-05-10,0.00464898065560404,0.995351019344396
12147,2020-05-10,0.02460297567843106,0.9753970243215689
12148,2020-05-10,0.06349338532016913,0.9365066146798309
12149,2020-05-10,0.0048597504763223665,0.9951402495236776
12150,2020-05-10,0.04241912575128082,0.9575808742487192
12151,2020-05-10,0.01597071849620224,0.9840292815037978
12152,2020-05-10,0.0008737289358187184,0.9991262710641813
12154,2020-05-10,0.010503161540808104,0.9894968384591919
12155,2020-05-10,0.03570342470033294,0.9642965752996671
12158,2020-05-10,0.01010091022066284,0.9898990897793372
12159,2020-05-10,0.012929428114866637,0.9870705718851334
12160,2020-05-10,0.006855195732924146,0.9931448042670759
12161,2020-05-10,0.06358701582346704,0.936412984176533
12163,2020-05-10,0.01239110143919564,0.9876088985608044
12164,2020-05-10,0.019305322909325406,0.9806946770906746
12166,2020-05-10,0.001948757713333471,0.9980512422866665
12167,2020-05-10,0.0013468712533337701,0.9986531287466662
12168,2020-05-10,0.02546574410898106,0.9745342558910189
12169,2020-05-10,0.008616612163735882,0.9913833878362641
12170,2020-05-10,0.014663503590500837,0.9853364964094992
12171,2020-05-10,0.019670403887617205,0.9803295961123828
12172,2020-05-10,0.008614138720573705,0.9913858612794263
12173,2020-05-10,0.020264790384914022,0.979735209615086
12174,2020-05-10,0.005571414680317077,0.9944285853196829
12175,2020-05-10,0.01816074874612117,0.9818392512538788
12176,2020-05-10,0.015037432134417772,0.9849625678655822
12177,2020-05-10,0.025137280089446268,0.9748627199105537
12178,2020-05-10,0.02816575257205267,0.9718342474279473
12179,2020-05-10,0.004257872181106848,0.9957421278188932
12180,2020-05-10,0.014176150193957127,0.9858238498060429
12181,2020-05-10,0.02715722487581329,0.9728427751241867
12184,2020-05-10,0.008493585888497579,0.9915064141115024
12185,2020-05-10,0.012505699630697698,0.9874943003693023
12186,2020-05-10,0.04607085890317508,0.9539291410968249
12187,2020-05-10,0.00880327221558519,0.9911967277844148
12188,2020-05-10,0.006289274571723125,0.9937107254282769
12189,2020-05-10,0.02744135717790641,0.9725586428220936
12190,2020-05-10,0.21592912095753503,0.784070879042465
12191,2020-05-10,0.01737463669468542,0.9826253633053146
12192,2020-05-10,0.011209048729380888,0.9887909512706191
12193,2020-05-10,0.006002411431803023,0.993997588568197
12194,2020-05-10,0.014386781473422317,0.9856132185265777
12197,2020-05-10,0.023795006780653383,0.9762049932193466
12198,2020-05-10,0.018019495393660767,0.9819805046063392
12199,2020-05-10,0.014439994636012865,0.9855600053639871
12200,2020-05-10,0.01801844543153297,0.981981554568467
12201,2020-05-10,0.009958648748060517,0.9900413512519395
12202,2020-05-10,0.037734807337975185,0.9622651926620248
12203,2020-05-10,0.03873658608011543,0.9612634139198846
12204,2020-05-10,0.0038759069182806583,0.9961240930817193
12205,2020-05-10,0.025725156097329394,0.9742748439026706
12206,2020-05-10,0.04078304188333759,0.9592169581166624
12208,2020-05-10,0.00988225128689213,0.9901177487131079
12209,2020-05-10,0.00352003557544478,0.9964799644245552
12210,2020-05-10,0.008895870445059795,0.9911041295549402
12211,2020-05-10,0.0019967440579752305,0.9980032559420248
12214,2020-05-10,0.01429648370692227,0.9857035162930777
12215,2020-05-10,0.0023185120374892287,0.9976814879625108
12216,2020-05-10,0.2247023933041966,0.7752976066958034
12217,2020-05-10,0.0765775391449881,0.9234224608550119
12218,2020-05-10,0.07273337688577985,0.9272666231142201
12219,2020-05-10,0.011307041309787658,0.9886929586902123
12220,2020-05-10,0.007788554079448451,0.9922114459205515
12221,2020-05-10,0.011213854392145395,0.9887861456078546
12222,2020-05-10,0.02807655974965495,0.971923440250345
12223,2020-05-10,0.02136985968718108,0.9786301403128189
12224,2020-05-10,0.0007707358709482248,0.9992292641290518
12225,2020-05-10,0.22039396991858196,0.779606030081418
12226,2020-05-10,0.0016596035357336891,0.9983403964642663
12228,2020-05-10,0.015852571091800605,0.9841474289081994
12229,2020-05-10,0.029153162122498077,0.9708468378775019
12230,2020-05-10,0.007970191114790026,0.99202980888521
12231,2020-05-10,0.008718234231166577,0.9912817657688334
12232,2020-05-10,0.024152535376672057,0.9758474646233279
12233,2020-05-10,0.004128052979715413,0.9958719470202846
12234,2020-05-10,0.013874734389097476,0.9861252656109025
12235,2020-05-10,0.15144044558282765,0.8485595544171723
12236,2020-05-10,0.025801559178747047,0.974198440821253
12237,2020-05-10,0.02115356836802118,0.9788464316319788
12238,2020-05-10,0.03548852082406795,0.964511479175932
12239,2020-05-10,0.009334486374007467,0.9906655136259925
12240,2020-05-10,0.07613527331784853,0.9238647266821515
12241,2020-05-10,0.0070605543675198446,0.9929394456324802
12243,2020-05-10,0.01058157483468769,0.9894184251653123
12244,2020-05-10,0.014316845116642551,0.9856831548833574
12245,2020-05-10,0.021404305863666595,0.9785956941363334
12246,2020-05-10,0.009161648354792606,0.9908383516452074
12247,2020-05-10,0.015083887807906704,0.9849161121920933
12248,2020-05-10,0.03172677327461548,0.9682732267253845
12250,2020-05-10,0.048006423152677224,0.9519935768473228
12252,2020-05-10,0.11241921855653692,0.8875807814434631
12254,2020-05-10,0.005031434734891871,0.9949685652651081
12255,2020-05-10,0.0009562864618479772,0.999043713538152
12256,2020-05-10,0.02801163235660986,0.9719883676433901
12257,2020-05-10,0.024936312286474194,0.9750636877135258
12259,2020-05-10,0.03254133073688403,0.967458669263116
12260,2020-05-10,0.00912039739996151,0.9908796026000385
12261,2020-05-10,0.022087598746430515,0.9779124012535695
12262,2020-05-10,0.014616865810116897,0.9853831341898831
12264,2020-05-10,0.06456698618419654,0.9354330138158035
12265,2020-05-10,0.038396970613198356,0.9616030293868016
12266,2020-05-10,0.02256440935234083,0.9774355906476592
12268,2020-05-10,0.02774299399766933,0.9722570060023307
12269,2020-05-10,0.028629052449524073,0.9713709475504759
12270,2020-05-10,0.010713475549619544,0.9892865244503805
12272,2020-05-10,0.011748308318657807,0.9882516916813422
12275,2020-05-10,0.023736554564211088,0.9762634454357889
12276,2020-05-10,0.012318555073723814,0.9876814449262762
12277,2020-05-10,0.005115229406558841,0.9948847705934412
12278,2020-05-10,0.01002394838963716,0.9899760516103628
12279,2020-05-10,0.016422857463087248,0.9835771425369128
12281,2020-05-10,0.023818466364624813,0.9761815336353752
12282,2020-05-10,0.007632392267827859,0.9923676077321721
12283,2020-05-10,0.04271828288690627,0.9572817171130937
12284,2020-05-10,0.031079138749791735,0.9689208612502083
12285,2020-05-10,0.008104352070768317,0.9918956479292317
12286,2020-05-10,0.014393038911789335,0.9856069610882107
12287,2020-05-10,0.026026493604268452,0.9739735063957315
12288,2020-05-10,0.019043752853024287,0.9809562471469757
12289,2020-05-10,0.01130348939205994,0.9886965106079401
12290,2020-05-10,0.014417980307471656,0.9855820196925283
12291,2020-05-10,0.10068276512575147,0.8993172348742485
12294,2020-05-10,0.016618447704958905,0.9833815522950411
12296,2020-05-10,0.047986190364555426,0.9520138096354446
12297,2020-05-10,0.029664500373704605,0.9703354996262954
12298,2020-05-10,0.012826254737837939,0.9871737452621621
12299,2020-05-10,0.029077704782290548,0.9709222952177095
12300,2020-05-10,0.02242060836370363,0.9775793916362964
12301,2020-05-10,0.0026500697555019714,0.997349930244498
12302,2020-05-10,0.010317253121576053,0.989682746878424
12304,2020-05-10,0.056007907991732386,0.9439920920082676
12305,2020-05-10,0.004800467068068581,0.9951995329319314
12306,2020-05-10,0.034466308495554765,0.9655336915044452
12307,2020-05-10,0.041743174244529446,0.9582568257554706
12308,2020-05-10,0.07368919756074999,0.92631080243925
12309,2020-05-10,0.03581709924690457,0.9641829007530954
12310,2020-05-10,0.1654319728142829,0.8345680271857171
12311,2020-05-10,0.04335156060056189,0.9566484393994381
12312,2020-05-10,0.012617669105961293,0.9873823308940387
12313,2020-05-10,0.016572773763466775,0.9834272262365332
12315,2020-05-10,0.042270423089576625,0.9577295769104234
12316,2020-05-10,0.015621207175637197,0.9843787928243628
12317,2020-05-10,0.042665101326042065,0.9573348986739579
12318,2020-05-10,0.08157861799217014,0.9184213820078299
12319,2020-05-10,0.030301355992406576,0.9696986440075934
12321,2020-05-10,0.05760952896478122,0.9423904710352188
12322,2020-05-10,0.012281964501424714,0.9877180354985753
12325,2020-05-10,0.008484035213277341,0.9915159647867227
12327,2020-05-10,0.02796889758852672,0.9720311024114733
12328,2020-05-10,0.11136837424885271,0.8886316257511473
12330,2020-05-10,0.025445013734567867,0.9745549862654321
12331,2020-05-10,0.013181686964413575,0.9868183130355864
12332,2020-05-10,0.012067383423171707,0.9879326165768283
12333,2020-05-10,0.04481906365076327,0.9551809363492367
12334,2020-05-10,0.009631450503603256,0.9903685494963967
12335,2020-05-10,0.03732168778244438,0.9626783122175556
12337,2020-05-10,0.0049877384015459825,0.995012261598454
12338,2020-05-10,0.0046338474004286034,0.9953661525995714
12340,2020-05-10,0.011833083222761998,0.988166916777238
12341,2020-05-10,0.046138356149298065,0.9538616438507019
12342,2020-05-10,0.05304991317518315,0.9469500868248169
12343,2020-05-10,0.046362314673720095,0.9536376853262799
12344,2020-05-10,0.02532462057952556,0.9746753794204744
12346,2020-05-10,0.0017798656674005153,0.9982201343325995
12347,2020-05-10,0.03207116578697533,0.9679288342130247
12349,2020-05-10,0.004652845651700432,0.9953471543482996
12351,2020-05-10,0.07965221934361022,0.9203477806563898
12353,2020-05-10,0.07708008440545411,0.9229199155945459
12354,2020-05-10,0.010637630245230567,0.9893623697547694
12355,2020-05-10,0.008214155510488097,0.9917858444895119
12356,2020-05-10,0.07133956816867482,0.9286604318313252
12357,2020-05-10,0.06349503106344234,0.9365049689365577
12358,2020-05-10,0.02411159519330419,0.9758884048066958
12359,2020-05-10,0.03289748057814701,0.967102519421853
12360,2020-05-10,0.02370344446038597,0.976296555539614
12361,2020-05-10,0.011360403885347647,0.9886395961146524
12363,2020-05-10,0.0178531140350211,0.9821468859649789
12364,2020-05-10,0.05990589471394747,0.9400941052860525
12365,2020-05-10,0.006412269614496702,0.9935877303855033
12366,2020-05-10,0.007724906747635596,0.9922750932523644
12367,2020-05-10,0.005947332828500129,0.9940526671714999
12369,2020-05-10,0.023592444920225386,0.9764075550797746
12371,2020-05-10,0.007576732175596512,0.9924232678244035
12372,2020-05-10,0.017029061948534818,0.9829709380514652
12373,2020-05-10,0.008189115097767874,0.9918108849022321
12374,2020-05-10,0.0030498750921766904,0.9969501249078233
12375,2020-05-10,0.004394651232876301,0.9956053487671237
12377,2020-05-10,0.02167758452976365,0.9783224154702364
12378,2020-05-10,0.007158555723251081,0.9928414442767489
12379,2020-05-10,0.0038347558252328495,0.9961652441747672
12380,2020-05-10,0.012694619784411443,0.9873053802155886
12382,2020-05-10,0.005622882729214962,0.994377117270785
12383,2020-05-10,0.012725590925714014,0.987274409074286
12384,2020-05-10,0.04385373657147751,0.9561462634285225
12385,2020-05-10,0.01795772405547469,0.9820422759445253
12387,2020-05-10,0.01862380220793347,0.9813761977920665
12388,2020-05-10,0.008316142914249425,0.9916838570857506
12391,2020-05-10,0.011510367912368369,0.9884896320876316
12393,2020-05-10,0.09255341491885039,0.9074465850811496
12394,2020-05-10,0.03044386684580791,0.9695561331541921
12395,2020-05-10,0.021090664849444107,0.9789093351505559
12396,2020-05-10,0.02342088978577639,0.9765791102142236
12397,2020-05-10,0.03662995460453877,0.9633700453954612
12398,2020-05-10,0.012898518596016761,0.9871014814039832
12399,2020-05-10,0.005340494372770288,0.9946595056272297
12400,2020-05-10,0.02372626004349443,0.9762737399565056
12401,2020-05-10,0.018450242398318162,0.9815497576016818
12402,2020-05-10,0.018756969701093196,0.9812430302989068
12403,2020-05-10,0.037389512993356355,0.9626104870066436
12405,2020-05-10,0.029394464936168707,0.9706055350638313
12407,2020-05-10,0.013683352093885714,0.9863166479061143
12408,2020-05-10,0.004358357167863036,0.995641642832137
12410,2020-05-10,0.030075997410916044,0.969924002589084
12411,2020-05-10,0.014272740746877455,0.9857272592531225
12412,2020-05-10,0.012799629165438975,0.987200370834561
12415,2020-05-10,0.03720820752444387,0.9627917924755561
12416,2020-05-10,0.006558087544917157,0.9934419124550828
12417,2020-05-10,0.05585016632684303,0.944149833673157
12418,2020-05-10,0.02344358141655234,0.9765564185834477
12420,2020-05-10,0.006937030247718856,0.9930629697522811
12422,2020-05-10,0.003191329800685372,0.9968086701993146
12423,2020-05-10,0.013760761754500472,0.9862392382454995
12424,2020-05-10,0.023904079094473007,0.976095920905527
12427,2020-05-10,0.021268862884864403,0.9787311371151356
12428,2020-05-10,0.03001593955708659,0.9699840604429134
12429,2020-05-10,0.005439856196426729,0.9945601438035733
12430,2020-05-10,0.009164000856431542,0.9908359991435685
12431,2020-05-10,0.012642651585967224,0.9873573484140328
12432,2020-05-10,0.018702909770648923,0.9812970902293511
12433,2020-05-10,0.013696772513653865,0.9863032274863461
12434,2020-05-10,0.012554790200407617,0.9874452097995924
12435,2020-05-10,0.08356879627896496,0.916431203721035
12436,2020-05-10,0.05511780870057792,0.9448821912994221
12437,2020-05-10,0.0033735375196286554,0.9966264624803713
12438,2020-05-10,0.04936268075497374,0.9506373192450263
12439,2020-05-10,0.018821952963806843,0.9811780470361932
12441,2020-05-10,0.04930109240672842,0.9506989075932716
12442,2020-05-10,0.011587799857522785,0.9884122001424772
12443,2020-05-10,0.029085174942878878,0.9709148250571211
12444,2020-05-10,0.011783238627517956,0.988216761372482
12445,2020-05-10,0.017545906568932623,0.9824540934310674
12446,2020-05-10,0.03510458918903303,0.964895410810967
12447,2020-05-10,0.013170680912530486,0.9868293190874695
12448,2020-05-10,0.027182371651250703,0.9728176283487493
12449,2020-05-10,0.01191633549307991,0.9880836645069201
12450,2020-05-10,0.025297299811494978,0.974702700188505
12451,2020-05-10,0.018295891808564613,0.9817041081914354
12452,2020-05-10,0.01989506291742138,0.9801049370825786
12453,2020-05-10,0.013935189928238834,0.9860648100717612
12454,2020-05-10,0.06081325981237529,0.9391867401876247
12455,2020-05-10,0.07537235866556713,0.9246276413344329
12457,2020-05-10,0.14164354157291525,0.8583564584270847
12458,2020-05-10,0.039403011677279776,0.9605969883227202
12459,2020-05-10,0.07423724479788929,0.9257627552021107
12460,2020-05-10,0.019897518594373165,0.9801024814056268
12462,2020-05-10,0.006082008031317199,0.9939179919686828
12463,2020-05-10,0.1021895556322776,0.8978104443677224
12464,2020-05-10,0.005418969188714873,0.9945810308112851
12465,2020-05-10,0.023558821905991567,0.9764411780940084
12466,2020-05-10,0.0144268972868975,0.9855731027131025
12467,2020-05-10,0.018651176952980797,0.9813488230470192
12468,2020-05-10,0.027466716702492455,0.9725332832975075
12469,2020-05-10,0.018849387287886654,0.9811506127121133
12470,2020-05-10,0.0027744231897226523,0.9972255768102773
12472,2020-05-10,0.03360691097965918,0.9663930890203408
12473,2020-05-10,0.029095956406315793,0.9709040435936842
12474,2020-05-10,0.031255112287889464,0.9687448877121105
12476,2020-05-10,0.07562311951248468,0.9243768804875153
12477,2020-05-10,0.013234588428923222,0.9867654115710768
12478,2020-05-10,0.0055901063108525495,0.9944098936891475
12479,2020-05-10,0.0009508304872593021,0.9990491695127407
12481,2020-05-10,0.024120640151022332,0.9758793598489777
12482,2020-05-10,0.011912668887539168,0.9880873311124608
12484,2020-05-10,0.053503558726924805,0.9464964412730752
12485,2020-05-10,0.015582077061442545,0.9844179229385575
12486,2020-05-10,0.07167511542407023,0.9283248845759298
12487,2020-05-10,0.11830542185056814,0.8816945781494319
12488,2020-05-10,0.0047439660436950915,0.9952560339563049
12489,2020-05-10,0.013631067655766382,0.9863689323442336
12490,2020-05-10,0.034824850954892184,0.9651751490451078
12491,2020-05-10,0.09533643430762018,0.9046635656923798
12492,2020-05-10,0.0450698878133553,0.9549301121866447
12493,2020-05-10,0.09960251102965123,0.9003974889703488
12494,2020-05-10,0.03492639983032353,0.9650736001696765
12495,2020-05-10,0.008724371059459335,0.9912756289405407
12496,2020-05-10,0.013763611633826445,0.9862363883661736
12497,2020-05-10,0.16387422436094157,0.8361257756390584
12498,2020-05-10,0.012634068762988893,0.9873659312370111
12499,2020-05-10,0.011448888661884538,0.9885511113381155
12500,2020-05-10,0.006148510135500995,0.993851489864499
12501,2020-05-10,0.012517019949070951,0.987482980050929
12502,2020-05-10,0.014427071983035056,0.9855729280169649
12505,2020-05-10,0.05276863457388847,0.9472313654261115
12506,2020-05-10,0.001862548334564007,0.998137451665436
12507,2020-05-10,0.011340139071586597,0.9886598609284134
12508,2020-05-10,0.0115617293419078,0.9884382706580922
12509,2020-05-10,0.009278353657490968,0.990721646342509
12510,2020-05-10,0.011156835600298898,0.9888431643997011
12511,2020-05-10,0.05407240718826989,0.9459275928117301
12512,2020-05-10,0.04368238582742967,0.9563176141725703
12514,2020-05-10,0.0040961938944188425,0.9959038061055812
12515,2020-05-10,0.031218582622609126,0.9687814173773909
12516,2020-05-10,0.00595998498122452,0.9940400150187755
12518,2020-05-10,0.047356652532290155,0.9526433474677098
12519,2020-05-10,0.028728812976800078,0.9712711870231999
12520,2020-05-10,0.2001073107425979,0.7998926892574021
12521,2020-05-10,0.006893316065831989,0.993106683934168
12522,2020-05-10,0.016351645280788696,0.9836483547192113
12523,2020-05-10,0.015667113362150542,0.9843328866378495
12524,2020-05-10,0.0032085362843441434,0.9967914637156559
12525,2020-05-10,0.007241223382490669,0.9927587766175093
12526,2020-05-10,0.005744100151851117,0.9942558998481489
12528,2020-05-10,0.018985362641691816,0.9810146373583082
12529,2020-05-10,0.007725704730503602,0.9922742952694964
12530,2020-05-10,0.022004774863379595,0.9779952251366204
12531,2020-05-10,0.001790645218580078,0.9982093547814199
12532,2020-05-10,0.011387569134517106,0.9886124308654829
12533,2020-05-10,0.009772772738772195,0.9902272272612278
12534,2020-05-10,0.014467262083429189,0.9855327379165708
12535,2020-05-10,0.13495508215008212,0.8650449178499179
12536,2020-05-10,0.008613454375450802,0.9913865456245492
12537,2020-05-10,0.04486653056919687,0.9551334694308031
12538,2020-05-10,0.005156198608490703,0.9948438013915093
12539,2020-05-10,0.048464660476578936,0.9515353395234211
12540,2020-05-10,0.0023106516581162806,0.9976893483418837
12541,2020-05-10,0.021351640551981688,0.9786483594480183
12542,2020-05-10,0.027591447836418093,0.9724085521635819
12543,2020-05-10,0.013006478170679237,0.9869935218293208
12544,2020-05-10,0.007249665392245586,0.9927503346077544
12545,2020-05-10,0.024720330018577097,0.9752796699814229
12546,2020-05-10,0.02718314261780863,0.9728168573821914
12547,2020-05-10,0.01139615536513161,0.9886038446348684
12548,2020-05-10,0.0011025218984888063,0.9988974781015112
12550,2020-05-10,0.00502957481652111,0.9949704251834789
12551,2020-05-10,0.01749933250324387,0.9825006674967561
12552,2020-05-10,0.16878863573300107,0.8312113642669989
12553,2020-05-10,0.03650236702444365,0.9634976329755564
12554,2020-05-10,0.10113477742600585,0.8988652225739941
12555,2020-05-10,0.028699475580991507,0.9713005244190085
12557,2020-05-10,0.026048521339181563,0.9739514786608184
12558,2020-05-10,0.04871864362217171,0.9512813563778283
12559,2020-05-10,0.0041668602741350425,0.995833139725865
12560,2020-05-10,0.012535482066072134,0.9874645179339279
12561,2020-05-10,0.0804221541685044,0.9195778458314956
12562,2020-05-10,0.04106751574880274,0.9589324842511973
12563,2020-05-10,0.0064591991182580966,0.9935408008817419
12564,2020-05-10,0.0076071045722833075,0.9923928954277167
12565,2020-05-10,0.004021581988626011,0.995978418011374
12566,2020-05-10,0.020989486510105904,0.9790105134898941
12567,2020-05-10,0.005134832720064986,0.994865167279935
12568,2020-05-10,0.02834529945735853,0.9716547005426415
12570,2020-05-10,0.0032867350131546846,0.9967132649868453
12571,2020-05-10,0.08289352522967919,0.9171064747703208
12573,2020-05-10,0.009865985152746504,0.9901340148472535
12574,2020-05-10,0.01631400438867303,0.983685995611327
12575,2020-05-10,0.061097607015044963,0.938902392984955
12577,2020-05-10,0.04415917056717922,0.9558408294328208
12578,2020-05-10,0.02281621654860755,0.9771837834513925
12579,2020-05-10,0.03126844987457711,0.9687315501254229
12581,2020-05-10,0.010190227147239272,0.9898097728527607
12582,2020-05-10,0.019188906445753995,0.980811093554246
12583,2020-05-10,0.008572662798450592,0.9914273372015494
12584,2020-05-10,0.0017968624211257556,0.9982031375788742
12585,2020-05-10,0.01109777596574224,0.9889022240342578
12586,2020-05-10,0.061553141344051654,0.9384468586559483
12587,2020-05-10,0.04050843745289212,0.9594915625471079
12588,2020-05-10,0.04082745442307001,0.95917254557693
12589,2020-05-10,0.019615154513341726,0.9803848454866583
12591,2020-05-10,0.04167841258178806,0.9583215874182119
12592,2020-05-10,0.017605145037313585,0.9823948549626864
12593,2020-05-10,0.020267887957715836,0.9797321120422842
12594,2020-05-10,0.010251331294356736,0.9897486687056433
12595,2020-05-10,0.005866639870465429,0.9941333601295346
12596,2020-05-10,0.02807899120085433,0.9719210087991457
12597,2020-05-10,0.017305432419509437,0.9826945675804906
12598,2020-05-10,0.03786269394618291,0.9621373060538171
12599,2020-05-10,0.011657337752518648,0.9883426622474814
12600,2020-05-10,0.004296316445023374,0.9957036835549766
12601,2020-05-10,0.012871150524247366,0.9871288494757526
12602,2020-05-10,0.046259389640771476,0.9537406103592285
12604,2020-05-10,0.04730585576783186,0.9526941442321681
12605,2020-05-10,0.004089860243681298,0.9959101397563187
12606,2020-05-10,0.057621055323923476,0.9423789446760765
12607,2020-05-10,0.026483527240264704,0.9735164727597353
12608,2020-05-10,0.04748619780779084,0.9525138021922092
12609,2020-05-10,0.0432942057535699,0.9567057942464301
12612,2020-05-10,0.017076013930930722,0.9829239860690693
12613,2020-05-10,0.025336939804353587,0.9746630601956464
12614,2020-05-10,0.11276070321805143,0.8872392967819486
12615,2020-05-10,0.0074949895777899345,0.9925050104222101
12616,2020-05-10,0.011070606919310833,0.9889293930806892
12618,2020-05-10,0.02400560601256152,0.9759943939874385
12620,2020-05-10,0.005239353786683609,0.9947606462133164
12621,2020-05-10,0.03300881060260952,0.9669911893973905
12622,2020-05-10,0.007644826654811809,0.9923551733451882
12623,2020-05-10,0.0028859761517524563,0.9971140238482475
12624,2020-05-10,0.013165185166904347,0.9868348148330957
12625,2020-05-10,0.04537526007842807,0.9546247399215719
12627,2020-05-10,0.0049453027068590005,0.995054697293141
12629,2020-05-10,0.0070037259612292235,0.9929962740387708
12630,2020-05-10,0.0711462632770451,0.9288537367229549
12631,2020-05-10,0.004723356038526583,0.9952766439614734
12632,2020-05-10,0.03314452202539642,0.9668554779746036
12633,2020-05-10,0.00417153877312193,0.9958284612268781
12634,2020-05-10,0.046594701768301494,0.9534052982316985
12635,2020-05-10,0.006333234609508631,0.9936667653904914
12637,2020-05-10,0.020137299391786212,0.9798627006082138
12638,2020-05-10,0.0800348641412425,0.9199651358587575
12639,2020-05-10,0.059372816661530714,0.9406271833384693
12641,2020-05-10,0.017983319431808198,0.9820166805681918
12642,2020-05-10,0.012810165388783323,0.9871898346112167
12643,2020-05-10,0.012525668171738835,0.9874743318282612
12644,2020-05-10,0.06528997029743244,0.9347100297025676
12645,2020-05-10,0.005369711455276649,0.9946302885447234
12646,2020-05-10,0.0026469455977593537,0.9973530544022406
12647,2020-05-10,0.010698677775475174,0.9893013222245248
12648,2020-05-10,0.02050766229789769,0.9794923377021023
12649,2020-05-10,0.01047817229416903,0.989521827705831
12650,2020-05-10,0.14081788301929277,0.8591821169807072
12651,2020-05-10,0.02584600898778444,0.9741539910122156
12652,2020-05-10,0.0332839771809571,0.9667160228190429
12653,2020-05-10,0.0280518411769749,0.9719481588230251
12654,2020-05-10,0.02423087358679754,0.9757691264132025
12655,2020-05-10,0.08148206638352229,0.9185179336164777
12656,2020-05-10,0.0080979032314763,0.9919020967685237
12657,2020-05-10,0.07468260857410536,0.9253173914258946
12658,2020-05-10,0.00488214014667554,0.9951178598533245
12660,2020-05-10,0.03742313864244917,0.9625768613575508
12661,2020-05-10,0.00638854534753186,0.9936114546524681
12662,2020-05-10,0.0031122675837415015,0.9968877324162585
12663,2020-05-10,0.004773754325847146,0.9952262456741529
12664,2020-05-10,0.011628305372382575,0.9883716946276174
12666,2020-05-10,0.015892854055174266,0.9841071459448257
12667,2020-05-10,0.07488650802839802,0.925113491971602
12668,2020-05-10,0.09651470014234997,0.90348529985765
12669,2020-05-10,0.010007354375693556,0.9899926456243064
12670,2020-05-10,0.006036015786338278,0.9939639842136617
12671,2020-05-10,0.019812836928031596,0.9801871630719684
12672,2020-05-10,0.008438189281140818,0.9915618107188592
12673,2020-05-10,0.02285764804192092,0.9771423519580791
12675,2020-05-10,0.020019971702484596,0.9799800282975154
12676,2020-05-10,0.02277052648532274,0.9772294735146773
12677,2020-05-10,0.014449526558854897,0.9855504734411451
12680,2020-05-10,0.01492552500570421,0.9850744749942958
12681,2020-05-10,0.0015975669392864766,0.9984024330607135
12682,2020-05-10,0.01763134893865448,0.9823686510613455
12683,2020-05-10,0.09010518343444607,0.9098948165655539
12686,2020-05-10,0.014194858385130349,0.9858051416148697
12688,2020-05-10,0.02814247025780936,0.9718575297421906
12689,2020-05-10,0.0066998390433673505,0.9933001609566326
12690,2020-05-10,0.047791024236049195,0.9522089757639508
12691,2020-05-10,0.05813480024749851,0.9418651997525015
12692,2020-05-10,0.025471907988356968,0.974528092011643
12693,2020-05-10,0.005283437008570369,0.9947165629914296
12694,2020-05-10,0.13217373210551409,0.8678262678944859
12697,2020-05-10,0.01148103909567344,0.9885189609043266
12698,2020-05-10,0.05038093476969929,0.9496190652303007
12699,2020-05-10,0.051226451007668206,0.9487735489923318
12700,2020-05-10,0.0472633037308311,0.9527366962691689
12701,2020-05-10,0.006451861213299881,0.9935481387867001
12702,2020-05-10,0.1062469379266503,0.8937530620733497
12703,2020-05-10,0.017805792266513132,0.9821942077334869
12704,2020-05-10,0.049454414229346266,0.9505455857706537
12705,2020-05-10,0.06005865589405035,0.9399413441059496
12706,2020-05-10,0.019662043664530282,0.9803379563354697
12707,2020-05-10,0.019293808006327073,0.9807061919936729
12708,2020-05-10,0.03373585596455542,0.9662641440354446
12709,2020-05-10,0.028724500665624708,0.9712754993343753
12710,2020-05-10,0.07195377757757004,0.92804622242243
12711,2020-05-10,0.014778393125647216,0.9852216068743528
12713,2020-05-10,0.023295936454365673,0.9767040635456343
12714,2020-05-10,0.022631386879884086,0.9773686131201159
12715,2020-05-10,0.0052954998429377564,0.9947045001570622
12716,2020-05-10,0.03809579429466092,0.9619042057053391
12720,2020-05-10,0.048711067425721066,0.9512889325742789
12721,2020-05-10,0.00249958018720442,0.9975004198127956
12722,2020-05-10,0.006593011103230517,0.9934069888967695
12723,2020-05-10,0.010286713147211524,0.9897132868527885
12724,2020-05-10,0.0316081220620551,0.9683918779379449
12725,2020-05-10,0.008705066957805707,0.9912949330421943
12727,2020-05-10,0.014916670541476384,0.9850833294585236
12728,2020-05-10,0.045182056025552586,0.9548179439744474
12729,2020-05-10,0.0388184077291599,0.9611815922708401
12730,2020-05-10,0.022788171140617042,0.977211828859383
12731,2020-05-10,0.017382030410934224,0.9826179695890658
12732,2020-05-10,0.007205252037385423,0.9927947479626146
12733,2020-05-10,0.0067816659254166245,0.9932183340745834
12734,2020-05-10,0.004194236774210269,0.9958057632257897
12736,2020-05-10,0.027982109438411285,0.9720178905615887
12737,2020-05-10,0.024021617690090813,0.9759783823099092
12738,2020-05-10,0.01800298488863117,0.9819970151113688
12739,2020-05-10,0.008157902965443053,0.991842097034557
12742,2020-05-10,0.05174151599551813,0.9482584840044819
12743,2020-05-10,0.04805885354033235,0.9519411464596677
12744,2020-05-10,0.03424584768433425,0.9657541523156657
12745,2020-05-10,0.014112630616348265,0.9858873693836517
12746,2020-05-10,0.037479966060651626,0.9625200339393484
12747,2020-05-10,0.031365201596975534,0.9686347984030245
12748,2020-05-10,0.00755982471154637,0.9924401752884536
12749,2020-05-10,0.012363546367961553,0.9876364536320384
12750,2020-05-10,0.007593272909033666,0.9924067270909663
12752,2020-05-10,0.005783074385177112,0.9942169256148229
12753,2020-05-10,0.015566793321867833,0.9844332066781322
12754,2020-05-10,0.026061860359490874,0.9739381396405091
12755,2020-05-10,0.12120412213101961,0.8787958778689804
12756,2020-05-10,0.004074537551655544,0.9959254624483445
12757,2020-05-10,0.005162166362485121,0.9948378336375149
12758,2020-05-10,0.05037985876090123,0.9496201412390988
12759,2020-05-10,0.003954973356608771,0.9960450266433912
12760,2020-05-10,0.029783934256092492,0.9702160657439075
12761,2020-05-10,0.06751859037443331,0.9324814096255667
12762,2020-05-10,0.0029580283096538595,0.9970419716903461
12763,2020-05-10,0.014774956664066807,0.9852250433359332
12764,2020-05-10,0.02246125281493805,0.977538747185062
12766,2020-05-10,0.02136171697343614,0.9786382830265639
12767,2020-05-10,0.040090930674036906,0.9599090693259631
12768,2020-05-10,0.022929090735768543,0.9770709092642315
12769,2020-05-10,0.014723852854536146,0.9852761471454639
12770,2020-05-10,0.022917337414741112,0.9770826625852589
12772,2020-05-10,0.0146110155255329,0.9853889844744671
12773,2020-05-10,0.018594439459242995,0.981405560540757
12774,2020-05-10,0.0031876677258713126,0.9968123322741287
12775,2020-05-10,0.0024030220327242446,0.9975969779672758
12776,2020-05-10,0.023314626471363953,0.976685373528636
12777,2020-05-10,0.0369749257631673,0.9630250742368327
12778,2020-05-10,0.006639287968294605,0.9933607120317054
12779,2020-05-10,0.02138089395920517,0.9786191060407948
12780,2020-05-10,0.009873212931220121,0.9901267870687799
12781,2020-05-10,0.013078836666913674,0.9869211633330863
12782,2020-05-10,0.009156216910087056,0.9908437830899129
12784,2020-05-10,0.026196203499416537,0.9738037965005835
12785,2020-05-10,0.0035890808932583784,0.9964109191067416
12786,2020-05-10,0.021675761317764164,0.9783242386822358
12787,2020-05-10,0.03190420010044237,0.9680957998995576
12788,2020-05-10,0.0773613490980426,0.9226386509019574
12789,2020-05-10,0.012402348932794904,0.9875976510672051
12790,2020-05-10,0.033786162002076736,0.9662138379979233
12791,2020-05-10,0.03009914492432486,0.9699008550756751
12793,2020-05-10,0.06302780342105485,0.9369721965789451
12795,2020-05-10,0.027295115933412828,0.9727048840665872
12796,2020-05-10,0.033856933774260245,0.9661430662257398
12797,2020-05-10,0.006663089055558458,0.9933369109444415
12799,2020-05-10,0.007988796211362503,0.9920112037886375
12800,2020-05-10,0.1417637971259592,0.8582362028740408
12801,2020-05-10,0.017272858770401744,0.9827271412295983
12803,2020-05-10,0.01805803665914507,0.9819419633408549
12804,2020-05-10,0.024678871468208685,0.9753211285317913
12805,2020-05-10,0.016042366458889346,0.9839576335411107
12807,2020-05-10,0.005424113792556695,0.9945758862074433
12808,2020-05-10,0.00579888902221859,0.9942011109777814
12809,2020-05-10,0.01678337812646058,0.9832166218735394
12811,2020-05-10,0.004993153248258886,0.9950068467517411
12813,2020-05-10,0.0074245134574213445,0.9925754865425787
12814,2020-05-10,0.021573040509228703,0.9784269594907713
12815,2020-05-10,0.04000008362183227,0.9599999163781677
12816,2020-05-10,0.08287561480025107,0.9171243851997489
12817,2020-05-10,0.021290617713116022,0.978709382286884
12818,2020-05-10,0.0035743864856419005,0.9964256135143581
12819,2020-05-10,0.013155256495245293,0.9868447435047547
12821,2020-05-10,0.039437873997554274,0.9605621260024457
12822,2020-05-10,0.009435340810211246,0.9905646591897888
12823,2020-05-10,0.027742163789639895,0.9722578362103601
12825,2020-05-10,0.019375624672879677,0.9806243753271203
12826,2020-05-10,0.08465735075053127,0.9153426492494687
12827,2020-05-10,0.002059481532852514,0.9979405184671475
12828,2020-05-10,0.010660849424341423,0.9893391505756586
12829,2020-05-10,0.02161447479411782,0.9783855252058822
12830,2020-05-10,0.03424285083892986,0.9657571491610701
12832,2020-05-10,0.0049492698783560884,0.9950507301216439
12833,2020-05-10,0.11308920809238343,0.8869107919076166
12835,2020-05-10,0.009446984909751266,0.9905530150902487
12838,2020-05-10,0.05393564328955103,0.946064356710449
12839,2020-05-10,0.029640817559908328,0.9703591824400917
12840,2020-05-10,0.02869367419662705,0.971306325803373
12841,2020-05-10,0.01842976377006933,0.9815702362299307
12842,2020-05-10,0.015051283774556112,0.9849487162254439
12844,2020-05-10,0.008136490158013987,0.991863509841986
12845,2020-05-10,0.02146511437026888,0.9785348856297311
12846,2020-05-10,0.012028575401011099,0.9879714245989889
12847,2020-05-10,0.023435660027246175,0.9765643399727538
12848,2020-05-10,0.002238032248435995,0.997761967751564
12849,2020-05-10,0.0292379805925852,0.9707620194074148
12850,2020-05-10,0.016587910453643273,0.9834120895463567
12851,2020-05-10,0.002610717349537439,0.9973892826504626
12852,2020-05-10,0.009347333213201914,0.9906526667867981
12853,2020-05-10,0.0442107351563471,0.9557892648436529
12854,2020-05-10,0.06257774229684276,0.9374222577031572
12855,2020-05-10,0.004693226879648238,0.9953067731203518
12856,2020-05-10,0.09284567101345653,0.9071543289865435
12857,2020-05-10,0.17174492004426212,0.8282550799557379
12859,2020-05-10,0.013685041764613937,0.9863149582353861
12860,2020-05-10,0.013923251575047035,0.986076748424953
12861,2020-05-10,0.026515052615024848,0.9734849473849752
12862,2020-05-10,0.020495274201253633,0.9795047257987464
12863,2020-05-10,0.01678890065899319,0.9832110993410068
12864,2020-05-10,0.03944637450869948,0.9605536254913005
12865,2020-05-10,0.004201549183803555,0.9957984508161964
12866,2020-05-10,0.017167894428412933,0.9828321055715871
12867,2020-05-10,0.056906205576069624,0.9430937944239304
12869,2020-05-10,0.017135874125921657,0.9828641258740783
12870,2020-05-10,0.001959841526666728,0.9980401584733333
12871,2020-05-10,0.038806793844816445,0.9611932061551836
12873,2020-05-10,0.004566002616271936,0.9954339973837281
12874,2020-05-10,0.01924634596611896,0.980753654033881
12876,2020-05-10,0.05476763720052624,0.9452323627994738
12877,2020-05-10,0.1739698267901928,0.8260301732098072
12878,2020-05-10,0.03005444690228165,0.9699455530977183
12879,2020-05-10,0.0330590484263652,0.9669409515736348
12880,2020-05-10,0.01002832966957412,0.9899716703304259
12881,2020-05-10,0.08166250722237212,0.9183374927776279
12882,2020-05-10,0.007493533634042482,0.9925064663659575
12884,2020-05-10,0.04440878821442373,0.9555912117855763
12885,2020-05-10,0.03940134609475854,0.9605986539052415
12886,2020-05-10,0.005093025940501872,0.9949069740594981
12887,2020-05-10,0.0029301266518428903,0.9970698733481571
12888,2020-05-10,0.03601539108421903,0.963984608915781
12889,2020-05-10,0.02280932169990668,0.9771906783000933
12890,2020-05-10,0.014186972320893498,0.9858130276791065
12891,2020-05-10,0.01648253994368054,0.9835174600563195
12893,2020-05-10,0.014114822040861341,0.9858851779591387
12894,2020-05-10,0.08422750346588048,0.9157724965341195
12895,2020-05-10,0.006390484334471314,0.9936095156655287
12896,2020-05-10,0.05478609660590428,0.9452139033940957
12897,2020-05-10,0.015226812573978066,0.9847731874260219
12898,2020-05-10,0.04392971629177855,0.9560702837082214
12899,2020-05-10,0.01913731269522867,0.9808626873047713
12901,2020-05-10,0.029666527479544347,0.9703334725204557
12902,2020-05-10,0.004699665291987731,0.9953003347080123
12903,2020-05-10,0.00497211525982455,0.9950278847401755
12904,2020-05-10,0.01090060036264473,0.9890993996373553
12905,2020-05-10,0.07738714016588388,0.9226128598341161
12906,2020-05-10,0.14588756939088587,0.8541124306091141
12907,2020-05-10,0.023438431498537304,0.9765615685014627
12908,2020-05-10,0.009519674513782106,0.9904803254862179
12910,2020-05-10,0.0031667048474389725,0.996833295152561
12912,2020-05-10,0.00177621190833821,0.9982237880916618
12913,2020-05-10,0.010834844990952552,0.9891651550090474
12914,2020-05-10,0.02397357517471288,0.9760264248252871
12915,2020-05-10,0.005023039695920883,0.9949769603040791
12916,2020-05-10,0.017646481840991934,0.9823535181590081
12917,2020-05-10,0.028539083733380988,0.971460916266619
12918,2020-05-10,0.0142796324765454,0.9857203675234546
12919,2020-05-10,0.04203486298417458,0.9579651370158254
12920,2020-05-10,0.02474668771653099,0.975253312283469
12921,2020-05-10,0.020373642844444317,0.9796263571555557
12923,2020-05-10,0.03379880410434366,0.9662011958956563
12924,2020-05-10,0.11038998694227087,0.8896100130577291
12925,2020-05-10,0.024016404542673064,0.9759835954573269
12926,2020-05-10,0.009103459156545424,0.9908965408434546
12927,2020-05-10,0.01179754813988021,0.9882024518601198
12929,2020-05-10,0.005646380534605533,0.9943536194653945
12930,2020-05-10,0.01585006222403318,0.9841499377759668
12933,2020-05-10,0.013452823383380497,0.9865471766166195
12934,2020-05-10,0.011162316107639958,0.98883768389236
12935,2020-05-10,0.01535789563614276,0.9846421043638572
12936,2020-05-10,0.011628311301356442,0.9883716886986436
12937,2020-05-10,0.028199809967477618,0.9718001900325224
12938,2020-05-10,0.01811979661269414,0.9818802033873059
12939,2020-05-10,0.02263644232694728,0.9773635576730527
12940,2020-05-10,0.11573108487912287,0.8842689151208771
12941,2020-05-10,0.03418460947308688,0.9658153905269131
12942,2020-05-10,0.006841369675580911,0.9931586303244191
12943,2020-05-10,0.07183905976370752,0.9281609402362925
12945,2020-05-10,0.017538504603334837,0.9824614953966652
12947,2020-05-10,0.0138601250912751,0.9861398749087249
12948,2020-05-10,0.004435659602432862,0.9955643403975671
12949,2020-05-10,0.005959234909152622,0.9940407650908474
12951,2020-05-10,0.006183468098569955,0.99381653190143
12952,2020-05-10,0.003605325254055436,0.9963946747459446
12953,2020-05-10,0.003946269664983348,0.9960537303350167
12955,2020-05-10,0.005512510584751773,0.9944874894152482
12956,2020-05-10,0.0741683634973812,0.9258316365026188
12957,2020-05-10,0.00962805002937539,0.9903719499706246
12958,2020-05-10,0.02823387924464149,0.9717661207553585
12959,2020-05-10,0.0029626556982208507,0.9970373443017791
12960,2020-05-10,0.015072401916614298,0.9849275980833857
12963,2020-05-10,0.022332929089126763,0.9776670709108732
12964,2020-05-10,0.018695667856068576,0.9813043321439314
12965,2020-05-10,0.03532579050229423,0.9646742094977058
12968,2020-05-10,0.00308063970075112,0.9969193602992489
12969,2020-05-10,0.015474714564959191,0.9845252854350408
12970,2020-05-10,0.003693731263794131,0.9963062687362059
12971,2020-05-10,0.010064291127102054,0.989935708872898
12972,2020-05-10,0.028155961700224386,0.9718440382997756
12973,2020-05-10,0.0015823116380878632,0.9984176883619121
12974,2020-05-10,0.013838516316580618,0.9861614836834194
12976,2020-05-10,0.00929417692035095,0.990705823079649
12977,2020-05-10,0.008442628972063937,0.9915573710279361
12978,2020-05-10,0.030331694847641533,0.9696683051523585
12979,2020-05-10,0.044577148081306084,0.9554228519186939
12980,2020-05-10,0.014716805968114532,0.9852831940318855
12981,2020-05-10,0.008418814272642905,0.9915811857273571
12983,2020-05-10,0.0047699503407150345,0.995230049659285
12984,2020-05-10,0.0036501300823027494,0.9963498699176973
12985,2020-05-10,0.053974737513859505,0.9460252624861405
12986,2020-05-10,0.04965306807252323,0.9503469319274768
12987,2020-05-10,0.014879766904033476,0.9851202330959665
12988,2020-05-10,0.020438582819559126,0.9795614171804409
12989,2020-05-10,0.030259934090759666,0.9697400659092403
12990,2020-05-10,0.012218431824269627,0.9877815681757304
12991,2020-05-10,0.015617164591476884,0.9843828354085231
12992,2020-05-10,0.05628782084815054,0.9437121791518495
12993,2020-05-10,0.023087709454341243,0.9769122905456588
12997,2020-05-10,0.012367864951650875,0.9876321350483491
12998,2020-05-10,0.02735805852980866,0.9726419414701913
12999,2020-05-10,0.07211638506693563,0.9278836149330644
13000,2020-05-10,0.143818788955007,0.856181211044993
13001,2020-05-10,0.04468403602341631,0.9553159639765837
13002,2020-05-10,0.03700850200040695,0.962991497999593
13003,2020-05-10,0.009856993772715872,0.9901430062272841
13004,2020-05-10,0.011735553313163116,0.9882644466868369
13005,2020-05-10,0.010195422776419716,0.9898045772235803
13007,2020-05-10,0.0011552408491020127,0.998844759150898
13008,2020-05-10,0.010794957492240687,0.9892050425077593
13009,2020-05-10,0.009490537821727485,0.9905094621782725
13010,2020-05-10,0.016360762913576243,0.9836392370864238
13011,2020-05-10,0.008397212973209611,0.9916027870267904
13012,2020-05-10,0.04565456385172384,0.9543454361482762
13013,2020-05-10,0.012256155396620949,0.987743844603379
13014,2020-05-10,0.12949363314818751,0.8705063668518125
13017,2020-05-10,0.006275435968042586,0.9937245640319574
13018,2020-05-10,0.0032329426231205716,0.9967670573768794
13020,2020-05-10,0.01784204716882898,0.982157952831171
13021,2020-05-10,0.01223486035525112,0.9877651396447489
13022,2020-05-10,0.04069160611381595,0.959308393886184
13024,2020-05-10,0.027767538382221013,0.972232461617779
13025,2020-05-10,0.012113452451938622,0.9878865475480614
13027,2020-05-10,0.001338507013045942,0.9986614929869541
13028,2020-05-10,0.029160953472820106,0.9708390465271799
13029,2020-05-10,0.05800488593320596,0.941995114066794
13030,2020-05-10,0.0008234189114272317,0.9991765810885728
13031,2020-05-10,0.00943659817835929,0.9905634018216407
13032,2020-05-10,0.023153746217966398,0.9768462537820336
13033,2020-05-10,0.09116819542388077,0.9088318045761192
13034,2020-05-10,0.0215001700114289,0.9784998299885711
13035,2020-05-10,0.0029445324628747382,0.9970554675371253
13037,2020-05-10,0.009092498083098866,0.9909075019169011
13038,2020-05-10,0.011590593388253745,0.9884094066117463
13039,2020-05-10,0.003467902439855619,0.9965320975601444
13040,2020-05-10,0.01694227115455893,0.9830577288454411
13041,2020-05-10,0.041529970314424514,0.9584700296855755
13042,2020-05-10,0.024000515865645333,0.9759994841343547
13043,2020-05-10,0.007486403322536472,0.9925135966774635
13044,2020-05-10,0.005979151383337489,0.9940208486166625
13045,2020-05-10,0.013166817058733127,0.9868331829412669
13046,2020-05-10,0.019251635987613813,0.9807483640123862
13047,2020-05-10,0.05131195731905647,0.9486880426809435
13050,2020-05-10,0.04308707055574501,0.956912929444255
13051,2020-05-10,0.025042333432194197,0.9749576665678058
13052,2020-05-10,0.002234324179648639,0.9977656758203514
13053,2020-05-10,0.03222553565154174,0.9677744643484583
13054,2020-05-10,0.01756724440292534,0.9824327555970747
13057,2020-05-10,0.05554129890732473,0.9444587010926753
13058,2020-05-10,0.0043528595671084025,0.9956471404328916
13060,2020-05-10,0.023626931466616652,0.9763730685333833
13061,2020-05-10,0.007427889146373157,0.9925721108536268
13062,2020-05-10,0.003357214294444355,0.9966427857055556
13063,2020-05-10,0.015555577591928271,0.9844444224080717
13064,2020-05-10,0.0023351842363974473,0.9976648157636026
13065,2020-05-10,0.048504773345071306,0.9514952266549287
13067,2020-05-10,0.0020309835265539533,0.997969016473446
13069,2020-05-10,0.012376307633244488,0.9876236923667555
13070,2020-05-10,0.008620775799374036,0.991379224200626
13071,2020-05-10,0.03974234778611152,0.9602576522138885
13072,2020-05-10,0.04653605460494603,0.953463945395054
13073,2020-05-10,0.004735195815432913,0.9952648041845671
13074,2020-05-10,0.002952706997329746,0.9970472930026703
13075,2020-05-10,0.035296475936087535,0.9647035240639125
13076,2020-05-10,0.02558149531947873,0.9744185046805213
13077,2020-05-10,0.021899784285214552,0.9781002157147854
13078,2020-05-10,0.003372070929122395,0.9966279290708776
13079,2020-05-10,0.019029577593519087,0.9809704224064809
13080,2020-05-10,0.007692084468846505,0.9923079155311535
13081,2020-05-10,0.0235369337472785,0.9764630662527215
13083,2020-05-10,0.005623758199486573,0.9943762418005134
13084,2020-05-10,0.008167707869022434,0.9918322921309776
13085,2020-05-10,0.1530688709993201,0.8469311290006799
13087,2020-05-10,0.028577371934348506,0.9714226280656515
13088,2020-05-10,0.014114172337788,0.985885827662212
13090,2020-05-10,0.07708630652690263,0.9229136934730974
13091,2020-05-10,0.052879830836823905,0.9471201691631761
13093,2020-05-10,0.012785392044262212,0.9872146079557378
13094,2020-05-10,0.020526898210192934,0.9794731017898071
13095,2020-05-10,0.013746889238575144,0.9862531107614249
13096,2020-05-10,0.021949707647357597,0.9780502923526424
13097,2020-05-10,0.008215789449051325,0.9917842105509487
13099,2020-05-10,0.07958924535726963,0.9204107546427304
13100,2020-05-10,0.07177546366515541,0.9282245363348446
13102,2020-05-10,0.0045533011013447755,0.9954466988986552
13103,2020-05-10,0.014770784125219483,0.9852292158747805
13104,2020-05-10,0.04254105688047505,0.957458943119525
13105,2020-05-10,0.020204034415253425,0.9797959655847466
13106,2020-05-10,0.04461684127825816,0.9553831587217418
13107,2020-05-10,0.11871367420825119,0.8812863257917488
13108,2020-05-10,0.02734141084235997,0.97265858915764
13109,2020-05-10,0.022600839357399427,0.9773991606426006
13110,2020-05-10,0.03132518259690786,0.9686748174030921
13111,2020-05-10,0.011536524407952498,0.9884634755920475
13112,2020-05-10,0.018549862188457,0.981450137811543
13113,2020-05-10,0.002722212343640451,0.9972777876563595
13114,2020-05-10,0.10457164671184283,0.8954283532881572
13115,2020-05-10,0.0026033473081968905,0.9973966526918031
13116,2020-05-10,0.02006598694275985,0.9799340130572401
13117,2020-05-10,0.0027614518953912315,0.9972385481046088
13118,2020-05-10,0.006347014885218272,0.9936529851147817
13119,2020-05-10,0.002768683196870958,0.997231316803129
13121,2020-05-10,0.023072685807833504,0.9769273141921665
13122,2020-05-10,0.028382568978550515,0.9716174310214495
13123,2020-05-10,0.027454893724200402,0.9725451062757996
13124,2020-05-10,0.018779007732519948,0.98122099226748
13125,2020-05-10,0.10941886933576939,0.8905811306642306
13126,2020-05-10,0.02214156623974728,0.9778584337602527
13129,2020-05-10,0.01268985274258061,0.9873101472574194
13130,2020-05-10,0.03463635825515088,0.9653636417448491
13131,2020-05-10,0.024457431511035965,0.975542568488964
13132,2020-05-10,0.025483002534690158,0.9745169974653098
13133,2020-05-10,0.03801432122649828,0.9619856787735017
13134,2020-05-10,0.010817772219246624,0.9891822277807534
13135,2020-05-10,0.018256018688779685,0.9817439813112203
13136,2020-05-10,0.008835921521733403,0.9911640784782666
13137,2020-05-10,0.015777882280649025,0.984222117719351
13139,2020-05-10,0.03856378988902054,0.9614362101109795
13140,2020-05-10,0.017721584792032674,0.9822784152079673
13141,2020-05-10,0.02482662508470168,0.9751733749152983
13142,2020-05-10,0.002779957111117115,0.9972200428888829
13145,2020-05-10,0.11453140048634469,0.8854685995136553
13146,2020-05-10,0.008356006238272817,0.9916439937617272
13147,2020-05-10,0.07437387238264404,0.925626127617356
13148,2020-05-10,0.05579131363406953,0.9442086863659305
13149,2020-05-10,0.041394814383800105,0.9586051856161999
13150,2020-05-10,0.021434135206945593,0.9785658647930544
13152,2020-05-10,0.004418671347115377,0.9955813286528846
13153,2020-05-10,0.023509337068629788,0.9764906629313702
13154,2020-05-10,0.035125679761992434,0.9648743202380076
13155,2020-05-10,0.03398884861929663,0.9660111513807034
13158,2020-05-10,0.029710972400382896,0.9702890275996171
13159,2020-05-10,0.030907300399622972,0.969092699600377
13160,2020-05-10,0.004506256844917678,0.9954937431550823
13161,2020-05-10,0.03601296998845149,0.9639870300115485
13162,2020-05-10,0.03358476458720683,0.9664152354127932
13164,2020-05-10,0.0569092361191702,0.9430907638808298
13165,2020-05-10,0.00942081473479306,0.9905791852652069
13166,2020-05-10,0.009816207515708442,0.9901837924842916
13167,2020-05-10,0.054202213571024505,0.9457977864289755
13168,2020-05-10,0.03308000348472373,0.9669199965152763
13169,2020-05-10,0.07871546527323159,0.9212845347267684
13170,2020-05-10,0.028508871122741808,0.9714911288772582
13171,2020-05-10,0.015027992388930267,0.9849720076110697
13172,2020-05-10,0.0015074506714932712,0.9984925493285067
13173,2020-05-10,0.017132473320233044,0.982867526679767
13174,2020-05-10,0.035735840476812664,0.9642641595231873
13175,2020-05-10,0.0067616948772892815,0.9932383051227107
13177,2020-05-10,0.0015222836813297835,0.9984777163186702
13178,2020-05-10,0.040765681219427696,0.9592343187805723
13180,2020-05-10,0.01047155446882786,0.9895284455311721
13181,2020-05-10,0.01366245262307042,0.9863375473769296
13183,2020-05-10,0.02810889572813191,0.9718911042718681
13184,2020-05-10,0.007608101840269055,0.992391898159731
13185,2020-05-10,0.012054809749834527,0.9879451902501655
13186,2020-05-10,0.05436481050143793,0.9456351894985621
13187,2020-05-10,0.010837692547055133,0.9891623074529449
13188,2020-05-10,0.011517869077382947,0.988482130922617
13189,2020-05-10,0.024933495592175503,0.9750665044078245
13190,2020-05-10,0.003938154788266313,0.9960618452117337
13191,2020-05-10,0.023821318500935718,0.9761786814990643
13192,2020-05-10,0.0475952393105864,0.9524047606894136
13194,2020-05-10,0.03628693211618805,0.963713067883812
13195,2020-05-10,0.0037735225702113517,0.9962264774297886
13196,2020-05-10,0.004383606804924334,0.9956163931950757
13197,2020-05-10,0.03388080601906762,0.9661191939809324
13198,2020-05-10,0.012765986483873726,0.9872340135161263
13199,2020-05-10,0.004537540600144108,0.9954624593998559
13200,2020-05-10,0.006046886571856147,0.9939531134281439
13201,2020-05-10,0.00972437219297606,0.9902756278070239
13202,2020-05-10,0.008868774271840407,0.9911312257281596
13204,2020-05-10,0.018861066595978193,0.9811389334040218
13205,2020-05-10,0.06453284955215188,0.9354671504478481
13206,2020-05-10,0.12626727655298076,0.8737327234470192
13207,2020-05-10,0.08249980486818997,0.91750019513181
13208,2020-05-10,0.014943824448531595,0.9850561755514684
13209,2020-05-10,0.012179957738193026,0.987820042261807
13211,2020-05-10,0.0025564399692629136,0.9974435600307371
13212,2020-05-10,0.020344426128337645,0.9796555738716624
13213,2020-05-10,0.08532827790941244,0.9146717220905876
13214,2020-05-10,0.007368441938750525,0.9926315580612495
13215,2020-05-10,0.005669144224086153,0.9943308557759138
13217,2020-05-10,0.010960495576746832,0.9890395044232532
13218,2020-05-10,0.05954907623392114,0.9404509237660789
13220,2020-05-10,0.01956383735357481,0.9804361626464252
13223,2020-05-10,0.0022296109098872696,0.9977703890901127
13224,2020-05-10,0.00977706091400865,0.9902229390859913
13225,2020-05-10,0.006640113920616586,0.9933598860793834
13226,2020-05-10,0.0026616130927170634,0.9973383869072829
13227,2020-05-10,0.005903844055210494,0.9940961559447895
13230,2020-05-10,0.0298812444721257,0.9701187555278743
13231,2020-05-10,0.003039861118074083,0.9969601388819259
13233,2020-05-10,0.1299597214448801,0.8700402785551199
13234,2020-05-10,0.003918880388140589,0.9960811196118594
13235,2020-05-10,0.0046760989120104846,0.9953239010879895
13236,2020-05-10,0.04600058525385875,0.9539994147461412
13237,2020-05-10,0.005240529928860926,0.9947594700711391
13238,2020-05-10,0.0019247558930932662,0.9980752441069067
13240,2020-05-10,0.006420359079287952,0.993579640920712
13241,2020-05-10,0.03738668839677595,0.962613311603224
13242,2020-05-10,0.0604895713881447,0.9395104286118553
13243,2020-05-10,0.03998591154547082,0.9600140884545292
13244,2020-05-10,0.025060321231825666,0.9749396787681743
13245,2020-05-10,0.008062573086412561,0.9919374269135874
13246,2020-05-10,0.009105487326367956,0.990894512673632
13247,2020-05-10,0.010182814749961189,0.9898171852500388
13248,2020-05-10,0.0017750998435819287,0.9982249001564181
13249,2020-05-10,0.004986956838188283,0.9950130431618117
13251,2020-05-10,0.006256509762260998,0.993743490237739
13252,2020-05-10,0.01845223474226454,0.9815477652577355
13255,2020-05-10,0.028585849331579705,0.9714141506684203
13256,2020-05-10,0.053516510161725206,0.9464834898382748
13257,2020-05-10,0.012116994763137323,0.9878830052368627
13258,2020-05-10,0.05013409678626346,0.9498659032137365
13260,2020-05-10,0.018805386549492265,0.9811946134505077
13261,2020-05-10,0.0050430713379905345,0.9949569286620095
13262,2020-05-10,0.0060313037346160225,0.993968696265384
13265,2020-05-10,0.02941987157942083,0.9705801284205792
13266,2020-05-10,0.006205607579096828,0.9937943924209032
13267,2020-05-10,0.0013696641898024442,0.9986303358101976
13268,2020-05-10,0.011273164385992573,0.9887268356140074
13269,2020-05-10,0.002366035877629402,0.9976339641223706
13270,2020-05-10,0.07233332815396976,0.9276666718460302
13272,2020-05-10,0.00900322933526565,0.9909967706647343
13273,2020-05-10,0.007061816125787379,0.9929381838742126
13274,2020-05-10,0.007660973489137635,0.9923390265108624
13280,2020-05-10,0.04008725526744261,0.9599127447325574
13281,2020-05-10,0.03656506530633208,0.9634349346936679
13282,2020-05-10,0.005019656463721822,0.9949803435362782
13283,2020-05-10,0.002084524757765327,0.9979154752422347
13284,2020-05-10,0.004303750474025092,0.9956962495259749
13285,2020-05-10,0.0182674816358408,0.9817325183641592
13286,2020-05-10,0.05144382259325386,0.9485561774067461
13287,2020-05-10,0.007887988463531337,0.9921120115364687
13288,2020-05-10,0.009321595455563325,0.9906784045444367
13290,2020-05-10,0.002476962013963746,0.9975230379860363
13291,2020-05-10,0.008689841334295956,0.991310158665704
13292,2020-05-10,0.0033844561193664413,0.9966155438806336
13293,2020-05-10,0.01619160073307302,0.983808399266927
13294,2020-05-10,0.03932330013810126,0.9606766998618987
13295,2020-05-10,0.054942527187392676,0.9450574728126073
13296,2020-05-10,0.08188252174866817,0.9181174782513318
13298,2020-05-10,0.039065746398586065,0.9609342536014139
13299,2020-05-10,0.010578125550913309,0.9894218744490867
13300,2020-05-10,0.004682343612671835,0.9953176563873282
13301,2020-05-10,0.024451229633750238,0.9755487703662498
13304,2020-05-10,0.044188974874428855,0.9558110251255711
13305,2020-05-10,0.003352825377042956,0.996647174622957
13306,2020-05-10,0.05843785585662853,0.9415621441433715
13307,2020-05-10,0.019716529952754858,0.9802834700472451
13308,2020-05-10,0.036085184104829415,0.9639148158951706
13309,2020-05-10,0.004415196998581727,0.9955848030014183
