account_id,last_metric_time,churn_prob,retention_prob
0,2020-05-10,0.010201339646607965,0.989798660353392
1,2020-05-10,0.018324408313520113,0.9816755916864799
2,2020-05-10,0.012350596123215651,0.9876494038767843
4,2020-05-10,0.005142285360377419,0.9948577146396226
6,2020-05-10,0.0333912274877467,0.9666087725122533
7,2020-05-10,0.02589150482341651,0.9741084951765835
9,2020-05-10,0.030316006231547066,0.9696839937684529
10,2020-05-10,0.014016992743541068,0.9859830072564589
12,2020-05-10,0.027962417621165803,0.9720375823788342
13,2020-05-10,0.01607469718773047,0.9839253028122695
14,2020-05-10,0.029531266996729144,0.9704687330032709
15,2020-05-10,0.0136063001975395,0.9863936998024605
16,2020-05-10,0.036773662634323245,0.9632263373656768
17,2020-05-10,0.03351731341941788,0.9664826865805821
18,2020-05-10,0.00688166908100285,0.9931183309189971
19,2020-05-10,0.009565375155376477,0.9904346248446235
20,2020-05-10,0.05167707290696055,0.9483229270930394
21,2020-05-10,0.02213521927708162,0.9778647807229184
22,2020-05-10,0.007186577496167468,0.9928134225038325
23,2020-05-10,0.09196214354424037,0.9080378564557596
25,2020-05-10,0.06727668892555327,0.9327233110744467
26,2020-05-10,0.019560814159023665,0.9804391858409763
27,2020-05-10,0.06939079734127385,0.9306092026587262
28,2020-05-10,0.023517498487063748,0.9764825015129363
29,2020-05-10,0.04026003973832859,0.9597399602616714
30,2020-05-10,0.01906328908671895,0.980936710913281
31,2020-05-10,0.016333817239756465,0.9836661827602435
32,2020-05-10,0.051388063890373314,0.9486119361096267
33,2020-05-10,0.005625887874833868,0.9943741121251661
34,2020-05-10,0.024573923319672897,0.9754260766803271
35,2020-05-10,0.007533331094001339,0.9924666689059987
37,2020-05-10,0.006000112944907099,0.9939998870550929
38,2020-05-10,0.01430632690048017,0.9856936730995198
39,2020-05-10,0.004866749069772802,0.9951332509302272
40,2020-05-10,0.004435451292255976,0.995564548707744
41,2020-05-10,0.006647917790963742,0.9933520822090363
42,2020-05-10,0.020200300759364964,0.979799699240635
43,2020-05-10,0.013655381561731739,0.9863446184382683
45,2020-05-10,0.0032416176544197706,0.9967583823455802
46,2020-05-10,0.01228537404883423,0.9877146259511658
47,2020-05-10,0.0067845708183317255,0.9932154291816683
48,2020-05-10,0.028034575191324906,0.9719654248086751
49,2020-05-10,0.034328714553041983,0.965671285446958
51,2020-05-10,0.007465411068434014,0.992534588931566
52,2020-05-10,0.03506435537051933,0.9649356446294807
54,2020-05-10,0.02037704179393518,0.9796229582060648
55,2020-05-10,0.015022421028195732,0.9849775789718043
56,2020-05-10,0.006181808206871198,0.9938181917931288
57,2020-05-10,0.044281325855032305,0.9557186741449677
59,2020-05-10,0.04128619315116533,0.9587138068488347
60,2020-05-10,0.0033659138356483265,0.9966340861643517
61,2020-05-10,0.017351665837750052,0.98264833416225
62,2020-05-10,0.08037570974712915,0.9196242902528708
63,2020-05-10,0.027553140590688807,0.9724468594093112
64,2020-05-10,0.02588812982449784,0.9741118701755022
65,2020-05-10,0.023849436511185318,0.9761505634888147
66,2020-05-10,0.01774613866684316,0.9822538613331568
67,2020-05-10,0.005937759616724825,0.9940622403832752
68,2020-05-10,0.011323524312238487,0.9886764756877615
70,2020-05-10,0.040495256549379355,0.9595047434506206
71,2020-05-10,0.024299461480805973,0.975700538519194
72,2020-05-10,0.0034658156437644694,0.9965341843562355
73,2020-05-10,0.011528293601724693,0.9884717063982753
74,2020-05-10,0.02209027632157734,0.9779097236784227
75,2020-05-10,0.013477076428004109,0.9865229235719959
77,2020-05-10,0.00509956474251827,0.9949004352574817
78,2020-05-10,0.02569947927941707,0.9743005207205829
79,2020-05-10,0.015421856780950871,0.9845781432190491
80,2020-05-10,0.015461439650921172,0.9845385603490788
81,2020-05-10,0.007406227709832347,0.9925937722901677
82,2020-05-10,0.008205464565744336,0.9917945354342557
83,2020-05-10,0.03751556634764208,0.9624844336523579
84,2020-05-10,0.019449123391715117,0.9805508766082849
85,2020-05-10,0.029854277703312837,0.9701457222966872
86,2020-05-10,0.04646480291371413,0.9535351970862859
87,2020-05-10,0.02640778731904747,0.9735922126809525
88,2020-05-10,0.02288408057540048,0.9771159194245995
89,2020-05-10,0.029607218313664974,0.970392781686335
90,2020-05-10,0.00943694638104875,0.9905630536189513
91,2020-05-10,0.014401545492377155,0.9855984545076228
92,2020-05-10,0.019398894057632954,0.980601105942367
93,2020-05-10,0.001825611289663076,0.9981743887103369
94,2020-05-10,0.017878786905654698,0.9821212130943453
95,2020-05-10,0.01362585098593272,0.9863741490140673
96,2020-05-10,0.04892602081414088,0.9510739791858591
97,2020-05-10,0.004829033673514949,0.995170966326485
98,2020-05-10,0.04175775958368744,0.9582422404163126
99,2020-05-10,0.00219741668802953,0.9978025833119705
100,2020-05-10,0.04639941616762844,0.9536005838323716
101,2020-05-10,0.01651418318409359,0.9834858168159064
102,2020-05-10,0.0049083702642716,0.9950916297357284
103,2020-05-10,0.009876625096989389,0.9901233749030106
104,2020-05-10,0.037282170897645406,0.9627178291023546
105,2020-05-10,0.01456339506908888,0.9854366049309111
106,2020-05-10,0.030374497918284393,0.9696255020817156
107,2020-05-10,0.02474359995159736,0.9752564000484026
108,2020-05-10,0.0006683323703866595,0.9993316676296133
109,2020-05-10,0.020309100341116326,0.9796908996588837
111,2020-05-10,0.03356041029771306,0.9664395897022869
112,2020-05-10,0.004050882513272014,0.995949117486728
113,2020-05-10,0.003458410773701237,0.9965415892262988
114,2020-05-10,0.015230687406663779,0.9847693125933362
115,2020-05-10,0.010276568084958693,0.9897234319150413
116,2020-05-10,0.06107222360818898,0.938927776391811
117,2020-05-10,0.02921337272254032,0.9707866272774597
118,2020-05-10,0.003021002032637665,0.9969789979673623
119,2020-05-10,0.007768005270875955,0.992231994729124
120,2020-05-10,0.007754609795251888,0.9922453902047481
121,2020-05-10,0.003598274554265868,0.9964017254457341
122,2020-05-10,0.027436643020341545,0.9725633569796585
123,2020-05-10,0.04195135904395331,0.9580486409560467
124,2020-05-10,0.019423181326074124,0.9805768186739259
126,2020-05-10,0.045091516918650654,0.9549084830813493
127,2020-05-10,0.016809185505445745,0.9831908144945543
128,2020-05-10,0.005054562416223707,0.9949454375837763
129,2020-05-10,0.011237490269268346,0.9887625097307317
130,2020-05-10,0.007082688865759246,0.9929173111342408
131,2020-05-10,0.009446938131948635,0.9905530618680514
132,2020-05-10,0.03307741437445999,0.96692258562554
133,2020-05-10,0.0261374119026897,0.9738625880973103
135,2020-05-10,0.013187436133730523,0.9868125638662695
136,2020-05-10,0.014315763176391383,0.9856842368236086
137,2020-05-10,0.021204687516904852,0.9787953124830951
138,2020-05-10,0.018307320401538485,0.9816926795984615
139,2020-05-10,0.01359391170269264,0.9864060882973074
140,2020-05-10,0.0062333630504606274,0.9937666369495394
141,2020-05-10,0.002402824125931402,0.9975971758740686
143,2020-05-10,0.006826972313494939,0.9931730276865051
144,2020-05-10,0.05247191447006483,0.9475280855299352
145,2020-05-10,0.018186697943253116,0.9818133020567469
146,2020-05-10,0.05455267916205486,0.9454473208379451
147,2020-05-10,0.006409311816708563,0.9935906881832914
148,2020-05-10,0.008981008178388983,0.991018991821611
149,2020-05-10,0.015403601365357122,0.9845963986346429
150,2020-05-10,0.09080147139385508,0.9091985286061449
151,2020-05-10,0.013920415381811324,0.9860795846181887
152,2020-05-10,0.004653742875151634,0.9953462571248484
153,2020-05-10,0.042822322286393266,0.9571776777136067
155,2020-05-10,0.00681608519007082,0.9931839148099292
156,2020-05-10,0.023932468172852217,0.9760675318271478
157,2020-05-10,0.008197345715752369,0.9918026542842476
158,2020-05-10,0.0396174665438741,0.9603825334561259
159,2020-05-10,0.03545222408624127,0.9645477759137587
160,2020-05-10,0.011641655264775008,0.988358344735225
161,2020-05-10,0.009653978890522885,0.9903460211094771
162,2020-05-10,0.021356847307839044,0.978643152692161
163,2020-05-10,0.012428425257641984,0.987571574742358
164,2020-05-10,0.005379265231670094,0.9946207347683299
165,2020-05-10,0.0031345202172662345,0.9968654797827338
166,2020-05-10,0.00888920599255938,0.9911107940074406
167,2020-05-10,0.00646919905790877,0.9935308009420912
169,2020-05-10,0.008627909528089672,0.9913720904719103
170,2020-05-10,0.020656528452344114,0.9793434715476559
171,2020-05-10,0.009297831915802135,0.9907021680841979
172,2020-05-10,0.010245103219080676,0.9897548967809193
174,2020-05-10,0.009391137173800801,0.9906088628261992
175,2020-05-10,0.004672949204175492,0.9953270507958245
176,2020-05-10,0.0017949253854483427,0.9982050746145517
177,2020-05-10,0.0075192301524601435,0.9924807698475399
178,2020-05-10,0.01791640072105627,0.9820835992789437
179,2020-05-10,0.022857267958061978,0.977142732041938
181,2020-05-10,0.03248030237764443,0.9675196976223556
182,2020-05-10,0.02230655959445027,0.9776934404055497
183,2020-05-10,0.05186886701478299,0.948131132985217
184,2020-05-10,0.011714864252558965,0.988285135747441
186,2020-05-10,0.0025230834918865686,0.9974769165081134
187,2020-05-10,0.04302057282424998,0.95697942717575
188,2020-05-10,0.008053337223501211,0.9919466627764988
190,2020-05-10,0.0043580100729812,0.9956419899270188
191,2020-05-10,0.004365118604663487,0.9956348813953365
192,2020-05-10,0.01733851210663717,0.9826614878933628
193,2020-05-10,0.003266708138206398,0.9967332918617936
194,2020-05-10,0.024777230842378595,0.9752227691576214
195,2020-05-10,0.02185454994486269,0.9781454500551373
196,2020-05-10,0.017763546658283502,0.9822364533417165
197,2020-05-10,0.012573380704962389,0.9874266192950376
199,2020-05-10,0.03505285080075271,0.9649471491992473
200,2020-05-10,0.019526255113229585,0.9804737448867704
201,2020-05-10,0.02412458113487781,0.9758754188651222
202,2020-05-10,0.05150274223580653,0.9484972577641935
203,2020-05-10,0.011962577820020526,0.9880374221799795
204,2020-05-10,0.015591898831574968,0.984408101168425
205,2020-05-10,0.02263153522474004,0.97736846477526
206,2020-05-10,0.03193559320329886,0.9680644067967011
207,2020-05-10,0.005895170775956915,0.9941048292240431
208,2020-05-10,0.03303018596712637,0.9669698140328736
209,2020-05-10,0.012464440324292947,0.987535559675707
211,2020-05-10,0.006805798929109486,0.9931942010708905
212,2020-05-10,0.01542535458610439,0.9845746454138956
213,2020-05-10,0.015373937706647745,0.9846260622933523
214,2020-05-10,0.005226129407010172,0.9947738705929898
215,2020-05-10,0.01303253486416911,0.9869674651358309
216,2020-05-10,0.01932764762234207,0.9806723523776579
217,2020-05-10,0.07046354019061629,0.9295364598093837
218,2020-05-10,0.00142523742862255,0.9985747625713775
220,2020-05-10,0.013151723667538362,0.9868482763324616
221,2020-05-10,0.08712323440891379,0.9128767655910862
222,2020-05-10,0.013044121992188407,0.9869558780078116
223,2020-05-10,0.06025633597916702,0.939743664020833
224,2020-05-10,0.058999468433404645,0.9410005315665954
225,2020-05-10,0.007757124954411054,0.992242875045589
226,2020-05-10,0.006781015729409923,0.9932189842705901
227,2020-05-10,0.016843418581733327,0.9831565814182667
228,2020-05-10,0.008147010057841908,0.9918529899421581
229,2020-05-10,0.026095347872028718,0.9739046521279713
230,2020-05-10,0.020378291220743194,0.9796217087792568
231,2020-05-10,0.002595908955646209,0.9974040910443538
232,2020-05-10,0.14379390114713875,0.8562060988528613
235,2020-05-10,0.019035314611654086,0.9809646853883459
236,2020-05-10,0.011946875742932184,0.9880531242570678
237,2020-05-10,0.010779690740335912,0.9892203092596641
241,2020-05-10,0.0009935675563153001,0.9990064324436847
242,2020-05-10,0.012164555547549138,0.9878354444524509
243,2020-05-10,0.02133462018119836,0.9786653798188016
244,2020-05-10,0.017227046395385526,0.9827729536046145
245,2020-05-10,0.024678027410958037,0.975321972589042
246,2020-05-10,0.027505726272075592,0.9724942737279244
247,2020-05-10,0.005120341335122958,0.994879658664877
248,2020-05-10,0.02490797682436996,0.97509202317563
249,2020-05-10,0.011343433178947149,0.9886565668210529
250,2020-05-10,0.020395930089045167,0.9796040699109548
252,2020-05-10,0.009108899592241926,0.9908911004077581
253,2020-05-10,0.054248300892329016,0.945751699107671
254,2020-05-10,0.18608892286682643,0.8139110771331736
255,2020-05-10,0.007549364524851887,0.9924506354751481
257,2020-05-10,0.03839434983820422,0.9616056501617958
258,2020-05-10,0.010201719806429033,0.989798280193571
259,2020-05-10,0.006834832439616134,0.9931651675603839
260,2020-05-10,0.009792788626835969,0.990207211373164
261,2020-05-10,0.024505746941857698,0.9754942530581423
262,2020-05-10,0.004528042675340571,0.9954719573246594
263,2020-05-10,0.020486037252989697,0.9795139627470103
264,2020-05-10,0.01715170573622382,0.9828482942637762
265,2020-05-10,0.024892083063924764,0.9751079169360752
266,2020-05-10,0.006485009969025679,0.9935149900309743
267,2020-05-10,0.02027045430100438,0.9797295456989956
268,2020-05-10,0.013108442228599748,0.9868915577714003
269,2020-05-10,0.0006406615157609208,0.9993593384842391
270,2020-05-10,0.018974296147451608,0.9810257038525484
271,2020-05-10,0.0011669487210461682,0.9988330512789538
272,2020-05-10,0.00689346559258186,0.9931065344074181
273,2020-05-10,0.0036625665705948274,0.9963374334294052
275,2020-05-10,0.05191568361797394,0.9480843163820261
276,2020-05-10,0.02246171546376574,0.9775382845362343
277,2020-05-10,0.006838697048192177,0.9931613029518078
278,2020-05-10,0.01022209827293874,0.9897779017270613
279,2020-05-10,0.008620247873268538,0.9913797521267315
280,2020-05-10,0.01808596511728988,0.9819140348827101
281,2020-05-10,0.014540588965960888,0.9854594110340391
282,2020-05-10,0.014148019919283605,0.9858519800807164
283,2020-05-10,0.001786878823188065,0.9982131211768119
284,2020-05-10,0.020661169136990898,0.9793388308630091
285,2020-05-10,0.05817288923860986,0.9418271107613901
286,2020-05-10,0.020755395443588953,0.979244604556411
287,2020-05-10,0.03040949287457373,0.9695905071254263
288,2020-05-10,0.026933079129429993,0.97306692087057
289,2020-05-10,0.013294450409244374,0.9867055495907556
290,2020-05-10,0.026567625328821176,0.9734323746711788
291,2020-05-10,0.01660588057318335,0.9833941194268166
292,2020-05-10,0.0194606927110893,0.9805393072889107
293,2020-05-10,0.002736809825798381,0.9972631901742016
294,2020-05-10,0.026481102437651893,0.9735188975623481
295,2020-05-10,0.06693558822440926,0.9330644117755907
296,2020-05-10,0.007481046586621409,0.9925189534133786
297,2020-05-10,0.022778908614968674,0.9772210913850313
298,2020-05-10,0.00955436317550229,0.9904456368244977
300,2020-05-10,0.004647020530262558,0.9953529794697374
301,2020-05-10,0.007313910189802542,0.9926860898101975
302,2020-05-10,0.017028561078720417,0.9829714389212796
303,2020-05-10,0.024956166798278168,0.9750438332017218
304,2020-05-10,0.004757242672932205,0.9952427573270678
305,2020-05-10,0.008734921983582389,0.9912650780164176
306,2020-05-10,0.004649266072603853,0.9953507339273961
307,2020-05-10,0.023704881758081164,0.9762951182419188
308,2020-05-10,0.015528614883117853,0.9844713851168821
309,2020-05-10,0.02520766048295675,0.9747923395170432
310,2020-05-10,0.00276309424503296,0.997236905754967
311,2020-05-10,0.04166146669874604,0.958338533301254
312,2020-05-10,0.04933354289383973,0.9506664571061603
313,2020-05-10,0.019722613210910622,0.9802773867890894
315,2020-05-10,0.015853321325032033,0.984146678674968
317,2020-05-10,0.007803883778896292,0.9921961162211037
319,2020-05-10,0.04571482124442949,0.9542851787555705
320,2020-05-10,0.0056475144376725295,0.9943524855623275
321,2020-05-10,0.010702533802830372,0.9892974661971696
322,2020-05-10,0.013798739435801566,0.9862012605641984
323,2020-05-10,0.011043721506271642,0.9889562784937284
324,2020-05-10,0.014498613666616422,0.9855013863333836
325,2020-05-10,0.021047311732491858,0.9789526882675081
326,2020-05-10,0.012384798056303215,0.9876152019436968
327,2020-05-10,0.014222517550008473,0.9857774824499915
328,2020-05-10,0.005401148735889927,0.9945988512641101
329,2020-05-10,0.025983619453495477,0.9740163805465045
330,2020-05-10,0.027449302599981462,0.9725506974000185
331,2020-05-10,0.014846739017498112,0.9851532609825019
333,2020-05-10,0.009422342828465657,0.9905776571715343
334,2020-05-10,0.05259060392709014,0.9474093960729099
335,2020-05-10,0.01240939772761207,0.9875906022723879
337,2020-05-10,0.029532713426555723,0.9704672865734443
338,2020-05-10,0.0305404902805696,0.9694595097194304
340,2020-05-10,0.006444620141522139,0.9935553798584779
341,2020-05-10,0.02879232874769211,0.9712076712523079
342,2020-05-10,0.014530172817567522,0.9854698271824325
343,2020-05-10,0.0074906699249804864,0.9925093300750195
344,2020-05-10,0.007396001076530712,0.9926039989234693
345,2020-05-10,0.0046963061045313115,0.9953036938954687
346,2020-05-10,0.006783347785783378,0.9932166522142166
347,2020-05-10,0.03328766506744718,0.9667123349325528
348,2020-05-10,0.008687364137375697,0.9913126358626243
349,2020-05-10,0.061949339063306574,0.9380506609366934
350,2020-05-10,0.0035147097455597853,0.9964852902544402
351,2020-05-10,0.025591812651893253,0.9744081873481067
352,2020-05-10,0.07379639797129356,0.9262036020287064
354,2020-05-10,0.015768582611889626,0.9842314173881104
355,2020-05-10,0.007704953295713413,0.9922950467042866
356,2020-05-10,0.0013217076874387779,0.9986782923125612
357,2020-05-10,0.018767639192479146,0.9812323608075209
358,2020-05-10,0.01156198751142068,0.9884380124885793
359,2020-05-10,0.02876440840609329,0.9712355915939067
360,2020-05-10,0.03161494163156775,0.9683850583684322
361,2020-05-10,0.014286761661477243,0.9857132383385228
362,2020-05-10,0.017892680677653816,0.9821073193223462
363,2020-05-10,0.011474140571575808,0.9885258594284242
365,2020-05-10,0.013250868764766222,0.9867491312352338
366,2020-05-10,0.037662526141753916,0.9623374738582461
367,2020-05-10,0.007705176845716366,0.9922948231542836
368,2020-05-10,0.00788424881802896,0.992115751181971
369,2020-05-10,0.01380285738150766,0.9861971426184923
370,2020-05-10,0.03776735888121685,0.9622326411187831
371,2020-05-10,0.006395396834307121,0.9936046031656929
372,2020-05-10,0.014264502538704038,0.985735497461296
373,2020-05-10,0.006656072320550543,0.9933439276794495
374,2020-05-10,0.003942538139608653,0.9960574618603913
375,2020-05-10,0.0022794988027767804,0.9977205011972232
376,2020-05-10,0.001236011548415128,0.9987639884515849
377,2020-05-10,0.0466398090404323,0.9533601909595677
378,2020-05-10,0.017728608891794617,0.9822713911082054
379,2020-05-10,0.01154718681631306,0.9884528131836869
380,2020-05-10,0.01692095311742503,0.983079046882575
381,2020-05-10,0.03202026721933415,0.9679797327806658
382,2020-05-10,0.0056237419024748325,0.9943762580975252
383,2020-05-10,0.009402579452048254,0.9905974205479517
385,2020-05-10,0.0287714262479124,0.9712285737520876
386,2020-05-10,0.022461490885700708,0.9775385091142993
387,2020-05-10,0.02154135688565162,0.9784586431143484
389,2020-05-10,0.0073621323671458905,0.9926378676328541
390,2020-05-10,0.007427208819278275,0.9925727911807217
394,2020-05-10,0.03392458019722866,0.9660754198027713
395,2020-05-10,0.010286480042657531,0.9897135199573425
396,2020-05-10,0.009749238951136108,0.9902507610488639
397,2020-05-10,0.009336383689163674,0.9906636163108363
398,2020-05-10,0.0072009226341060995,0.9927990773658939
399,2020-05-10,0.01567436295255964,0.9843256370474404
400,2020-05-10,0.042210774362990255,0.9577892256370097
401,2020-05-10,0.01209007974640175,0.9879099202535983
402,2020-05-10,0.011485016150925453,0.9885149838490745
403,2020-05-10,0.018732907015875266,0.9812670929841247
404,2020-05-10,0.008348561541805855,0.9916514384581941
405,2020-05-10,0.030038601292568745,0.9699613987074313
407,2020-05-10,0.01621703443007494,0.9837829655699251
408,2020-05-10,0.009536226805824666,0.9904637731941753
409,2020-05-10,0.00613543709320441,0.9938645629067956
410,2020-05-10,0.00545104270808483,0.9945489572919152
411,2020-05-10,0.030610652326589438,0.9693893476734106
412,2020-05-10,0.03339008878398675,0.9666099112160133
413,2020-05-10,0.006345514177146128,0.9936544858228539
414,2020-05-10,0.02361678705390602,0.976383212946094
415,2020-05-10,0.0065545105974560425,0.993445489402544
417,2020-05-10,0.029525526602887875,0.9704744733971121
418,2020-05-10,0.008230542933607365,0.9917694570663926
419,2020-05-10,0.017883100001222063,0.9821168999987779
420,2020-05-10,0.01054065544927274,0.9894593445507273
421,2020-05-10,0.009597599131543122,0.9904024008684569
422,2020-05-10,0.013519657824601627,0.9864803421753984
423,2020-05-10,0.014653895545456153,0.9853461044545438
424,2020-05-10,0.024329888107639586,0.9756701118923604
425,2020-05-10,0.03768687311550967,0.9623131268844903
426,2020-05-10,0.06333445763119461,0.9366655423688054
427,2020-05-10,0.01142237691046688,0.9885776230895331
428,2020-05-10,0.014645838905498865,0.9853541610945011
430,2020-05-10,0.007815543675908754,0.9921844563240912
432,2020-05-10,0.06152644672209562,0.9384735532779044
433,2020-05-10,0.015000832396985242,0.9849991676030148
434,2020-05-10,0.0037149016903842424,0.9962850983096158
435,2020-05-10,0.009656419213573408,0.9903435807864266
436,2020-05-10,0.030273812909997755,0.9697261870900022
437,2020-05-10,0.03625009968106385,0.9637499003189361
438,2020-05-10,0.024891261980634183,0.9751087380193658
439,2020-05-10,0.005318721590364173,0.9946812784096358
440,2020-05-10,0.07432954150973958,0.9256704584902604
441,2020-05-10,0.012378896533494332,0.9876211034665057
442,2020-05-10,0.0055737118190837265,0.9944262881809163
443,2020-05-10,0.018079777140324937,0.9819202228596751
445,2020-05-10,0.0008358514518462812,0.9991641485481537
446,2020-05-10,0.0033651031370682816,0.9966348968629317
447,2020-05-10,0.01564246229862143,0.9843575377013786
449,2020-05-10,0.033528965637500296,0.9664710343624997
450,2020-05-10,0.006762453309656746,0.9932375466903433
451,2020-05-10,0.015085867177044743,0.9849141328229553
452,2020-05-10,0.008641331444368405,0.9913586685556316
454,2020-05-10,0.05898538098844619,0.9410146190115538
455,2020-05-10,0.09659626089216478,0.9034037391078352
456,2020-05-10,0.002835961874368409,0.9971640381256316
457,2020-05-10,0.011376919667596685,0.9886230803324033
458,2020-05-10,0.013608718215740834,0.9863912817842592
459,2020-05-10,0.02804697597167305,0.971953024028327
460,2020-05-10,0.0066193919558869,0.9933806080441131
461,2020-05-10,0.010860782596184615,0.9891392174038154
462,2020-05-10,0.008249380595971578,0.9917506194040284
463,2020-05-10,0.017759443547262443,0.9822405564527376
464,2020-05-10,0.0350186367426748,0.9649813632573252
465,2020-05-10,0.019361286971526948,0.980638713028473
466,2020-05-10,0.03641676713599795,0.963583232864002
467,2020-05-10,0.018429022424233277,0.9815709775757667
468,2020-05-10,0.016644946610606226,0.9833550533893938
469,2020-05-10,0.007982160310253228,0.9920178396897468
470,2020-05-10,0.008189244472309065,0.9918107555276909
471,2020-05-10,0.0123295780831163,0.9876704219168837
472,2020-05-10,0.02880687826534234,0.9711931217346577
473,2020-05-10,0.08807201694172273,0.9119279830582773
475,2020-05-10,0.03483484560981587,0.9651651543901841
476,2020-05-10,0.0028653017984026086,0.9971346982015974
477,2020-05-10,0.010422572123510498,0.9895774278764895
478,2020-05-10,0.01763474445088431,0.9823652555491157
479,2020-05-10,0.0012790141910138386,0.9987209858089862
480,2020-05-10,0.019512179588971446,0.9804878204110286
481,2020-05-10,0.007704314672781654,0.9922956853272183
482,2020-05-10,0.007655061577410582,0.9923449384225894
483,2020-05-10,0.01459994487559102,0.985400055124409
484,2020-05-10,0.017157050518287198,0.9828429494817128
485,2020-05-10,0.012301399374425315,0.9876986006255747
486,2020-05-10,0.04382570735876834,0.9561742926412317
487,2020-05-10,0.022748469996287324,0.9772515300037127
488,2020-05-10,0.04951709915068114,0.9504829008493189
489,2020-05-10,0.015512228715822807,0.9844877712841772
490,2020-05-10,0.00704901315418327,0.9929509868458167
491,2020-05-10,0.007490729865005541,0.9925092701349945
492,2020-05-10,0.005662677243249092,0.9943373227567509
493,2020-05-10,0.024529733730110248,0.9754702662698898
494,2020-05-10,0.0271878403627287,0.9728121596372713
495,2020-05-10,0.021389709749940033,0.97861029025006
496,2020-05-10,0.02272137069062541,0.9772786293093746
497,2020-05-10,0.04031677573661996,0.95968322426338
498,2020-05-10,0.04274325248451272,0.9572567475154873
499,2020-05-10,0.014287312258369433,0.9857126877416306
500,2020-05-10,0.012333850974234228,0.9876661490257658
501,2020-05-10,0.016830543228641304,0.9831694567713587
502,2020-05-10,0.01105931293642426,0.9889406870635757
503,2020-05-10,0.035774124570899124,0.9642258754291009
504,2020-05-10,0.0020780297339758613,0.9979219702660241
505,2020-05-10,0.01347923238495441,0.9865207676150456
506,2020-05-10,0.06574768507025353,0.9342523149297465
508,2020-05-10,0.006230133867261123,0.9937698661327389
509,2020-05-10,0.015325850591753065,0.9846741494082469
510,2020-05-10,0.02532954645223362,0.9746704535477664
511,2020-05-10,0.00377249673668012,0.9962275032633199
512,2020-05-10,0.003706056335007868,0.9962939436649921
513,2020-05-10,0.004935107134655059,0.9950648928653449
514,2020-05-10,0.029433290072998775,0.9705667099270012
515,2020-05-10,0.02917069484551016,0.9708293051544898
516,2020-05-10,0.010433829725913668,0.9895661702740863
517,2020-05-10,0.021051911477961704,0.9789480885220383
518,2020-05-10,0.02262999530826071,0.9773700046917393
519,2020-05-10,0.0076506042069450775,0.9923493957930549
520,2020-05-10,0.003863211282151391,0.9961367887178486
521,2020-05-10,0.03936203878227318,0.9606379612177268
522,2020-05-10,0.01122706070390167,0.9887729392960983
523,2020-05-10,0.01845674006223419,0.9815432599377658
524,2020-05-10,0.020245092978851797,0.9797549070211482
525,2020-05-10,0.02562465238294187,0.9743753476170581
526,2020-05-10,0.0208082884676557,0.9791917115323443
527,2020-05-10,0.07087530633796635,0.9291246936620337
528,2020-05-10,0.03511977066373784,0.9648802293362622
529,2020-05-10,0.021493890275059435,0.9785061097249406
530,2020-05-10,0.24746800901367694,0.7525319909863231
531,2020-05-10,0.044977801177752186,0.9550221988222478
533,2020-05-10,0.028600795428682768,0.9713992045713172
535,2020-05-10,0.008569547541572131,0.9914304524584279
537,2020-05-10,0.004348086972951415,0.9956519130270486
538,2020-05-10,0.002996283205913275,0.9970037167940867
539,2020-05-10,0.00898744541804919,0.9910125545819508
540,2020-05-10,0.002475691403856284,0.9975243085961437
541,2020-05-10,0.02618014329645091,0.9738198567035491
542,2020-05-10,0.017137662781602225,0.9828623372183978
543,2020-05-10,0.00573944852321584,0.9942605514767842
544,2020-05-10,0.017376958169296963,0.982623041830703
545,2020-05-10,0.06182069354902908,0.9381793064509709
546,2020-05-10,0.025123364551580707,0.9748766354484193
547,2020-05-10,0.013418572701570097,0.9865814272984299
548,2020-05-10,0.046203112939160906,0.9537968870608391
549,2020-05-10,0.022819767086062703,0.9771802329139373
551,2020-05-10,0.05454118745695069,0.9454588125430493
552,2020-05-10,0.005074722665381337,0.9949252773346187
553,2020-05-10,0.022042269184946672,0.9779577308150533
555,2020-05-10,0.005281773768678888,0.9947182262313211
556,2020-05-10,0.01905915589436835,0.9809408441056316
557,2020-05-10,0.015183542115610127,0.9848164578843899
558,2020-05-10,0.004227979920538694,0.9957720200794613
559,2020-05-10,0.006233637958856564,0.9937663620411434
560,2020-05-10,0.01917817704274216,0.9808218229572578
561,2020-05-10,0.026899655301832914,0.9731003446981671
562,2020-05-10,0.02322180056672163,0.9767781994332784
564,2020-05-10,0.09166559942454955,0.9083344005754505
565,2020-05-10,0.03918440304735571,0.9608155969526443
568,2020-05-10,0.004687868089126579,0.9953121319108734
569,2020-05-10,0.016671401102856587,0.9833285988971434
570,2020-05-10,0.009683176276425676,0.9903168237235743
571,2020-05-10,0.02802941095768774,0.9719705890423123
572,2020-05-10,0.004450162753663056,0.9955498372463369
573,2020-05-10,0.03318748793249837,0.9668125120675016
574,2020-05-10,0.011171619378578912,0.9888283806214211
575,2020-05-10,0.005515603246582068,0.9944843967534179
578,2020-05-10,0.007972541683619272,0.9920274583163807
579,2020-05-10,0.00920503103757686,0.9907949689624231
580,2020-05-10,0.010042720097957036,0.989957279902043
581,2020-05-10,0.009741658303997536,0.9902583416960025
582,2020-05-10,0.025722982432368147,0.9742770175676319
584,2020-05-10,0.016070596326797082,0.9839294036732029
585,2020-05-10,0.017127375960734104,0.9828726240392659
586,2020-05-10,0.00605513742418462,0.9939448625758154
587,2020-05-10,0.012737664014127792,0.9872623359858722
590,2020-05-10,0.030237575175765086,0.9697624248242349
591,2020-05-10,0.05976960976068646,0.9402303902393135
592,2020-05-10,0.011062051021309971,0.98893794897869
593,2020-05-10,0.0016345091481160257,0.998365490851884
594,2020-05-10,0.011878603750559491,0.9881213962494405
595,2020-05-10,0.00977233361080121,0.9902276663891988
596,2020-05-10,0.009926863736013036,0.990073136263987
597,2020-05-10,0.022882502182571263,0.9771174978174287
598,2020-05-10,0.01089180423591063,0.9891081957640894
599,2020-05-10,0.023655682620637664,0.9763443173793623
600,2020-05-10,0.030379313604125047,0.969620686395875
601,2020-05-10,0.012452926419032173,0.9875470735809678
602,2020-05-10,0.10238470366209418,0.8976152963379058
603,2020-05-10,0.009120430982437866,0.9908795690175621
605,2020-05-10,0.01382674944429696,0.986173250555703
607,2020-05-10,0.02585540384315954,0.9741445961568405
608,2020-05-10,0.017545519187389225,0.9824544808126108
609,2020-05-10,0.001909974006793047,0.998090025993207
610,2020-05-10,0.005958784239849746,0.9940412157601503
611,2020-05-10,0.01621201269509287,0.9837879873049071
612,2020-05-10,0.0012810664231293067,0.9987189335768707
614,2020-05-10,0.04454235811402896,0.955457641885971
615,2020-05-10,0.002664474081964463,0.9973355259180355
616,2020-05-10,0.008702025723653528,0.9912979742763465
617,2020-05-10,0.01778659909651703,0.982213400903483
618,2020-05-10,0.06047882256095838,0.9395211774390416
619,2020-05-10,0.003855876851591611,0.9961441231484084
620,2020-05-10,0.012728330503903984,0.987271669496096
621,2020-05-10,0.022294402610512742,0.9777055973894873
622,2020-05-10,0.02428483281601057,0.9757151671839894
623,2020-05-10,0.013778518338651735,0.9862214816613483
624,2020-05-10,0.005497694587478286,0.9945023054125217
625,2020-05-10,0.002935765766562848,0.9970642342334372
627,2020-05-10,0.015045089823915059,0.9849549101760849
628,2020-05-10,0.041172211944321524,0.9588277880556785
629,2020-05-10,0.04745465341713284,0.9525453465828672
630,2020-05-10,0.017927282082569662,0.9820727179174303
633,2020-05-10,0.017033189570554774,0.9829668104294452
634,2020-05-10,0.010349371492714754,0.9896506285072852
636,2020-05-10,0.061826423646046735,0.9381735763539533
637,2020-05-10,0.043440250570531025,0.956559749429469
638,2020-05-10,0.07855906193405726,0.9214409380659427
639,2020-05-10,0.013619894917675124,0.9863801050823249
640,2020-05-10,0.027844568816651427,0.9721554311833486
641,2020-05-10,0.0058782560994776745,0.9941217439005223
642,2020-05-10,0.008238255892170754,0.9917617441078292
643,2020-05-10,0.014857880984615601,0.9851421190153844
644,2020-05-10,0.01052857745124458,0.9894714225487554
645,2020-05-10,0.026003367217486195,0.9739966327825138
646,2020-05-10,0.010748389590911511,0.9892516104090885
647,2020-05-10,0.022448213697975783,0.9775517863020242
648,2020-05-10,0.009580340093665263,0.9904196599063347
649,2020-05-10,0.01699421095788667,0.9830057890421133
650,2020-05-10,0.0016182470773959956,0.998381752922604
651,2020-05-10,0.013806724785611957,0.986193275214388
652,2020-05-10,0.00784192742227141,0.9921580725777286
653,2020-05-10,0.011894997674737673,0.9881050023252623
654,2020-05-10,0.04197668111945907,0.9580233188805409
655,2020-05-10,0.019284495664440016,0.98071550433556
656,2020-05-10,0.007047627548751767,0.9929523724512482
658,2020-05-10,0.014637132633582017,0.985362867366418
660,2020-05-10,0.012944220557347341,0.9870557794426527
661,2020-05-10,0.01919366400566791,0.9808063359943321
662,2020-05-10,0.005678494368978937,0.9943215056310211
663,2020-05-10,0.004780372802374866,0.9952196271976251
664,2020-05-10,0.0067569044025186376,0.9932430955974814
665,2020-05-10,0.04972588866763028,0.9502741113323697
666,2020-05-10,0.024624607464796666,0.9753753925352033
667,2020-05-10,0.009055872830211142,0.9909441271697889
668,2020-05-10,0.008143914261704688,0.9918560857382953
669,2020-05-10,0.020539229801643244,0.9794607701983568
670,2020-05-10,0.003306370743428544,0.9966936292565715
671,2020-05-10,0.008505478656166132,0.9914945213438339
673,2020-05-10,0.0044420853958923034,0.9955579146041077
674,2020-05-10,0.004458321149525268,0.9955416788504747
675,2020-05-10,0.06842088459303375,0.9315791154069663
676,2020-05-10,0.007068369723848167,0.9929316302761518
677,2020-05-10,0.00812991930310658,0.9918700806968934
678,2020-05-10,0.002280852977085135,0.9977191470229149
679,2020-05-10,0.012731482939071559,0.9872685170609284
680,2020-05-10,0.022339083094072176,0.9776609169059278
681,2020-05-10,0.00851925055588676,0.9914807494441132
682,2020-05-10,0.003443420162666966,0.996556579837333
683,2020-05-10,0.03212324859270799,0.967876751407292
684,2020-05-10,0.020431756537650947,0.979568243462349
685,2020-05-10,0.010904323753507583,0.9890956762464924
687,2020-05-10,0.01696347094347972,0.9830365290565203
688,2020-05-10,0.01626753384516677,0.9837324661548332
689,2020-05-10,0.029048272611334913,0.9709517273886651
690,2020-05-10,0.004466533478085677,0.9955334665219143
691,2020-05-10,0.00495861984543422,0.9950413801545658
692,2020-05-10,0.005992179021834132,0.9940078209781659
693,2020-05-10,0.006838693708042798,0.9931613062919572
694,2020-05-10,0.01446983521516676,0.9855301647848332
695,2020-05-10,0.007973924212680172,0.9920260757873198
696,2020-05-10,0.023141534923395213,0.9768584650766048
697,2020-05-10,0.012594726241588194,0.9874052737584118
698,2020-05-10,0.007533410837543775,0.9924665891624562
699,2020-05-10,0.04208038083554333,0.9579196191644567
700,2020-05-10,0.047748826288603885,0.9522511737113961
701,2020-05-10,0.0203212491403445,0.9796787508596555
703,2020-05-10,0.005617498066848414,0.9943825019331516
704,2020-05-10,0.0014141163770727827,0.9985858836229272
705,2020-05-10,0.035217236578554134,0.9647827634214459
706,2020-05-10,0.06249985209915965,0.9375001479008404
707,2020-05-10,0.005316571755778043,0.994683428244222
708,2020-05-10,0.01426256170700535,0.9857374382929946
709,2020-05-10,0.02918022006467591,0.9708197799353241
710,2020-05-10,0.06757189824262488,0.9324281017573751
711,2020-05-10,0.002987664880849117,0.9970123351191509
712,2020-05-10,0.003325784028550327,0.9966742159714497
713,2020-05-10,0.03965768242215495,0.960342317577845
714,2020-05-10,0.014427023863527566,0.9855729761364724
715,2020-05-10,0.003219623741508748,0.9967803762584913
716,2020-05-10,0.006981355667126432,0.9930186443328736
717,2020-05-10,0.022860188215144683,0.9771398117848553
718,2020-05-10,0.055212737182066984,0.944787262817933
719,2020-05-10,0.0036198912372229497,0.996380108762777
720,2020-05-10,0.007212574271886818,0.9927874257281132
721,2020-05-10,0.019195401208163987,0.980804598791836
722,2020-05-10,0.005787837491092129,0.9942121625089079
723,2020-05-10,0.03221171709501158,0.9677882829049884
724,2020-05-10,0.08398722107147916,0.9160127789285208
725,2020-05-10,0.07223613790235583,0.9277638620976442
726,2020-05-10,0.020678283437052802,0.9793217165629472
727,2020-05-10,0.008508344985533656,0.9914916550144663
728,2020-05-10,0.002519612701236129,0.9974803872987639
729,2020-05-10,0.009362181183106277,0.9906378188168937
730,2020-05-10,0.003390108127490077,0.9966098918725099
731,2020-05-10,0.008739207058158005,0.991260792941842
732,2020-05-10,0.014460877548432949,0.985539122451567
733,2020-05-10,0.039563690514432426,0.9604363094855676
734,2020-05-10,0.020980325995434868,0.9790196740045651
735,2020-05-10,0.029420174063990556,0.9705798259360094
736,2020-05-10,0.007692698168136558,0.9923073018318634
737,2020-05-10,0.006960841879266488,0.9930391581207335
738,2020-05-10,0.02687528671768924,0.9731247132823108
739,2020-05-10,0.06317958722219741,0.9368204127778026
740,2020-05-10,0.006356586960708288,0.9936434130392917
741,2020-05-10,0.053022364928416055,0.946977635071584
742,2020-05-10,0.02929786302270354,0.9707021369772965
744,2020-05-10,0.0029984139138639065,0.9970015860861361
745,2020-05-10,0.015615133202553921,0.9843848667974461
746,2020-05-10,0.019476695543359734,0.9805233044566403
747,2020-05-10,0.02159042517510823,0.9784095748248918
748,2020-05-10,0.010246953339541509,0.9897530466604585
749,2020-05-10,0.002913746250592597,0.9970862537494074
750,2020-05-10,0.02485842300058827,0.9751415769994117
751,2020-05-10,0.019817167325487217,0.9801828326745128
752,2020-05-10,0.0841463708809499,0.9158536291190501
753,2020-05-10,0.012613676804477558,0.9873863231955224
754,2020-05-10,0.0036051610823008007,0.9963948389176992
755,2020-05-10,0.003583459321660043,0.99641654067834
756,2020-05-10,0.040888963904591735,0.9591110360954083
757,2020-05-10,0.008713957199806277,0.9912860428001937
760,2020-05-10,0.003762282103840109,0.9962377178961599
761,2020-05-10,0.02636410676966805,0.973635893230332
762,2020-05-10,0.020748728487909207,0.9792512715120908
763,2020-05-10,0.06412462760203952,0.9358753723979605
764,2020-05-10,0.013771580995857846,0.9862284190041422
765,2020-05-10,0.008225212130351323,0.9917747878696487
766,2020-05-10,0.008265272403623736,0.9917347275963763
767,2020-05-10,0.03550566729245719,0.9644943327075428
768,2020-05-10,0.14074221941860188,0.8592577805813981
769,2020-05-10,0.002698972702133706,0.9973010272978663
770,2020-05-10,0.024932078208876995,0.975067921791123
771,2020-05-10,0.012930972855249356,0.9870690271447506
772,2020-05-10,0.02329526893767886,0.9767047310623211
773,2020-05-10,0.009907536170073672,0.9900924638299263
774,2020-05-10,0.006624000510336625,0.9933759994896634
775,2020-05-10,0.004713809082460663,0.9952861909175393
777,2020-05-10,0.014969489045554396,0.9850305109544456
778,2020-05-10,0.033867371023760695,0.9661326289762393
779,2020-05-10,0.0038217696222112574,0.9961782303777887
780,2020-05-10,0.007189046836037383,0.9928109531639626
781,2020-05-10,0.010591234657781112,0.9894087653422189
782,2020-05-10,0.051413853827341316,0.9485861461726587
783,2020-05-10,0.010936210819001313,0.9890637891809987
784,2020-05-10,0.010159364059050713,0.9898406359409493
785,2020-05-10,0.01208340485827708,0.9879165951417229
786,2020-05-10,0.00830355836653729,0.9916964416334627
787,2020-05-10,0.04359215873240285,0.9564078412675971
788,2020-05-10,0.003574433057309978,0.99642556694269
789,2020-05-10,0.012491061553657867,0.9875089384463421
790,2020-05-10,0.00791791056022162,0.9920820894397784
793,2020-05-10,0.033642463735258366,0.9663575362647416
794,2020-05-10,0.01100308676533468,0.9889969132346653
795,2020-05-10,0.009342985357668754,0.9906570146423312
796,2020-05-10,0.016517706985793468,0.9834822930142065
797,2020-05-10,0.05146107483096596,0.948538925169034
798,2020-05-10,0.018206953665982795,0.9817930463340172
799,2020-05-10,0.007315661746424618,0.9926843382535754
800,2020-05-10,0.016461584311179722,0.9835384156888203
801,2020-05-10,0.058590150074261604,0.9414098499257384
802,2020-05-10,0.0061875719416425445,0.9938124280583575
803,2020-05-10,0.013374454261733448,0.9866255457382666
804,2020-05-10,0.014725419142661234,0.9852745808573388
805,2020-05-10,0.012370650405650219,0.9876293495943498
806,2020-05-10,0.06080978565024153,0.9391902143497585
807,2020-05-10,0.007346072000741666,0.9926539279992583
808,2020-05-10,0.014003602295759476,0.9859963977042405
809,2020-05-10,0.0138186514642743,0.9861813485357257
810,2020-05-10,0.03768544535032681,0.9623145546496732
811,2020-05-10,0.003108638204874503,0.9968913617951255
812,2020-05-10,0.018889582496305013,0.981110417503695
814,2020-05-10,0.0030749207773763665,0.9969250792226236
816,2020-05-10,0.013665506954992579,0.9863344930450074
817,2020-05-10,0.009863268017036297,0.9901367319829637
818,2020-05-10,0.005130357848302736,0.9948696421516973
819,2020-05-10,0.03135454767092616,0.9686454523290738
820,2020-05-10,0.021270055231190077,0.9787299447688099
822,2020-05-10,0.01624135494789325,0.9837586450521068
823,2020-05-10,0.04537862291992556,0.9546213770800744
824,2020-05-10,0.09520164274612997,0.90479835725387
825,2020-05-10,0.026602825730377755,0.9733971742696222
826,2020-05-10,0.009614421288113628,0.9903855787118864
827,2020-05-10,0.00548475472238219,0.9945152452776178
828,2020-05-10,0.003917392463897329,0.9960826075361027
829,2020-05-10,0.018337114832272072,0.9816628851677279
830,2020-05-10,0.0054128584027776094,0.9945871415972224
831,2020-05-10,0.0018890392524676392,0.9981109607475324
832,2020-05-10,0.0038994389065230006,0.996100561093477
833,2020-05-10,0.012239956376271732,0.9877600436237283
834,2020-05-10,0.02267011549026643,0.9773298845097336
835,2020-05-10,0.006305048150486825,0.9936949518495132
836,2020-05-10,0.035561764253070116,0.9644382357469299
837,2020-05-10,0.006532444755567246,0.9934675552444328
838,2020-05-10,0.03355508937369234,0.9664449106263077
839,2020-05-10,0.0034980228143182135,0.9965019771856818
840,2020-05-10,0.021997384564902855,0.9780026154350971
841,2020-05-10,0.008214545716890398,0.9917854542831096
842,2020-05-10,0.012019090042056035,0.987980909957944
843,2020-05-10,0.03805764203706219,0.9619423579629378
844,2020-05-10,0.009247942209359983,0.99075205779064
845,2020-05-10,0.03699438641886288,0.9630056135811371
846,2020-05-10,0.0038456569627211,0.9961543430372789
847,2020-05-10,0.03893295400587771,0.9610670459941223
848,2020-05-10,0.018411359879080047,0.98158864012092
849,2020-05-10,0.021028023678024144,0.9789719763219759
851,2020-05-10,0.005858588043429425,0.9941414119565706
852,2020-05-10,0.018381960487665938,0.9816180395123341
853,2020-05-10,0.0029744030247434994,0.9970255969752565
854,2020-05-10,0.007613231923382258,0.9923867680766177
855,2020-05-10,0.0089202627246876,0.9910797372753124
856,2020-05-10,0.012780762241219157,0.9872192377587808
857,2020-05-10,0.0005723582254919535,0.999427641774508
858,2020-05-10,0.022122397472837618,0.9778776025271624
859,2020-05-10,0.04139034285768961,0.9586096571423104
860,2020-05-10,0.018734348567955417,0.9812656514320446
861,2020-05-10,0.01676944825209803,0.983230551747902
862,2020-05-10,0.04053510643868197,0.959464893561318
863,2020-05-10,0.012564138354434706,0.9874358616455653
864,2020-05-10,0.009017610244823504,0.9909823897551765
866,2020-05-10,0.02898898394906113,0.9710110160509389
867,2020-05-10,0.011675139934804069,0.9883248600651959
868,2020-05-10,0.02015479249923935,0.9798452075007607
869,2020-05-10,0.016516777843460506,0.9834832221565395
870,2020-05-10,0.06649355221319753,0.9335064477868025
871,2020-05-10,0.005796806421338174,0.9942031935786618
872,2020-05-10,0.016704508712431565,0.9832954912875684
873,2020-05-10,0.007908294007434868,0.9920917059925651
874,2020-05-10,0.012120056579538296,0.9878799434204617
875,2020-05-10,0.00878593254448945,0.9912140674555106
876,2020-05-10,0.02464438440251493,0.9753556155974851
877,2020-05-10,0.018487910070233537,0.9815120899297665
878,2020-05-10,0.025232836583419904,0.9747671634165801
879,2020-05-10,0.006400828241930445,0.9935991717580696
880,2020-05-10,0.004949929005129583,0.9950500709948704
881,2020-05-10,0.0109439461286166,0.9890560538713834
882,2020-05-10,0.009214736986173033,0.990785263013827
883,2020-05-10,0.023999639904812686,0.9760003600951873
884,2020-05-10,0.042975968483098814,0.9570240315169012
885,2020-05-10,0.010063432463487398,0.9899365675365126
886,2020-05-10,0.01502950432729977,0.9849704956727002
887,2020-05-10,0.010465589607447368,0.9895344103925526
888,2020-05-10,0.03930620038920141,0.9606937996107986
889,2020-05-10,0.027201478844743665,0.9727985211552563
890,2020-05-10,0.010891544140841813,0.9891084558591582
891,2020-05-10,0.004879017868007041,0.995120982131993
892,2020-05-10,0.01711204491347229,0.9828879550865277
893,2020-05-10,0.018074585735354587,0.9819254142646454
894,2020-05-10,0.008956697043335016,0.991043302956665
895,2020-05-10,0.011359632947685161,0.9886403670523148
896,2020-05-10,0.004539968002363115,0.9954600319976369
898,2020-05-10,0.02509773915765756,0.9749022608423424
899,2020-05-10,0.023300676544553034,0.976699323455447
900,2020-05-10,0.011430565406006288,0.9885694345939937
901,2020-05-10,0.024470204395450446,0.9755297956045496
902,2020-05-10,0.005977835443899182,0.9940221645561008
904,2020-05-10,0.01315141534492259,0.9868485846550774
905,2020-05-10,0.006668725059592928,0.9933312749404071
906,2020-05-10,0.07386634275884962,0.9261336572411504
907,2020-05-10,0.03806894500564395,0.961931054994356
908,2020-05-10,0.01203423643402568,0.9879657635659743
909,2020-05-10,0.006301633405457752,0.9936983665945422
910,2020-05-10,0.0011849822457049575,0.998815017754295
911,2020-05-10,0.010133082018403461,0.9898669179815965
912,2020-05-10,0.008290724596752175,0.9917092754032478
913,2020-05-10,0.04015700455556692,0.9598429954444331
914,2020-05-10,0.019018828632753282,0.9809811713672467
915,2020-05-10,0.004961247895373,0.995038752104627
916,2020-05-10,0.012738500489890114,0.9872614995101099
917,2020-05-10,0.0019297203675425756,0.9980702796324574
918,2020-05-10,0.004547831609589603,0.9954521683904104
920,2020-05-10,0.028108196107804462,0.9718918038921955
921,2020-05-10,0.02511955037367042,0.9748804496263296
922,2020-05-10,0.00995116716164579,0.9900488328383542
923,2020-05-10,0.06919559633717132,0.9308044036628287
924,2020-05-10,0.010213705694049335,0.9897862943059507
925,2020-05-10,0.03424299072634018,0.9657570092736598
926,2020-05-10,0.01046510202140627,0.9895348979785937
928,2020-05-10,0.005593047885768088,0.9944069521142319
929,2020-05-10,0.04131830025906891,0.9586816997409311
930,2020-05-10,0.012051216389659225,0.9879487836103408
931,2020-05-10,0.030452976951162114,0.9695470230488379
932,2020-05-10,0.028081931936875026,0.971918068063125
933,2020-05-10,0.0012865194112990919,0.9987134805887009
935,2020-05-10,0.009584455186517182,0.9904155448134828
936,2020-05-10,0.009359874211420371,0.9906401257885796
937,2020-05-10,0.005285160554616142,0.9947148394453839
938,2020-05-10,0.0021980984559382133,0.9978019015440618
939,2020-05-10,0.01237107038186247,0.9876289296181375
940,2020-05-10,0.044508811635118106,0.9554911883648819
941,2020-05-10,0.028449855859082662,0.9715501441409173
942,2020-05-10,0.0074270547052823765,0.9925729452947176
943,2020-05-10,0.0034816643767956457,0.9965183356232044
944,2020-05-10,0.022427090162553065,0.9775729098374469
945,2020-05-10,0.011856399044482546,0.9881436009555175
946,2020-05-10,0.006951578899218713,0.9930484211007813
947,2020-05-10,0.014276079841157974,0.985723920158842
948,2020-05-10,0.013175861623465956,0.986824138376534
949,2020-05-10,0.010388561976943933,0.9896114380230561
950,2020-05-10,0.009260040190844032,0.990739959809156
951,2020-05-10,0.007106987938461984,0.992893012061538
952,2020-05-10,0.004789009040236936,0.9952109909597631
953,2020-05-10,0.019940361244326854,0.9800596387556731
955,2020-05-10,0.005208943409987232,0.9947910565900128
956,2020-05-10,0.02847549759697543,0.9715245024030246
957,2020-05-10,0.022206386316483306,0.9777936136835167
958,2020-05-10,0.0011878546465819984,0.998812145353418
959,2020-05-10,0.04142909391427163,0.9585709060857284
961,2020-05-10,0.00818704143287452,0.9918129585671255
962,2020-05-10,0.0021046225927755513,0.9978953774072244
963,2020-05-10,0.03244670380724124,0.9675532961927588
964,2020-05-10,0.002024337134727272,0.9979756628652727
965,2020-05-10,0.013165062976569608,0.9868349370234304
966,2020-05-10,0.0197469255264916,0.9802530744735084
967,2020-05-10,0.02535235976927319,0.9746476402307268
968,2020-05-10,0.008262642157147893,0.9917373578428521
969,2020-05-10,0.009838055000042312,0.9901619449999577
970,2020-05-10,0.0047151416107080735,0.9952848583892919
971,2020-05-10,0.019139736034491595,0.9808602639655084
972,2020-05-10,0.0024199811565515095,0.9975800188434485
973,2020-05-10,0.03855988430514712,0.9614401156948529
975,2020-05-10,0.002649132526505671,0.9973508674734943
976,2020-05-10,0.011078017101177617,0.9889219828988224
977,2020-05-10,0.008713724371821607,0.9912862756281784
978,2020-05-10,0.004436526784151518,0.9955634732158485
979,2020-05-10,0.024073482694754733,0.9759265173052453
980,2020-05-10,0.0415951777913075,0.9584048222086925
981,2020-05-10,0.01828764544716155,0.9817123545528385
982,2020-05-10,0.009145884017560335,0.9908541159824397
983,2020-05-10,0.01697500797180873,0.9830249920281913
984,2020-05-10,0.0031920373332191554,0.9968079626667808
986,2020-05-10,0.010441406173402501,0.9895585938265975
987,2020-05-10,0.03655556555908679,0.9634444344409132
988,2020-05-10,0.025762810461519514,0.9742371895384805
989,2020-05-10,0.013485049972677188,0.9865149500273228
990,2020-05-10,0.005773350813935707,0.9942266491860643
991,2020-05-10,0.003904304506699763,0.9960956954933002
992,2020-05-10,0.0017869495558530124,0.998213050444147
993,2020-05-10,0.003378664496529904,0.9966213355034701
994,2020-05-10,0.012855153891670024,0.98714484610833
995,2020-05-10,0.01520370410125238,0.9847962958987476
996,2020-05-10,0.01638598631598276,0.9836140136840172
997,2020-05-10,0.02040239274414757,0.9795976072558524
1000,2020-05-10,0.010970018337471465,0.9890299816625285
1001,2020-05-10,0.017309134716453123,0.9826908652835469
1002,2020-05-10,0.015024749568844253,0.9849752504311557
1003,2020-05-10,0.006971247813048587,0.9930287521869514
1004,2020-05-10,0.0074733165667479895,0.992526683433252
1005,2020-05-10,0.019751905171250583,0.9802480948287494
1006,2020-05-10,0.01301300132739569,0.9869869986726043
1008,2020-05-10,0.03310617038094943,0.9668938296190506
1009,2020-05-10,0.029099932103080595,0.9709000678969194
1011,2020-05-10,0.0463270519066612,0.9536729480933388
1012,2020-05-10,0.04182531690578106,0.9581746830942189
1013,2020-05-10,0.0169843155920939,0.9830156844079061
1014,2020-05-10,0.008104546388783884,0.9918954536112161
1015,2020-05-10,0.08060993276935502,0.919390067230645
1017,2020-05-10,0.002248836267561005,0.997751163732439
1018,2020-05-10,0.024344084726972692,0.9756559152730273
1019,2020-05-10,0.013001514385359236,0.9869984856146408
1020,2020-05-10,0.013712487782917004,0.986287512217083
1021,2020-05-10,0.04589025439702221,0.9541097456029778
1022,2020-05-10,0.017260543455286825,0.9827394565447132
1023,2020-05-10,0.009630724628727383,0.9903692753712726
1024,2020-05-10,0.007066661452872158,0.9929333385471278
1025,2020-05-10,0.04143442523456542,0.9585655747654346
1026,2020-05-10,0.026450605091339674,0.9735493949086603
1027,2020-05-10,0.004831687572138921,0.9951683124278611
1028,2020-05-10,0.010502916094901171,0.9894970839050988
1029,2020-05-10,0.0152784767594899,0.9847215232405101
1030,2020-05-10,0.030344756386118443,0.9696552436138816
1032,2020-05-10,0.018556484288057562,0.9814435157119424
1034,2020-05-10,0.006076504641247982,0.993923495358752
1035,2020-05-10,0.06298717845757895,0.937012821542421
1036,2020-05-10,0.013757067891381536,0.9862429321086185
1037,2020-05-10,0.014293057687223887,0.9857069423127761
1038,2020-05-10,0.02462029114641684,0.9753797088535832
1039,2020-05-10,0.047130806847903495,0.9528691931520965
1042,2020-05-10,0.07752211374564044,0.9224778862543596
1043,2020-05-10,0.016049013318449323,0.9839509866815507
1044,2020-05-10,0.013368163562755608,0.9866318364372444
1045,2020-05-10,0.008822163538950267,0.9911778364610497
1046,2020-05-10,0.004569012474680667,0.9954309875253193
1047,2020-05-10,0.0133622595040499,0.9866377404959501
1048,2020-05-10,0.0060033575705444875,0.9939966424294555
1049,2020-05-10,0.0041946329973034935,0.9958053670026965
1050,2020-05-10,0.003055665952215736,0.9969443340477843
1051,2020-05-10,0.12412492403128061,0.8758750759687194
1052,2020-05-10,0.017839286317730352,0.9821607136822696
1053,2020-05-10,0.025688929268951277,0.9743110707310487
1054,2020-05-10,0.04655713987344334,0.9534428601265567
1056,2020-05-10,0.004039289576678096,0.9959607104233219
1057,2020-05-10,0.022786789282722264,0.9772132107172777
1058,2020-05-10,0.014330335236610092,0.9856696647633899
1059,2020-05-10,0.02481183997922276,0.9751881600207772
1060,2020-05-10,0.010942375140408744,0.9890576248595913
1061,2020-05-10,0.006940253768124904,0.9930597462318751
1062,2020-05-10,0.00586902306585102,0.994130976934149
1063,2020-05-10,0.002092238741228658,0.9979077612587713
1064,2020-05-10,0.01062356442080814,0.9893764355791919
1065,2020-05-10,0.014552736503952723,0.9854472634960473
1066,2020-05-10,0.014794410014256076,0.9852055899857439
1067,2020-05-10,0.01356638505750729,0.9864336149424927
1068,2020-05-10,0.011689079722772111,0.9883109202772279
1069,2020-05-10,0.05617754005350972,0.9438224599464903
1070,2020-05-10,0.019652896150434085,0.9803471038495659
1071,2020-05-10,0.019823819237458462,0.9801761807625415
1072,2020-05-10,0.011745766357682652,0.9882542336423173
1073,2020-05-10,0.05242667391529676,0.9475733260847032
1074,2020-05-10,0.04380983800095739,0.9561901619990426
1075,2020-05-10,0.012636527392065666,0.9873634726079343
1076,2020-05-10,0.04626711571829201,0.953732884281708
1077,2020-05-10,0.0037784558542462987,0.9962215441457537
1078,2020-05-10,0.012601799096394917,0.9873982009036051
1079,2020-05-10,0.024873458452711383,0.9751265415472886
1081,2020-05-10,0.011447745700964185,0.9885522542990358
1082,2020-05-10,0.006745868859725057,0.9932541311402749
1083,2020-05-10,0.01494218015827209,0.9850578198417279
1085,2020-05-10,0.005306449086968756,0.9946935509130312
1086,2020-05-10,0.02027015307018487,0.9797298469298151
1087,2020-05-10,0.012528402037341402,0.9874715979626586
1088,2020-05-10,0.041789481816944085,0.9582105181830559
1089,2020-05-10,0.003416089353156626,0.9965839106468434
1090,2020-05-10,0.09513870972192995,0.90486129027807
1091,2020-05-10,0.0043623564687006455,0.9956376435312994
1094,2020-05-10,0.006444369643574088,0.9935556303564259
1095,2020-05-10,0.011072231065601845,0.9889277689343982
1096,2020-05-10,0.005090196360518329,0.9949098036394817
1097,2020-05-10,0.011492412031748445,0.9885075879682516
1098,2020-05-10,0.026651721253217242,0.9733482787467828
1099,2020-05-10,0.012517947866293788,0.9874820521337062
1100,2020-05-10,0.003911034388522805,0.9960889656114772
1101,2020-05-10,0.024439239331188634,0.9755607606688114
1102,2020-05-10,0.007011976999543257,0.9929880230004567
1103,2020-05-10,0.019035307365943166,0.9809646926340568
1104,2020-05-10,0.013525338473111326,0.9864746615268887
1105,2020-05-10,0.007967431112835266,0.9920325688871647
1106,2020-05-10,0.015257947389364146,0.9847420526106359
1107,2020-05-10,0.005417933130521524,0.9945820668694785
1108,2020-05-10,0.01412701728782162,0.9858729827121784
1109,2020-05-10,0.035393180709769045,0.964606819290231
1110,2020-05-10,0.016610363499648617,0.9833896365003514
1111,2020-05-10,0.01019240476186345,0.9898075952381366
1112,2020-05-10,0.012655488178832663,0.9873445118211673
1113,2020-05-10,0.010073133158311043,0.989926866841689
1114,2020-05-10,0.020668502529513466,0.9793314974704865
1115,2020-05-10,0.026755878987846038,0.973244121012154
1116,2020-05-10,0.005783491185679113,0.9942165088143209
1117,2020-05-10,0.005521512543037677,0.9944784874569623
1119,2020-05-10,0.06348128255696528,0.9365187174430347
1120,2020-05-10,0.024318694612003977,0.975681305387996
1121,2020-05-10,0.027961512069174632,0.9720384879308254
1122,2020-05-10,0.020475545664750183,0.9795244543352498
1123,2020-05-10,0.01974949963102457,0.9802505003689754
1124,2020-05-10,0.007383835672440497,0.9926161643275595
1125,2020-05-10,0.04273927457738891,0.9572607254226111
1126,2020-05-10,0.0026414253963772394,0.9973585746036228
1127,2020-05-10,0.010250150718957518,0.9897498492810425
1128,2020-05-10,0.02147507662832271,0.9785249233716773
1129,2020-05-10,0.017713451669673308,0.9822865483303267
1130,2020-05-10,0.008481747940084827,0.9915182520599152
1131,2020-05-10,0.007510545958603121,0.9924894540413969
1132,2020-05-10,0.03749435444492144,0.9625056455550786
1133,2020-05-10,0.006816892799732965,0.993183107200267
1134,2020-05-10,0.020370587757232994,0.979629412242767
1135,2020-05-10,0.0027189814797140555,0.997281018520286
1136,2020-05-10,0.009292037152721089,0.9907079628472789
1137,2020-05-10,0.03406122873051631,0.9659387712694837
1138,2020-05-10,0.029652110796603903,0.9703478892033961
1139,2020-05-10,0.009439269854222943,0.9905607301457771
1140,2020-05-10,0.021232445699159053,0.978767554300841
1141,2020-05-10,0.002708141240832962,0.997291858759167
1142,2020-05-10,0.05009218920097869,0.9499078107990213
1144,2020-05-10,0.004533939256752717,0.9954660607432473
1145,2020-05-10,0.06855066798193443,0.9314493320180656
1146,2020-05-10,0.02482426759420353,0.9751757324057965
1147,2020-05-10,0.0089788278830919,0.9910211721169081
1148,2020-05-10,0.0068559250599881105,0.9931440749400119
1149,2020-05-10,0.0041527211837397715,0.9958472788162602
1150,2020-05-10,0.03804123948901106,0.9619587605109889
1151,2020-05-10,0.008845486059270158,0.9911545139407298
1152,2020-05-10,0.02147846123605268,0.9785215387639473
1153,2020-05-10,0.039593860107710266,0.9604061398922897
1154,2020-05-10,0.003798633765141335,0.9962013662348587
1155,2020-05-10,0.007092154074414325,0.9929078459255857
1156,2020-05-10,0.023970741743210677,0.9760292582567893
1157,2020-05-10,0.056462411873723584,0.9435375881262764
1158,2020-05-10,0.004478099576376682,0.9955219004236233
1159,2020-05-10,0.015163414699625566,0.9848365853003744
1160,2020-05-10,0.03216626571410741,0.9678337342858926
1161,2020-05-10,0.03796193402804504,0.962038065971955
1162,2020-05-10,0.007410670930829588,0.9925893290691704
1163,2020-05-10,0.013152143709690423,0.9868478562903096
1164,2020-05-10,0.012893989948778772,0.9871060100512212
1165,2020-05-10,0.03209943848527286,0.9679005615147271
1166,2020-05-10,0.018572929679975037,0.981427070320025
1167,2020-05-10,0.011260997988929766,0.9887390020110702
1168,2020-05-10,0.003274101774758398,0.9967258982252416
1169,2020-05-10,0.008728549000232455,0.9912714509997675
1170,2020-05-10,0.03484009880706174,0.9651599011929383
1171,2020-05-10,0.0063123278811635375,0.9936876721188365
1172,2020-05-10,0.009499997867995491,0.9905000021320045
1173,2020-05-10,0.037071063496363466,0.9629289365036365
1174,2020-05-10,0.019387924878958906,0.9806120751210411
1175,2020-05-10,0.003902885574714743,0.9960971144252853
1177,2020-05-10,0.0062928241241912986,0.9937071758758087
1178,2020-05-10,0.02052567217339374,0.9794743278266063
1179,2020-05-10,0.008122774753367867,0.9918772252466321
1180,2020-05-10,0.00907755456627124,0.9909224454337288
1181,2020-05-10,0.023382002415376135,0.9766179975846239
1182,2020-05-10,0.053276471918985435,0.9467235280810146
1183,2020-05-10,0.020692226544623438,0.9793077734553766
1184,2020-05-10,0.002441086335182363,0.9975589136648176
1185,2020-05-10,0.03955441158561279,0.9604455884143872
1186,2020-05-10,0.022886549339309337,0.9771134506606907
1188,2020-05-10,0.03006648314008331,0.9699335168599167
1189,2020-05-10,0.054103363673164595,0.9458966363268354
1190,2020-05-10,0.039726864560392205,0.9602731354396078
1191,2020-05-10,0.012847118910313537,0.9871528810896865
1193,2020-05-10,0.012600155421207515,0.9873998445787925
1195,2020-05-10,0.02118688811475178,0.9788131118852482
1196,2020-05-10,0.004876319737536994,0.995123680262463
1197,2020-05-10,0.013610338298484015,0.986389661701516
1198,2020-05-10,0.056134852622279574,0.9438651473777204
1199,2020-05-10,0.020212608302575874,0.9797873916974241
1200,2020-05-10,0.008758617352891851,0.9912413826471081
1201,2020-05-10,0.03725712640987544,0.9627428735901246
1202,2020-05-10,0.009508226063220993,0.990491773936779
1203,2020-05-10,0.009344528175865507,0.9906554718241345
1204,2020-05-10,0.029051120725819057,0.9709488792741809
1205,2020-05-10,0.026483830084953808,0.9735161699150462
1206,2020-05-10,0.08098565069766828,0.9190143493023317
1207,2020-05-10,0.020463189696443673,0.9795368103035563
1208,2020-05-10,0.022121698503069442,0.9778783014969306
1209,2020-05-10,0.011110096366850453,0.9888899036331495
1210,2020-05-10,0.0020822334484628113,0.9979177665515372
1211,2020-05-10,0.01392035811418113,0.9860796418858189
1214,2020-05-10,0.015000691386837017,0.984999308613163
1215,2020-05-10,0.0007362157807095926,0.9992637842192904
1216,2020-05-10,0.04086780703971438,0.9591321929602856
1217,2020-05-10,0.007304534284152675,0.9926954657158473
1218,2020-05-10,0.005357017216404691,0.9946429827835953
1219,2020-05-10,0.02210478070159605,0.977895219298404
1220,2020-05-10,0.021866608427241863,0.9781333915727581
1221,2020-05-10,0.002828328450067308,0.9971716715499327
1222,2020-05-10,0.018627866948259575,0.9813721330517404
1223,2020-05-10,0.051688934715233725,0.9483110652847663
1225,2020-05-10,0.016993524617251676,0.9830064753827483
1226,2020-05-10,0.01609328317598757,0.9839067168240124
1227,2020-05-10,0.001093304331309164,0.9989066956686908
1228,2020-05-10,0.014178004491996576,0.9858219955080034
1229,2020-05-10,0.017977819084944335,0.9820221809150557
1230,2020-05-10,0.011852773617219925,0.9881472263827801
1231,2020-05-10,0.02542754794433566,0.9745724520556643
1232,2020-05-10,0.025997016778507964,0.974002983221492
1234,2020-05-10,0.004334646267589171,0.9956653537324108
1235,2020-05-10,0.007519794695754589,0.9924802053042454
1236,2020-05-10,0.009070003860207954,0.990929996139792
1237,2020-05-10,0.03631411496126957,0.9636858850387304
1238,2020-05-10,0.05285698536489147,0.9471430146351085
1239,2020-05-10,0.017724025593628068,0.9822759744063719
1240,2020-05-10,0.012173565886094528,0.9878264341139055
1241,2020-05-10,0.01260051121939465,0.9873994887806053
1242,2020-05-10,0.03271632341434261,0.9672836765856574
1243,2020-05-10,0.017063436704978785,0.9829365632950212
1244,2020-05-10,0.07942711991971685,0.9205728800802832
1245,2020-05-10,0.01617278808485767,0.9838272119151423
1246,2020-05-10,0.020059548700886,0.979940451299114
1247,2020-05-10,0.04135784205351267,0.9586421579464873
1248,2020-05-10,0.007315651946348867,0.9926843480536511
1249,2020-05-10,0.023369156701784854,0.9766308432982151
1250,2020-05-10,0.025124700206503592,0.9748752997934964
1251,2020-05-10,0.016027044961289483,0.9839729550387105
1252,2020-05-10,0.009595422433240186,0.9904045775667598
1253,2020-05-10,0.01023045037618453,0.9897695496238155
1254,2020-05-10,0.021690503979417186,0.9783094960205828
1255,2020-05-10,0.010235427662166452,0.9897645723378335
1256,2020-05-10,0.026924357146730804,0.9730756428532692
1257,2020-05-10,0.008711304837753509,0.9912886951622465
1258,2020-05-10,0.026067901501301005,0.973932098498699
1259,2020-05-10,0.012722637560861005,0.987277362439139
1260,2020-05-10,0.018031959514745344,0.9819680404852547
1261,2020-05-10,0.018726052190014886,0.9812739478099851
1262,2020-05-10,0.008375660236807914,0.9916243397631921
1263,2020-05-10,0.013519200820730659,0.9864807991792693
1264,2020-05-10,0.016234513526828476,0.9837654864731715
1265,2020-05-10,0.028087676974416942,0.9719123230255831
1268,2020-05-10,0.024279103593625173,0.9757208964063748
1269,2020-05-10,0.02280178150345169,0.9771982184965483
1270,2020-05-10,0.01307389695136496,0.986926103048635
1271,2020-05-10,0.023614682043337054,0.976385317956663
1272,2020-05-10,0.024716832376191933,0.9752831676238081
1273,2020-05-10,0.03517520453763634,0.9648247954623637
1274,2020-05-10,0.006005189970755165,0.9939948100292448
1275,2020-05-10,0.013350790806030188,0.9866492091939698
1276,2020-05-10,0.016954373177839765,0.9830456268221602
1278,2020-05-10,0.01710750111865811,0.9828924988813419
1279,2020-05-10,0.017058316896906622,0.9829416831030934
1281,2020-05-10,0.013698440203275264,0.9863015597967247
1283,2020-05-10,0.0007310497637154079,0.9992689502362846
1284,2020-05-10,0.006608174841293946,0.993391825158706
1285,2020-05-10,0.014453189120554488,0.9855468108794455
1287,2020-05-10,0.008389950130889612,0.9916100498691104
1288,2020-05-10,0.001699083579605909,0.9983009164203941
1289,2020-05-10,0.0074206065883666295,0.9925793934116334
1290,2020-05-10,0.026094680055976816,0.9739053199440232
1292,2020-05-10,0.009953954200816795,0.9900460457991832
1293,2020-05-10,0.014500645576760118,0.9854993544232399
1294,2020-05-10,0.0029065549140675495,0.9970934450859325
1295,2020-05-10,0.036372534948186264,0.9636274650518137
1296,2020-05-10,0.027186285188066983,0.972813714811933
1297,2020-05-10,0.004578199957433582,0.9954218000425664
1298,2020-05-10,0.019591122525210114,0.9804088774747899
1299,2020-05-10,0.010263294186638405,0.9897367058133616
1300,2020-05-10,0.033033503680213516,0.9669664963197865
1301,2020-05-10,0.01294213581389203,0.987057864186108
1302,2020-05-10,0.012018841666869395,0.9879811583331306
1303,2020-05-10,0.026405820912814404,0.9735941790871856
1304,2020-05-10,0.029672046099349036,0.970327953900651
1305,2020-05-10,0.06744454798546229,0.9325554520145377
1306,2020-05-10,0.003953347643104621,0.9960466523568954
1307,2020-05-10,0.01998079786446416,0.9800192021355358
1308,2020-05-10,0.01005428768660066,0.9899457123133993
1309,2020-05-10,0.003752661941186286,0.9962473380588137
1312,2020-05-10,0.025398437005640595,0.9746015629943594
1313,2020-05-10,0.008140810633212814,0.9918591893667872
1314,2020-05-10,0.01141608988398124,0.9885839101160188
1315,2020-05-10,0.03153595677353205,0.968464043226468
1316,2020-05-10,0.07306890935503818,0.9269310906449618
1317,2020-05-10,0.008527925243698053,0.991472074756302
1318,2020-05-10,0.012655804265900295,0.9873441957340997
1319,2020-05-10,0.018726758357077378,0.9812732416429226
1320,2020-05-10,0.004969324892789895,0.9950306751072101
1321,2020-05-10,0.021363618926768524,0.9786363810732315
1322,2020-05-10,0.03575197875323932,0.9642480212467607
1323,2020-05-10,0.0057283933828186084,0.9942716066171814
1326,2020-05-10,0.015064091868533191,0.9849359081314668
1327,2020-05-10,0.013169938895185695,0.9868300611048143
1328,2020-05-10,0.04006212686818833,0.9599378731318117
1329,2020-05-10,0.045836843872348654,0.9541631561276513
1330,2020-05-10,0.025229170185841365,0.9747708298141586
1331,2020-05-10,0.006446157531402541,0.9935538424685975
1333,2020-05-10,0.015583383734667278,0.9844166162653327
1334,2020-05-10,0.009195897870128755,0.9908041021298712
1335,2020-05-10,0.0081018064470183,0.9918981935529817
1336,2020-05-10,0.022199946723998165,0.9778000532760018
1337,2020-05-10,0.029810284460976333,0.9701897155390237
1338,2020-05-10,0.004972061874475964,0.995027938125524
1339,2020-05-10,0.01263995371167137,0.9873600462883286
1340,2020-05-10,0.01366198526388318,0.9863380147361168
1341,2020-05-10,0.01205235580930264,0.9879476441906974
1342,2020-05-10,0.02672458687514201,0.973275413124858
1343,2020-05-10,0.01706645396031825,0.9829335460396817
1344,2020-05-10,0.014456973875873191,0.9855430261241268
1345,2020-05-10,0.0348205730704193,0.9651794269295807
1346,2020-05-10,0.008519928436996671,0.9914800715630033
1347,2020-05-10,0.052940486038405066,0.9470595139615949
1348,2020-05-10,0.043718137795912826,0.9562818622040872
1351,2020-05-10,0.03634578342746331,0.9636542165725367
1352,2020-05-10,0.06224005298102131,0.9377599470189787
1353,2020-05-10,0.02063135320355447,0.9793686467964455
1354,2020-05-10,0.009231757225602544,0.9907682427743975
1355,2020-05-10,0.02655819184549779,0.9734418081545022
1356,2020-05-10,0.028638185731239774,0.9713618142687602
1357,2020-05-10,0.044877120259122716,0.9551228797408773
1358,2020-05-10,0.015610968213198406,0.9843890317868016
1359,2020-05-10,0.10932996806154971,0.8906700319384503
1360,2020-05-10,0.006499297369760071,0.9935007026302399
1361,2020-05-10,0.002910730674944517,0.9970892693250555
1362,2020-05-10,0.01687422569068775,0.9831257743093123
1363,2020-05-10,0.0084857107095625,0.9915142892904375
1364,2020-05-10,0.008053162759028898,0.9919468372409711
1365,2020-05-10,0.01568766063514848,0.9843123393648515
1366,2020-05-10,0.009326569834704701,0.9906734301652953
1367,2020-05-10,0.009745156133452837,0.9902548438665472
1368,2020-05-10,0.011464877439788856,0.9885351225602111
1369,2020-05-10,0.00941214107753463,0.9905878589224654
1370,2020-05-10,0.07631120445175765,0.9236887955482423
1371,2020-05-10,0.015542926651343603,0.9844570733486564
1372,2020-05-10,0.017853030657252633,0.9821469693427474
1373,2020-05-10,0.008181745263401319,0.9918182547365987
1374,2020-05-10,0.016329586415328,0.983670413584672
1375,2020-05-10,0.02482114777990818,0.9751788522200918
1376,2020-05-10,0.033644564379645026,0.966355435620355
1377,2020-05-10,0.005225965563946278,0.9947740344360537
1378,2020-05-10,0.010365555793165893,0.9896344442068341
1379,2020-05-10,0.004033595325073747,0.9959664046749263
1380,2020-05-10,0.01752149657014923,0.9824785034298508
1381,2020-05-10,0.023329550651205566,0.9766704493487944
1382,2020-05-10,0.014513818476445284,0.9854861815235547
1383,2020-05-10,0.00793969192397248,0.9920603080760275
1384,2020-05-10,0.008124807122169342,0.9918751928778307
1386,2020-05-10,0.015506336247633978,0.984493663752366
1387,2020-05-10,0.004982438269404921,0.9950175617305951
1388,2020-05-10,0.0038178258702903367,0.9961821741297097
1389,2020-05-10,0.00429915133372849,0.9957008486662715
1390,2020-05-10,0.033709255146185724,0.9662907448538143
1391,2020-05-10,0.006005280923636946,0.993994719076363
1393,2020-05-10,0.03436953909855878,0.9656304609014412
1394,2020-05-10,0.005783709260374192,0.9942162907396258
1395,2020-05-10,0.004565654143234621,0.9954343458567654
1396,2020-05-10,0.014012058016461437,0.9859879419835386
1397,2020-05-10,0.013574882511950492,0.9864251174880495
1398,2020-05-10,0.020770447717137985,0.979229552282862
1399,2020-05-10,0.007139416960328826,0.9928605830396712
1400,2020-05-10,0.016121378583553336,0.9838786214164467
1401,2020-05-10,0.006379683239314038,0.993620316760686
1402,2020-05-10,0.014898033984745984,0.985101966015254
1403,2020-05-10,0.0025270318832856242,0.9974729681167144
1404,2020-05-10,0.002181655522226933,0.9978183444777731
1405,2020-05-10,0.02164225704993028,0.9783577429500697
1406,2020-05-10,0.010644189527403536,0.9893558104725965
1407,2020-05-10,0.005591647124471466,0.9944083528755285
1408,2020-05-10,0.008588578820057702,0.9914114211799423
1409,2020-05-10,0.012140887041712789,0.9878591129582872
1410,2020-05-10,0.0101774096252234,0.9898225903747766
1411,2020-05-10,0.006212042734573764,0.9937879572654262
1412,2020-05-10,0.023835578753911735,0.9761644212460883
1413,2020-05-10,0.03183503881266547,0.9681649611873345
1414,2020-05-10,0.1498215093536901,0.8501784906463099
1415,2020-05-10,0.010353864943784208,0.9896461350562158
1416,2020-05-10,0.015560943413595929,0.9844390565864041
1417,2020-05-10,0.035509606857874965,0.964490393142125
1418,2020-05-10,0.00448489931983953,0.9955151006801605
1419,2020-05-10,0.02640208788002285,0.9735979121199771
1420,2020-05-10,0.004213530786823183,0.9957864692131768
1421,2020-05-10,0.005619939754145209,0.9943800602458548
1422,2020-05-10,0.00760827854240087,0.9923917214575991
1423,2020-05-10,0.017988292175120324,0.9820117078248797
1424,2020-05-10,0.045981167389187005,0.954018832610813
1425,2020-05-10,0.012678226661698266,0.9873217733383017
1426,2020-05-10,0.007250367350418174,0.9927496326495818
1427,2020-05-10,0.04049930244158639,0.9595006975584136
1428,2020-05-10,0.01547244441350204,0.984527555586498
1429,2020-05-10,0.02263186603954137,0.9773681339604586
1430,2020-05-10,0.0856540066736986,0.9143459933263014
1431,2020-05-10,0.01952172122217033,0.9804782787778297
1432,2020-05-10,0.0011050455511452117,0.9988949544488548
1433,2020-05-10,0.005712220380976518,0.9942877796190235
1434,2020-05-10,0.007486738285240158,0.9925132617147598
1435,2020-05-10,0.013293680266313501,0.9867063197336865
1436,2020-05-10,0.003299334395769238,0.9967006656042308
1437,2020-05-10,0.03180577314968713,0.9681942268503129
1438,2020-05-10,0.032250270811557735,0.9677497291884423
1439,2020-05-10,0.023636196305890866,0.9763638036941091
1440,2020-05-10,0.016247222912032955,0.983752777087967
1441,2020-05-10,0.017194545858334576,0.9828054541416654
1442,2020-05-10,0.034484061843841674,0.9655159381561583
1443,2020-05-10,0.2225924620121662,0.7774075379878338
1444,2020-05-10,0.03161117438566252,0.9683888256143375
1445,2020-05-10,0.015954139370783826,0.9840458606292162
1446,2020-05-10,0.05194109510167333,0.9480589048983267
1447,2020-05-10,0.020133318035955194,0.9798666819640448
1448,2020-05-10,0.0026966988712334716,0.9973033011287665
1449,2020-05-10,0.019638619856607198,0.9803613801433928
1450,2020-05-10,0.010158992539967993,0.989841007460032
1451,2020-05-10,0.005290279296737532,0.9947097207032625
1452,2020-05-10,0.030503448300174485,0.9694965516998255
1453,2020-05-10,0.008602338077637883,0.9913976619223621
1454,2020-05-10,0.002044879376109643,0.9979551206238904
1455,2020-05-10,0.017126868814157037,0.982873131185843
1456,2020-05-10,0.007971549009515355,0.9920284509904846
1457,2020-05-10,0.03238682229200973,0.9676131777079903
1458,2020-05-10,0.03428094420541372,0.9657190557945863
1459,2020-05-10,0.008993087762088625,0.9910069122379114
1460,2020-05-10,0.005219979221104842,0.9947800207788952
1461,2020-05-10,0.025728121427567086,0.9742718785724329
1462,2020-05-10,0.008408514226533326,0.9915914857734667
1463,2020-05-10,0.012862105156507542,0.9871378948434925
1464,2020-05-10,0.00851312089098144,0.9914868791090186
1465,2020-05-10,0.020528401689413167,0.9794715983105868
1466,2020-05-10,0.016851639612865288,0.9831483603871347
1467,2020-05-10,0.036982615692545795,0.9630173843074542
1468,2020-05-10,0.06347239394923665,0.9365276060507634
1469,2020-05-10,0.026735770778256285,0.9732642292217437
1470,2020-05-10,0.01120800462176319,0.9887919953782368
1471,2020-05-10,0.001795336938252956,0.998204663061747
1472,2020-05-10,0.0054841120777622265,0.9945158879222378
1473,2020-05-10,0.014600075588918293,0.9853999244110817
1474,2020-05-10,0.05053447999817562,0.9494655200018244
1475,2020-05-10,0.046138637524680504,0.9538613624753195
1476,2020-05-10,0.0074649165799519634,0.992535083420048
1477,2020-05-10,0.009082298112201292,0.9909177018877987
1478,2020-05-10,0.03923743904659549,0.9607625609534045
1479,2020-05-10,0.0173618347565625,0.9826381652434375
1480,2020-05-10,0.0072024232846970015,0.992797576715303
1481,2020-05-10,0.009144244704462512,0.9908557552955375
1482,2020-05-10,0.006355675818101703,0.9936443241818983
1483,2020-05-10,0.019755153799480896,0.9802448462005191
1484,2020-05-10,0.03367188497371021,0.9663281150262898
1486,2020-05-10,0.05265888793417561,0.9473411120658244
1487,2020-05-10,0.016920332252907566,0.9830796677470924
1488,2020-05-10,0.027802171804672815,0.9721978281953272
1490,2020-05-10,0.010669051009349895,0.9893309489906501
1491,2020-05-10,0.00590620053886004,0.99409379946114
1492,2020-05-10,0.01165190600641286,0.9883480939935871
1493,2020-05-10,0.0258505474829982,0.9741494525170018
1494,2020-05-10,0.015923097644919726,0.9840769023550803
1495,2020-05-10,0.009241618000917051,0.990758381999083
1496,2020-05-10,0.06329722337829713,0.9367027766217029
1497,2020-05-10,0.009991876491139973,0.99000812350886
1498,2020-05-10,0.0024827641886825402,0.9975172358113175
1499,2020-05-10,0.059697911802156334,0.9403020881978437
1500,2020-05-10,0.009384508575295158,0.9906154914247048
1501,2020-05-10,0.003552508596828985,0.996447491403171
1502,2020-05-10,0.0034957690521263407,0.9965042309478737
1503,2020-05-10,0.0029045832619642997,0.9970954167380357
1504,2020-05-10,0.029348186952539934,0.9706518130474601
1505,2020-05-10,0.009869467410273725,0.9901305325897263
1506,2020-05-10,0.006640368063186686,0.9933596319368133
1507,2020-05-10,0.021172285656774537,0.9788277143432255
1508,2020-05-10,0.040483584982978105,0.9595164150170219
1509,2020-05-10,0.00760226349745019,0.9923977365025498
1511,2020-05-10,0.009383691289209906,0.9906163087107901
1512,2020-05-10,0.004608466371361142,0.9953915336286389
1513,2020-05-10,0.0011592523557453216,0.9988407476442547
1514,2020-05-10,0.005813247135108224,0.9941867528648918
1515,2020-05-10,0.005864325127906467,0.9941356748720935
1516,2020-05-10,0.007745613641571003,0.992254386358429
1517,2020-05-10,0.014445581685187281,0.9855544183148127
1518,2020-05-10,0.017521838447349336,0.9824781615526507
1520,2020-05-10,0.018319139320228217,0.9816808606797718
1522,2020-05-10,0.06106708483039536,0.9389329151696046
1523,2020-05-10,0.030023637859112995,0.969976362140887
1524,2020-05-10,0.008227887028671832,0.9917721129713282
1525,2020-05-10,0.019635374058454058,0.9803646259415459
1526,2020-05-10,0.030381937961814764,0.9696180620381852
1527,2020-05-10,0.0021832437303741514,0.9978167562696258
1528,2020-05-10,0.008288380099631842,0.9917116199003682
1529,2020-05-10,0.014356242364849114,0.9856437576351509
1530,2020-05-10,0.009288946017431798,0.9907110539825682
1531,2020-05-10,0.012187683602978838,0.9878123163970212
1532,2020-05-10,0.011698426625716407,0.9883015733742836
1533,2020-05-10,0.01850430999023711,0.9814956900097629
1534,2020-05-10,0.009806747504996993,0.990193252495003
1535,2020-05-10,0.0032852316624015776,0.9967147683375984
1536,2020-05-10,0.01951912276904577,0.9804808772309542
1537,2020-05-10,0.01627316691098113,0.9837268330890189
1538,2020-05-10,0.026828062992608204,0.9731719370073918
1539,2020-05-10,0.0033152168753041167,0.9966847831246959
1540,2020-05-10,0.006133893583037731,0.9938661064169623
1541,2020-05-10,0.01383317783051019,0.9861668221694898
1544,2020-05-10,0.010290883203752044,0.989709116796248
1545,2020-05-10,0.02337850209993808,0.9766214979000619
1546,2020-05-10,0.011056996731100499,0.9889430032688995
1547,2020-05-10,0.0074700059378418615,0.9925299940621581
1548,2020-05-10,0.0044819898038594985,0.9955180101961405
1549,2020-05-10,0.009564864494400749,0.9904351355055993
1550,2020-05-10,0.009880699922282465,0.9901193000777175
1551,2020-05-10,0.016293225889795204,0.9837067741102048
1552,2020-05-10,0.02054543673202114,0.9794545632679789
1553,2020-05-10,0.01460337277627155,0.9853966272237284
1554,2020-05-10,0.013273805085090573,0.9867261949149094
1556,2020-05-10,0.02121277376236408,0.9787872262376359
1557,2020-05-10,0.011515170387683571,0.9884848296123164
1558,2020-05-10,0.029151105811340394,0.9708488941886596
1559,2020-05-10,0.015790967207275797,0.9842090327927242
1560,2020-05-10,0.02702700392970847,0.9729729960702915
1561,2020-05-10,0.07409238096922188,0.9259076190307781
1562,2020-05-10,0.04314188363984672,0.9568581163601533
1563,2020-05-10,0.005290069049801893,0.9947099309501981
1564,2020-05-10,0.04976872446862601,0.950231275531374
1565,2020-05-10,0.008607490436506882,0.9913925095634931
1566,2020-05-10,0.024151137232941156,0.9758488627670588
1567,2020-05-10,0.006568859570933672,0.9934311404290663
1569,2020-05-10,0.016062581474575177,0.9839374185254248
1570,2020-05-10,0.0045026653889294055,0.9954973346110706
1571,2020-05-10,0.007460814545308447,0.9925391854546916
1572,2020-05-10,0.02088768778254768,0.9791123122174523
1573,2020-05-10,0.038584739915678234,0.9614152600843218
1574,2020-05-10,0.040082549450230154,0.9599174505497698
1575,2020-05-10,0.04169483502272475,0.9583051649772752
1576,2020-05-10,0.020438896135791862,0.9795611038642081
1577,2020-05-10,0.020063654591747748,0.9799363454082523
1578,2020-05-10,0.0075301371991298716,0.9924698628008701
1579,2020-05-10,0.025235705812940545,0.9747642941870595
1580,2020-05-10,0.008550176287404732,0.9914498237125953
1581,2020-05-10,0.00754079480605685,0.9924592051939432
1582,2020-05-10,0.03075433670421135,0.9692456632957887
1583,2020-05-10,0.009450878870261414,0.9905491211297386
1584,2020-05-10,0.07207051658201524,0.9279294834179848
1585,2020-05-10,0.009009363298832063,0.9909906367011679
1586,2020-05-10,0.05308252970993099,0.946917470290069
1588,2020-05-10,0.004387419929870018,0.99561258007013
1589,2020-05-10,0.0020249657845184954,0.9979750342154815
1590,2020-05-10,0.016562433151202316,0.9834375668487977
1591,2020-05-10,0.032969602151290855,0.9670303978487091
1592,2020-05-10,0.07158317397856839,0.9284168260214316
1593,2020-05-10,0.027973655850133228,0.9720263441498668
1594,2020-05-10,0.012153444870196317,0.9878465551298037
1595,2020-05-10,0.06689103010513975,0.9331089698948603
1596,2020-05-10,0.005885524938980535,0.9941144750610195
1599,2020-05-10,0.010717095411387767,0.9892829045886122
1601,2020-05-10,0.008577342980186642,0.9914226570198134
1602,2020-05-10,0.008621895503350019,0.99137810449665
1603,2020-05-10,0.06663186758987749,0.9333681324101225
1604,2020-05-10,0.004744058505425364,0.9952559414945746
1605,2020-05-10,0.01875802205634547,0.9812419779436545
1606,2020-05-10,0.010630933999162484,0.9893690660008375
1607,2020-05-10,0.01434333811598254,0.9856566618840175
1608,2020-05-10,0.0021192206140648873,0.9978807793859351
1609,2020-05-10,0.01834402804986035,0.9816559719501396
1610,2020-05-10,0.0035696858169604884,0.9964303141830395
1611,2020-05-10,0.02278833054009577,0.9772116694599042
1612,2020-05-10,0.017385475392858507,0.9826145246071415
1613,2020-05-10,0.030159650865702825,0.9698403491342972
1614,2020-05-10,0.011409569363330374,0.9885904306366696
1615,2020-05-10,0.009521647930999744,0.9904783520690003
1616,2020-05-10,0.01249241287928704,0.987507587120713
1617,2020-05-10,0.014244105980584454,0.9857558940194155
1619,2020-05-10,0.006383085445266001,0.993616914554734
1620,2020-05-10,0.0037460564743549973,0.996253943525645
1621,2020-05-10,0.025784774045953474,0.9742152259540465
1622,2020-05-10,0.024979820987453882,0.9750201790125461
1623,2020-05-10,0.008684762077585284,0.9913152379224147
1624,2020-05-10,0.01324378601080023,0.9867562139891998
1625,2020-05-10,0.010551010371256053,0.989448989628744
1627,2020-05-10,0.014883894447814239,0.9851161055521858
1628,2020-05-10,0.014281306722167542,0.9857186932778325
1630,2020-05-10,0.024223224616516492,0.9757767753834835
1631,2020-05-10,0.024966166891869257,0.9750338331081307
1634,2020-05-10,0.038161667545040356,0.9618383324549596
1635,2020-05-10,0.02121235184455883,0.9787876481554412
1636,2020-05-10,0.01289845383254995,0.98710154616745
1637,2020-05-10,0.04968280446109008,0.9503171955389099
1638,2020-05-10,0.007151892452339381,0.9928481075476606
1639,2020-05-10,0.06063268427678137,0.9393673157232186
1640,2020-05-10,0.005797203306404097,0.9942027966935959
1641,2020-05-10,0.002137554256342211,0.9978624457436578
1642,2020-05-10,0.056342207552060763,0.9436577924479392
1643,2020-05-10,0.02073777086590578,0.9792622291340942
1644,2020-05-10,0.027792830915943978,0.972207169084056
1645,2020-05-10,0.023113217309138956,0.976886782690861
1646,2020-05-10,0.016537135795223645,0.9834628642047764
1647,2020-05-10,0.003007509740640457,0.9969924902593595
1648,2020-05-10,0.006533848896715155,0.9934661511032848
1649,2020-05-10,0.01678852251659657,0.9832114774834034
1651,2020-05-10,0.02502136904852914,0.9749786309514709
1652,2020-05-10,0.005316280028858422,0.9946837199711416
1654,2020-05-10,0.0069929996932468486,0.9930070003067532
1655,2020-05-10,0.06977884186922656,0.9302211581307734
1656,2020-05-10,0.02260837048444342,0.9773916295155566
1657,2020-05-10,0.03929853387959181,0.9607014661204082
1659,2020-05-10,0.015392938403195111,0.9846070615968049
1660,2020-05-10,0.008626371920222864,0.9913736280797771
1661,2020-05-10,0.008271804374455738,0.9917281956255443
1662,2020-05-10,0.007325518223681882,0.9926744817763181
1663,2020-05-10,0.009561371154787945,0.990438628845212
1664,2020-05-10,0.02858709067543197,0.971412909324568
1665,2020-05-10,0.005821387917283705,0.9941786120827163
1666,2020-05-10,0.023145334314632615,0.9768546656853674
1667,2020-05-10,0.08857831980075226,0.9114216801992477
1669,2020-05-10,0.08112157017866428,0.9188784298213357
1670,2020-05-10,0.004022725804899374,0.9959772741951006
1671,2020-05-10,0.010835157729256473,0.9891648422707435
1672,2020-05-10,0.04040725500266462,0.9595927449973354
1673,2020-05-10,0.04544054358673444,0.9545594564132656
1674,2020-05-10,0.00922192225319185,0.9907780777468082
1677,2020-05-10,0.020938160045854803,0.9790618399541452
1678,2020-05-10,0.0050096623107640514,0.994990337689236
1679,2020-05-10,0.011628803440967284,0.9883711965590327
1680,2020-05-10,0.035832303056131054,0.964167696943869
1681,2020-05-10,0.01901030360620548,0.9809896963937945
1682,2020-05-10,0.0028271261627276223,0.9971728738372724
1683,2020-05-10,0.04295555448121435,0.9570444455187856
1684,2020-05-10,0.009688140725883643,0.9903118592741164
1685,2020-05-10,0.01592344218603481,0.9840765578139652
1687,2020-05-10,0.012377903219920272,0.9876220967800797
1688,2020-05-10,0.023986511738237848,0.9760134882617622
1689,2020-05-10,0.015501981206831217,0.9844980187931688
1690,2020-05-10,0.008247378156095664,0.9917526218439043
1691,2020-05-10,0.0190498072344204,0.9809501927655796
1692,2020-05-10,0.005464202343388291,0.9945357976566117
1693,2020-05-10,0.014414543117498457,0.9855854568825015
1694,2020-05-10,0.01651999099503365,0.9834800090049663
1695,2020-05-10,0.013253012929193009,0.986746987070807
1696,2020-05-10,0.004088587614283545,0.9959114123857165
1697,2020-05-10,0.027103325992087313,0.9728966740079127
1698,2020-05-10,0.007897971122131309,0.9921020288778687
1699,2020-05-10,0.04199348222588373,0.9580065177741163
1700,2020-05-10,0.015222772601126588,0.9847772273988734
1702,2020-05-10,0.0056761920413636036,0.9943238079586364
1703,2020-05-10,0.009228392892289383,0.9907716071077106
1704,2020-05-10,0.009177507817670016,0.99082249218233
1705,2020-05-10,0.004375133012951893,0.9956248669870481
1706,2020-05-10,0.009478023567011107,0.9905219764329889
1707,2020-05-10,0.009214537154822677,0.9907854628451773
1709,2020-05-10,0.022215176899171074,0.9777848231008289
1710,2020-05-10,0.00639233812762563,0.9936076618723744
1711,2020-05-10,0.014250682519339586,0.9857493174806604
1712,2020-05-10,0.07261050609692132,0.9273894939030787
1713,2020-05-10,0.05908414732000933,0.9409158526799907
1714,2020-05-10,0.013784428309213337,0.9862155716907867
1715,2020-05-10,0.03303800772189336,0.9669619922781066
1716,2020-05-10,0.0017761735223555952,0.9982238264776444
1717,2020-05-10,0.0315717839311761,0.9684282160688239
1718,2020-05-10,0.010272915381719816,0.9897270846182802
1719,2020-05-10,0.02491476850759211,0.9750852314924079
1720,2020-05-10,0.018540886762724473,0.9814591132372755
1721,2020-05-10,0.0050658258222170405,0.994934174177783
1722,2020-05-10,0.00405727922640875,0.9959427207735913
1723,2020-05-10,0.012176851933932364,0.9878231480660676
1724,2020-05-10,0.006163729411445162,0.9938362705885548
1726,2020-05-10,0.007283922527597575,0.9927160774724024
1727,2020-05-10,0.0013063658200100914,0.9986936341799899
1728,2020-05-10,0.0026108257611658914,0.9973891742388341
1729,2020-05-10,0.008381209949396728,0.9916187900506033
1730,2020-05-10,0.029994946895665953,0.970005053104334
1731,2020-05-10,0.0019317026082287247,0.9980682973917713
1732,2020-05-10,0.007633146302677307,0.9923668536973227
1733,2020-05-10,0.0017009481019728545,0.9982990518980271
1734,2020-05-10,0.01467975564853996,0.98532024435146
1735,2020-05-10,0.029504071197213766,0.9704959288027862
1736,2020-05-10,0.01775820389787952,0.9822417961021205
1737,2020-05-10,0.03272865453728169,0.9672713454627183
1738,2020-05-10,0.054158555417709864,0.9458414445822901
1739,2020-05-10,0.018434025368230356,0.9815659746317696
1740,2020-05-10,0.0009118580624308814,0.9990881419375691
1741,2020-05-10,0.006660962333849385,0.9933390376661506
1743,2020-05-10,0.04130737194128564,0.9586926280587144
1744,2020-05-10,0.009205009721019675,0.9907949902789803
1745,2020-05-10,0.03174649049425815,0.9682535095057418
1746,2020-05-10,0.001981998183848921,0.9980180018161511
1747,2020-05-10,0.014129567708233148,0.9858704322917669
1748,2020-05-10,0.013435161977926047,0.986564838022074
1749,2020-05-10,0.023360903712534187,0.9766390962874658
1750,2020-05-10,0.008950885835384614,0.9910491141646154
1751,2020-05-10,0.016667668890747,0.983332331109253
1752,2020-05-10,0.0042829767891925385,0.9957170232108075
1754,2020-05-10,0.004685739130765754,0.9953142608692342
1755,2020-05-10,0.031614932107176696,0.9683850678928233
1756,2020-05-10,0.01951489794895145,0.9804851020510486
1757,2020-05-10,0.00255058672346975,0.9974494132765303
1759,2020-05-10,0.00682328198980553,0.9931767180101945
1760,2020-05-10,0.004040448322606083,0.9959595516773939
1761,2020-05-10,0.010943752406543328,0.9890562475934567
1762,2020-05-10,0.010067940602910053,0.98993205939709
1763,2020-05-10,0.0036807546399568736,0.9963192453600431
1764,2020-05-10,0.015760236263932192,0.9842397637360678
1765,2020-05-10,0.009359695543177282,0.9906403044568227
1766,2020-05-10,0.06883747954307151,0.9311625204569285
1767,2020-05-10,0.010143470207138794,0.9898565297928612
1768,2020-05-10,0.010274194871734421,0.9897258051282656
1769,2020-05-10,0.02097657066483094,0.9790234293351691
1771,2020-05-10,0.012906263532219686,0.9870937364677803
1772,2020-05-10,0.017831640983221098,0.9821683590167789
1773,2020-05-10,0.005890244971597736,0.9941097550284023
1774,2020-05-10,0.005943482625316965,0.994056517374683
1775,2020-05-10,0.017341917406806462,0.9826580825931935
1776,2020-05-10,0.002663106538673188,0.9973368934613268
1777,2020-05-10,0.0035249561056724943,0.9964750438943275
1779,2020-05-10,0.007102315346114718,0.9928976846538853
1780,2020-05-10,0.03418358984386549,0.9658164101561345
1781,2020-05-10,0.014489340660035377,0.9855106593399646
1782,2020-05-10,0.013539858415535733,0.9864601415844643
1783,2020-05-10,0.04582496318343654,0.9541750368165635
1784,2020-05-10,0.06771540111167074,0.9322845988883293
1785,2020-05-10,0.028639694922989678,0.9713603050770103
1786,2020-05-10,0.03442538839607212,0.9655746116039279
1787,2020-05-10,0.0033400595421830825,0.9966599404578169
1788,2020-05-10,0.023409686946161412,0.9765903130538386
1789,2020-05-10,0.004702891713063595,0.9952971082869364
1790,2020-05-10,0.011406705685605867,0.9885932943143941
1791,2020-05-10,0.03028641572683044,0.9697135842731696
1792,2020-05-10,0.015135800644889286,0.9848641993551107
1793,2020-05-10,0.0026966436649923375,0.9973033563350077
1794,2020-05-10,0.025898545221927916,0.9741014547780721
1795,2020-05-10,0.019789303478935705,0.9802106965210643
1796,2020-05-10,0.005913548968868199,0.9940864510311318
1797,2020-05-10,0.007872687702669356,0.9921273122973306
1798,2020-05-10,0.017046139892195722,0.9829538601078043
1799,2020-05-10,0.043697590629625305,0.9563024093703747
1800,2020-05-10,0.029323209076569823,0.9706767909234302
1801,2020-05-10,0.018440379995774303,0.9815596200042257
1802,2020-05-10,0.0059018216924497935,0.9940981783075502
1803,2020-05-10,0.010967552078793963,0.989032447921206
1804,2020-05-10,0.010712105625170887,0.9892878943748291
1805,2020-05-10,0.013348850029152759,0.9866511499708472
1806,2020-05-10,0.005732153138936047,0.994267846861064
1807,2020-05-10,0.01227583660955589,0.9877241633904441
1808,2020-05-10,0.016486948478276586,0.9835130515217234
1809,2020-05-10,0.00834154083190164,0.9916584591680984
1810,2020-05-10,0.013622659279558746,0.9863773407204413
1811,2020-05-10,0.00920927241084768,0.9907907275891523
1812,2020-05-10,0.011131285993367324,0.9888687140066327
1813,2020-05-10,0.013297962533185492,0.9867020374668145
1814,2020-05-10,0.016691207896565086,0.9833087921034349
1815,2020-05-10,0.009118706157132173,0.9908812938428678
1816,2020-05-10,0.0056977111557465765,0.9943022888442534
1817,2020-05-10,0.01580465459605429,0.9841953454039457
1818,2020-05-10,0.042792389522620655,0.9572076104773793
1819,2020-05-10,0.0014016155858203039,0.9985983844141797
1820,2020-05-10,0.04101745722839034,0.9589825427716097
1821,2020-05-10,0.02098385063992636,0.9790161493600736
1822,2020-05-10,0.0033312602417162607,0.9966687397582837
1823,2020-05-10,0.03568279116133233,0.9643172088386677
1824,2020-05-10,0.01483130886975148,0.9851686911302485
1826,2020-05-10,0.003995748768112817,0.9960042512318872
1827,2020-05-10,0.04457376274117619,0.9554262372588238
1828,2020-05-10,0.03288481050772052,0.9671151894922795
1829,2020-05-10,0.0036460703266034677,0.9963539296733965
1831,2020-05-10,0.015095998880260586,0.9849040011197394
1832,2020-05-10,0.00927048854440915,0.9907295114555908
1833,2020-05-10,0.036647099380766046,0.963352900619234
1835,2020-05-10,0.0149033673680804,0.9850966326319196
1836,2020-05-10,0.024279311984794827,0.9757206880152052
1837,2020-05-10,0.017224703287098353,0.9827752967129016
1838,2020-05-10,0.004898000419034765,0.9951019995809652
1839,2020-05-10,0.009509475133698153,0.9904905248663018
1841,2020-05-10,0.01360855790970028,0.9863914420902997
1842,2020-05-10,0.008076543942517334,0.9919234560574827
1843,2020-05-10,0.06461904152021047,0.9353809584797895
1844,2020-05-10,0.004609296012503483,0.9953907039874965
1845,2020-05-10,0.002949020154329296,0.9970509798456707
1846,2020-05-10,0.043032083531286514,0.9569679164687135
1847,2020-05-10,0.02419826231140154,0.9758017376885985
1848,2020-05-10,0.009648004973565327,0.9903519950264347
1849,2020-05-10,0.0658716785975314,0.9341283214024686
1850,2020-05-10,0.012217491586908769,0.9877825084130912
1851,2020-05-10,0.0024593267009492825,0.9975406732990507
1852,2020-05-10,0.014595981579048956,0.985404018420951
1853,2020-05-10,0.025085243797269396,0.9749147562027306
1854,2020-05-10,0.00441277644344229,0.9955872235565577
1855,2020-05-10,0.01717302987740732,0.9828269701225927
1857,2020-05-10,0.011864368888277799,0.9881356311117222
1858,2020-05-10,0.0013006780465035783,0.9986993219534964
1859,2020-05-10,0.014774943598432233,0.9852250564015678
1860,2020-05-10,0.013912701563925656,0.9860872984360743
1861,2020-05-10,0.010898877370358107,0.9891011226296419
1862,2020-05-10,0.006050966858928919,0.9939490331410711
1863,2020-05-10,0.01296706276541748,0.9870329372345825
1864,2020-05-10,0.009399488584655225,0.9906005114153448
1865,2020-05-10,0.010318728382582631,0.9896812716174174
1866,2020-05-10,0.004442732592220167,0.9955572674077798
1867,2020-05-10,0.007865560788495984,0.992134439211504
1868,2020-05-10,0.01907054387146867,0.9809294561285313
1869,2020-05-10,0.01324060068214239,0.9867593993178576
1870,2020-05-10,0.013844864415720304,0.9861551355842797
1871,2020-05-10,0.01473737432102007,0.9852626256789799
1872,2020-05-10,0.006361403462600945,0.993638596537399
1873,2020-05-10,0.0032682340965662915,0.9967317659034337
1874,2020-05-10,0.006298365429753372,0.9937016345702466
1875,2020-05-10,0.011576472680845495,0.9884235273191545
1876,2020-05-10,0.04016231727502051,0.9598376827249795
1878,2020-05-10,0.05055080510631593,0.9494491948936841
1880,2020-05-10,0.01411269539577209,0.9858873046042279
1882,2020-05-10,0.0026265349795813187,0.9973734650204187
1883,2020-05-10,0.018467208334355445,0.9815327916656446
1884,2020-05-10,0.025139692549890014,0.97486030745011
1885,2020-05-10,0.058101949678269316,0.9418980503217307
1886,2020-05-10,0.059941580649061965,0.940058419350938
1887,2020-05-10,0.025208364097531133,0.9747916359024689
1888,2020-05-10,0.03581232253939137,0.9641876774606086
1889,2020-05-10,0.046975883314710365,0.9530241166852896
1890,2020-05-10,0.04598814379276506,0.9540118562072349
1891,2020-05-10,0.006532590717789,0.993467409282211
1892,2020-05-10,0.014687972077818467,0.9853120279221815
1893,2020-05-10,0.04897890024616791,0.9510210997538321
1894,2020-05-10,0.0035005775858841792,0.9964994224141158
1896,2020-05-10,0.017474135528933954,0.982525864471066
1897,2020-05-10,0.0030091310682555106,0.9969908689317445
1898,2020-05-10,0.0058327642642448385,0.9941672357357552
1899,2020-05-10,0.031311448694344546,0.9686885513056555
1900,2020-05-10,0.032164199814711414,0.9678358001852886
1901,2020-05-10,0.01976268822414573,0.9802373117758543
1902,2020-05-10,0.006240654298993675,0.9937593457010063
1903,2020-05-10,0.00974539243900252,0.9902546075609975
1904,2020-05-10,0.005298734734451194,0.9947012652655488
1905,2020-05-10,0.011075643719143269,0.9889243562808567
1906,2020-05-10,0.011433464772725555,0.9885665352272744
1907,2020-05-10,0.008143311168398615,0.9918566888316014
1908,2020-05-10,0.006637798368327119,0.9933622016316729
1909,2020-05-10,0.025189166014732978,0.974810833985267
1910,2020-05-10,0.011415897158354893,0.9885841028416451
1911,2020-05-10,0.01216826996954401,0.987831730030456
1912,2020-05-10,0.008452986648367466,0.9915470133516325
1913,2020-05-10,0.06904702406098451,0.9309529759390155
1914,2020-05-10,0.0011786311869560473,0.998821368813044
1915,2020-05-10,0.008764761535423382,0.9912352384645766
1916,2020-05-10,0.014717670603612842,0.9852823293963872
1917,2020-05-10,0.054022478531642215,0.9459775214683578
1918,2020-05-10,0.02484238044888276,0.9751576195511172
1920,2020-05-10,0.03284258274567753,0.9671574172543225
1921,2020-05-10,0.008989504152198458,0.9910104958478015
1922,2020-05-10,0.005668033617319934,0.9943319663826801
1924,2020-05-10,0.003306767899010854,0.9966932321009891
1925,2020-05-10,0.03901229199918643,0.9609877080008136
1926,2020-05-10,0.03867255091904609,0.9613274490809539
1927,2020-05-10,0.012248542635570736,0.9877514573644293
1928,2020-05-10,0.010826487661383055,0.989173512338617
1929,2020-05-10,0.027692453616096957,0.972307546383903
1930,2020-05-10,0.007285350065024843,0.9927146499349752
1931,2020-05-10,0.010311738777706858,0.9896882612222931
1932,2020-05-10,0.014461022261572198,0.9855389777384278
1933,2020-05-10,0.0026653274157815154,0.9973346725842185
1934,2020-05-10,0.014071253803086825,0.9859287461969132
1935,2020-05-10,0.024904669558297066,0.9750953304417029
1936,2020-05-10,0.028908623494581454,0.9710913765054185
1937,2020-05-10,0.004120207676696186,0.9958797923233038
1938,2020-05-10,0.02345611779001322,0.9765438822099868
1939,2020-05-10,0.01817013088212205,0.981829869117878
1940,2020-05-10,0.004907725154218667,0.9950922748457813
1941,2020-05-10,0.05543406413003382,0.9445659358699662
1942,2020-05-10,0.031130097376709465,0.9688699026232905
1943,2020-05-10,0.006603667022761939,0.9933963329772381
1944,2020-05-10,0.0025148194194357654,0.9974851805805642
1945,2020-05-10,0.011480665273257862,0.9885193347267421
1946,2020-05-10,0.016789415821827247,0.9832105841781728
1947,2020-05-10,0.012733942344682503,0.9872660576553175
1948,2020-05-10,0.035813350139444755,0.9641866498605552
1949,2020-05-10,0.0013755599091396231,0.9986244400908604
1950,2020-05-10,0.008841073344802997,0.991158926655197
1951,2020-05-10,0.004129672328357925,0.9958703276716421
1952,2020-05-10,0.05379671318836976,0.9462032868116302
1953,2020-05-10,0.02800914658864706,0.9719908534113529
1954,2020-05-10,0.023079585510003997,0.976920414489996
1955,2020-05-10,0.003581036102316859,0.9964189638976831
1956,2020-05-10,0.01671782907240915,0.9832821709275908
1957,2020-05-10,0.01083941238129138,0.9891605876187086
1958,2020-05-10,0.007282305215844276,0.9927176947841557
1959,2020-05-10,0.007653626572540317,0.9923463734274597
1960,2020-05-10,0.007298605052639018,0.992701394947361
1961,2020-05-10,0.027893202175896636,0.9721067978241034
1962,2020-05-10,0.0198311307722705,0.9801688692277295
1963,2020-05-10,0.01281993480322563,0.9871800651967744
1965,2020-05-10,0.01502554308410553,0.9849744569158945
1966,2020-05-10,0.04728794763039579,0.9527120523696042
1967,2020-05-10,0.015983108690403758,0.9840168913095962
1968,2020-05-10,0.015457564303645754,0.9845424356963542
1969,2020-05-10,0.06661780853078336,0.9333821914692166
1970,2020-05-10,0.00966237210741372,0.9903376278925863
1971,2020-05-10,0.07210911000869058,0.9278908899913094
1972,2020-05-10,0.004700846368679179,0.9952991536313208
1973,2020-05-10,0.020536928722737158,0.9794630712772628
1975,2020-05-10,0.010074676197122878,0.9899253238028771
1976,2020-05-10,0.03938697087401766,0.9606130291259823
1977,2020-05-10,0.022381149130184963,0.977618850869815
1978,2020-05-10,0.023595665640726238,0.9764043343592738
1979,2020-05-10,0.008821554355441519,0.9911784456445585
1980,2020-05-10,0.0179187595584418,0.9820812404415582
1981,2020-05-10,0.019111010452275368,0.9808889895477246
1982,2020-05-10,0.007247469614706903,0.9927525303852931
1983,2020-05-10,0.014920295557151464,0.9850797044428485
1984,2020-05-10,0.006363094321838347,0.9936369056781617
1985,2020-05-10,0.059299181743460494,0.9407008182565395
1986,2020-05-10,0.011319382569231706,0.9886806174307683
1988,2020-05-10,0.036235101353983,0.963764898646017
1989,2020-05-10,0.019308674033823192,0.9806913259661768
1990,2020-05-10,0.02003497348313077,0.9799650265168692
1991,2020-05-10,0.03873412892539774,0.9612658710746023
1992,2020-05-10,0.00553195451071431,0.9944680454892857
1993,2020-05-10,0.04492015927217541,0.9550798407278246
1994,2020-05-10,0.0014337514883346891,0.9985662485116653
1996,2020-05-10,0.020302529742979858,0.9796974702570201
1997,2020-05-10,0.01253568632232005,0.98746431367768
1998,2020-05-10,0.04800067401315722,0.9519993259868428
1999,2020-05-10,0.020156201227546133,0.9798437987724539
2000,2020-05-10,0.011534699391567815,0.9884653006084322
2001,2020-05-10,0.00605688328982934,0.9939431167101707
2002,2020-05-10,0.0029108137566685732,0.9970891862433314
2003,2020-05-10,0.008394116753280167,0.9916058832467198
2004,2020-05-10,0.004771605870348972,0.995228394129651
2005,2020-05-10,0.03683385615149093,0.9631661438485091
2006,2020-05-10,0.009654733161491125,0.9903452668385089
2007,2020-05-10,0.001414823183579328,0.9985851768164207
2008,2020-05-10,0.026133889837032576,0.9738661101629674
2009,2020-05-10,0.00793352384529733,0.9920664761547027
2010,2020-05-10,0.005309785393621036,0.994690214606379
2011,2020-05-10,0.005227240562680535,0.9947727594373195
2012,2020-05-10,0.04445352858979856,0.9555464714102014
2014,2020-05-10,0.03628339946171277,0.9637166005382872
2016,2020-05-10,0.008788798001052478,0.9912112019989475
2018,2020-05-10,0.07243985655899976,0.9275601434410002
2019,2020-05-10,0.007803238332793727,0.9921967616672063
2020,2020-05-10,0.01890211733803271,0.9810978826619673
2021,2020-05-10,0.046607279072754526,0.9533927209272455
2022,2020-05-10,0.020421625917187103,0.9795783740828129
2023,2020-05-10,0.012359696393233532,0.9876403036067665
2024,2020-05-10,0.010444738805672316,0.9895552611943277
2025,2020-05-10,0.03944553581508492,0.9605544641849151
2026,2020-05-10,0.00846243928677759,0.9915375607132224
2027,2020-05-10,0.016928593156006255,0.9830714068439937
2028,2020-05-10,0.009486319573801971,0.990513680426198
2029,2020-05-10,0.02886118835161189,0.9711388116483881
2030,2020-05-10,0.007132293057980799,0.9928677069420192
2031,2020-05-10,0.015581333621046745,0.9844186663789533
2032,2020-05-10,0.06979429531933357,0.9302057046806664
2033,2020-05-10,0.030902474403190938,0.9690975255968091
2034,2020-05-10,0.009596396652235772,0.9904036033477642
2035,2020-05-10,0.007167180921410443,0.9928328190785896
2036,2020-05-10,0.0399351352652797,0.9600648647347203
2037,2020-05-10,0.013617145234101957,0.986382854765898
2038,2020-05-10,0.008119683506611408,0.9918803164933886
2039,2020-05-10,0.003366866460732809,0.9966331335392672
2040,2020-05-10,0.010834479700815303,0.9891655202991847
2041,2020-05-10,0.011419279261570048,0.98858072073843
2042,2020-05-10,0.009987974830618307,0.9900120251693817
2043,2020-05-10,0.017641445200042072,0.9823585547999579
2044,2020-05-10,0.047625855740996315,0.9523741442590037
2045,2020-05-10,0.008826440823649473,0.9911735591763505
2046,2020-05-10,0.03635407140599001,0.96364592859401
2047,2020-05-10,0.005421124861009097,0.9945788751389909
2048,2020-05-10,0.008165841905587667,0.9918341580944123
2049,2020-05-10,0.014952764982638311,0.9850472350173617
2052,2020-05-10,0.010570791406389612,0.9894292085936104
2053,2020-05-10,0.0019772843394846307,0.9980227156605154
2054,2020-05-10,0.014211288238704989,0.985788711761295
2055,2020-05-10,0.013956115430750593,0.9860438845692494
2056,2020-05-10,0.05704889282583647,0.9429511071741635
2059,2020-05-10,0.04385299595219927,0.9561470040478007
2060,2020-05-10,0.036469798593538494,0.9635302014064615
2061,2020-05-10,0.01583416851391961,0.9841658314860804
2062,2020-05-10,0.010994185834276249,0.9890058141657238
2063,2020-05-10,0.007447593722468282,0.9925524062775317
2064,2020-05-10,0.01581505544930495,0.984184944550695
2065,2020-05-10,0.021200513281809608,0.9787994867181904
2066,2020-05-10,0.008377634347059737,0.9916223656529403
2067,2020-05-10,0.019462479320091597,0.9805375206799084
2068,2020-05-10,0.012311532777158463,0.9876884672228415
2069,2020-05-10,0.00512301935620052,0.9948769806437995
2070,2020-05-10,0.011669541099959213,0.9883304589000408
2072,2020-05-10,0.020638784829918766,0.9793612151700812
2073,2020-05-10,0.023412089346202203,0.9765879106537978
2074,2020-05-10,0.016334245547746318,0.9836657544522537
2075,2020-05-10,0.01946386814338641,0.9805361318566136
2076,2020-05-10,0.020719150303172618,0.9792808496968274
2077,2020-05-10,0.009685144339785068,0.9903148556602149
2078,2020-05-10,0.003920915582524831,0.9960790844174752
2079,2020-05-10,0.029581131649100256,0.9704188683508997
2080,2020-05-10,0.004825988878900955,0.995174011121099
2081,2020-05-10,0.03296677617166821,0.9670332238283318
2082,2020-05-10,0.008235987923284394,0.9917640120767156
2083,2020-05-10,0.010451949042975528,0.9895480509570245
2084,2020-05-10,0.007038137175806702,0.9929618628241933
2085,2020-05-10,0.007626208898583342,0.9923737911014167
2086,2020-05-10,0.012916285318615661,0.9870837146813843
2087,2020-05-10,0.031869193436243615,0.9681308065637564
2088,2020-05-10,0.0036130695441144445,0.9963869304558856
2089,2020-05-10,0.03150322252860016,0.9684967774713998
2090,2020-05-10,0.055791042255587175,0.9442089577444128
2091,2020-05-10,0.01664574675128372,0.9833542532487163
2092,2020-05-10,0.07257132633600671,0.9274286736639933
2094,2020-05-10,0.008852994183235374,0.9911470058167646
2095,2020-05-10,0.00638651725926509,0.9936134827407349
2096,2020-05-10,0.010090864235111963,0.989909135764888
2097,2020-05-10,0.010785461014221065,0.9892145389857789
2098,2020-05-10,0.024410216751428515,0.9755897832485715
2099,2020-05-10,0.0173934168457065,0.9826065831542935
2100,2020-05-10,0.026380750280565635,0.9736192497194344
2101,2020-05-10,0.0023879881921284873,0.9976120118078715
2102,2020-05-10,0.004839186954364694,0.9951608130456353
2103,2020-05-10,0.025889941799712934,0.9741100582002871
2104,2020-05-10,0.010680294857701611,0.9893197051422984
2105,2020-05-10,0.006310278610385023,0.993689721389615
2106,2020-05-10,0.02960781310387617,0.9703921868961238
2107,2020-05-10,0.023471360530328056,0.9765286394696719
2108,2020-05-10,0.020859541883887833,0.9791404581161122
2110,2020-05-10,0.012401730946486889,0.9875982690535131
2111,2020-05-10,0.03160554638888846,0.9683944536111115
2113,2020-05-10,0.010210760100634042,0.989789239899366
2114,2020-05-10,0.019465085599103094,0.9805349144008969
2115,2020-05-10,0.0057221863847370935,0.9942778136152629
2116,2020-05-10,0.020525990631574786,0.9794740093684252
2117,2020-05-10,0.023410631854355213,0.9765893681456448
2120,2020-05-10,0.013346092162028533,0.9866539078379715
2121,2020-05-10,0.023080722434975387,0.9769192775650246
2122,2020-05-10,0.01558951432437905,0.984410485675621
2123,2020-05-10,0.07510212332717614,0.9248978766728239
2124,2020-05-10,0.014456256789302624,0.9855437432106974
2126,2020-05-10,0.012453259987903254,0.9875467400120967
2127,2020-05-10,0.008325914403554568,0.9916740855964454
2128,2020-05-10,0.002135014675174407,0.9978649853248256
2129,2020-05-10,0.016636641913577166,0.9833633580864228
2130,2020-05-10,0.01947051233766206,0.9805294876623379
2131,2020-05-10,0.019746177267873533,0.9802538227321265
2132,2020-05-10,0.004997101313374386,0.9950028986866256
2133,2020-05-10,0.01007695525611374,0.9899230447438863
2134,2020-05-10,0.047336385289168836,0.9526636147108312
2135,2020-05-10,0.010658648850657482,0.9893413511493425
2136,2020-05-10,0.015232595330523457,0.9847674046694765
2137,2020-05-10,0.023715313781383363,0.9762846862186166
2138,2020-05-10,0.006672213892313206,0.9933277861076868
2139,2020-05-10,0.020106476198113676,0.9798935238018863
2140,2020-05-10,0.027701613410703874,0.9722983865892961
2141,2020-05-10,0.007968405029588399,0.9920315949704116
2142,2020-05-10,0.02119253756569095,0.978807462434309
2143,2020-05-10,0.09239773417844632,0.9076022658215537
2144,2020-05-10,0.004137959047883499,0.9958620409521165
2146,2020-05-10,0.01673875373736311,0.9832612462626369
2147,2020-05-10,0.01715137295703839,0.9828486270429616
2149,2020-05-10,0.005308851003273718,0.9946911489967263
2151,2020-05-10,0.031471733490020526,0.9685282665099795
2153,2020-05-10,0.009521722635902341,0.9904782773640977
2154,2020-05-10,0.013078266731156973,0.986921733268843
2155,2020-05-10,0.022818925612549834,0.9771810743874502
2156,2020-05-10,0.021633710822982377,0.9783662891770176
2157,2020-05-10,0.005543418172342496,0.9944565818276575
2158,2020-05-10,0.003169983214682315,0.9968300167853177
2159,2020-05-10,0.06466475702337882,0.9353352429766212
2160,2020-05-10,0.029650378174766123,0.9703496218252339
2161,2020-05-10,0.011879229479865638,0.9881207705201344
2162,2020-05-10,0.015996908969195922,0.9840030910308041
2163,2020-05-10,0.018834834296147962,0.981165165703852
2165,2020-05-10,0.004746870082265153,0.9952531299177348
2166,2020-05-10,0.016687545489246336,0.9833124545107537
2168,2020-05-10,0.028689766128031202,0.9713102338719688
2169,2020-05-10,0.024735888363909164,0.9752641116360908
2170,2020-05-10,0.008011378184681561,0.9919886218153184
2171,2020-05-10,0.03051369569085316,0.9694863043091468
2172,2020-05-10,0.023200724906576653,0.9767992750934233
2173,2020-05-10,0.02649268433885965,0.9735073156611403
2174,2020-05-10,0.009039551496874854,0.9909604485031251
2175,2020-05-10,0.009390342443391986,0.990609657556608
2176,2020-05-10,0.0020932003487674766,0.9979067996512325
2177,2020-05-10,0.02208782830450884,0.9779121716954912
2178,2020-05-10,0.04057696829973412,0.9594230317002659
2179,2020-05-10,0.0074129938239866355,0.9925870061760134
2180,2020-05-10,0.0174327311310547,0.9825672688689453
2181,2020-05-10,0.01827389333746865,0.9817261066625314
2182,2020-05-10,0.0058321655531774486,0.9941678344468226
2183,2020-05-10,0.03762943219796433,0.9623705678020357
2184,2020-05-10,0.06371932722031914,0.9362806727796809
2185,2020-05-10,0.008246004970127507,0.9917539950298725
2186,2020-05-10,0.009446195174895755,0.9905538048251042
2187,2020-05-10,0.006182952653293161,0.9938170473467068
2188,2020-05-10,0.024715987113471116,0.9752840128865289
2189,2020-05-10,0.010829930359712914,0.9891700696402871
2190,2020-05-10,0.022779364910194277,0.9772206350898057
2191,2020-05-10,0.045376077325006925,0.9546239226749931
2192,2020-05-10,0.010053188241862854,0.9899468117581371
2193,2020-05-10,0.01765592044809161,0.9823440795519084
2194,2020-05-10,0.021833561333645113,0.9781664386663549
2196,2020-05-10,0.0023084314219016244,0.9976915685780984
2197,2020-05-10,0.007382965699027744,0.9926170343009723
2198,2020-05-10,0.023734619739677942,0.9762653802603221
2199,2020-05-10,0.057167126719938954,0.942832873280061
2200,2020-05-10,0.01402598617307671,0.9859740138269233
2201,2020-05-10,0.004305420300255602,0.9956945796997444
2203,2020-05-10,0.002818976163296516,0.9971810238367035
2205,2020-05-10,0.0019197916629741796,0.9980802083370258
2206,2020-05-10,0.019520000645755653,0.9804799993542443
2207,2020-05-10,0.06935257857559551,0.9306474214244045
2208,2020-05-10,0.009117024020748654,0.9908829759792513
2209,2020-05-10,0.010965479550868573,0.9890345204491314
2210,2020-05-10,0.014600456918224647,0.9853995430817754
2211,2020-05-10,0.030028691833885457,0.9699713081661145
2212,2020-05-10,0.0074939677896183055,0.9925060322103817
2213,2020-05-10,0.0453043665766657,0.9546956334233343
2214,2020-05-10,0.033610580467540285,0.9663894195324597
2215,2020-05-10,0.022726711463182392,0.9772732885368176
2216,2020-05-10,0.018562329371719977,0.98143767062828
2218,2020-05-10,0.011062307116870507,0.9889376928831295
2219,2020-05-10,0.011970982142452291,0.9880290178575477
2220,2020-05-10,0.0055584239127689505,0.994441576087231
2221,2020-05-10,0.02415289890695116,0.9758471010930488
2222,2020-05-10,0.003620638631935069,0.9963793613680649
2224,2020-05-10,0.01969828852404254,0.9803017114759575
2225,2020-05-10,0.00851576081839156,0.9914842391816084
2226,2020-05-10,0.01821095276821738,0.9817890472317826
2227,2020-05-10,0.012567583396226545,0.9874324166037735
2228,2020-05-10,0.011640876929243982,0.988359123070756
2229,2020-05-10,0.005859135828439999,0.99414086417156
2230,2020-05-10,0.011455280993043937,0.9885447190069561
2231,2020-05-10,0.011309652280531157,0.9886903477194688
2232,2020-05-10,0.016021639527391884,0.9839783604726081
2233,2020-05-10,0.008174081522325127,0.9918259184776749
2234,2020-05-10,0.0057135354524935345,0.9942864645475065
2236,2020-05-10,0.02923908050609747,0.9707609194939025
2237,2020-05-10,0.03338957882844451,0.9666104211715555
2238,2020-05-10,0.014704392806276223,0.9852956071937238
2239,2020-05-10,0.009264689383381985,0.990735310616618
2240,2020-05-10,0.019700646920105203,0.9802993530798948
2241,2020-05-10,0.012971441107419213,0.9870285588925808
2242,2020-05-10,0.00392005545958618,0.9960799445404138
2243,2020-05-10,0.01082341080185445,0.9891765891981456
2244,2020-05-10,0.004183420460287746,0.9958165795397123
2245,2020-05-10,0.025164975134053802,0.9748350248659462
2246,2020-05-10,0.021852008221758923,0.9781479917782411
2247,2020-05-10,0.010617751701393119,0.9893822482986069
2248,2020-05-10,0.028755188764998385,0.9712448112350016
2249,2020-05-10,0.010654990580238555,0.9893450094197614
2250,2020-05-10,0.03588631281254506,0.9641136871874549
2251,2020-05-10,0.0073277351612536235,0.9926722648387464
2252,2020-05-10,0.015775121422859195,0.9842248785771408
2253,2020-05-10,0.00746840146222294,0.9925315985377771
2254,2020-05-10,0.011163510038144198,0.9888364899618558
2255,2020-05-10,0.006365911629702792,0.9936340883702972
2256,2020-05-10,0.05172858522623569,0.9482714147737643
2257,2020-05-10,0.005671750420599753,0.9943282495794002
2258,2020-05-10,0.0442129968148236,0.9557870031851764
2259,2020-05-10,0.01094719412771783,0.9890528058722822
2260,2020-05-10,0.024555286664678433,0.9754447133353216
2261,2020-05-10,0.03892737913218425,0.9610726208678158
2262,2020-05-10,0.027186117785250596,0.9728138822147494
2263,2020-05-10,0.019163367607969217,0.9808366323920308
2264,2020-05-10,0.007137882556298325,0.9928621174437017
2265,2020-05-10,0.023609858160665964,0.976390141839334
2266,2020-05-10,0.011939137247555132,0.9880608627524449
2268,2020-05-10,0.018115669268366164,0.9818843307316338
2269,2020-05-10,0.019297852638867963,0.980702147361132
2270,2020-05-10,0.010771587114694725,0.9892284128853053
2271,2020-05-10,0.01332825293816342,0.9866717470618366
2272,2020-05-10,0.005053521450297027,0.994946478549703
2273,2020-05-10,0.01205986548615956,0.9879401345138404
2274,2020-05-10,0.05067046811095688,0.9493295318890431
2275,2020-05-10,0.045170063737796196,0.9548299362622038
2276,2020-05-10,0.02169922159845128,0.9783007784015487
2277,2020-05-10,0.01569733471542145,0.9843026652845785
2278,2020-05-10,0.013782333344427244,0.9862176666555728
2279,2020-05-10,0.007527716944144114,0.9924722830558559
2280,2020-05-10,0.025839600988920686,0.9741603990110793
2281,2020-05-10,0.01573083418950405,0.984269165810496
2282,2020-05-10,0.014454940236770408,0.9855450597632296
2284,2020-05-10,0.033603700462191965,0.966396299537808
2285,2020-05-10,0.004049114559520395,0.9959508854404796
2287,2020-05-10,0.016091238802722896,0.9839087611972771
2288,2020-05-10,0.005096125580018374,0.9949038744199816
2289,2020-05-10,0.006895188032813637,0.9931048119671864
2290,2020-05-10,0.011719569933475782,0.9882804300665242
2291,2020-05-10,0.00896842514211249,0.9910315748578875
2292,2020-05-10,0.0035452038766566885,0.9964547961233433
2293,2020-05-10,0.008089882025446249,0.9919101179745538
2294,2020-05-10,0.0036078626142223014,0.9963921373857777
2295,2020-05-10,0.007168878350702457,0.9928311216492975
2296,2020-05-10,0.05393202740910408,0.9460679725908959
2297,2020-05-10,0.005153381200671547,0.9948466187993285
2298,2020-05-10,0.033417190532383234,0.9665828094676168
2299,2020-05-10,0.02275514792233857,0.9772448520776614
2300,2020-05-10,0.006184887706823128,0.9938151122931769
2301,2020-05-10,0.010202079786372331,0.9897979202136277
2302,2020-05-10,0.005652869279746731,0.9943471307202533
2303,2020-05-10,0.004045561788128316,0.9959544382118717
2304,2020-05-10,0.03235307368888851,0.9676469263111115
2305,2020-05-10,0.005535630901691402,0.9944643690983086
2306,2020-05-10,0.0025401961729119016,0.9974598038270881
2307,2020-05-10,0.007617478551403933,0.9923825214485961
2308,2020-05-10,0.0044996425999227485,0.9955003574000773
2310,2020-05-10,0.005329574227882161,0.9946704257721178
2312,2020-05-10,0.025101724604235542,0.9748982753957645
2313,2020-05-10,0.031226368246062286,0.9687736317539377
2314,2020-05-10,0.004773839248471634,0.9952261607515284
2315,2020-05-10,0.026447311687429198,0.9735526883125708
2316,2020-05-10,0.03049895474469555,0.9695010452553044
2317,2020-05-10,0.02185694839461727,0.9781430516053827
2319,2020-05-10,0.004853944377884334,0.9951460556221157
2320,2020-05-10,0.0276706199793868,0.9723293800206132
2321,2020-05-10,0.024880037720350856,0.9751199622796491
2322,2020-05-10,0.0037392380375460554,0.996260761962454
2323,2020-05-10,0.0018584428674095488,0.9981415571325905
2324,2020-05-10,0.05412207856328166,0.9458779214367183
2325,2020-05-10,0.022756699128617663,0.9772433008713823
2326,2020-05-10,0.018596754503871105,0.9814032454961289
2328,2020-05-10,0.02917611218576055,0.9708238878142395
2329,2020-05-10,0.03024534883100416,0.9697546511689958
2331,2020-05-10,0.02876097478407913,0.9712390252159209
2332,2020-05-10,0.01017798937845249,0.9898220106215475
2333,2020-05-10,0.0034216248438441177,0.9965783751561559
2334,2020-05-10,0.021359148797983285,0.9786408512020167
2335,2020-05-10,0.03277061073453591,0.9672293892654641
2336,2020-05-10,0.026159887777923885,0.9738401122220761
2337,2020-05-10,0.03908634203227457,0.9609136579677254
2338,2020-05-10,0.013440754685761003,0.986559245314239
2339,2020-05-10,0.05018626576071272,0.9498137342392873
2340,2020-05-10,0.0014933910667797035,0.9985066089332203
2342,2020-05-10,0.008181152924629065,0.9918188470753709
2343,2020-05-10,0.03283743170489273,0.9671625682951073
2344,2020-05-10,0.04143148497705251,0.9585685150229475
2345,2020-05-10,0.009925995035224067,0.9900740049647759
2346,2020-05-10,0.009612610190633863,0.9903873898093661
2347,2020-05-10,0.03177201599641488,0.9682279840035851
2348,2020-05-10,0.025102520033226217,0.9748974799667738
2349,2020-05-10,0.012666427342650333,0.9873335726573497
2350,2020-05-10,0.003608241100073628,0.9963917588999264
2352,2020-05-10,0.01884040135605214,0.9811595986439479
2355,2020-05-10,0.022443009694933402,0.9775569903050666
2356,2020-05-10,0.0022009623866263706,0.9977990376133736
2357,2020-05-10,0.012988596413804343,0.9870114035861957
2358,2020-05-10,0.014172624349314988,0.985827375650685
2359,2020-05-10,0.014218098779053001,0.985781901220947
2361,2020-05-10,0.030378340159339157,0.9696216598406608
2362,2020-05-10,0.013739966037610407,0.9862600339623896
2363,2020-05-10,0.007138487599001708,0.9928615124009983
2364,2020-05-10,0.02366321093370516,0.9763367890662948
2365,2020-05-10,0.0028172597243152353,0.9971827402756848
2366,2020-05-10,0.02788519194339545,0.9721148080566046
2367,2020-05-10,0.004292579364710503,0.9957074206352895
2368,2020-05-10,0.024501632288580932,0.9754983677114191
2369,2020-05-10,0.005860530596934366,0.9941394694030656
2370,2020-05-10,0.005942760195316366,0.9940572398046836
2371,2020-05-10,0.012986032233752831,0.9870139677662472
2372,2020-05-10,0.007623514288909949,0.99237648571109
2373,2020-05-10,0.013400619127006519,0.9865993808729935
2374,2020-05-10,0.022378631294221463,0.9776213687057785
2375,2020-05-10,0.013254413550769395,0.9867455864492306
2376,2020-05-10,0.021133890779081677,0.9788661092209183
2378,2020-05-10,0.0067331441159348415,0.9932668558840652
2379,2020-05-10,0.0021010383401258714,0.9978989616598741
2380,2020-05-10,0.031080648915804865,0.9689193510841951
2381,2020-05-10,0.01865742168694562,0.9813425783130544
2382,2020-05-10,0.004316716372109841,0.9956832836278902
2383,2020-05-10,0.03270973880701411,0.9672902611929859
2384,2020-05-10,0.06761467250006736,0.9323853274999326
2385,2020-05-10,0.00601556210147336,0.9939844378985266
2386,2020-05-10,0.006796521774371844,0.9932034782256282
2387,2020-05-10,0.005468271771775224,0.9945317282282248
2388,2020-05-10,0.01811255277409629,0.9818874472259037
2389,2020-05-10,0.01030823281675386,0.9896917671832461
2390,2020-05-10,0.005910080893759551,0.9940899191062404
2391,2020-05-10,0.0215276073324574,0.9784723926675426
2393,2020-05-10,0.017082917741442216,0.9829170822585578
2394,2020-05-10,0.009669182294271161,0.9903308177057288
2395,2020-05-10,0.027800098707400633,0.9721999012925994
2396,2020-05-10,0.008359143037087069,0.9916408569629129
2397,2020-05-10,0.024595303625484566,0.9754046963745154
2398,2020-05-10,0.005133858236962885,0.9948661417630371
2399,2020-05-10,0.04101018774051135,0.9589898122594886
2401,2020-05-10,0.006314344610506062,0.9936856553894939
2402,2020-05-10,0.021758980146487472,0.9782410198535125
2404,2020-05-10,0.011793409085544493,0.9882065909144555
2405,2020-05-10,0.015841184593405444,0.9841588154065946
2406,2020-05-10,0.014976437674369514,0.9850235623256305
2407,2020-05-10,0.029660058975257808,0.9703399410247422
2409,2020-05-10,0.008719309783972284,0.9912806902160277
2410,2020-05-10,0.006727460509152516,0.9932725394908475
2411,2020-05-10,0.026068917764165755,0.9739310822358342
2412,2020-05-10,0.0013576496916030134,0.998642350308397
2413,2020-05-10,0.0038952559315692525,0.9961047440684307
2414,2020-05-10,0.016751005379262884,0.9832489946207371
2415,2020-05-10,0.03998483380502038,0.9600151661949796
2416,2020-05-10,0.007423070067027249,0.9925769299329728
2417,2020-05-10,0.0034377797403637445,0.9965622202596363
2418,2020-05-10,0.013211141428359552,0.9867888585716404
2419,2020-05-10,0.002786840673208002,0.997213159326792
2420,2020-05-10,0.005769914574619728,0.9942300854253803
2421,2020-05-10,0.017336094121945367,0.9826639058780546
2423,2020-05-10,0.011309759703831301,0.9886902402961687
2424,2020-05-10,0.01751575352898216,0.9824842464710178
2425,2020-05-10,0.008588624514464072,0.9914113754855359
2426,2020-05-10,0.005898872988553294,0.9941011270114467
2428,2020-05-10,0.013857602220742948,0.986142397779257
2429,2020-05-10,0.00638658855554719,0.9936134114444528
2430,2020-05-10,0.032226885992318155,0.9677731140076818
2431,2020-05-10,0.024328701421524324,0.9756712985784757
2432,2020-05-10,0.05572904473860507,0.9442709552613949
2433,2020-05-10,0.021927240339225662,0.9780727596607743
2434,2020-05-10,0.032978133538240306,0.9670218664617597
2435,2020-05-10,0.020910255952148904,0.9790897440478511
2436,2020-05-10,0.009432469699447332,0.9905675303005527
2437,2020-05-10,0.0020114046831248844,0.9979885953168751
2440,2020-05-10,0.002782458802584653,0.9972175411974153
2441,2020-05-10,0.060877850338635686,0.9391221496613643
2442,2020-05-10,0.013051048708125568,0.9869489512918744
2443,2020-05-10,0.016799502511998243,0.9832004974880018
2444,2020-05-10,0.03196499628517491,0.9680350037148251
2445,2020-05-10,0.007313428265045885,0.9926865717349541
2446,2020-05-10,0.01088762128937526,0.9891123787106247
2447,2020-05-10,0.01545576023489037,0.9845442397651096
2448,2020-05-10,0.03743785425255686,0.9625621457474431
2449,2020-05-10,0.0034986211557581637,0.9965013788442418
2450,2020-05-10,0.03407825627083916,0.9659217437291608
2451,2020-05-10,0.03936188972058352,0.9606381102794165
2452,2020-05-10,0.056803951387345175,0.9431960486126548
2453,2020-05-10,0.03485683361102898,0.965143166388971
2454,2020-05-10,0.041183952066303986,0.958816047933696
2455,2020-05-10,0.05382350718163953,0.9461764928183605
2456,2020-05-10,0.009101098796583496,0.9908989012034165
2457,2020-05-10,0.053050090148066054,0.946949909851934
2458,2020-05-10,0.01703987852966027,0.9829601214703397
2459,2020-05-10,0.005298141713899085,0.9947018582861009
2460,2020-05-10,0.035003299648314945,0.964996700351685
2461,2020-05-10,0.0061066566708138925,0.9938933433291861
2463,2020-05-10,0.016798141290961577,0.9832018587090384
2464,2020-05-10,0.02282448759000577,0.9771755124099942
2466,2020-05-10,0.021939927449221575,0.9780600725507784
2467,2020-05-10,0.00930748412027027,0.9906925158797297
2468,2020-05-10,0.01368346869400816,0.9863165313059918
2469,2020-05-10,0.0040599459503990465,0.995940054049601
2472,2020-05-10,0.008464235229405315,0.9915357647705947
2473,2020-05-10,0.0075299138798107235,0.9924700861201893
2474,2020-05-10,0.0032572755045735535,0.9967427244954264
2475,2020-05-10,0.0190059637777773,0.9809940362222227
2476,2020-05-10,0.007426959599227678,0.9925730404007723
2477,2020-05-10,0.017215275937492946,0.982784724062507
2478,2020-05-10,0.0075787381694802924,0.9924212618305197
2479,2020-05-10,0.018648472434883545,0.9813515275651165
2480,2020-05-10,0.02075979624197244,0.9792402037580276
2481,2020-05-10,0.010062164508381377,0.9899378354916186
2483,2020-05-10,0.049159949953873294,0.9508400500461267
2484,2020-05-10,0.006733185399212638,0.9932668146007874
2485,2020-05-10,0.011941894836009381,0.9880581051639906
2486,2020-05-10,0.045257529403830876,0.9547424705961691
2487,2020-05-10,0.012764050677312455,0.9872359493226875
2488,2020-05-10,0.0410426743473713,0.9589573256526287
2489,2020-05-10,0.006185417734644316,0.9938145822653557
2490,2020-05-10,0.013891027522021648,0.9861089724779784
2491,2020-05-10,0.0032945135877254783,0.9967054864122745
2492,2020-05-10,0.004201967421467723,0.9957980325785323
2493,2020-05-10,0.012173594656493258,0.9878264053435067
2494,2020-05-10,0.031730291513708875,0.9682697084862911
2495,2020-05-10,0.017600989497699726,0.9823990105023003
2496,2020-05-10,0.009216551517277627,0.9907834484827224
2497,2020-05-10,0.004374269766558192,0.9956257302334418
2499,2020-05-10,0.01014648939769569,0.9898535106023043
2500,2020-05-10,0.02455883051002561,0.9754411694899744
2501,2020-05-10,0.0038377615540753363,0.9961622384459247
2502,2020-05-10,0.020442403200941484,0.9795575967990585
2503,2020-05-10,0.02116496447339411,0.9788350355266059
2504,2020-05-10,0.014018031109490847,0.9859819688905092
2505,2020-05-10,0.011681923121077742,0.9883180768789223
2507,2020-05-10,0.004004939071632796,0.9959950609283672
2509,2020-05-10,0.020617142204329753,0.9793828577956702
2510,2020-05-10,0.0679921140455898,0.9320078859544102
2511,2020-05-10,0.015777119949766827,0.9842228800502332
2512,2020-05-10,0.04875627138693661,0.9512437286130634
2513,2020-05-10,0.008278566180770275,0.9917214338192297
2514,2020-05-10,0.0025115914694273656,0.9974884085305726
2515,2020-05-10,0.0014545715441219853,0.998545428455878
2517,2020-05-10,0.006975348917757196,0.9930246510822428
2518,2020-05-10,0.004130850400134833,0.9958691495998652
2519,2020-05-10,0.019068430350542953,0.980931569649457
2520,2020-05-10,0.02026489148405619,0.9797351085159438
2521,2020-05-10,0.024065128173719308,0.9759348718262807
2523,2020-05-10,0.00729454091143511,0.9927054590885649
2524,2020-05-10,0.025308566496170415,0.9746914335038296
2525,2020-05-10,0.0015393687253041355,0.9984606312746959
2526,2020-05-10,0.0589104126633746,0.9410895873366254
2527,2020-05-10,0.001967680295424379,0.9980323197045756
2528,2020-05-10,0.05218831310095651,0.9478116868990435
2529,2020-05-10,0.03194157527236785,0.9680584247276321
2530,2020-05-10,0.0322921632633435,0.9677078367366565
2531,2020-05-10,0.013756073125233304,0.9862439268747667
2532,2020-05-10,0.005442481319142822,0.9945575186808572
2533,2020-05-10,0.015357730071829057,0.9846422699281709
2534,2020-05-10,0.019211294935883805,0.9807887050641162
2535,2020-05-10,0.0037426105136231236,0.9962573894863769
2536,2020-05-10,0.027780971327067805,0.9722190286729322
2537,2020-05-10,0.0042702541829106044,0.9957297458170894
2538,2020-05-10,0.01601085861779139,0.9839891413822086
2539,2020-05-10,0.01033706713627991,0.9896629328637201
2540,2020-05-10,0.01119958091175588,0.9888004190882441
2541,2020-05-10,0.012211823549317269,0.9877881764506827
2542,2020-05-10,0.03565819782758861,0.9643418021724114
2543,2020-05-10,0.005976982448061774,0.9940230175519382
2544,2020-05-10,0.07185805233345655,0.9281419476665435
2545,2020-05-10,0.003991345723619588,0.9960086542763804
2546,2020-05-10,0.011491469268480214,0.9885085307315198
2547,2020-05-10,0.014659799861922007,0.985340200138078
2548,2020-05-10,0.056264850652553156,0.9437351493474468
2549,2020-05-10,0.011925997399535038,0.988074002600465
2550,2020-05-10,0.005928212323150772,0.9940717876768492
2551,2020-05-10,0.011454877050974366,0.9885451229490256
2552,2020-05-10,0.011424072379949024,0.988575927620051
2553,2020-05-10,0.012835325876821346,0.9871646741231787
2555,2020-05-10,0.02372221150010312,0.9762777884998969
2556,2020-05-10,0.04892902298318169,0.9510709770168183
2557,2020-05-10,0.013075070427111202,0.9869249295728888
2559,2020-05-10,0.005901370342097367,0.9940986296579026
2560,2020-05-10,0.005080491819434374,0.9949195081805656
2561,2020-05-10,0.03551012371257167,0.9644898762874283
2563,2020-05-10,0.005457730188158538,0.9945422698118415
2564,2020-05-10,0.07312039992868102,0.926879600071319
2566,2020-05-10,0.047354437699563046,0.952645562300437
2567,2020-05-10,0.01438636996047693,0.9856136300395231
2568,2020-05-10,0.011965597402835315,0.9880344025971647
2569,2020-05-10,0.01244261380689382,0.9875573861931062
2570,2020-05-10,0.00720852151380591,0.9927914784861941
2571,2020-05-10,0.007627863843787885,0.9923721361562121
2572,2020-05-10,0.005420411816536408,0.9945795881834636
2573,2020-05-10,0.016024979523708183,0.9839750204762918
2574,2020-05-10,0.007001185802445464,0.9929988141975545
2575,2020-05-10,0.001961471142095994,0.998038528857904
2576,2020-05-10,0.02268644425169708,0.9773135557483029
2578,2020-05-10,0.03143924448315272,0.9685607555168473
2579,2020-05-10,0.007126096285719696,0.9928739037142803
2580,2020-05-10,0.03548353933660464,0.9645164606633954
2581,2020-05-10,0.022751842277207612,0.9772481577227924
2582,2020-05-10,0.01448224031126788,0.9855177596887321
2583,2020-05-10,0.0713976344998637,0.9286023655001363
2584,2020-05-10,0.01581846780038798,0.984181532199612
2585,2020-05-10,0.04424869182206581,0.9557513081779342
2586,2020-05-10,0.012310069798512346,0.9876899302014877
2587,2020-05-10,0.03390139256863767,0.9660986074313623
2589,2020-05-10,0.07785541603723345,0.9221445839627666
2590,2020-05-10,0.007675769702821578,0.9923242302971784
2591,2020-05-10,0.021392841844286248,0.9786071581557138
2592,2020-05-10,0.09442267352041478,0.9055773264795852
2593,2020-05-10,0.025763378376073454,0.9742366216239265
2594,2020-05-10,0.02911950853943268,0.9708804914605673
2595,2020-05-10,0.030136177660363472,0.9698638223396365
2596,2020-05-10,0.03209727775129234,0.9679027222487077
2597,2020-05-10,0.04364449519660418,0.9563555048033958
2598,2020-05-10,0.005254866933358637,0.9947451330666414
2599,2020-05-10,0.003571921112028642,0.9964280788879714
2600,2020-05-10,0.033136993655903724,0.9668630063440963
2601,2020-05-10,0.029776156353908623,0.9702238436460914
2603,2020-05-10,0.020251143892462187,0.9797488561075378
2604,2020-05-10,0.011446580130471062,0.9885534198695289
2605,2020-05-10,0.015705708730070045,0.98429429126993
2607,2020-05-10,0.029906101568964782,0.9700938984310352
2608,2020-05-10,0.011132996098097259,0.9888670039019027
2609,2020-05-10,0.024811073260685435,0.9751889267393146
2610,2020-05-10,0.011317384858181678,0.9886826151418183
2611,2020-05-10,0.047871928916057294,0.9521280710839427
2612,2020-05-10,0.021846142288034387,0.9781538577119656
2613,2020-05-10,0.0012975607779748266,0.9987024392220252
2614,2020-05-10,0.021493658086540357,0.9785063419134596
2615,2020-05-10,0.014294771477604162,0.9857052285223958
2616,2020-05-10,0.027148615411952237,0.9728513845880478
2617,2020-05-10,0.0033116627542528754,0.9966883372457471
2619,2020-05-10,0.013350885673340751,0.9866491143266592
2620,2020-05-10,0.021382706412109265,0.9786172935878907
2621,2020-05-10,0.01977517361992842,0.9802248263800716
2622,2020-05-10,0.005901899014793877,0.9940981009852061
2623,2020-05-10,0.006068042592780043,0.99393195740722
2624,2020-05-10,0.01920410140901785,0.9807958985909822
2625,2020-05-10,0.0034712631962506846,0.9965287368037493
2626,2020-05-10,0.013645093713294476,0.9863549062867055
2627,2020-05-10,0.006062248593935005,0.993937751406065
2628,2020-05-10,0.023093776666375465,0.9769062233336245
2629,2020-05-10,0.005232932018006009,0.994767067981994
2630,2020-05-10,0.02855054245473132,0.9714494575452687
2631,2020-05-10,0.029131707153432718,0.9708682928465673
2632,2020-05-10,0.0008793633511022803,0.9991206366488977
2633,2020-05-10,0.0011221067923852246,0.9988778932076148
2634,2020-05-10,0.017979198316452227,0.9820208016835478
2635,2020-05-10,0.010172979595151732,0.9898270204048483
2636,2020-05-10,0.0015016991116671985,0.9984983008883328
2637,2020-05-10,0.006291323552280459,0.9937086764477195
2638,2020-05-10,0.005870609166044316,0.9941293908339557
2639,2020-05-10,0.033755627908990005,0.96624437209101
2640,2020-05-10,0.002793289160154644,0.9972067108398454
2641,2020-05-10,0.007678135800584962,0.992321864199415
2642,2020-05-10,0.0016939442846215513,0.9983060557153784
2643,2020-05-10,0.009656926879825334,0.9903430731201747
2645,2020-05-10,0.003158520146671173,0.9968414798533288
2646,2020-05-10,0.009830124053360256,0.9901698759466397
2647,2020-05-10,0.00627971215718881,0.9937202878428112
2648,2020-05-10,0.027942579069451523,0.9720574209305485
2649,2020-05-10,0.025378269173028434,0.9746217308269716
2650,2020-05-10,0.03146954974562555,0.9685304502543745
2651,2020-05-10,0.007267518298184172,0.9927324817018158
2652,2020-05-10,0.01309516409689293,0.9869048359031071
2653,2020-05-10,0.0037554863658810778,0.9962445136341189
2654,2020-05-10,0.024274591326168937,0.9757254086738311
2655,2020-05-10,0.02556517554643667,0.9744348244535633
2656,2020-05-10,0.011921226861404066,0.9880787731385959
2657,2020-05-10,0.007906166957937555,0.9920938330420624
2658,2020-05-10,0.005802060655291097,0.9941979393447089
2659,2020-05-10,0.01358765306777665,0.9864123469322233
2661,2020-05-10,0.023664461191811426,0.9763355388081886
2662,2020-05-10,0.015511818997267723,0.9844881810027323
2663,2020-05-10,0.012163544350227928,0.9878364556497721
2664,2020-05-10,0.009498060167088762,0.9905019398329112
2666,2020-05-10,0.008763814124050251,0.9912361858759497
2667,2020-05-10,0.0838630866239568,0.9161369133760432
2669,2020-05-10,0.03432649364290241,0.9656735063570976
2670,2020-05-10,0.004545155099155207,0.9954548449008448
2671,2020-05-10,0.018447076706434085,0.9815529232935659
2672,2020-05-10,0.006221571796712122,0.9937784282032879
2674,2020-05-10,0.0081088500498816,0.9918911499501184
2675,2020-05-10,0.02435994684936338,0.9756400531506366
2676,2020-05-10,0.003211368116752711,0.9967886318832473
2677,2020-05-10,0.0028265495524421036,0.9971734504475579
2678,2020-05-10,0.019858752327503892,0.9801412476724961
2679,2020-05-10,0.061332884790983644,0.9386671152090164
2680,2020-05-10,0.026759974534844577,0.9732400254651554
2681,2020-05-10,0.011180138793615457,0.9888198612063845
2682,2020-05-10,0.02411040719542512,0.9758895928045749
2683,2020-05-10,0.019171370701507207,0.9808286292984928
2684,2020-05-10,0.0029256807409679952,0.997074319259032
2685,2020-05-10,0.023135887423655133,0.9768641125763449
2686,2020-05-10,0.006998588667703753,0.9930014113322962
2687,2020-05-10,0.011914916851151203,0.9880850831488488
2688,2020-05-10,0.062189186751524184,0.9378108132484758
2689,2020-05-10,0.05226607049091081,0.9477339295090892
2690,2020-05-10,0.009617626836474713,0.9903823731635253
2691,2020-05-10,0.013132287486803729,0.9868677125131963
2692,2020-05-10,0.010831060939522796,0.9891689390604772
2693,2020-05-10,0.01552136535708859,0.9844786346429114
2695,2020-05-10,0.02276546439555105,0.977234535604449
2696,2020-05-10,0.005380263830106369,0.9946197361698936
2697,2020-05-10,0.019759052432436253,0.9802409475675637
2698,2020-05-10,0.034237700622281264,0.9657622993777187
2699,2020-05-10,0.00828563728314835,0.9917143627168516
2700,2020-05-10,0.02931225087640288,0.9706877491235971
2701,2020-05-10,0.03861196886994156,0.9613880311300584
2702,2020-05-10,0.060425656867829414,0.9395743431321706
2704,2020-05-10,0.038290872328603065,0.9617091276713969
2705,2020-05-10,0.004785010998524353,0.9952149890014756
2706,2020-05-10,0.012865370396816345,0.9871346296031837
2708,2020-05-10,0.005727504063370192,0.9942724959366298
2709,2020-05-10,0.0009090826784369233,0.9990909173215631
2710,2020-05-10,0.0032986233443365043,0.9967013766556635
2711,2020-05-10,0.006060875180267211,0.9939391248197328
2713,2020-05-10,0.0039044924289513006,0.9960955075710487
2714,2020-05-10,0.015263815335512798,0.9847361846644872
2715,2020-05-10,0.00830824276698916,0.9916917572330108
2716,2020-05-10,0.013480578271237942,0.9865194217287621
2717,2020-05-10,0.007261410981762362,0.9927385890182376
2718,2020-05-10,0.038310277634918344,0.9616897223650817
2719,2020-05-10,0.0124338561188585,0.9875661438811415
2720,2020-05-10,0.011746935264841496,0.9882530647351585
2721,2020-05-10,0.02217486665646473,0.9778251333435353
2722,2020-05-10,0.007012377880340703,0.9929876221196593
2723,2020-05-10,0.04867823437016472,0.9513217656298353
2724,2020-05-10,0.017238257703227067,0.9827617422967729
2725,2020-05-10,0.03351548556435935,0.9664845144356407
2726,2020-05-10,0.00474769442953582,0.9952523055704642
2728,2020-05-10,0.004245652430697411,0.9957543475693026
2729,2020-05-10,0.006201060099172984,0.993798939900827
2731,2020-05-10,0.011621678094047128,0.9883783219059529
2732,2020-05-10,0.012054627225250414,0.9879453727747496
2733,2020-05-10,0.006732621927926896,0.9932673780720731
2734,2020-05-10,0.0042758957145461185,0.9957241042854539
2735,2020-05-10,0.003793215035170938,0.9962067849648291
2736,2020-05-10,0.06260448706347321,0.9373955129365268
2737,2020-05-10,0.019492072747842593,0.9805079272521574
2738,2020-05-10,0.0034890897721352454,0.9965109102278648
2739,2020-05-10,0.011198668051647487,0.9888013319483525
2740,2020-05-10,0.021510375738181042,0.978489624261819
2741,2020-05-10,0.008855272135435466,0.9911447278645645
2742,2020-05-10,0.03730450838859434,0.9626954916114057
2743,2020-05-10,0.003174482913514076,0.9968255170864859
2744,2020-05-10,0.021001601025366412,0.9789983989746336
2745,2020-05-10,0.05905173688111287,0.9409482631188871
2747,2020-05-10,0.0357648063723377,0.9642351936276623
2748,2020-05-10,0.009708534116941392,0.9902914658830586
2749,2020-05-10,0.010812278284666466,0.9891877217153335
2750,2020-05-10,0.021747562734647508,0.9782524372653525
2751,2020-05-10,0.06216270233571508,0.9378372976642849
2752,2020-05-10,0.16283602826605237,0.8371639717339476
2754,2020-05-10,0.013697662197249438,0.9863023378027506
2755,2020-05-10,0.016734281278489083,0.9832657187215109
2756,2020-05-10,0.019001676393846534,0.9809983236061535
2757,2020-05-10,0.005070385271843114,0.9949296147281569
2759,2020-05-10,0.02300993465453538,0.9769900653454646
2760,2020-05-10,0.012250792167240454,0.9877492078327595
2762,2020-05-10,0.02001072996588582,0.9799892700341142
2763,2020-05-10,0.02942442612712526,0.9705755738728747
2764,2020-05-10,0.0005246882835213684,0.9994753117164786
2765,2020-05-10,0.011512156245067962,0.988487843754932
2766,2020-05-10,0.0715242124902482,0.9284757875097518
2767,2020-05-10,0.040558053483477075,0.9594419465165229
2768,2020-05-10,0.0025325322434734954,0.9974674677565265
2769,2020-05-10,0.006558607493898139,0.9934413925061019
2771,2020-05-10,0.009798200588450379,0.9902017994115496
2772,2020-05-10,0.00836930386820911,0.9916306961317909
2773,2020-05-10,0.0018907961731561285,0.9981092038268439
2774,2020-05-10,0.058331680223591476,0.9416683197764085
2775,2020-05-10,0.003990142856384216,0.9960098571436158
2776,2020-05-10,0.01055170206383449,0.9894482979361655
2777,2020-05-10,0.025679095987282463,0.9743209040127175
2778,2020-05-10,0.007705431658319273,0.9922945683416807
2779,2020-05-10,0.0028140841623556234,0.9971859158376444
2780,2020-05-10,0.03726258301034402,0.962737416989656
2781,2020-05-10,0.028108673500521486,0.9718913264994785
2782,2020-05-10,0.03282887415839364,0.9671711258416064
2783,2020-05-10,0.008223643141665016,0.991776356858335
2784,2020-05-10,0.011782799327258786,0.9882172006727412
2785,2020-05-10,0.018873327002573603,0.9811266729974264
2786,2020-05-10,0.006200272951622843,0.9937997270483772
2787,2020-05-10,0.00812378156920901,0.991876218430791
2790,2020-05-10,0.02782997141401522,0.9721700285859848
2791,2020-05-10,0.00946495261470326,0.9905350473852967
2792,2020-05-10,0.018372681641593558,0.9816273183584064
2793,2020-05-10,0.0031449762784248048,0.9968550237215752
2794,2020-05-10,0.02197718692759798,0.978022813072402
2795,2020-05-10,0.015183910645806376,0.9848160893541936
2796,2020-05-10,0.016548209698580174,0.9834517903014198
2797,2020-05-10,0.015511653599042718,0.9844883464009573
2798,2020-05-10,0.018512204275529354,0.9814877957244706
2799,2020-05-10,0.016604787493891826,0.9833952125061082
2800,2020-05-10,0.02971645548452795,0.970283544515472
2801,2020-05-10,0.010778905174416153,0.9892210948255838
2802,2020-05-10,0.010431267074744066,0.9895687329252559
2803,2020-05-10,0.004867090360291093,0.9951329096397089
2804,2020-05-10,0.045590838814290935,0.9544091611857091
2805,2020-05-10,0.014178499842945613,0.9858215001570544
2806,2020-05-10,0.014856261818077865,0.9851437381819221
2807,2020-05-10,0.01681672860604322,0.9831832713939568
2808,2020-05-10,0.007804135857253036,0.992195864142747
2809,2020-05-10,0.13225261696057145,0.8677473830394286
2810,2020-05-10,0.059632671038672536,0.9403673289613275
2811,2020-05-10,0.023235973830631362,0.9767640261693686
2812,2020-05-10,0.028044901855484472,0.9719550981445155
2813,2020-05-10,0.014333507724094363,0.9856664922759056
2814,2020-05-10,0.015604885027687199,0.9843951149723128
2816,2020-05-10,0.013095702835426937,0.9869042971645731
2817,2020-05-10,0.011994364834368998,0.988005635165631
2818,2020-05-10,0.025191719095764342,0.9748082809042357
2819,2020-05-10,0.013449469290740534,0.9865505307092595
2820,2020-05-10,0.06053593228421872,0.9394640677157813
2821,2020-05-10,0.008773349867071234,0.9912266501329288
2822,2020-05-10,0.009963707781474707,0.9900362922185253
2823,2020-05-10,0.01648968175065013,0.9835103182493499
2824,2020-05-10,0.009307956520401728,0.9906920434795983
2825,2020-05-10,0.0071886596524469715,0.992811340347553
2827,2020-05-10,0.027313681836653836,0.9726863181633462
2828,2020-05-10,0.018532578347003392,0.9814674216529966
2829,2020-05-10,0.02289180878230279,0.9771081912176972
2830,2020-05-10,0.03393450788888519,0.9660654921111148
2832,2020-05-10,0.026994296996045053,0.973005703003955
2833,2020-05-10,0.06206307749730988,0.9379369225026901
2834,2020-05-10,0.05913183429931557,0.9408681657006844
2835,2020-05-10,0.0056707565433643525,0.9943292434566356
2836,2020-05-10,0.03964291297356104,0.960357087026439
2837,2020-05-10,0.016828140988006335,0.9831718590119937
2838,2020-05-10,0.014951800834650197,0.9850481991653498
2839,2020-05-10,0.016797579274948737,0.9832024207250513
2840,2020-05-10,0.016224059275275482,0.9837759407247245
2842,2020-05-10,0.020023348071334213,0.9799766519286658
2843,2020-05-10,0.027230291608637325,0.9727697083913627
2844,2020-05-10,0.0008256365421117629,0.9991743634578882
2845,2020-05-10,0.01118916540755066,0.9888108345924493
2846,2020-05-10,0.019734422208350977,0.980265577791649
2847,2020-05-10,0.040316607482511424,0.9596833925174886
2848,2020-05-10,0.013509393516889623,0.9864906064831104
2849,2020-05-10,0.015110653677416708,0.9848893463225833
2850,2020-05-10,0.016188106123186663,0.9838118938768133
2852,2020-05-10,0.007284919200465811,0.9927150807995342
2853,2020-05-10,0.008521890703304669,0.9914781092966953
2854,2020-05-10,0.014989464439587485,0.9850105355604125
2855,2020-05-10,0.029203541845502445,0.9707964581544976
2856,2020-05-10,0.02880197635848525,0.9711980236415148
2857,2020-05-10,0.021870186738496722,0.9781298132615033
2858,2020-05-10,0.01678004497662655,0.9832199550233734
2859,2020-05-10,0.0409050566777408,0.9590949433222592
2860,2020-05-10,0.01957959353904115,0.9804204064609588
2861,2020-05-10,0.007678005893065776,0.9923219941069342
2862,2020-05-10,0.05517674572393427,0.9448232542760657
2863,2020-05-10,0.03884120943887848,0.9611587905611215
2864,2020-05-10,0.0043977889564236206,0.9956022110435764
2865,2020-05-10,0.021110135681984388,0.9788898643180156
2866,2020-05-10,0.011843125612048033,0.988156874387952
2867,2020-05-10,0.01450464116238015,0.9854953588376199
2868,2020-05-10,0.05791243799163803,0.942087562008362
2869,2020-05-10,0.08316744729511383,0.9168325527048862
2870,2020-05-10,0.02570018247154926,0.9742998175284507
2871,2020-05-10,0.028631482032777544,0.9713685179672225
2872,2020-05-10,0.007046313064148491,0.9929536869358515
2873,2020-05-10,0.0206957987683124,0.9793042012316876
2874,2020-05-10,0.01708282777718817,0.9829171722228118
2875,2020-05-10,0.04540589583901089,0.9545941041609891
2876,2020-05-10,0.003331745463021396,0.9966682545369786
2877,2020-05-10,0.016728773598786217,0.9832712264012138
2878,2020-05-10,0.015018554938054596,0.9849814450619454
2880,2020-05-10,0.02057127494204536,0.9794287250579546
2881,2020-05-10,0.005363703344014481,0.9946362966559855
2883,2020-05-10,0.01703948165328273,0.9829605183467173
2884,2020-05-10,0.050107020651982914,0.9498929793480171
2885,2020-05-10,0.004257873395681289,0.9957421266043187
2886,2020-05-10,0.018717427518235685,0.9812825724817643
2887,2020-05-10,0.01581306575971375,0.9841869342402862
2888,2020-05-10,0.011283257975400307,0.9887167420245997
2889,2020-05-10,0.01958570359128886,0.9804142964087111
2890,2020-05-10,0.002286779248379389,0.9977132207516206
2891,2020-05-10,0.05089279980098815,0.9491072001990118
2892,2020-05-10,0.02790029109602321,0.9720997089039768
2893,2020-05-10,0.026228382305977238,0.9737716176940228
2894,2020-05-10,0.01450256499005309,0.9854974350099469
2895,2020-05-10,0.005854917728012499,0.9941450822719875
2896,2020-05-10,0.026043697659191567,0.9739563023408084
2897,2020-05-10,0.06272139515422281,0.9372786048457772
2898,2020-05-10,0.018913511674754857,0.9810864883252451
2899,2020-05-10,0.006902405163810688,0.9930975948361893
2900,2020-05-10,0.0037792904215977474,0.9962207095784023
2901,2020-05-10,0.06019659244394493,0.9398034075560551
2902,2020-05-10,0.031480746570744844,0.9685192534292552
2903,2020-05-10,0.005697164990991599,0.9943028350090084
2904,2020-05-10,0.0036954812670528803,0.9963045187329471
2905,2020-05-10,0.03540616408385622,0.9645938359161438
2906,2020-05-10,0.07148686737153986,0.9285131326284601
2907,2020-05-10,0.004055907719907714,0.9959440922800923
2908,2020-05-10,0.03486178089886527,0.9651382191011347
2909,2020-05-10,0.005410757316199,0.994589242683801
2910,2020-05-10,0.020636976640803772,0.9793630233591962
2911,2020-05-10,0.013561340395531363,0.9864386596044686
2913,2020-05-10,0.00888903490231674,0.9911109650976833
2914,2020-05-10,0.006377841465855849,0.9936221585341442
2915,2020-05-10,0.014353785394165208,0.9856462146058348
2917,2020-05-10,0.029434569181150505,0.9705654308188495
2918,2020-05-10,0.05052005538858073,0.9494799446114193
2919,2020-05-10,0.01213013190267953,0.9878698680973205
2920,2020-05-10,0.043911692713406,0.956088307286594
2921,2020-05-10,0.03726022562261955,0.9627397743773805
2922,2020-05-10,0.01559838788650103,0.984401612113499
2923,2020-05-10,0.006622511296145217,0.9933774887038548
2924,2020-05-10,0.00819946244961478,0.9918005375503852
2925,2020-05-10,0.017371636910816668,0.9826283630891833
2926,2020-05-10,0.020255000388356703,0.9797449996116433
2927,2020-05-10,0.008205729318847,0.991794270681153
2928,2020-05-10,0.016739577640715764,0.9832604223592842
2929,2020-05-10,0.000866505551909813,0.9991334944480902
2930,2020-05-10,0.0307883225453901,0.9692116774546099
2931,2020-05-10,0.008787672504490307,0.9912123274955097
2932,2020-05-10,0.00524254689066761,0.9947574531093324
2933,2020-05-10,0.01541056742372282,0.9845894325762772
2935,2020-05-10,0.009317226638197895,0.9906827733618021
2936,2020-05-10,0.004415014194575906,0.9955849858054241
2937,2020-05-10,0.00460135263293171,0.9953986473670683
2939,2020-05-10,0.017559997779188374,0.9824400022208116
2940,2020-05-10,0.003111646751023378,0.9968883532489766
2942,2020-05-10,0.08812602458191743,0.9118739754180826
2943,2020-05-10,0.012814423607466985,0.987185576392533
2944,2020-05-10,0.012586447528716627,0.9874135524712834
2946,2020-05-10,0.05557052851007027,0.9444294714899297
2947,2020-05-10,0.05586122759987222,0.9441387724001278
2948,2020-05-10,0.014653450409107371,0.9853465495908926
2949,2020-05-10,0.015438184734204108,0.9845618152657959
2950,2020-05-10,0.017101344920721795,0.9828986550792782
2951,2020-05-10,0.009395936642058067,0.9906040633579419
2953,2020-05-10,0.027210529224373836,0.9727894707756262
2954,2020-05-10,0.007509058637363175,0.9924909413626368
2955,2020-05-10,0.011960246598652025,0.988039753401348
2956,2020-05-10,0.05861368761008501,0.941386312389915
2957,2020-05-10,0.02099762053606591,0.9790023794639341
2958,2020-05-10,0.01105870375632112,0.9889412962436789
2959,2020-05-10,0.004232450947070032,0.99576754905293
2961,2020-05-10,0.00815002231337314,0.9918499776866269
2962,2020-05-10,0.02249479036004076,0.9775052096399592
2964,2020-05-10,0.017691899769656905,0.9823081002303431
2966,2020-05-10,0.010180708465089894,0.9898192915349101
2967,2020-05-10,0.08398800172834064,0.9160119982716594
2968,2020-05-10,0.016073900090396664,0.9839260999096033
2969,2020-05-10,0.03666420225312983,0.9633357977468702
2970,2020-05-10,0.005981727828695771,0.9940182721713042
2971,2020-05-10,0.0514546440132263,0.9485453559867737
2972,2020-05-10,0.035532796722007265,0.9644672032779927
2973,2020-05-10,0.016162125989185094,0.9838378740108149
2974,2020-05-10,0.004908924743842191,0.9950910752561578
2975,2020-05-10,0.14698306446172993,0.8530169355382701
2976,2020-05-10,0.009713592854918907,0.9902864071450811
2977,2020-05-10,0.014937486368473696,0.9850625136315263
2978,2020-05-10,0.04931310873652983,0.9506868912634702
2979,2020-05-10,0.03674179638486186,0.9632582036151381
2980,2020-05-10,0.03241128178960617,0.9675887182103938
2982,2020-05-10,0.012415393561566401,0.9875846064384336
2983,2020-05-10,0.0052192157841053355,0.9947807842158947
2984,2020-05-10,0.010870263350297282,0.9891297366497027
2985,2020-05-10,0.004732559717364526,0.9952674402826355
2988,2020-05-10,0.028835806385364093,0.9711641936146359
2990,2020-05-10,0.02296570560334743,0.9770342943966526
2991,2020-05-10,0.03925611229068926,0.9607438877093107
2992,2020-05-10,0.03971224381239791,0.9602877561876021
2993,2020-05-10,0.0072388438718404835,0.9927611561281595
2994,2020-05-10,0.0061565184548439955,0.993843481545156
2995,2020-05-10,0.001347247982873001,0.998652752017127
2996,2020-05-10,0.0040688119795069255,0.9959311880204931
2997,2020-05-10,0.021793402319134736,0.9782065976808653
2998,2020-05-10,0.03677126476239245,0.9632287352376075
2999,2020-05-10,0.005315691870945827,0.9946843081290542
3000,2020-05-10,0.002824896659085585,0.9971751033409144
3001,2020-05-10,0.02123898502543531,0.9787610149745647
3002,2020-05-10,0.033420238494666354,0.9665797615053336
3003,2020-05-10,0.02798079757980243,0.9720192024201976
3004,2020-05-10,0.00493561733489134,0.9950643826651087
3005,2020-05-10,0.001270396031675003,0.998729603968325
3006,2020-05-10,0.021321628639051293,0.9786783713609487
3007,2020-05-10,0.023435597458281165,0.9765644025417188
3008,2020-05-10,0.010442391752078395,0.9895576082479216
3009,2020-05-10,0.03509004687211337,0.9649099531278866
3010,2020-05-10,0.02045591028631255,0.9795440897136874
3011,2020-05-10,0.009216479996781546,0.9907835200032185
3012,2020-05-10,0.007221960720577236,0.9927780392794228
3013,2020-05-10,0.0015948623879986634,0.9984051376120013
3014,2020-05-10,0.05330554888766259,0.9466944511123374
3015,2020-05-10,0.01871461940660779,0.9812853805933922
3016,2020-05-10,0.005836095915653594,0.9941639040843464
3017,2020-05-10,0.02300494204177783,0.9769950579582222
3018,2020-05-10,0.04435167986575206,0.9556483201342479
3019,2020-05-10,0.05314026757204138,0.9468597324279586
3020,2020-05-10,0.14321717384942412,0.8567828261505759
3021,2020-05-10,0.014112894951972432,0.9858871050480276
3022,2020-05-10,0.005029877424677087,0.9949701225753229
3023,2020-05-10,0.020287115946106216,0.9797128840538938
3024,2020-05-10,0.04452720028720847,0.9554727997127915
3025,2020-05-10,0.00977763448700697,0.990222365512993
3027,2020-05-10,0.010306542024567045,0.989693457975433
3030,2020-05-10,0.011987822691703287,0.9880121773082967
3031,2020-05-10,0.02807327038398466,0.9719267296160153
3032,2020-05-10,0.015525314981789218,0.9844746850182108
3034,2020-05-10,0.013735989222809941,0.9862640107771901
3035,2020-05-10,0.013433386540283032,0.986566613459717
3036,2020-05-10,0.0038868062623272914,0.9961131937376727
3038,2020-05-10,0.01940999568949986,0.9805900043105001
3039,2020-05-10,0.046954625238571635,0.9530453747614284
3040,2020-05-10,0.01893285507275111,0.9810671449272489
3041,2020-05-10,0.035207012516710545,0.9647929874832895
3042,2020-05-10,0.04920978581660784,0.9507902141833922
3043,2020-05-10,0.0261120887953733,0.9738879112046267
3044,2020-05-10,0.00424780568064953,0.9957521943193505
3045,2020-05-10,0.01148887621085426,0.9885111237891457
3046,2020-05-10,0.009634570926922437,0.9903654290730776
3047,2020-05-10,0.021716989944080667,0.9782830100559193
3048,2020-05-10,0.006482492464095269,0.9935175075359047
3049,2020-05-10,0.015760218940321646,0.9842397810596784
3050,2020-05-10,0.011106708180239844,0.9888932918197602
3051,2020-05-10,0.015261442847357198,0.9847385571526428
3052,2020-05-10,0.0156545882350968,0.9843454117649032
3053,2020-05-10,0.0038219076193614088,0.9961780923806386
3054,2020-05-10,0.029079136870151068,0.9709208631298489
3055,2020-05-10,0.008272101269887089,0.9917278987301129
3056,2020-05-10,0.08758773846952772,0.9124122615304723
3057,2020-05-10,0.007294762674498467,0.9927052373255015
3058,2020-05-10,0.0023938896052778658,0.9976061103947221
3059,2020-05-10,0.03019664517104259,0.9698033548289574
3060,2020-05-10,0.005942263011456617,0.9940577369885434
3061,2020-05-10,0.004895726388334798,0.9951042736116652
3062,2020-05-10,0.003935449611376818,0.9960645503886232
3063,2020-05-10,0.0301009543695252,0.9698990456304748
3064,2020-05-10,0.035685888822452716,0.9643141111775473
3065,2020-05-10,0.023449740867640734,0.9765502591323593
3066,2020-05-10,0.0013564430896737534,0.9986435569103262
3067,2020-05-10,0.07921330461484255,0.9207866953851574
3068,2020-05-10,0.006197074175532058,0.9938029258244679
3069,2020-05-10,0.018528407162870297,0.9814715928371297
3070,2020-05-10,0.030634094481407748,0.9693659055185923
3071,2020-05-10,0.01994358755664083,0.9800564124433592
3072,2020-05-10,0.0029045177177206005,0.9970954822822794
3073,2020-05-10,0.025652289822685304,0.9743477101773147
3074,2020-05-10,0.006752325112908797,0.9932476748870912
3075,2020-05-10,0.04481536954401377,0.9551846304559862
3076,2020-05-10,0.008377883928584073,0.9916221160714159
3078,2020-05-10,0.010618006302097749,0.9893819936979023
3079,2020-05-10,0.024599057774098432,0.9754009422259016
3080,2020-05-10,0.04170795755551382,0.9582920424444862
3081,2020-05-10,0.013776870853009382,0.9862231291469906
3082,2020-05-10,0.011183848641051597,0.9888161513589484
3083,2020-05-10,0.015396030620961176,0.9846039693790388
3084,2020-05-10,0.005088420638006519,0.9949115793619935
3086,2020-05-10,0.015612732843188537,0.9843872671568115
3087,2020-05-10,0.015250262112412538,0.9847497378875875
3088,2020-05-10,0.00405708788143444,0.9959429121185656
3089,2020-05-10,0.009129749087042116,0.9908702509129579
3090,2020-05-10,0.02545067718637073,0.9745493228136293
3091,2020-05-10,0.01895655665029039,0.9810434433497096
3092,2020-05-10,0.021908536051061023,0.978091463948939
3093,2020-05-10,0.007796489450312305,0.9922035105496877
3094,2020-05-10,0.019502974403940776,0.9804970255960592
3095,2020-05-10,0.0019041685522375174,0.9980958314477625
3096,2020-05-10,0.028992595333360516,0.9710074046666395
3097,2020-05-10,0.007373024508291026,0.992626975491709
3098,2020-05-10,0.04085431088955693,0.9591456891104431
3099,2020-05-10,0.017762880651490343,0.9822371193485097
3100,2020-05-10,0.0021188303177008816,0.9978811696822991
3101,2020-05-10,0.03068298584338458,0.9693170141566154
3102,2020-05-10,0.044571958539660006,0.95542804146034
3103,2020-05-10,0.001483218308180878,0.9985167816918191
3104,2020-05-10,0.03025599822588121,0.9697440017741188
3105,2020-05-10,0.0023674357017120506,0.997632564298288
3106,2020-05-10,0.008098375724078122,0.9919016242759219
3107,2020-05-10,0.033696390671014265,0.9663036093289857
3108,2020-05-10,0.004408497921601806,0.9955915020783982
3109,2020-05-10,0.026604618475745245,0.9733953815242548
3110,2020-05-10,0.0020939045025896164,0.9979060954974104
3111,2020-05-10,0.031091418125645642,0.9689085818743544
3112,2020-05-10,0.00495136127692275,0.9950486387230773
3113,2020-05-10,0.009682932195867466,0.9903170678041325
3114,2020-05-10,0.023834728272657424,0.9761652717273426
3115,2020-05-10,0.019453451146880796,0.9805465488531192
3116,2020-05-10,0.024738488324665853,0.9752615116753341
3117,2020-05-10,0.013812432391746676,0.9861875676082533
3118,2020-05-10,0.01971751185713666,0.9802824881428633
3119,2020-05-10,0.00178749391066646,0.9982125060893335
3120,2020-05-10,0.013196251027923767,0.9868037489720762
3121,2020-05-10,0.04621371506174832,0.9537862849382517
3122,2020-05-10,0.007027110455736785,0.9929728895442632
3123,2020-05-10,0.02718674368428997,0.97281325631571
3124,2020-05-10,0.0019239659850480706,0.9980760340149519
3125,2020-05-10,0.031842443359335615,0.9681575566406644
3126,2020-05-10,0.014085552465514573,0.9859144475344854
3127,2020-05-10,0.04581322443170477,0.9541867755682952
3128,2020-05-10,0.005855560031561957,0.994144439968438
3129,2020-05-10,0.039588568484296593,0.9604114315157034
3131,2020-05-10,0.008493924757069116,0.9915060752429309
3132,2020-05-10,0.010842286965898396,0.9891577130341016
3133,2020-05-10,0.008885644923179004,0.991114355076821
3134,2020-05-10,0.004278235865807667,0.9957217641341923
3135,2020-05-10,0.002698759481064461,0.9973012405189355
3136,2020-05-10,0.033204300813407195,0.9667956991865928
3137,2020-05-10,0.0162520467275461,0.9837479532724539
3138,2020-05-10,0.01268058156226326,0.9873194184377367
3140,2020-05-10,0.008126129867850329,0.9918738701321497
3141,2020-05-10,0.012872449147088072,0.9871275508529119
3142,2020-05-10,0.004539373880549924,0.9954606261194501
3143,2020-05-10,0.012371930744607962,0.987628069255392
3144,2020-05-10,0.015776071166422767,0.9842239288335772
3145,2020-05-10,0.016478662930573207,0.9835213370694268
3146,2020-05-10,0.01208322051009958,0.9879167794899004
3147,2020-05-10,0.019250593493824963,0.980749406506175
3148,2020-05-10,0.036367787324846246,0.9636322126751538
3150,2020-05-10,0.017608139848891202,0.9823918601511088
3151,2020-05-10,0.009165934534873021,0.990834065465127
3152,2020-05-10,0.025462990027991572,0.9745370099720084
3154,2020-05-10,0.0024072319288980237,0.997592768071102
3155,2020-05-10,0.054726232094838956,0.945273767905161
3156,2020-05-10,0.005289730144717675,0.9947102698552823
3157,2020-05-10,0.015161084584662698,0.9848389154153373
3158,2020-05-10,0.03348834962161551,0.9665116503783845
3159,2020-05-10,0.0518512396959383,0.9481487603040617
3162,2020-05-10,0.017619136146773906,0.9823808638532261
3163,2020-05-10,0.005313850426213018,0.994686149573787
3164,2020-05-10,0.04718654423584712,0.9528134557641529
3165,2020-05-10,0.003067281194326532,0.9969327188056735
3166,2020-05-10,0.019060137367782226,0.9809398626322178
3168,2020-05-10,0.002746096645498186,0.9972539033545018
3169,2020-05-10,0.04434606090676452,0.9556539390932355
3170,2020-05-10,0.05907044550769769,0.9409295544923023
3172,2020-05-10,0.0056133558145670115,0.994386644185433
3173,2020-05-10,0.01871583003523347,0.9812841699647665
3174,2020-05-10,0.015880487148539846,0.9841195128514602
3175,2020-05-10,0.020043751041642466,0.9799562489583575
3176,2020-05-10,0.017828782423712664,0.9821712175762873
3177,2020-05-10,0.030845230863251527,0.9691547691367485
3178,2020-05-10,0.05181878427393294,0.9481812157260671
3179,2020-05-10,0.018828573725921727,0.9811714262740783
3180,2020-05-10,0.00905208346212083,0.9909479165378792
3181,2020-05-10,0.0109052588635149,0.9890947411364851
3182,2020-05-10,0.0059645977935333105,0.9940354022064667
3183,2020-05-10,0.019602757352979894,0.9803972426470201
3184,2020-05-10,0.025861782530743893,0.9741382174692561
3185,2020-05-10,0.02124105685969324,0.9787589431403068
3186,2020-05-10,0.012958638081677631,0.9870413619183224
3187,2020-05-10,0.012188606937930002,0.98781139306207
3188,2020-05-10,0.01397966064256484,0.9860203393574352
3189,2020-05-10,0.006479490001912835,0.9935205099980872
3190,2020-05-10,0.015325450566576748,0.9846745494334233
3191,2020-05-10,0.0182869745170936,0.9817130254829064
3192,2020-05-10,0.004881878685535357,0.9951181213144646
3193,2020-05-10,0.012180452488039228,0.9878195475119608
3194,2020-05-10,0.0019492141960449905,0.998050785803955
3195,2020-05-10,0.011397761614565072,0.9886022383854349
3196,2020-05-10,0.029180466943892758,0.9708195330561072
3197,2020-05-10,0.02949962165924791,0.9705003783407521
3198,2020-05-10,0.0058302466673677555,0.9941697533326322
3199,2020-05-10,0.01878981092586207,0.9812101890741379
3200,2020-05-10,0.01990443314894741,0.9800955668510526
3203,2020-05-10,0.002635803535813941,0.9973641964641861
3204,2020-05-10,0.0059572167323483916,0.9940427832676516
3206,2020-05-10,0.0078091951334584575,0.9921908048665415
3209,2020-05-10,0.027901346354669565,0.9720986536453304
3210,2020-05-10,0.005865495860325587,0.9941345041396744
3211,2020-05-10,0.03180233928821141,0.9681976607117886
3212,2020-05-10,0.023858066715979898,0.9761419332840201
3213,2020-05-10,0.019300427172143197,0.9806995728278568
3214,2020-05-10,0.011475700550068302,0.9885242994499317
3215,2020-05-10,0.006899264625664259,0.9931007353743357
3216,2020-05-10,0.018164608981562247,0.9818353910184378
3217,2020-05-10,0.002507052473104565,0.9974929475268954
3218,2020-05-10,0.0025331871289157037,0.9974668128710843
3220,2020-05-10,0.0063869751065649405,0.9936130248934351
3221,2020-05-10,0.028068495779443592,0.9719315042205564
3222,2020-05-10,0.01231483975793013,0.9876851602420699
3223,2020-05-10,0.029599421254828173,0.9704005787451718
3224,2020-05-10,0.003258018720205036,0.996741981279795
3225,2020-05-10,0.00711842712950439,0.9928815728704956
3226,2020-05-10,0.010465542303690789,0.9895344576963092
3227,2020-05-10,0.009729680081013714,0.9902703199189863
3228,2020-05-10,0.022653827337289933,0.9773461726627101
3230,2020-05-10,0.03477421526899338,0.9652257847310066
3231,2020-05-10,0.06479995539478833,0.9352000446052117
3232,2020-05-10,0.01470676941100213,0.9852932305889979
3233,2020-05-10,0.016886294446505246,0.9831137055534948
3234,2020-05-10,0.006638230467055362,0.9933617695329446
3235,2020-05-10,0.0060754758473008375,0.9939245241526992
3236,2020-05-10,0.002905121784672504,0.9970948782153275
3237,2020-05-10,0.004152796050709617,0.9958472039492904
3238,2020-05-10,0.018259124338817045,0.981740875661183
3239,2020-05-10,0.01746885236670348,0.9825311476332965
3241,2020-05-10,0.007086321634985682,0.9929136783650143
3242,2020-05-10,0.010380452164289067,0.9896195478357109
3243,2020-05-10,0.01880362686984094,0.9811963731301591
3244,2020-05-10,0.04734476258687548,0.9526552374131245
3245,2020-05-10,0.003533792328204166,0.9964662076717958
3247,2020-05-10,0.005747139791485112,0.9942528602085149
3248,2020-05-10,0.0030314886443183475,0.9969685113556817
3250,2020-05-10,0.019043033215632055,0.980956966784368
3251,2020-05-10,0.007377854979809695,0.9926221450201903
3252,2020-05-10,0.041128949442811646,0.9588710505571884
3253,2020-05-10,0.025515230255558574,0.9744847697444414
3254,2020-05-10,0.018774988312289964,0.98122501168771
3255,2020-05-10,0.022983786205890477,0.9770162137941095
3256,2020-05-10,0.004156576778214016,0.995843423221786
3257,2020-05-10,0.05841046329042443,0.9415895367095756
3258,2020-05-10,0.012702706284046017,0.987297293715954
3259,2020-05-10,0.0034709447586130926,0.9965290552413869
3260,2020-05-10,0.010945787792790873,0.9890542122072091
3261,2020-05-10,0.009008576298394133,0.9909914237016059
3262,2020-05-10,0.005062828665674646,0.9949371713343254
3263,2020-05-10,0.03081994506050001,0.9691800549395
3264,2020-05-10,0.016978914101720255,0.9830210858982797
3265,2020-05-10,0.08182190304212633,0.9181780969578737
3266,2020-05-10,0.01846950890917698,0.981530491090823
3267,2020-05-10,0.04689956787104943,0.9531004321289506
3268,2020-05-10,0.011371331118758321,0.9886286688812417
3269,2020-05-10,0.002507008018275192,0.9974929919817248
3270,2020-05-10,0.043236281744909344,0.9567637182550907
3271,2020-05-10,0.004913837740910365,0.9950861622590896
3272,2020-05-10,0.021971687584467436,0.9780283124155326
3273,2020-05-10,0.0027482031542986896,0.9972517968457013
3274,2020-05-10,0.0048867836078914095,0.9951132163921086
3275,2020-05-10,0.0019051201598699885,0.99809487984013
3276,2020-05-10,0.0049402584726954135,0.9950597415273046
3277,2020-05-10,0.014848447633274309,0.9851515523667257
3278,2020-05-10,0.007752821367120077,0.9922471786328799
3280,2020-05-10,0.006509208440329872,0.9934907915596701
3281,2020-05-10,0.02537000908317011,0.9746299909168299
3283,2020-05-10,0.1066521286498241,0.8933478713501759
3284,2020-05-10,0.008120148169027841,0.9918798518309722
3286,2020-05-10,0.017931331283496443,0.9820686687165036
3287,2020-05-10,0.011996763344756634,0.9880032366552434
3288,2020-05-10,0.01791609293666463,0.9820839070633354
3289,2020-05-10,0.0009098456327321092,0.9990901543672679
3290,2020-05-10,0.003006676067490499,0.9969933239325095
3292,2020-05-10,0.011294181108203127,0.9887058188917969
3293,2020-05-10,0.023088510692396036,0.976911489307604
3294,2020-05-10,0.010531558645636707,0.9894684413543633
3295,2020-05-10,0.020597832541774275,0.9794021674582257
3296,2020-05-10,0.0031693506060801457,0.9968306493939199
3297,2020-05-10,0.007979965794703392,0.9920200342052966
3298,2020-05-10,0.006051535695494437,0.9939484643045056
3299,2020-05-10,0.00542938933150261,0.9945706106684974
3300,2020-05-10,0.01642907359697876,0.9835709264030212
3301,2020-05-10,0.02036636788378421,0.9796336321162158
3302,2020-05-10,0.002006252933928643,0.9979937470660714
3303,2020-05-10,0.010638697135961772,0.9893613028640382
3305,2020-05-10,0.009230148045282327,0.9907698519547177
3306,2020-05-10,0.006582331018650023,0.99341766898135
3307,2020-05-10,0.026184768503286104,0.9738152314967139
3308,2020-05-10,0.014814838046407375,0.9851851619535926
3309,2020-05-10,0.021361904187264358,0.9786380958127356
3310,2020-05-10,0.0038365806814971704,0.9961634193185028
3311,2020-05-10,0.007707076883862407,0.9922929231161376
3312,2020-05-10,0.01727238615103721,0.9827276138489628
3314,2020-05-10,0.017315182454437084,0.9826848175455629
3315,2020-05-10,0.004441827607611248,0.9955581723923888
3316,2020-05-10,0.009388153179728853,0.9906118468202711
3317,2020-05-10,0.013518395773968184,0.9864816042260318
3318,2020-05-10,0.03289346187117281,0.9671065381288272
3319,2020-05-10,0.011097802259511291,0.9889021977404887
3321,2020-05-10,0.05008831085634846,0.9499116891436515
3322,2020-05-10,0.029903742822938617,0.9700962571770614
3323,2020-05-10,0.00627739887814005,0.99372260112186
3324,2020-05-10,0.014986386283628361,0.9850136137163716
3325,2020-05-10,0.008809614208118433,0.9911903857918816
3326,2020-05-10,0.008966101863782439,0.9910338981362176
3327,2020-05-10,0.0045968797749935675,0.9954031202250064
3328,2020-05-10,0.06212427894046302,0.937875721059537
3329,2020-05-10,0.0049646537880913,0.9950353462119087
3331,2020-05-10,0.009984644287695632,0.9900153557123044
3332,2020-05-10,0.01200493941391978,0.9879950605860802
3333,2020-05-10,0.02790689812673819,0.9720931018732618
3334,2020-05-10,0.006322559925076576,0.9936774400749234
3336,2020-05-10,0.012116431342718892,0.9878835686572811
3337,2020-05-10,0.008029457602356516,0.9919705423976435
3338,2020-05-10,0.0105540014714407,0.9894459985285593
3339,2020-05-10,0.01665827437743095,0.983341725622569
3340,2020-05-10,0.0030798203913930955,0.9969201796086069
3341,2020-05-10,0.005666916035314329,0.9943330839646857
3342,2020-05-10,0.009008118444977509,0.9909918815550225
3343,2020-05-10,0.04233350182847395,0.957666498171526
3344,2020-05-10,0.03735557521083255,0.9626444247891675
3345,2020-05-10,0.014834114388436737,0.9851658856115633
3347,2020-05-10,0.02026186013657827,0.9797381398634217
3348,2020-05-10,0.01581867997722075,0.9841813200227792
3349,2020-05-10,0.01931550522629666,0.9806844947737033
3351,2020-05-10,0.008775707762155416,0.9912242922378446
3352,2020-05-10,0.003434387996202548,0.9965656120037975
3353,2020-05-10,0.003906968866973948,0.996093031133026
3354,2020-05-10,0.013427905579322608,0.9865720944206774
3356,2020-05-10,0.06394705750461871,0.9360529424953813
3358,2020-05-10,0.019239799107068745,0.9807602008929313
3359,2020-05-10,0.020286204824152887,0.9797137951758471
3362,2020-05-10,0.01978593381781968,0.9802140661821803
3364,2020-05-10,0.023482430260377885,0.9765175697396221
3365,2020-05-10,0.012167927238952325,0.9878320727610477
3366,2020-05-10,0.00339668399057369,0.9966033160094263
3367,2020-05-10,0.018300445876619942,0.9816995541233801
3368,2020-05-10,0.0056032546947586415,0.9943967453052414
3369,2020-05-10,0.008703774389871577,0.9912962256101284
3370,2020-05-10,0.02351966813144246,0.9764803318685575
3371,2020-05-10,0.013576602406108584,0.9864233975938914
3372,2020-05-10,0.009995421652052916,0.9900045783479471
3373,2020-05-10,0.05040285515625864,0.9495971448437414
3374,2020-05-10,0.004250103966443319,0.9957498960335567
3375,2020-05-10,0.038946870329618855,0.9610531296703811
3376,2020-05-10,0.06934768541367431,0.9306523145863257
3377,2020-05-10,0.01370050569418313,0.9862994943058169
3378,2020-05-10,0.04502882316483914,0.9549711768351609
3379,2020-05-10,0.02209822182765875,0.9779017781723413
3380,2020-05-10,0.007530329202529273,0.9924696707974707
3381,2020-05-10,0.012408336305381518,0.9875916636946185
3383,2020-05-10,0.00553197028666641,0.9944680297133336
3384,2020-05-10,0.07918058360421576,0.9208194163957842
3386,2020-05-10,0.014659533379921541,0.9853404666200785
3387,2020-05-10,0.007882397881833314,0.9921176021181667
3388,2020-05-10,0.014406651217457433,0.9855933487825426
3389,2020-05-10,0.028549069184773956,0.971450930815226
3390,2020-05-10,0.035276476194916584,0.9647235238050834
3391,2020-05-10,0.01356182511225712,0.9864381748877429
3392,2020-05-10,0.006273404650279257,0.9937265953497207
3393,2020-05-10,0.04212382107077961,0.9578761789292204
3394,2020-05-10,0.046429172768923443,0.9535708272310766
3395,2020-05-10,0.0320079715142535,0.9679920284857465
3396,2020-05-10,0.05052343763453904,0.949476562365461
3397,2020-05-10,0.002969818614137809,0.9970301813858622
3399,2020-05-10,0.057916057773271246,0.9420839422267288
3400,2020-05-10,0.023208583077236833,0.9767914169227632
3401,2020-05-10,0.009977740045602146,0.9900222599543979
3402,2020-05-10,0.014921041033610805,0.9850789589663892
3403,2020-05-10,0.010200413952458298,0.9897995860475417
3404,2020-05-10,0.009431820601353058,0.9905681793986469
3405,2020-05-10,0.018148226004267465,0.9818517739957325
3406,2020-05-10,0.007225488583117223,0.9927745114168828
3407,2020-05-10,0.012997925222959172,0.9870020747770408
3408,2020-05-10,0.027683911083054236,0.9723160889169458
3409,2020-05-10,0.008866363652627607,0.9911336363473724
3410,2020-05-10,0.03632427626482604,0.963675723735174
3411,2020-05-10,0.004531864493629856,0.9954681355063701
3412,2020-05-10,0.02152735155245744,0.9784726484475426
3413,2020-05-10,0.004561033797528813,0.9954389662024712
3414,2020-05-10,0.01980949287077416,0.9801905071292258
3415,2020-05-10,0.020809207417897713,0.9791907925821023
3416,2020-05-10,0.02739834807491137,0.9726016519250886
3417,2020-05-10,0.004660293868953169,0.9953397061310468
3418,2020-05-10,0.0024651901800336606,0.9975348098199663
3419,2020-05-10,0.027966068395910648,0.9720339316040894
3420,2020-05-10,0.04038144937079291,0.9596185506292071
3422,2020-05-10,0.026663021539136578,0.9733369784608634
3423,2020-05-10,0.01451367696095096,0.985486323039049
3424,2020-05-10,0.06263248998197202,0.937367510018028
3425,2020-05-10,0.06509156298176066,0.9349084370182393
3426,2020-05-10,0.013396339010142255,0.9866036609898577
3428,2020-05-10,0.031135187743869253,0.9688648122561307
3429,2020-05-10,0.01342064517414554,0.9865793548258545
3430,2020-05-10,0.005622469430720312,0.9943775305692797
3431,2020-05-10,0.005890116263895462,0.9941098837361045
3432,2020-05-10,0.005897775943842221,0.9941022240561578
3433,2020-05-10,0.020127774357211137,0.9798722256427889
3434,2020-05-10,0.010806028640168441,0.9891939713598316
3436,2020-05-10,0.014493221889949282,0.9855067781100507
3437,2020-05-10,0.004076331595599836,0.9959236684044002
3438,2020-05-10,0.0032659126578822306,0.9967340873421178
3439,2020-05-10,0.02078754673590777,0.9792124532640922
3440,2020-05-10,0.0027755222892326126,0.9972244777107674
3441,2020-05-10,0.04266070860246152,0.9573392913975385
3442,2020-05-10,0.01066791011883339,0.9893320898811666
3443,2020-05-10,0.00243382590452923,0.9975661740954708
3444,2020-05-10,0.020531717137371897,0.9794682828626281
3445,2020-05-10,0.015776885753712278,0.9842231142462877
3446,2020-05-10,0.00185714168927964,0.9981428583107204
3447,2020-05-10,0.03733790919476265,0.9626620908052373
3449,2020-05-10,0.017087923740672806,0.9829120762593272
3451,2020-05-10,0.03564307132374733,0.9643569286762527
3452,2020-05-10,0.00969089406178425,0.9903091059382158
3453,2020-05-10,0.018286829404037364,0.9817131705959626
3454,2020-05-10,0.006146983277647733,0.9938530167223523
3455,2020-05-10,0.03761085036684286,0.9623891496331571
3456,2020-05-10,0.03131066901179824,0.9686893309882018
3457,2020-05-10,0.05660615705562688,0.9433938429443731
3458,2020-05-10,0.04756022636842927,0.9524397736315707
3460,2020-05-10,0.012811658663864467,0.9871883413361355
3461,2020-05-10,0.014675012347132088,0.9853249876528679
3462,2020-05-10,0.011068493946121527,0.9889315060538785
3463,2020-05-10,0.0216557634005784,0.9783442365994216
3464,2020-05-10,0.01029915046415908,0.9897008495358409
3465,2020-05-10,0.035417675010126604,0.9645823249898734
3466,2020-05-10,0.014670423038617875,0.9853295769613821
3467,2020-05-10,0.005105667346479548,0.9948943326535205
3468,2020-05-10,0.017186195885996014,0.982813804114004
3469,2020-05-10,0.004754407637358349,0.9952455923626417
3470,2020-05-10,0.018608246915089555,0.9813917530849104
3471,2020-05-10,0.0017487982023357551,0.9982512017976642
3472,2020-05-10,0.005643201030948064,0.9943567989690519
3473,2020-05-10,0.0029342215071235245,0.9970657784928765
3474,2020-05-10,0.010956555309652893,0.9890434446903471
3475,2020-05-10,0.01578293891841931,0.9842170610815807
3476,2020-05-10,0.007872579125269286,0.9921274208747307
3477,2020-05-10,0.014121292219808845,0.9858787077801912
3478,2020-05-10,0.12447610002228626,0.8755238999777137
3480,2020-05-10,0.028459530579583947,0.971540469420416
3481,2020-05-10,0.02335038446944382,0.9766496155305562
3483,2020-05-10,0.018836595919557664,0.9811634040804423
3484,2020-05-10,0.014777907164918336,0.9852220928350817
3485,2020-05-10,0.007554236102735645,0.9924457638972644
3486,2020-05-10,0.016010952800432854,0.9839890471995671
3487,2020-05-10,0.03313361391459502,0.966866386085405
3488,2020-05-10,0.018703716740798182,0.9812962832592018
3489,2020-05-10,0.0022767514381825116,0.9977232485618175
3490,2020-05-10,0.010689024287646176,0.9893109757123538
3491,2020-05-10,0.001825844389618081,0.9981741556103819
3492,2020-05-10,0.0036601817736696685,0.9963398182263303
3494,2020-05-10,0.04424719873565042,0.9557528012643496
3495,2020-05-10,0.04189913212159346,0.9581008678784065
3496,2020-05-10,0.005906874189302691,0.9940931258106973
3497,2020-05-10,0.020632317884795914,0.9793676821152041
3498,2020-05-10,0.012870260765640462,0.9871297392343595
3499,2020-05-10,0.0074156730008714256,0.9925843269991286
3500,2020-05-10,0.008740877101889089,0.9912591228981109
3501,2020-05-10,0.007131855557387046,0.992868144442613
3502,2020-05-10,0.004597786341373533,0.9954022136586265
3503,2020-05-10,0.011747125844234985,0.988252874155765
3504,2020-05-10,0.014659734952334968,0.985340265047665
3505,2020-05-10,0.028575069451309165,0.9714249305486908
3506,2020-05-10,0.023350065044990376,0.9766499349550096
3507,2020-05-10,0.015931202290112023,0.984068797709888
3508,2020-05-10,0.035442237151575795,0.9645577628484242
3509,2020-05-10,0.0066737322816653455,0.9933262677183347
3510,2020-05-10,0.009989487782072981,0.990010512217927
3511,2020-05-10,0.018625309353912045,0.981374690646088
3512,2020-05-10,0.005402603403716344,0.9945973965962837
3513,2020-05-10,0.006850614015034839,0.9931493859849652
3514,2020-05-10,0.018253493017425515,0.9817465069825745
3515,2020-05-10,0.02406748039816753,0.9759325196018325
3518,2020-05-10,0.013898589725812038,0.986101410274188
3519,2020-05-10,0.005468459606269183,0.9945315403937308
3520,2020-05-10,0.06928967440989653,0.9307103255901035
3521,2020-05-10,0.011831281878991962,0.988168718121008
3522,2020-05-10,0.012193533004534518,0.9878064669954655
3523,2020-05-10,0.007081518529990394,0.9929184814700096
3524,2020-05-10,0.02378714542993965,0.9762128545700604
3525,2020-05-10,0.028615640073158866,0.9713843599268411
3527,2020-05-10,0.004099462310504731,0.9959005376894953
3528,2020-05-10,0.0054904634192568524,0.9945095365807431
3529,2020-05-10,0.019467033257597022,0.980532966742403
3530,2020-05-10,0.030126496590456964,0.969873503409543
3531,2020-05-10,0.03123494319055853,0.9687650568094415
3532,2020-05-10,0.033949430710722206,0.9660505692892778
3533,2020-05-10,0.005809126431781442,0.9941908735682186
3534,2020-05-10,0.007350152358698514,0.9926498476413015
3536,2020-05-10,0.05437184504514747,0.9456281549548525
3537,2020-05-10,0.01024663743453147,0.9897533625654685
3538,2020-05-10,0.010699906750022414,0.9893000932499776
3539,2020-05-10,0.03428213754683074,0.9657178624531693
3540,2020-05-10,0.01191859004140472,0.9880814099585953
3541,2020-05-10,0.006413391354580966,0.993586608645419
3542,2020-05-10,0.017390143877999975,0.982609856122
3544,2020-05-10,0.011560403528900087,0.9884395964710999
3545,2020-05-10,0.030914498324790096,0.9690855016752099
3546,2020-05-10,0.016240912330990565,0.9837590876690094
3547,2020-05-10,0.005169469108835423,0.9948305308911646
3548,2020-05-10,0.048692247014823886,0.9513077529851761
3549,2020-05-10,0.003416810508959145,0.9965831894910409
3550,2020-05-10,0.01082490767752231,0.9891750923224777
3551,2020-05-10,0.017858733906483626,0.9821412660935164
3552,2020-05-10,0.009496226765368987,0.990503773234631
3553,2020-05-10,0.002675987844366401,0.9973240121556336
3554,2020-05-10,0.020545681337464483,0.9794543186625355
3555,2020-05-10,0.021237512625910115,0.9787624873740899
3556,2020-05-10,0.007571843158308722,0.9924281568416913
3557,2020-05-10,0.01106314008178455,0.9889368599182154
3558,2020-05-10,0.009082399412755016,0.990917600587245
3559,2020-05-10,0.007887807910128108,0.9921121920898719
3560,2020-05-10,0.03699124658562147,0.9630087534143785
3561,2020-05-10,0.013624365948695982,0.986375634051304
3562,2020-05-10,0.015399063335248875,0.9846009366647511
3563,2020-05-10,0.017440603666741716,0.9825593963332583
3564,2020-05-10,0.013029838715972075,0.9869701612840279
3565,2020-05-10,0.0063343246820459775,0.993665675317954
3566,2020-05-10,0.0043749569332440785,0.9956250430667559
3568,2020-05-10,0.019658592853029955,0.98034140714697
3569,2020-05-10,0.03498097600229855,0.9650190239977015
3570,2020-05-10,0.017289395597752555,0.9827106044022474
3572,2020-05-10,0.003901129631270428,0.9960988703687296
3573,2020-05-10,0.01462625117462324,0.9853737488253768
3574,2020-05-10,0.02643121908884316,0.9735687809111568
3576,2020-05-10,0.010865527593836521,0.9891344724061635
3577,2020-05-10,0.03688063907067152,0.9631193609293285
3578,2020-05-10,0.05692326357422961,0.9430767364257704
3579,2020-05-10,0.01444244914916959,0.9855575508508304
3580,2020-05-10,0.008713371130233405,0.9912866288697666
3581,2020-05-10,0.009254999008730724,0.9907450009912693
3582,2020-05-10,0.03561697750847814,0.9643830224915219
3583,2020-05-10,0.015046504719117615,0.9849534952808824
3584,2020-05-10,0.002591897152381062,0.9974081028476189
3585,2020-05-10,0.018799715627076163,0.9812002843729238
3586,2020-05-10,0.03827879957172342,0.9617212004282766
3587,2020-05-10,0.03436807625893867,0.9656319237410613
3588,2020-05-10,0.010593393839702925,0.9894066061602971
3589,2020-05-10,0.018108427089685297,0.9818915729103147
3590,2020-05-10,0.01296750952610437,0.9870324904738956
3591,2020-05-10,0.02025738006780564,0.9797426199321944
3592,2020-05-10,0.006307259001526289,0.9936927409984737
3593,2020-05-10,0.006572604841832752,0.9934273951581672
3594,2020-05-10,0.06395711356489076,0.9360428864351092
3596,2020-05-10,0.002557476207057152,0.9974425237929428
3597,2020-05-10,0.0036135659068228243,0.9963864340931772
3598,2020-05-10,0.036560315736532734,0.9634396842634673
3599,2020-05-10,0.045633810936419605,0.9543661890635804
3600,2020-05-10,0.0016733781409645765,0.9983266218590354
3601,2020-05-10,0.015504793536271655,0.9844952064637283
3602,2020-05-10,0.05084871321004525,0.9491512867899548
3604,2020-05-10,0.03830365033915151,0.9616963496608485
3605,2020-05-10,0.011107346653265293,0.9888926533467347
3606,2020-05-10,0.0268044096476745,0.9731955903523255
3607,2020-05-10,0.02022529423358066,0.9797747057664193
3608,2020-05-10,0.007612213581508542,0.9923877864184915
3609,2020-05-10,0.0015845807925004562,0.9984154192074995
3610,2020-05-10,0.08240396785372939,0.9175960321462706
3611,2020-05-10,0.018609060315388337,0.9813909396846117
3612,2020-05-10,0.004891621771799026,0.995108378228201
3613,2020-05-10,0.029982308569920346,0.9700176914300797
3614,2020-05-10,0.013394281709543931,0.9866057182904561
3616,2020-05-10,0.016223411362774276,0.9837765886372257
3617,2020-05-10,0.0047626776855370645,0.9952373223144629
3618,2020-05-10,0.010304323479213617,0.9896956765207864
3619,2020-05-10,0.021140616731117112,0.9788593832688829
3620,2020-05-10,0.0017587288727354267,0.9982412711272646
3622,2020-05-10,0.016829763705311307,0.9831702362946887
3623,2020-05-10,0.010975466628498687,0.9890245333715013
3624,2020-05-10,0.0016303028154605048,0.9983696971845395
3625,2020-05-10,0.011018270834453614,0.9889817291655464
3626,2020-05-10,0.002972892055518317,0.9970271079444817
3627,2020-05-10,0.023323030327820682,0.9766769696721793
3628,2020-05-10,0.0021171395970276397,0.9978828604029724
3629,2020-05-10,0.016729483457502692,0.9832705165424973
3630,2020-05-10,0.05530125077670389,0.9446987492232961
3632,2020-05-10,0.007012272445537926,0.9929877275544621
3633,2020-05-10,0.012884688626961016,0.987115311373039
3635,2020-05-10,0.03039894612777516,0.9696010538722248
3636,2020-05-10,0.012220796437305337,0.9877792035626947
3637,2020-05-10,0.0028628495822493605,0.9971371504177506
3638,2020-05-10,0.017084066555220434,0.9829159334447796
3639,2020-05-10,0.005611488992942393,0.9943885110070576
3641,2020-05-10,0.007901701608416634,0.9920982983915834
3642,2020-05-10,0.02260090811880555,0.9773990918811944
3643,2020-05-10,0.004832675810750975,0.995167324189249
3644,2020-05-10,0.016306372100115873,0.9836936278998841
3645,2020-05-10,0.0033133962691356267,0.9966866037308644
3646,2020-05-10,0.02197289588836271,0.9780271041116373
3647,2020-05-10,0.020870185170520306,0.9791298148294797
3648,2020-05-10,0.027358232596354726,0.9726417674036453
3649,2020-05-10,0.026730262683550943,0.9732697373164491
3651,2020-05-10,0.03374440582644356,0.9662555941735564
3652,2020-05-10,0.00940320940006023,0.9905967905999398
3653,2020-05-10,0.01893929396324745,0.9810607060367526
3654,2020-05-10,0.008879141205129892,0.9911208587948701
3656,2020-05-10,0.026217282641670225,0.9737827173583298
3657,2020-05-10,0.014781270679173564,0.9852187293208264
3658,2020-05-10,0.012340193480073536,0.9876598065199265
3659,2020-05-10,0.006758392318032991,0.993241607681967
3661,2020-05-10,0.02117182719310995,0.97882817280689
3663,2020-05-10,0.055733935366245824,0.9442660646337542
3665,2020-05-10,0.015769550801480126,0.9842304491985199
3666,2020-05-10,0.029124771653426862,0.9708752283465731
3667,2020-05-10,0.007936441214080436,0.9920635587859196
3668,2020-05-10,0.014280299390174944,0.9857197006098251
3669,2020-05-10,0.08955100378629022,0.9104489962137098
3670,2020-05-10,0.003969957025758752,0.9960300429742412
3671,2020-05-10,0.007470515147003254,0.9925294848529967
3672,2020-05-10,0.009505103697052375,0.9904948963029476
3674,2020-05-10,0.01395291873720772,0.9860470812627923
3675,2020-05-10,0.028627847196362577,0.9713721528036374
3676,2020-05-10,0.008832826248454273,0.9911671737515457
3677,2020-05-10,0.01579657291623282,0.9842034270837672
3678,2020-05-10,0.004274734369279276,0.9957252656307207
3679,2020-05-10,0.010947956650956159,0.9890520433490438
3680,2020-05-10,0.014570040508434356,0.9854299594915656
3681,2020-05-10,0.01680243032272144,0.9831975696772786
3683,2020-05-10,0.09785797297993348,0.9021420270200665
3684,2020-05-10,0.018569188948763693,0.9814308110512363
3685,2020-05-10,0.02590247580139826,0.9740975241986017
3688,2020-05-10,0.028141195767764526,0.9718588042322355
3689,2020-05-10,0.005491304861383051,0.994508695138617
3691,2020-05-10,0.016171563885373552,0.9838284361146264
3692,2020-05-10,0.014229969025223554,0.9857700309747764
3693,2020-05-10,0.013007664986225853,0.9869923350137741
3694,2020-05-10,0.0304472473760542,0.9695527526239458
3695,2020-05-10,0.016326302463259612,0.9836736975367404
3696,2020-05-10,0.0053296676392613485,0.9946703323607387
3697,2020-05-10,0.030769476175543042,0.969230523824457
3698,2020-05-10,0.015989063928653402,0.9840109360713466
3699,2020-05-10,0.009058637579819395,0.9909413624201806
3700,2020-05-10,0.018258507062362206,0.9817414929376378
3701,2020-05-10,0.017419218029679384,0.9825807819703206
3702,2020-05-10,0.049234343303485195,0.9507656566965148
3703,2020-05-10,0.018182946633245822,0.9818170533667542
3704,2020-05-10,0.010052809730875634,0.9899471902691244
3706,2020-05-10,0.007541658551526109,0.9924583414484739
3707,2020-05-10,0.011404594137400359,0.9885954058625996
3708,2020-05-10,0.01291601229788808,0.9870839877021119
3709,2020-05-10,0.01735445099153654,0.9826455490084635
3710,2020-05-10,0.01471778099001464,0.9852822190099854
3713,2020-05-10,0.016772490730383893,0.9832275092696161
3714,2020-05-10,0.019312417085307954,0.980687582914692
3715,2020-05-10,0.005166338306829332,0.9948336616931707
3716,2020-05-10,0.011739757770731774,0.9882602422292682
3717,2020-05-10,0.02462991510243595,0.975370084897564
3718,2020-05-10,0.029649771175246364,0.9703502288247536
3719,2020-05-10,0.013322150956259105,0.9866778490437409
3720,2020-05-10,0.01975299004419595,0.980247009955804
3721,2020-05-10,0.009492302374404571,0.9905076976255954
3722,2020-05-10,0.004770186552841449,0.9952298134471586
3723,2020-05-10,0.009442522935277808,0.9905574770647222
3725,2020-05-10,0.021584507935176744,0.9784154920648233
3726,2020-05-10,0.006564989760269535,0.9934350102397305
3727,2020-05-10,0.1679379448511369,0.8320620551488631
3728,2020-05-10,0.02278654660859425,0.9772134533914058
3729,2020-05-10,0.03970804674184358,0.9602919532581564
3731,2020-05-10,0.0025998464410541544,0.9974001535589458
3732,2020-05-10,0.01406982222787434,0.9859301777721257
3733,2020-05-10,0.005562676461912663,0.9944373235380873
3734,2020-05-10,0.06212240908814559,0.9378775909118544
3735,2020-05-10,0.03371712529665838,0.9662828747033416
3736,2020-05-10,0.05693350426947996,0.94306649573052
3737,2020-05-10,0.0013379061581033636,0.9986620938418966
3738,2020-05-10,0.04715459866983829,0.9528454013301617
3739,2020-05-10,0.008214464165819058,0.9917855358341809
3740,2020-05-10,0.013166869390873748,0.9868331306091263
3741,2020-05-10,0.013340766847658725,0.9866592331523413
3742,2020-05-10,0.011176370326624108,0.9888236296733759
3743,2020-05-10,0.0031377549993272247,0.9968622450006728
3744,2020-05-10,0.009267080159177765,0.9907329198408222
3745,2020-05-10,0.026420013589259606,0.9735799864107404
3746,2020-05-10,0.016670675327231432,0.9833293246727686
3747,2020-05-10,0.018156615757803696,0.9818433842421963
3748,2020-05-10,0.01611323695442879,0.9838867630455712
3749,2020-05-10,0.05901099994870207,0.9409890000512979
3750,2020-05-10,0.02352741083886145,0.9764725891611385
3751,2020-05-10,0.011122518859744801,0.9888774811402552
3752,2020-05-10,0.008717676069128433,0.9912823239308716
3753,2020-05-10,0.03382939890036529,0.9661706010996347
3754,2020-05-10,0.022413236034346085,0.9775867639656539
3755,2020-05-10,0.013623640015212213,0.9863763599847878
3757,2020-05-10,0.020998340951495886,0.9790016590485041
3758,2020-05-10,0.021081477122896874,0.9789185228771031
3759,2020-05-10,0.04923629882744951,0.9507637011725505
3760,2020-05-10,0.03836315826061254,0.9616368417393875
3761,2020-05-10,0.0022456575171149185,0.9977543424828851
3762,2020-05-10,0.08505806475691147,0.9149419352430885
3763,2020-05-10,0.00791413086310222,0.9920858691368978
3764,2020-05-10,0.004458919797819871,0.9955410802021801
3765,2020-05-10,0.03586045450133857,0.9641395454986614
3766,2020-05-10,0.027371888453979865,0.9726281115460201
3767,2020-05-10,0.05078779381788934,0.9492122061821107
3768,2020-05-10,0.022717557631491525,0.9772824423685085
3770,2020-05-10,0.0026186921748303504,0.9973813078251696
3771,2020-05-10,0.01681653979389397,0.983183460206106
3772,2020-05-10,0.018423715728940193,0.9815762842710598
3774,2020-05-10,0.003344607456974402,0.9966553925430256
3775,2020-05-10,0.0069959778078637624,0.9930040221921362
3776,2020-05-10,0.016465663259909946,0.98353433674009
3777,2020-05-10,0.012294667552315008,0.987705332447685
3778,2020-05-10,0.012711896717360172,0.9872881032826398
3779,2020-05-10,0.006687020441427549,0.9933129795585725
3780,2020-05-10,0.003682402690243447,0.9963175973097566
3781,2020-05-10,0.012021953926491857,0.9879780460735081
3782,2020-05-10,0.017737790315009327,0.9822622096849907
3784,2020-05-10,0.00577490871579156,0.9942250912842084
3785,2020-05-10,0.005403292689974304,0.9945967073100257
3786,2020-05-10,0.007925657308070266,0.9920743426919297
3787,2020-05-10,0.006517231045970795,0.9934827689540292
3788,2020-05-10,0.0039465441439832105,0.9960534558560168
3789,2020-05-10,0.006697647340796475,0.9933023526592035
3790,2020-05-10,0.00405608412201075,0.9959439158779892
3791,2020-05-10,0.06793743828833465,0.9320625617116653
3792,2020-05-10,0.1251687828319339,0.8748312171680661
3793,2020-05-10,0.007963651248635073,0.9920363487513649
3794,2020-05-10,0.015653866233624192,0.9843461337663758
3795,2020-05-10,0.021468009664070475,0.9785319903359295
3796,2020-05-10,0.007115282535526513,0.9928847174644735
3797,2020-05-10,0.03451957682738227,0.9654804231726177
3798,2020-05-10,0.049250681259482065,0.9507493187405179
3799,2020-05-10,0.01183114648743644,0.9881688535125636
3800,2020-05-10,0.017167600598505528,0.9828323994014945
3801,2020-05-10,0.002586479765184335,0.9974135202348157
3802,2020-05-10,0.017149933470244405,0.9828500665297556
3804,2020-05-10,0.005554446665678614,0.9944455533343214
3805,2020-05-10,0.044252203646081845,0.9557477963539182
3806,2020-05-10,0.049576221989948155,0.9504237780100518
3807,2020-05-10,0.009595911597928497,0.9904040884020715
3808,2020-05-10,0.013234332578525243,0.9867656674214748
3809,2020-05-10,0.00697968284058792,0.9930203171594121
3810,2020-05-10,0.015246425350026183,0.9847535746499738
3811,2020-05-10,0.04637521945450451,0.9536247805454955
3812,2020-05-10,0.014364225054463775,0.9856357749455362
3814,2020-05-10,0.02961395438082448,0.9703860456191755
3815,2020-05-10,0.011473192308552926,0.9885268076914471
3816,2020-05-10,0.01552759353152855,0.9844724064684715
3817,2020-05-10,0.04188816681698693,0.9581118331830131
3818,2020-05-10,0.046524984781384005,0.953475015218616
3819,2020-05-10,0.008336739274372396,0.9916632607256276
3820,2020-05-10,0.0022560981262113033,0.9977439018737887
3821,2020-05-10,0.03030395102756045,0.9696960489724396
3822,2020-05-10,0.022428526549995054,0.977571473450005
3823,2020-05-10,0.003637746213531523,0.9963622537864685
3824,2020-05-10,0.006786567215812278,0.9932134327841877
3825,2020-05-10,0.029851743014960297,0.9701482569850397
3826,2020-05-10,0.011777066730785934,0.9882229332692141
3827,2020-05-10,0.052358367117736115,0.9476416328822639
3828,2020-05-10,0.029885882505839567,0.9701141174941604
3830,2020-05-10,0.009479372753345316,0.9905206272466547
3831,2020-05-10,0.015034921715131544,0.9849650782848685
3832,2020-05-10,0.02194923240134483,0.9780507675986552
3833,2020-05-10,0.02267550687037523,0.9773244931296248
3834,2020-05-10,0.008296758399591542,0.9917032416004085
3835,2020-05-10,0.006350933973356954,0.993649066026643
3836,2020-05-10,0.08096409662424686,0.9190359033757531
3837,2020-05-10,0.00841940462951063,0.9915805953704894
3838,2020-05-10,0.030149145496292773,0.9698508545037072
3839,2020-05-10,0.008144792179983762,0.9918552078200162
3840,2020-05-10,0.04219550577427622,0.9578044942257238
3841,2020-05-10,0.004000865968916467,0.9959991340310835
3842,2020-05-10,0.01860051292096898,0.981399487079031
3843,2020-05-10,0.0088781763612934,0.9911218236387066
3844,2020-05-10,0.016432713978281832,0.9835672860217182
3845,2020-05-10,0.0062780766137094934,0.9937219233862905
3846,2020-05-10,0.01357598068977739,0.9864240193102226
3848,2020-05-10,0.0065083841400136455,0.9934916158599864
3849,2020-05-10,0.01127953747880317,0.9887204625211968
3850,2020-05-10,0.0035974301842852663,0.9964025698157147
3851,2020-05-10,0.0013200322121603714,0.9986799677878396
3852,2020-05-10,0.027773262301294843,0.9722267376987052
3853,2020-05-10,0.019108299844429633,0.9808917001555704
3854,2020-05-10,0.02556154970188651,0.9744384502981135
3855,2020-05-10,0.00513871680081146,0.9948612831991885
3856,2020-05-10,0.031216205105551675,0.9687837948944483
3857,2020-05-10,0.0289128729417224,0.9710871270582776
3858,2020-05-10,0.0039760581411516505,0.9960239418588483
3859,2020-05-10,0.014564430919724147,0.9854355690802759
3861,2020-05-10,0.007474433709761308,0.9925255662902387
3862,2020-05-10,0.018052021461612555,0.9819479785383874
3863,2020-05-10,0.009859824435932585,0.9901401755640674
3864,2020-05-10,0.05381927847143031,0.9461807215285697
3865,2020-05-10,0.011917897699634139,0.9880821023003659
3866,2020-05-10,0.01419483546405853,0.9858051645359415
3868,2020-05-10,0.007871855241758596,0.9921281447582414
3869,2020-05-10,0.024496639272184928,0.9755033607278151
3870,2020-05-10,0.0014141672956103912,0.9985858327043896
3871,2020-05-10,0.06374645095235998,0.93625354904764
3872,2020-05-10,0.005210727346157129,0.9947892726538429
3874,2020-05-10,0.00380571231749538,0.9961942876825046
3875,2020-05-10,0.007437899021306427,0.9925621009786936
3876,2020-05-10,0.009394020020233373,0.9906059799797666
3877,2020-05-10,0.009247078761605132,0.9907529212383949
3878,2020-05-10,0.047639241413770406,0.9523607585862296
3880,2020-05-10,0.04618250109149835,0.9538174989085016
3882,2020-05-10,0.010778652354350937,0.9892213476456491
3883,2020-05-10,0.0028153810921213163,0.9971846189078787
3885,2020-05-10,0.020817830305979945,0.97918216969402
3886,2020-05-10,0.008732883370358713,0.9912671166296413
3887,2020-05-10,0.009729622356819734,0.9902703776431803
3888,2020-05-10,0.002742754559148186,0.9972572454408518
3889,2020-05-10,0.03169523223256332,0.9683047677674367
3890,2020-05-10,0.010083673823034878,0.9899163261769651
3891,2020-05-10,0.012075193852405186,0.9879248061475948
3892,2020-05-10,0.03547705900634579,0.9645229409936542
3893,2020-05-10,0.0055323468194067305,0.9944676531805933
3894,2020-05-10,0.010689504802036343,0.9893104951979637
3895,2020-05-10,0.01168158980222156,0.9883184101977784
3896,2020-05-10,0.02210317826874375,0.9778968217312562
3897,2020-05-10,0.007417973954504498,0.9925820260454955
3898,2020-05-10,0.0034594871713011788,0.9965405128286988
3899,2020-05-10,0.0034792475275710055,0.996520752472429
3900,2020-05-10,0.058470344373500294,0.9415296556264997
3901,2020-05-10,0.032753153662736456,0.9672468463372635
3902,2020-05-10,0.016071396706886287,0.9839286032931137
3903,2020-05-10,0.03231710330059956,0.9676828966994004
3904,2020-05-10,0.007836065750441157,0.9921639342495588
3905,2020-05-10,0.003232864440570249,0.9967671355594298
3906,2020-05-10,0.03202937480444068,0.9679706251955593
3907,2020-05-10,0.03254987203973991,0.9674501279602601
3908,2020-05-10,0.04005192850979766,0.9599480714902023
3909,2020-05-10,0.028149147346328673,0.9718508526536713
3910,2020-05-10,0.020263912379197557,0.9797360876208024
3911,2020-05-10,0.004918851735233987,0.995081148264766
3912,2020-05-10,0.014417667487124364,0.9855823325128756
3913,2020-05-10,0.007687206788720036,0.99231279321128
3914,2020-05-10,0.008259475718572218,0.9917405242814278
3915,2020-05-10,0.011852731007410244,0.9881472689925898
3916,2020-05-10,0.008342420611565537,0.9916575793884345
3917,2020-05-10,0.05243212759175975,0.9475678724082403
3918,2020-05-10,0.002193343798158831,0.9978066562018412
3919,2020-05-10,0.027703902335584285,0.9722960976644157
3920,2020-05-10,0.03576273866760871,0.9642372613323913
3921,2020-05-10,0.01855637590388315,0.9814436240961169
3923,2020-05-10,0.04240547512392456,0.9575945248760754
3924,2020-05-10,0.01284548769472782,0.9871545123052722
3925,2020-05-10,0.028946683289967412,0.9710533167100326
3926,2020-05-10,0.07425802436934514,0.9257419756306549
3927,2020-05-10,0.012843430575454007,0.987156569424546
3928,2020-05-10,0.02086421424362639,0.9791357857563736
3929,2020-05-10,0.00747056494887377,0.9925294350511262
3930,2020-05-10,0.011853892029548896,0.9881461079704511
3931,2020-05-10,0.024306464676280726,0.9756935353237193
3932,2020-05-10,0.015687960900883202,0.9843120390991168
3935,2020-05-10,0.031548440938326094,0.9684515590616739
3936,2020-05-10,0.024034211811314155,0.9759657881886858
3937,2020-05-10,0.015237166998834817,0.9847628330011652
3938,2020-05-10,0.014227396692792937,0.9857726033072071
3940,2020-05-10,0.015053860631067173,0.9849461393689328
3941,2020-05-10,0.0028205833253989177,0.9971794166746011
3942,2020-05-10,0.010751740775958307,0.9892482592240417
3943,2020-05-10,0.008245197475397426,0.9917548025246026
3944,2020-05-10,0.013753052734744364,0.9862469472652556
3945,2020-05-10,0.007272871119711644,0.9927271288802884
3946,2020-05-10,0.0046487673989337175,0.9953512326010663
3947,2020-05-10,0.019981657050683554,0.9800183429493164
3948,2020-05-10,0.009694723311304276,0.9903052766886957
3949,2020-05-10,0.0023770040978886575,0.9976229959021113
3950,2020-05-10,0.033687898385456716,0.9663121016145433
3951,2020-05-10,0.023834138943054417,0.9761658610569456
3952,2020-05-10,0.013690289066480066,0.9863097109335199
3953,2020-05-10,0.010467335980563264,0.9895326640194367
3954,2020-05-10,0.04667087555532301,0.953329124444677
3955,2020-05-10,0.006524639518466158,0.9934753604815338
3956,2020-05-10,0.03490100595824552,0.9650989940417545
3957,2020-05-10,0.025476522146786862,0.9745234778532131
3958,2020-05-10,0.01549913768445077,0.9845008623155492
3959,2020-05-10,0.01390040369692469,0.9860995963030753
3960,2020-05-10,0.05862138490151414,0.9413786150984859
3961,2020-05-10,0.023982484109564606,0.9760175158904354
3962,2020-05-10,0.04202635645615793,0.9579736435438421
3963,2020-05-10,0.016647811727014794,0.9833521882729852
3964,2020-05-10,0.04049987325805704,0.959500126741943
3965,2020-05-10,0.009138861183219604,0.9908611388167804
3966,2020-05-10,0.009177807045210429,0.9908221929547896
3967,2020-05-10,0.02684243212679105,0.973157567873209
3968,2020-05-10,0.015047474093943358,0.9849525259060566
3970,2020-05-10,0.010112967059872413,0.9898870329401276
3971,2020-05-10,0.06437735314998272,0.9356226468500173
3972,2020-05-10,0.004661071318002752,0.9953389286819972
3973,2020-05-10,0.013202581067643493,0.9867974189323565
3974,2020-05-10,0.00937399827208718,0.9906260017279128
3975,2020-05-10,0.017081522376231062,0.9829184776237689
3976,2020-05-10,0.021019730945051496,0.9789802690549485
3977,2020-05-10,0.028186427954460025,0.97181357204554
3978,2020-05-10,0.018705609265189382,0.9812943907348106
3979,2020-05-10,0.008770318328495175,0.9912296816715048
3980,2020-05-10,0.012005928432382351,0.9879940715676176
3981,2020-05-10,0.02061389509331213,0.9793861049066879
3982,2020-05-10,0.02397803900133144,0.9760219609986686
3983,2020-05-10,0.008240989972769452,0.9917590100272305
3985,2020-05-10,0.013415830912263838,0.9865841690877362
3986,2020-05-10,0.011011712708312027,0.988988287291688
3987,2020-05-10,0.024834756078734976,0.975165243921265
3988,2020-05-10,0.005364229995022285,0.9946357700049777
3989,2020-05-10,0.018399097794595698,0.9816009022054043
3990,2020-05-10,0.004296291640722982,0.995703708359277
3991,2020-05-10,0.024481165751789713,0.9755188342482103
3993,2020-05-10,0.0016649983168023352,0.9983350016831977
3994,2020-05-10,0.006073042029749676,0.9939269579702503
3995,2020-05-10,0.04650415171398481,0.9534958482860152
3996,2020-05-10,0.015189010433768413,0.9848109895662316
3997,2020-05-10,0.02065357566315451,0.9793464243368455
3998,2020-05-10,0.0205676312441605,0.9794323687558395
3999,2020-05-10,0.019422112843677564,0.9805778871563224
4000,2020-05-10,0.02315646472454136,0.9768435352754586
4002,2020-05-10,0.009094715146309329,0.9909052848536907
4003,2020-05-10,0.021932385648822716,0.9780676143511773
4004,2020-05-10,0.05595554671442404,0.944044453285576
4005,2020-05-10,0.02723215526780709,0.9727678447321929
4006,2020-05-10,0.017475813209738678,0.9825241867902613
4007,2020-05-10,0.06887543798312123,0.9311245620168788
4008,2020-05-10,0.011155217666234729,0.9888447823337653
4009,2020-05-10,0.007602423934198521,0.9923975760658015
4010,2020-05-10,0.009207926232312147,0.9907920737676879
4011,2020-05-10,0.03740407573962046,0.9625959242603795
4012,2020-05-10,0.03017250064975696,0.969827499350243
4013,2020-05-10,0.01094103740314678,0.9890589625968532
4014,2020-05-10,0.010309521859118154,0.9896904781408818
4015,2020-05-10,0.003523285729155945,0.996476714270844
4016,2020-05-10,0.010621153347311507,0.9893788466526885
4017,2020-05-10,0.019959098316958857,0.9800409016830411
4018,2020-05-10,0.010548033856255246,0.9894519661437448
4019,2020-05-10,0.005428286893091605,0.9945717131069084
4020,2020-05-10,0.007109679353034082,0.9928903206469659
4021,2020-05-10,0.009381347904561466,0.9906186520954385
4023,2020-05-10,0.004945257320940533,0.9950547426790595
4024,2020-05-10,0.03180716834373565,0.9681928316562644
4025,2020-05-10,0.010901900822161248,0.9890980991778388
4027,2020-05-10,0.002006343084112183,0.9979936569158878
4028,2020-05-10,0.00999931020589584,0.9900006897941042
4029,2020-05-10,0.010764743516199493,0.9892352564838005
4030,2020-05-10,0.003350278164327092,0.9966497218356729
4032,2020-05-10,0.0126848918783663,0.9873151081216337
4033,2020-05-10,0.004552833890882679,0.9954471661091173
4034,2020-05-10,0.0053631007986322254,0.9946368992013678
4035,2020-05-10,0.011034001128279014,0.988965998871721
4036,2020-05-10,0.028326805243038877,0.9716731947569611
4037,2020-05-10,0.049253619842392404,0.9507463801576076
4038,2020-05-10,0.05924687323845279,0.9407531267615472
4039,2020-05-10,0.06971423185857328,0.9302857681414267
4040,2020-05-10,0.0540089394984965,0.9459910605015035
4041,2020-05-10,0.007991789832462515,0.9920082101675375
4042,2020-05-10,0.005801833760060049,0.99419816623994
4043,2020-05-10,0.011350965318984163,0.9886490346810158
4044,2020-05-10,0.060294317136587505,0.9397056828634125
4045,2020-05-10,0.015647361067555376,0.9843526389324446
4047,2020-05-10,0.033098160101490026,0.96690183989851
4048,2020-05-10,0.04602831887569625,0.9539716811243037
4049,2020-05-10,0.012877970348938894,0.9871220296510611
4050,2020-05-10,0.016574484510984977,0.983425515489015
4051,2020-05-10,0.009516982817923347,0.9904830171820767
4052,2020-05-10,0.0045132101524935075,0.9954867898475065
4053,2020-05-10,0.018530239898041256,0.9814697601019587
4054,2020-05-10,0.022716935642305924,0.9772830643576941
4055,2020-05-10,0.0086249878962662,0.9913750121037338
4056,2020-05-10,0.014802305532158555,0.9851976944678414
4057,2020-05-10,0.00496893578334856,0.9950310642166514
4058,2020-05-10,0.009554869149512313,0.9904451308504877
4059,2020-05-10,0.006250293403649576,0.9937497065963504
4060,2020-05-10,0.004369275312415821,0.9956307246875842
4061,2020-05-10,0.007130127873122394,0.9928698721268776
4064,2020-05-10,0.07198902339585866,0.9280109766041413
4065,2020-05-10,0.014022960983177013,0.985977039016823
4066,2020-05-10,0.040307370681514354,0.9596926293184856
4067,2020-05-10,0.020662772259469775,0.9793372277405302
4068,2020-05-10,0.018495674282272945,0.981504325717727
4069,2020-05-10,0.005542052187622937,0.9944579478123771
4071,2020-05-10,0.028927714435926788,0.9710722855640732
4072,2020-05-10,0.02256346326941816,0.9774365367305818
4073,2020-05-10,0.00809016283288888,0.9919098371671111
4075,2020-05-10,0.009766202988470862,0.9902337970115291
4076,2020-05-10,0.009040981431111761,0.9909590185688882
4077,2020-05-10,0.024433705250397786,0.9755662947496022
4078,2020-05-10,0.00878769403299362,0.9912123059670064
4080,2020-05-10,0.014693133698544414,0.9853068663014556
4081,2020-05-10,0.012609273742926086,0.9873907262570739
4082,2020-05-10,0.001962166011441613,0.9980378339885584
4083,2020-05-10,0.04837976152909185,0.9516202384709082
4084,2020-05-10,0.01306072192617036,0.9869392780738296
4085,2020-05-10,0.022631627726941494,0.9773683722730585
4086,2020-05-10,0.026181499907330652,0.9738185000926693
4087,2020-05-10,0.009729934653426309,0.9902700653465737
4088,2020-05-10,0.006475066975320298,0.9935249330246797
4089,2020-05-10,0.004830661371499123,0.9951693386285009
4090,2020-05-10,0.0018494909359076939,0.9981505090640923
4091,2020-05-10,0.010260606058557609,0.9897393939414424
4092,2020-05-10,0.01780714383440385,0.9821928561655962
4093,2020-05-10,0.0025580709300527804,0.9974419290699472
4094,2020-05-10,0.011696505036304816,0.9883034949636952
4095,2020-05-10,0.003736562895630624,0.9962634371043694
4096,2020-05-10,0.03949176592709458,0.9605082340729054
4097,2020-05-10,0.04553976899268375,0.9544602310073163
4098,2020-05-10,0.0302399945254741,0.9697600054745259
4099,2020-05-10,0.017914578141120074,0.9820854218588799
4100,2020-05-10,0.04498153552741968,0.9550184644725803
4102,2020-05-10,0.016517103504699482,0.9834828964953005
4103,2020-05-10,0.09625885261623579,0.9037411473837642
4104,2020-05-10,0.04360121546881213,0.9563987845311879
4105,2020-05-10,0.02533036958836854,0.9746696304116315
4106,2020-05-10,0.017497247558715734,0.9825027524412843
4107,2020-05-10,0.011734612797390853,0.9882653872026091
4108,2020-05-10,0.006034764949327531,0.9939652350506725
4109,2020-05-10,0.042742370816357456,0.9572576291836425
4110,2020-05-10,0.015300252357876687,0.9846997476421233
4111,2020-05-10,0.03211097159412446,0.9678890284058755
4112,2020-05-10,0.02671251403626973,0.9732874859637303
4113,2020-05-10,0.013669349154091681,0.9863306508459083
4114,2020-05-10,0.006553994647163552,0.9934460053528364
4115,2020-05-10,0.03490227699750348,0.9650977230024965
4116,2020-05-10,0.047831679661974325,0.9521683203380257
4117,2020-05-10,0.02303300232091199,0.976966997679088
4118,2020-05-10,0.005428410478448886,0.9945715895215511
4119,2020-05-10,0.030250267550043786,0.9697497324499562
4120,2020-05-10,0.026668148529574665,0.9733318514704253
4121,2020-05-10,0.0037119874488417137,0.9962880125511583
4122,2020-05-10,0.010095218857354538,0.9899047811426455
4123,2020-05-10,0.01664463264707794,0.9833553673529221
4124,2020-05-10,0.014641345761407076,0.9853586542385929
4126,2020-05-10,0.0054403760848803495,0.9945596239151197
4127,2020-05-10,0.003511914492279722,0.9964880855077203
4128,2020-05-10,0.014845241933988285,0.9851547580660117
4130,2020-05-10,0.02139148347794262,0.9786085165220574
4131,2020-05-10,0.03720908342082996,0.96279091657917
4132,2020-05-10,0.004442830333539871,0.9955571696664601
4133,2020-05-10,0.05013782776413167,0.9498621722358683
4134,2020-05-10,0.030199249901927128,0.9698007500980729
4135,2020-05-10,0.005499804435484701,0.9945001955645153
4136,2020-05-10,0.011771689401661956,0.988228310598338
4137,2020-05-10,0.008501644421607946,0.991498355578392
4138,2020-05-10,0.02927046775710096,0.970729532242899
4139,2020-05-10,0.011317153369669875,0.9886828466303301
4140,2020-05-10,0.020136945483010704,0.9798630545169893
4141,2020-05-10,0.029055488824174525,0.9709445111758255
4142,2020-05-10,0.016501601883200934,0.9834983981167991
4143,2020-05-10,0.022962855785762293,0.9770371442142377
4144,2020-05-10,0.009805533903275543,0.9901944660967245
4145,2020-05-10,0.06022984125437947,0.9397701587456205
4146,2020-05-10,0.012314875817777349,0.9876851241822227
4147,2020-05-10,0.014339482392560443,0.9856605176074396
4148,2020-05-10,0.020557835777409883,0.9794421642225901
4149,2020-05-10,0.00913679655208266,0.9908632034479173
4150,2020-05-10,0.037346125705742694,0.9626538742942573
4151,2020-05-10,0.01927641553278958,0.9807235844672104
4152,2020-05-10,0.010768703245077615,0.9892312967549224
4153,2020-05-10,0.008548747052117167,0.9914512529478828
4154,2020-05-10,0.020460488076189387,0.9795395119238106
4155,2020-05-10,0.0039308748884383515,0.9960691251115616
4156,2020-05-10,0.01964349766853668,0.9803565023314633
4157,2020-05-10,0.01911273226519994,0.9808872677348001
4158,2020-05-10,0.016960805013412572,0.9830391949865874
4159,2020-05-10,0.03074317297416529,0.9692568270258347
4160,2020-05-10,0.004791520677209671,0.9952084793227903
4162,2020-05-10,0.04652186876643882,0.9534781312335612
4163,2020-05-10,0.0052009609290459835,0.994799039070954
4164,2020-05-10,0.021454073097644022,0.978545926902356
4165,2020-05-10,0.004484624952863503,0.9955153750471365
4166,2020-05-10,0.00748894542295242,0.9925110545770476
4167,2020-05-10,0.022569759876950535,0.9774302401230495
4169,2020-05-10,0.01718027533540034,0.9828197246645997
4170,2020-05-10,0.015589590927056918,0.9844104090729431
4171,2020-05-10,0.02279994903835647,0.9772000509616435
4172,2020-05-10,0.005427052072434768,0.9945729479275652
4173,2020-05-10,0.010288230125762965,0.989711769874237
4174,2020-05-10,0.006147511846322007,0.993852488153678
4175,2020-05-10,0.03967508522185392,0.9603249147781461
4176,2020-05-10,0.032494303856455686,0.9675056961435443
4177,2020-05-10,0.02738187814672033,0.9726181218532797
4178,2020-05-10,0.00909651630544095,0.990903483694559
4179,2020-05-10,0.024123467323475145,0.9758765326765249
4180,2020-05-10,0.014522528882196961,0.985477471117803
4181,2020-05-10,0.0033769626604275294,0.9966230373395725
4182,2020-05-10,0.008401437309349613,0.9915985626906504
4183,2020-05-10,0.031434150097734426,0.9685658499022656
4184,2020-05-10,0.013853192693647376,0.9861468073063526
4185,2020-05-10,0.016395640021670044,0.98360435997833
4186,2020-05-10,0.00782393094572642,0.9921760690542736
4188,2020-05-10,0.030338433550444854,0.9696615664495551
4189,2020-05-10,0.016769181569405878,0.9832308184305941
4190,2020-05-10,0.0071312473762261686,0.9928687526237738
4191,2020-05-10,0.012718528078034863,0.9872814719219651
4192,2020-05-10,0.034987278254500764,0.9650127217454992
4193,2020-05-10,0.013741614746352826,0.9862583852536472
4195,2020-05-10,0.03574511859885576,0.9642548814011442
4196,2020-05-10,0.009294700020913815,0.9907052999790862
4197,2020-05-10,0.038646117518481904,0.9613538824815181
4198,2020-05-10,0.010367927654138742,0.9896320723458613
4199,2020-05-10,0.03301303108175724,0.9669869689182428
4200,2020-05-10,0.020296638306091186,0.9797033616939088
4201,2020-05-10,0.005483502683437891,0.9945164973165621
4202,2020-05-10,0.0870381740054409,0.9129618259945591
4203,2020-05-10,0.009529714303574854,0.9904702856964251
4204,2020-05-10,0.005824937853446954,0.994175062146553
4205,2020-05-10,0.03022972199949414,0.9697702780005059
4207,2020-05-10,0.0064038572694440354,0.993596142730556
4208,2020-05-10,0.004907618055609797,0.9950923819443902
4209,2020-05-10,0.028867742257054574,0.9711322577429454
4210,2020-05-10,0.0040766949142532205,0.9959233050857468
4211,2020-05-10,0.02487962650579356,0.9751203734942064
4212,2020-05-10,0.07554348719755388,0.9244565128024461
4213,2020-05-10,0.021649589711546402,0.9783504102884536
4214,2020-05-10,0.04306327680811051,0.9569367231918895
4215,2020-05-10,0.03723446573580125,0.9627655342641988
4217,2020-05-10,0.009539719464068064,0.9904602805359319
4218,2020-05-10,0.00829011749655062,0.9917098825034494
4219,2020-05-10,0.009579123998142203,0.9904208760018578
4220,2020-05-10,0.007035041790653951,0.992964958209346
4221,2020-05-10,0.012082192443986672,0.9879178075560133
4222,2020-05-10,0.0026846414608552305,0.9973153585391448
4223,2020-05-10,0.010069134190177964,0.989930865809822
4224,2020-05-10,0.03854624174601973,0.9614537582539803
4225,2020-05-10,0.04854328130698837,0.9514567186930116
4226,2020-05-10,0.032844518460302896,0.9671554815396971
4227,2020-05-10,0.0325735161773727,0.9674264838226273
4228,2020-05-10,0.010099484359656685,0.9899005156403433
4229,2020-05-10,0.0460665550238083,0.9539334449761917
4230,2020-05-10,0.004252998744153524,0.9957470012558465
4231,2020-05-10,0.00976307036505275,0.9902369296349472
4232,2020-05-10,0.00651003310430498,0.993489966895695
4233,2020-05-10,0.010482448538798761,0.9895175514612012
4234,2020-05-10,0.012889690806338838,0.9871103091936612
4235,2020-05-10,0.025265636444418926,0.9747343635555811
4236,2020-05-10,0.01650316191366874,0.9834968380863313
4237,2020-05-10,0.004577293927281012,0.995422706072719
4238,2020-05-10,0.008822696881193637,0.9911773031188064
4239,2020-05-10,0.0049404838190522105,0.9950595161809478
4240,2020-05-10,0.03234397732684113,0.9676560226731589
4241,2020-05-10,0.007354118534656395,0.9926458814653436
4242,2020-05-10,0.0212196017023194,0.9787803982976806
4243,2020-05-10,0.010640166285586283,0.9893598337144137
4244,2020-05-10,0.03092534868780572,0.9690746513121943
4245,2020-05-10,0.003090873938910721,0.9969091260610893
4246,2020-05-10,0.06030555119167036,0.9396944488083296
4247,2020-05-10,0.017922267803992087,0.9820777321960079
4248,2020-05-10,0.013315679448653861,0.9866843205513461
4249,2020-05-10,0.005423675761096924,0.9945763242389031
4250,2020-05-10,0.0280542800903687,0.9719457199096313
4251,2020-05-10,0.004830966794974301,0.9951690332050257
4252,2020-05-10,0.03962739185468578,0.9603726081453142
4253,2020-05-10,0.010939081088741642,0.9890609189112584
4254,2020-05-10,0.01746947551133715,0.9825305244886628
4255,2020-05-10,0.007808967908009223,0.9921910320919908
4256,2020-05-10,0.028387960852451988,0.971612039147548
4257,2020-05-10,0.0034210977170536783,0.9965789022829463
4258,2020-05-10,0.014126498956437028,0.985873501043563
4259,2020-05-10,0.021767134195971427,0.9782328658040286
4260,2020-05-10,0.004702053113416205,0.9952979468865838
4261,2020-05-10,0.10648894418531907,0.8935110558146809
4262,2020-05-10,0.03079972765190042,0.9692002723480996
4263,2020-05-10,0.02234969979059709,0.9776503002094029
4264,2020-05-10,0.014953067242526652,0.9850469327574733
4265,2020-05-10,0.0219113193188073,0.9780886806811927
4266,2020-05-10,0.05679912393431774,0.9432008760656823
4267,2020-05-10,0.024370907341839887,0.9756290926581601
4269,2020-05-10,0.0006106094245847959,0.9993893905754152
4270,2020-05-10,0.02607287954511206,0.9739271204548879
4271,2020-05-10,0.0051268274288645,0.9948731725711355
4272,2020-05-10,0.024993175239536036,0.975006824760464
4273,2020-05-10,0.01464991328648979,0.9853500867135102
4274,2020-05-10,0.019727489741957815,0.9802725102580422
4275,2020-05-10,0.020533922032168195,0.9794660779678318
4276,2020-05-10,0.027238806505690327,0.9727611934943097
4279,2020-05-10,0.028822615646456384,0.9711773843535436
4281,2020-05-10,0.033112264517118795,0.9668877354828812
4282,2020-05-10,0.06298301401651218,0.9370169859834878
4283,2020-05-10,0.013669437546099283,0.9863305624539007
4284,2020-05-10,0.017191683532998492,0.9828083164670015
4285,2020-05-10,0.026661134715225354,0.9733388652847746
4286,2020-05-10,0.03411586014443968,0.9658841398555603
4287,2020-05-10,0.05807375085282096,0.941926249147179
4288,2020-05-10,0.023683041879100197,0.9763169581208998
4289,2020-05-10,0.01083883328387203,0.989161166716128
4290,2020-05-10,0.003743591367026955,0.996256408632973
4291,2020-05-10,0.018238250652360066,0.9817617493476399
4292,2020-05-10,0.06666212976286368,0.9333378702371363
4293,2020-05-10,0.02190637062571943,0.9780936293742806
4294,2020-05-10,0.01886954278515829,0.9811304572148417
4295,2020-05-10,0.010231929683144347,0.9897680703168557
4296,2020-05-10,0.015781202462521127,0.9842187975374789
4297,2020-05-10,0.02636624006396715,0.9736337599360328
4298,2020-05-10,0.011323008656238365,0.9886769913437616
4299,2020-05-10,0.024098023211913122,0.9759019767880869
4300,2020-05-10,0.010342081167830308,0.9896579188321697
4301,2020-05-10,0.01371652787958566,0.9862834721204143
4302,2020-05-10,0.026721754722267677,0.9732782452777323
4303,2020-05-10,0.030496466597338512,0.9695035334026615
4304,2020-05-10,0.012309775391600275,0.9876902246083997
4305,2020-05-10,0.04701118529255188,0.9529888147074481
4307,2020-05-10,0.022674984436431567,0.9773250155635684
4308,2020-05-10,0.016669993734102717,0.9833300062658973
4309,2020-05-10,0.03257212799917686,0.9674278720008231
4310,2020-05-10,0.010147986610718918,0.9898520133892811
4311,2020-05-10,0.034557511446771105,0.9654424885532289
4312,2020-05-10,0.012510675527516835,0.9874893244724832
4313,2020-05-10,0.0066668068586756,0.9933331931413244
4314,2020-05-10,0.032461185908366885,0.9675388140916331
4315,2020-05-10,0.046044891612464944,0.9539551083875351
4317,2020-05-10,0.004189354747890173,0.9958106452521098
4318,2020-05-10,0.01333860034326706,0.9866613996567329
4319,2020-05-10,0.03466022910499733,0.9653397708950027
4320,2020-05-10,0.020623226933835448,0.9793767730661646
4321,2020-05-10,0.02704616730456777,0.9729538326954322
4322,2020-05-10,0.007970264438732166,0.9920297355612678
4323,2020-05-10,0.005640828981334223,0.9943591710186658
4324,2020-05-10,0.008474231660127396,0.9915257683398726
4325,2020-05-10,0.025814788758883433,0.9741852112411166
4326,2020-05-10,0.013666084272998646,0.9863339157270014
4327,2020-05-10,0.02650749149888343,0.9734925085011166
4328,2020-05-10,0.007966086267145012,0.992033913732855
4329,2020-05-10,0.03231395373197421,0.9676860462680258
4330,2020-05-10,0.020388354543922738,0.9796116454560773
4331,2020-05-10,0.015236832872750128,0.9847631671272499
4332,2020-05-10,0.02681069872159414,0.9731893012784059
4334,2020-05-10,0.027291977042991467,0.9727080229570085
4335,2020-05-10,0.06519107366994426,0.9348089263300557
4337,2020-05-10,0.0016273282092398311,0.9983726717907602
4338,2020-05-10,0.003700738940844883,0.9962992610591551
4339,2020-05-10,0.017199418993372517,0.9828005810066275
4341,2020-05-10,0.007283970208846635,0.9927160297911534
4342,2020-05-10,0.08324037659291894,0.9167596234070811
4343,2020-05-10,0.015299276145907537,0.9847007238540925
4345,2020-05-10,0.013536178300746049,0.986463821699254
4346,2020-05-10,0.005191125436168509,0.9948088745638315
4347,2020-05-10,0.013171791327044158,0.9868282086729558
4348,2020-05-10,0.011357576250866308,0.9886424237491337
4349,2020-05-10,0.03851979249040671,0.9614802075095933
4350,2020-05-10,0.028098907846776044,0.971901092153224
4351,2020-05-10,0.02827404053524296,0.971725959464757
4352,2020-05-10,0.011176596079174983,0.988823403920825
4353,2020-05-10,0.012869313239287639,0.9871306867607124
4354,2020-05-10,0.0030780454529864,0.9969219545470136
4355,2020-05-10,0.023477278444794858,0.9765227215552051
4356,2020-05-10,0.019928492222848537,0.9800715077771515
4357,2020-05-10,0.006418648207379252,0.9935813517926207
4359,2020-05-10,0.011321036146176966,0.988678963853823
4360,2020-05-10,0.003793780488280829,0.9962062195117192
4361,2020-05-10,0.04444930072313458,0.9555506992768654
4362,2020-05-10,0.0060287444490414455,0.9939712555509586
4363,2020-05-10,0.02845649763313529,0.9715435023668647
4364,2020-05-10,0.038578810701115684,0.9614211892988843
4365,2020-05-10,0.02529136000852661,0.9747086399914734
4366,2020-05-10,0.05398683932038606,0.9460131606796139
4368,2020-05-10,0.01398320604416392,0.9860167939558361
4369,2020-05-10,0.046823037943440116,0.9531769620565599
4370,2020-05-10,0.026115664462606714,0.9738843355373933
4371,2020-05-10,0.01825070165605902,0.981749298343941
4372,2020-05-10,0.003336694897176362,0.9966633051028236
4374,2020-05-10,0.02592589039337978,0.9740741096066202
4375,2020-05-10,0.03345830226458868,0.9665416977354113
4376,2020-05-10,0.0038030671341547917,0.9961969328658452
4377,2020-05-10,0.014420060994793649,0.9855799390052064
4378,2020-05-10,0.0035721515283523297,0.9964278484716477
4379,2020-05-10,0.024722064084348072,0.9752779359156519
4380,2020-05-10,0.058339132012974027,0.941660867987026
4381,2020-05-10,0.018996068331855076,0.9810039316681449
4382,2020-05-10,0.011270145128042808,0.9887298548719572
4383,2020-05-10,0.06438398273736035,0.9356160172626397
4384,2020-05-10,0.019334995758682805,0.9806650042413172
4385,2020-05-10,0.02616508031458853,0.9738349196854115
4386,2020-05-10,0.021007357374142277,0.9789926426258577
4387,2020-05-10,0.010314080731746333,0.9896859192682537
4388,2020-05-10,0.0069642995458106816,0.9930357004541893
4389,2020-05-10,0.03731639835858558,0.9626836016414144
4390,2020-05-10,0.017392501453601494,0.9826074985463985
4391,2020-05-10,0.003584846137339226,0.9964151538626608
4392,2020-05-10,0.03737121189295067,0.9626287881070493
4393,2020-05-10,0.018583541561645323,0.9814164584383547
4394,2020-05-10,0.030901062381541555,0.9690989376184584
4395,2020-05-10,0.028119978649720045,0.97188002135028
4396,2020-05-10,0.002634058251856919,0.9973659417481431
4397,2020-05-10,0.0074055024559243066,0.9925944975440757
4398,2020-05-10,0.020326577556986414,0.9796734224430136
4401,2020-05-10,0.014755473178987621,0.9852445268210124
4403,2020-05-10,0.014826353967539174,0.9851736460324608
4404,2020-05-10,0.015690012983088586,0.9843099870169114
4405,2020-05-10,0.08474589184654124,0.9152541081534588
4406,2020-05-10,0.011121244660200924,0.9888787553397991
4408,2020-05-10,0.004289518788201718,0.9957104812117983
4409,2020-05-10,0.02078686825168241,0.9792131317483176
4410,2020-05-10,0.01608615260276336,0.9839138473972366
4411,2020-05-10,0.04261954582286409,0.9573804541771359
4413,2020-05-10,0.005060713448254317,0.9949392865517457
4414,2020-05-10,0.01846568748643551,0.9815343125135645
4415,2020-05-10,0.020943430209107605,0.9790565697908924
4416,2020-05-10,0.0037090535952074566,0.9962909464047925
4417,2020-05-10,0.009877502952602368,0.9901224970473976
4418,2020-05-10,0.01578095311994354,0.9842190468800565
4419,2020-05-10,0.004768650374314065,0.9952313496256859
4420,2020-05-10,0.01916136686496761,0.9808386331350324
4421,2020-05-10,0.025905493393029055,0.974094506606971
4422,2020-05-10,0.003369333636079941,0.9966306663639201
4423,2020-05-10,0.013241886251871504,0.9867581137481285
4424,2020-05-10,0.0029934626885195215,0.9970065373114805
4425,2020-05-10,0.00468174125071652,0.9953182587492835
4426,2020-05-10,0.025899141482563226,0.9741008585174368
4427,2020-05-10,0.001547971946607829,0.9984520280533922
4428,2020-05-10,0.028500267431533666,0.9714997325684663
4429,2020-05-10,0.01045464858489975,0.9895453514151002
4430,2020-05-10,0.009818794217182458,0.9901812057828175
4431,2020-05-10,0.0358397256701769,0.9641602743298231
4432,2020-05-10,0.029696574319341362,0.9703034256806586
4433,2020-05-10,0.02540817998412659,0.9745918200158734
4434,2020-05-10,0.019906059227977058,0.9800939407720229
4436,2020-05-10,0.014554845699874752,0.9854451543001252
4437,2020-05-10,0.012594167201187889,0.9874058327988121
4438,2020-05-10,0.004680084238346982,0.995319915761653
4439,2020-05-10,0.012329076491637947,0.987670923508362
4440,2020-05-10,0.02232156473040281,0.9776784352695972
4441,2020-05-10,0.005934530369272495,0.9940654696307275
4442,2020-05-10,0.04573048497410037,0.9542695150258996
4444,2020-05-10,0.005700918476254979,0.994299081523745
4445,2020-05-10,0.01921513419296561,0.9807848658070344
4446,2020-05-10,0.006289900343885213,0.9937100996561148
4447,2020-05-10,0.012377650117464611,0.9876223498825354
4450,2020-05-10,0.011322766379852967,0.988677233620147
4451,2020-05-10,0.08016258473126348,0.9198374152687365
4452,2020-05-10,0.003045508062662017,0.996954491937338
4453,2020-05-10,0.010617267716505396,0.9893827322834946
4454,2020-05-10,0.005024956156546523,0.9949750438434535
4455,2020-05-10,0.03755668267578971,0.9624433173242103
4456,2020-05-10,0.0010956446631454897,0.9989043553368545
4457,2020-05-10,0.013123756960480515,0.9868762430395195
4459,2020-05-10,0.013471366271166185,0.9865286337288338
4461,2020-05-10,0.015586554274363618,0.9844134457256364
4462,2020-05-10,0.017728758736650918,0.9822712412633491
4463,2020-05-10,0.01954407849636053,0.9804559215036395
4464,2020-05-10,0.0230214505082611,0.9769785494917389
4465,2020-05-10,0.006673435504934377,0.9933265644950656
4466,2020-05-10,0.01797754210569824,0.9820224578943018
4467,2020-05-10,0.15687885126899492,0.8431211487310051
4468,2020-05-10,0.009975582234039604,0.9900244177659604
4469,2020-05-10,0.037171520330420704,0.9628284796695793
4471,2020-05-10,0.012375164830956686,0.9876248351690433
4472,2020-05-10,0.018188988823970687,0.9818110111760293
4476,2020-05-10,0.019393025453821378,0.9806069745461786
4477,2020-05-10,0.04939867331741865,0.9506013266825813
4479,2020-05-10,0.005075774525574728,0.9949242254744253
4480,2020-05-10,0.025209565587010485,0.9747904344129895
4481,2020-05-10,0.011554577301172375,0.9884454226988276
4482,2020-05-10,0.013178121662387077,0.9868218783376129
4483,2020-05-10,0.008161671738834086,0.9918383282611659
4484,2020-05-10,0.023732928408635612,0.9762670715913644
4485,2020-05-10,0.01795878524708805,0.982041214752912
4486,2020-05-10,0.006877643599637162,0.9931223564003628
4487,2020-05-10,0.005622620959971125,0.9943773790400289
4488,2020-05-10,0.026260170395763116,0.9737398296042369
4489,2020-05-10,0.02042264038609709,0.9795773596139029
4491,2020-05-10,0.049609333420141066,0.9503906665798589
4492,2020-05-10,0.029773055057167985,0.970226944942832
4493,2020-05-10,0.014541240290689483,0.9854587597093105
4495,2020-05-10,0.006338038284708913,0.9936619617152911
4496,2020-05-10,0.0034824799720483135,0.9965175200279517
4497,2020-05-10,0.017358523748581822,0.9826414762514182
4498,2020-05-10,0.008821776496513722,0.9911782235034863
4499,2020-05-10,0.06081395347050078,0.9391860465294992
4500,2020-05-10,0.012996674676723274,0.9870033253232767
4501,2020-05-10,0.016321830711124585,0.9836781692888754
4502,2020-05-10,0.01323427369544039,0.9867657263045596
4503,2020-05-10,0.05084407285553727,0.9491559271444627
4505,2020-05-10,0.005924151198933303,0.9940758488010667
4507,2020-05-10,0.006518292947656268,0.9934817070523437
4508,2020-05-10,0.030579313439044298,0.9694206865609557
4509,2020-05-10,0.04439480984148114,0.9556051901585189
4510,2020-05-10,0.013073046730272986,0.986926953269727
4511,2020-05-10,0.010470494537778485,0.9895295054622215
4512,2020-05-10,0.008831212012782474,0.9911687879872175
4514,2020-05-10,0.022553512138982268,0.9774464878610177
4515,2020-05-10,0.006861399131525947,0.993138600868474
4516,2020-05-10,0.009841265226736007,0.990158734773264
4517,2020-05-10,0.013144272547364388,0.9868557274526356
4518,2020-05-10,0.04962954470959957,0.9503704552904004
4519,2020-05-10,0.004349163271203271,0.9956508367287967
4520,2020-05-10,0.01418129782602151,0.9858187021739785
4521,2020-05-10,0.004718646079534872,0.9952813539204651
4522,2020-05-10,0.006509732716443284,0.9934902672835567
4524,2020-05-10,0.03925727628803499,0.960742723711965
4525,2020-05-10,0.005501357198024914,0.9944986428019751
4526,2020-05-10,0.028775075253415383,0.9712249247465846
4527,2020-05-10,0.025073126328981288,0.9749268736710187
4528,2020-05-10,0.009676780229497361,0.9903232197705026
4529,2020-05-10,0.003448314801683061,0.9965516851983169
4530,2020-05-10,0.004070945797621572,0.9959290542023784
4531,2020-05-10,0.01146730729863743,0.9885326927013626
4532,2020-05-10,0.0032649011872666334,0.9967350988127334
4533,2020-05-10,0.0050740212178999045,0.9949259787821001
4534,2020-05-10,0.011051927931098438,0.9889480720689016
4535,2020-05-10,0.008338172347598594,0.9916618276524014
4536,2020-05-10,0.011293484694254508,0.9887065153057455
4537,2020-05-10,0.007440902341052991,0.992559097658947
4539,2020-05-10,0.0015554132189062875,0.9984445867810937
4540,2020-05-10,0.008798521521544922,0.9912014784784551
4541,2020-05-10,0.01895523737340432,0.9810447626265957
4542,2020-05-10,0.025004783853032397,0.9749952161469676
4543,2020-05-10,0.015568998818773938,0.9844310011812261
4544,2020-05-10,0.026709279356720517,0.9732907206432795
4545,2020-05-10,0.03738610593604885,0.9626138940639511
4546,2020-05-10,0.02714077036815521,0.9728592296318448
4547,2020-05-10,0.022055365100812407,0.9779446348991876
4548,2020-05-10,0.007496651172807289,0.9925033488271927
4549,2020-05-10,0.03747847616250932,0.9625215238374907
4550,2020-05-10,0.023124514707261734,0.9768754852927383
4551,2020-05-10,0.01205022514074916,0.9879497748592508
4552,2020-05-10,0.003562331598963131,0.9964376684010369
4553,2020-05-10,0.018007087555055312,0.9819929124449447
4554,2020-05-10,0.007344265927039628,0.9926557340729604
4555,2020-05-10,0.022422075338140335,0.9775779246618597
4557,2020-05-10,0.010391718055791976,0.989608281944208
4558,2020-05-10,0.0035014258935079923,0.996498574106492
4559,2020-05-10,0.005516344394510986,0.994483655605489
4560,2020-05-10,0.008290862103314312,0.9917091378966857
4561,2020-05-10,0.02744776027244078,0.9725522397275592
4562,2020-05-10,0.00672116675405976,0.9932788332459402
4563,2020-05-10,0.03235393619562732,0.9676460638043727
4564,2020-05-10,0.01035105941678649,0.9896489405832135
4565,2020-05-10,0.0077007914803143285,0.9922992085196857
4566,2020-05-10,0.03546154470709573,0.9645384552929043
4567,2020-05-10,0.008658066188576008,0.991341933811424
4568,2020-05-10,0.008205012317958782,0.9917949876820412
4569,2020-05-10,0.010050164316934285,0.9899498356830657
4570,2020-05-10,0.012853114532137888,0.9871468854678621
4571,2020-05-10,0.040274215734652064,0.9597257842653479
4573,2020-05-10,0.043554584530630214,0.9564454154693698
4574,2020-05-10,0.04853294339062986,0.9514670566093701
4575,2020-05-10,0.0036241343429014305,0.9963758656570986
4576,2020-05-10,0.006614414615362496,0.9933855853846375
4577,2020-05-10,0.014092842843899778,0.9859071571561002
4578,2020-05-10,0.006970836006651382,0.9930291639933486
4579,2020-05-10,0.0962790249040455,0.9037209750959545
4580,2020-05-10,0.041089505113938274,0.9589104948860617
4581,2020-05-10,0.012486867055021444,0.9875131329449786
4582,2020-05-10,0.04846359613935991,0.9515364038606401
4583,2020-05-10,0.006445679799215842,0.9935543202007842
4584,2020-05-10,0.010988076058904506,0.9890119239410955
4585,2020-05-10,0.018884369129559042,0.981115630870441
4586,2020-05-10,0.14223818866750926,0.8577618113324907
4587,2020-05-10,0.003083084241759182,0.9969169157582408
4588,2020-05-10,0.004660705331611559,0.9953392946683884
4589,2020-05-10,0.01023018367163997,0.98976981632836
4590,2020-05-10,0.004661707844021534,0.9953382921559785
4591,2020-05-10,0.03092551803968635,0.9690744819603136
4592,2020-05-10,0.014296714536535693,0.9857032854634643
4593,2020-05-10,0.013274838418886215,0.9867251615811138
4594,2020-05-10,0.0040373231574619695,0.995962676842538
4595,2020-05-10,0.005223675143545714,0.9947763248564543
4596,2020-05-10,0.011654862043026348,0.9883451379569737
4597,2020-05-10,0.03362271550928808,0.9663772844907119
4598,2020-05-10,0.008493968720819978,0.99150603127918
4599,2020-05-10,0.0028613819079396086,0.9971386180920604
4600,2020-05-10,0.06042774457795452,0.9395722554220455
4601,2020-05-10,0.010146056921367164,0.9898539430786328
4602,2020-05-10,0.02011058852862324,0.9798894114713768
4603,2020-05-10,0.0336701805281876,0.9663298194718124
4604,2020-05-10,0.013232174811206088,0.9867678251887939
4605,2020-05-10,0.031032278964632454,0.9689677210353675
4606,2020-05-10,0.0060105199083961836,0.9939894800916038
4607,2020-05-10,0.00456618925990937,0.9954338107400906
4608,2020-05-10,0.025311154575322736,0.9746888454246773
4609,2020-05-10,0.029529411173432996,0.970470588826567
4610,2020-05-10,0.04438166942652466,0.9556183305734753
4611,2020-05-10,0.016382479585928866,0.9836175204140711
4612,2020-05-10,0.05114511679314748,0.9488548832068525
4613,2020-05-10,0.007816191904364,0.992183808095636
4614,2020-05-10,0.004759139470560503,0.9952408605294395
4615,2020-05-10,0.013833241522507422,0.9861667584774926
4616,2020-05-10,0.0492735452707912,0.9507264547292088
4617,2020-05-10,0.03303998343826864,0.9669600165617314
4618,2020-05-10,0.007532345440038779,0.9924676545599612
4619,2020-05-10,0.004146830587136163,0.9958531694128638
4620,2020-05-10,0.007589648894866907,0.9924103511051331
4621,2020-05-10,0.01857182069853336,0.9814281793014666
4622,2020-05-10,0.0077367893753204076,0.9922632106246796
4623,2020-05-10,0.008269495402813631,0.9917305045971864
4624,2020-05-10,0.016288625816415325,0.9837113741835847
4625,2020-05-10,0.15310125987790568,0.8468987401220943
4626,2020-05-10,0.034027614149992225,0.9659723858500078
4627,2020-05-10,0.006007708641423859,0.9939922913585761
4628,2020-05-10,0.0109783757853954,0.9890216242146046
4630,2020-05-10,0.0525453387757433,0.9474546612242567
4631,2020-05-10,0.00328774592176162,0.9967122540782384
4633,2020-05-10,0.023996990255941042,0.976003009744059
4634,2020-05-10,0.008875760779763375,0.9911242392202366
4635,2020-05-10,0.004208441565316079,0.9957915584346839
4636,2020-05-10,0.008256292372792018,0.991743707627208
4637,2020-05-10,0.0023231859589007975,0.9976768140410992
4639,2020-05-10,0.02732206195859488,0.9726779380414051
4641,2020-05-10,0.012728370261906319,0.9872716297380937
4642,2020-05-10,0.038933140561261514,0.9610668594387385
4643,2020-05-10,0.014211899737911149,0.9857881002620889
4644,2020-05-10,0.004657344324789481,0.9953426556752105
4645,2020-05-10,0.009116119784165821,0.9908838802158342
4646,2020-05-10,0.017077751010063147,0.9829222489899369
4647,2020-05-10,0.005143676833248234,0.9948563231667518
4648,2020-05-10,0.011482990650648506,0.9885170093493515
4649,2020-05-10,0.05138339766939504,0.948616602330605
4650,2020-05-10,0.010930482858636847,0.9890695171413632
4651,2020-05-10,0.01105569569097098,0.988944304309029
4653,2020-05-10,0.015271588516047596,0.9847284114839524
4654,2020-05-10,0.06517760836052233,0.9348223916394777
4655,2020-05-10,0.030258346219696253,0.9697416537803037
4656,2020-05-10,0.006023728756684665,0.9939762712433153
4657,2020-05-10,0.028574788972499876,0.9714252110275001
4658,2020-05-10,0.09149395778293679,0.9085060422170632
4659,2020-05-10,0.027991427804198166,0.9720085721958018
4660,2020-05-10,0.09172234233055543,0.9082776576694446
4661,2020-05-10,0.014146073901075473,0.9858539260989245
4662,2020-05-10,0.005748229896343826,0.9942517701036562
4663,2020-05-10,0.013366668580105046,0.986633331419895
4664,2020-05-10,0.0028025029227287668,0.9971974970772712
4666,2020-05-10,0.009034154223862001,0.990965845776138
4668,2020-05-10,0.05966079173421057,0.9403392082657894
4669,2020-05-10,0.012368647301529312,0.9876313526984707
4670,2020-05-10,0.009421480846322439,0.9905785191536776
4671,2020-05-10,0.02687100782861429,0.9731289921713857
4672,2020-05-10,0.04654576123730925,0.9534542387626908
4673,2020-05-10,0.008715657011398092,0.9912843429886019
4674,2020-05-10,0.012927919377720531,0.9870720806222795
4675,2020-05-10,0.01952193852113715,0.9804780614788629
4676,2020-05-10,0.037727446490239624,0.9622725535097604
4677,2020-05-10,0.003901451067817363,0.9960985489321826
4678,2020-05-10,0.03199422713850275,0.9680057728614972
4679,2020-05-10,0.004460363163709236,0.9955396368362908
4680,2020-05-10,0.014739179451549567,0.9852608205484504
4681,2020-05-10,0.00315448820309161,0.9968455117969084
4682,2020-05-10,0.009213835188510378,0.9907861648114896
4683,2020-05-10,0.0035199415364756126,0.9964800584635244
4685,2020-05-10,0.03645087567030958,0.9635491243296904
4686,2020-05-10,0.0064124729038788075,0.9935875270961212
4687,2020-05-10,0.07486067607396563,0.9251393239260344
4688,2020-05-10,0.08462488432772253,0.9153751156722775
4689,2020-05-10,0.007684108286342806,0.9923158917136572
4690,2020-05-10,0.003354986187902198,0.9966450138120978
4691,2020-05-10,0.007037201965483519,0.9929627980345165
4692,2020-05-10,0.10698191641871624,0.8930180835812838
4694,2020-05-10,0.023148423462643675,0.9768515765373563
4695,2020-05-10,0.013034526263538182,0.9869654737364618
4696,2020-05-10,0.01205091809034553,0.9879490819096545
4697,2020-05-10,0.037094691373045996,0.962905308626954
4698,2020-05-10,0.047071615775448605,0.9529283842245514
4700,2020-05-10,0.008352118942428821,0.9916478810575712
4701,2020-05-10,0.01692934999666984,0.9830706500033302
4703,2020-05-10,0.007326187881679935,0.9926738121183201
4704,2020-05-10,0.0038060078943856768,0.9961939921056143
4705,2020-05-10,0.005218301712362594,0.9947816982876374
4706,2020-05-10,0.013225582637285904,0.9867744173627141
4707,2020-05-10,0.018190230574076094,0.9818097694259239
4709,2020-05-10,0.021605564347966233,0.9783944356520338
4710,2020-05-10,0.0057550954369968155,0.9942449045630032
4711,2020-05-10,0.02727327923351197,0.972726720766488
4713,2020-05-10,0.03764878111052106,0.9623512188894789
4714,2020-05-10,0.014429333570360026,0.98557066642964
4715,2020-05-10,0.02723116457342467,0.9727688354265753
4716,2020-05-10,0.030264283735228714,0.9697357162647713
4717,2020-05-10,0.07759404664767011,0.9224059533523299
4718,2020-05-10,0.0019433232617370733,0.9980566767382629
4720,2020-05-10,0.002421419672378633,0.9975785803276214
4721,2020-05-10,0.00955265859737231,0.9904473414026277
4722,2020-05-10,0.017260418899346597,0.9827395811006534
4723,2020-05-10,0.07802193395388446,0.9219780660461155
4724,2020-05-10,0.012890986588245945,0.987109013411754
4725,2020-05-10,0.002765280576594309,0.9972347194234057
4726,2020-05-10,0.006993658712419748,0.9930063412875803
4727,2020-05-10,0.009288089907617425,0.9907119100923826
4728,2020-05-10,0.015162138181421314,0.9848378618185787
4729,2020-05-10,0.011331441829947497,0.9886685581700525
4730,2020-05-10,0.020494790999269652,0.9795052090007303
4731,2020-05-10,0.004985765245279161,0.9950142347547208
4732,2020-05-10,0.03394084301458111,0.9660591569854189
4733,2020-05-10,0.015471441379136586,0.9845285586208634
4734,2020-05-10,0.007042205271724833,0.9929577947282752
4735,2020-05-10,0.013154103743892254,0.9868458962561077
4736,2020-05-10,0.007936707226158246,0.9920632927738418
4737,2020-05-10,0.012551631291477183,0.9874483687085228
4738,2020-05-10,0.014743058729289271,0.9852569412707107
4739,2020-05-10,0.02282272402662744,0.9771772759733726
4740,2020-05-10,0.03434051674355143,0.9656594832564486
4741,2020-05-10,0.009856594042540467,0.9901434059574595
4742,2020-05-10,0.03147152325616098,0.968528476743839
4743,2020-05-10,0.09418082751207757,0.9058191724879224
4744,2020-05-10,0.0527265516584251,0.9472734483415749
4745,2020-05-10,0.015031728070918682,0.9849682719290813
4746,2020-05-10,0.015643768009875436,0.9843562319901246
4747,2020-05-10,0.005878403875111848,0.9941215961248882
4748,2020-05-10,0.04477664412415505,0.955223355875845
4749,2020-05-10,0.009775498374376967,0.990224501625623
4750,2020-05-10,0.013665238437167382,0.9863347615628326
4751,2020-05-10,0.025165376588592414,0.9748346234114076
4752,2020-05-10,0.004732246114170002,0.99526775388583
4753,2020-05-10,0.007188801363287145,0.9928111986367129
4754,2020-05-10,0.02781396517598711,0.9721860348240129
4755,2020-05-10,0.021186592371886137,0.9788134076281139
4756,2020-05-10,0.018436455438854527,0.9815635445611455
4757,2020-05-10,0.04376084334191399,0.956239156658086
4758,2020-05-10,0.02959458706418383,0.9704054129358162
4759,2020-05-10,0.022070768386368678,0.9779292316136313
4760,2020-05-10,0.03246412792212516,0.9675358720778748
4761,2020-05-10,0.01053727357074874,0.9894627264292513
4762,2020-05-10,0.007858275510662871,0.9921417244893371
4763,2020-05-10,0.010359777024621541,0.9896402229753785
4764,2020-05-10,0.013836497313116647,0.9861635026868834
4765,2020-05-10,0.03021549788869282,0.9697845021113072
4766,2020-05-10,0.033650110244399345,0.9663498897556007
4767,2020-05-10,0.003611011063162972,0.996388988936837
4768,2020-05-10,0.0867657606247828,0.9132342393752172
4769,2020-05-10,0.006276719371362649,0.9937232806286374
4770,2020-05-10,0.009855567708010882,0.9901444322919891
4771,2020-05-10,0.012903321619782693,0.9870966783802173
4772,2020-05-10,0.029919152443199648,0.9700808475568004
4773,2020-05-10,0.004663417194237129,0.9953365828057629
4774,2020-05-10,0.034960955882719635,0.9650390441172804
4775,2020-05-10,0.014234800949570081,0.9857651990504299
4776,2020-05-10,0.0060474978593964,0.9939525021406036
4777,2020-05-10,0.013170372286962717,0.9868296277130373
4778,2020-05-10,0.024025763005088074,0.9759742369949119
4779,2020-05-10,0.0022793709027351117,0.9977206290972649
4780,2020-05-10,0.011192028803019394,0.9888079711969806
4781,2020-05-10,0.013189104282545494,0.9868108957174545
4782,2020-05-10,0.00626260977576254,0.9937373902242375
4783,2020-05-10,0.014174332661086697,0.9858256673389133
4784,2020-05-10,0.010046071955621017,0.989953928044379
4785,2020-05-10,0.016428162390664136,0.9835718376093359
4786,2020-05-10,0.016674162655620495,0.9833258373443795
4787,2020-05-10,0.0025471724319096056,0.9974528275680904
4788,2020-05-10,0.0038667325119301488,0.9961332674880699
4789,2020-05-10,0.03391146647503773,0.9660885335249623
4790,2020-05-10,0.07423067008499573,0.9257693299150043
4791,2020-05-10,0.03176209973922539,0.9682379002607746
4792,2020-05-10,0.013102464690736726,0.9868975353092633
4793,2020-05-10,0.014228668712388592,0.9857713312876114
4794,2020-05-10,0.0059070986173449525,0.994092901382655
4795,2020-05-10,0.050083338819949974,0.94991666118005
4796,2020-05-10,0.012565493974981301,0.9874345060250187
4797,2020-05-10,0.005260800433534718,0.9947391995664653
4798,2020-05-10,0.017152531471156696,0.9828474685288433
4799,2020-05-10,0.021874521511662248,0.9781254784883378
4800,2020-05-10,0.033772009062424835,0.9662279909375752
4801,2020-05-10,0.005121880963103842,0.9948781190368962
4802,2020-05-10,0.045291027318718036,0.954708972681282
4803,2020-05-10,0.016358228794328022,0.983641771205672
4804,2020-05-10,0.03215930289867308,0.9678406971013269
4805,2020-05-10,0.005997212557965814,0.9940027874420342
4807,2020-05-10,0.03237560142639839,0.9676243985736016
4808,2020-05-10,0.016752731698450596,0.9832472683015494
4809,2020-05-10,0.011514532195639249,0.9884854678043608
4810,2020-05-10,0.03374292797692158,0.9662570720230784
4811,2020-05-10,0.01311876184941918,0.9868812381505808
4812,2020-05-10,0.005659033133023517,0.9943409668669765
4813,2020-05-10,0.009874172447934981,0.990125827552065
4814,2020-05-10,0.03438369811686359,0.9656163018831364
4815,2020-05-10,0.005986538433608857,0.9940134615663911
4816,2020-05-10,0.00794432726421923,0.9920556727357808
4817,2020-05-10,0.022267262481816985,0.977732737518183
4818,2020-05-10,0.009434544425310665,0.9905654555746893
4820,2020-05-10,0.023379278742528986,0.976620721257471
4821,2020-05-10,0.002756364587904181,0.9972436354120958
4822,2020-05-10,0.0069135521599617,0.9930864478400383
4823,2020-05-10,0.023379000973358433,0.9766209990266416
4824,2020-05-10,0.01711217335422688,0.9828878266457731
4825,2020-05-10,0.01342734883412422,0.9865726511658758
4826,2020-05-10,0.018140991281370367,0.9818590087186296
4827,2020-05-10,0.04316327904546369,0.9568367209545363
4828,2020-05-10,0.010116135493903555,0.9898838645060964
4829,2020-05-10,0.026035072646850232,0.9739649273531498
4830,2020-05-10,0.02901803341830389,0.9709819665816961
4831,2020-05-10,0.006109159168703915,0.9938908408312961
4832,2020-05-10,0.007271860971910016,0.99272813902809
4833,2020-05-10,0.01727463166848575,0.9827253683315142
4834,2020-05-10,0.02866153176564723,0.9713384682343528
4835,2020-05-10,0.018963229894616407,0.9810367701053836
4836,2020-05-10,0.005884429790849355,0.9941155702091506
4838,2020-05-10,0.007049917440498987,0.992950082559501
4839,2020-05-10,0.008044608497841943,0.9919553915021581
4840,2020-05-10,0.03512718318312058,0.9648728168168794
4841,2020-05-10,0.028566905511984264,0.9714330944880157
4842,2020-05-10,0.02366746131237052,0.9763325386876295
4843,2020-05-10,0.08951265791923657,0.9104873420807634
4844,2020-05-10,0.009963512509187367,0.9900364874908126
4845,2020-05-10,0.009523634231358047,0.990476365768642
4846,2020-05-10,0.003483060954436623,0.9965169390455634
4847,2020-05-10,0.01920235261784531,0.9807976473821547
4848,2020-05-10,0.0014388273280666608,0.9985611726719333
4849,2020-05-10,0.010960387650142955,0.989039612349857
4850,2020-05-10,0.005262972309097003,0.994737027690903
4851,2020-05-10,0.0035605778214047312,0.9964394221785953
4852,2020-05-10,0.021032471851208268,0.9789675281487917
4853,2020-05-10,0.047763416066942566,0.9522365839330574
4854,2020-05-10,0.006171547883067063,0.9938284521169329
4855,2020-05-10,0.02728786515033388,0.9727121348496661
4856,2020-05-10,0.004998148424041005,0.995001851575959
4857,2020-05-10,0.003578861826223134,0.9964211381737769
4858,2020-05-10,0.004600082277164463,0.9953999177228355
4859,2020-05-10,0.028048029369300176,0.9719519706306998
4860,2020-05-10,0.012302920651842797,0.9876970793481572
4861,2020-05-10,0.012126895543809413,0.9878731044561906
4863,2020-05-10,0.006884123596846314,0.9931158764031537
4864,2020-05-10,0.027769467098047063,0.9722305329019529
4866,2020-05-10,0.008119737158385543,0.9918802628416145
4867,2020-05-10,0.008966032026330728,0.9910339679736693
4868,2020-05-10,0.0050862428544447,0.9949137571455553
4869,2020-05-10,0.0052095722424168045,0.9947904277575832
4870,2020-05-10,0.025344021740140832,0.9746559782598592
4871,2020-05-10,0.02306320862445932,0.9769367913755407
4872,2020-05-10,0.029458837149647255,0.9705411628503527
4873,2020-05-10,0.006943470585083045,0.993056529414917
4874,2020-05-10,0.01974702772660164,0.9802529722733984
4875,2020-05-10,0.02823505158322681,0.9717649484167732
4876,2020-05-10,0.010328876444780977,0.989671123555219
4877,2020-05-10,0.01365385664421237,0.9863461433557876
4879,2020-05-10,0.009779154594944384,0.9902208454050556
4880,2020-05-10,0.00768730549335217,0.9923126945066478
4881,2020-05-10,0.011354760658959573,0.9886452393410404
4882,2020-05-10,0.027443203996357468,0.9725567960036425
4883,2020-05-10,0.02974845797820258,0.9702515420217974
4885,2020-05-10,0.024059975019423696,0.9759400249805763
4886,2020-05-10,0.023901655274335076,0.9760983447256649
4887,2020-05-10,0.030226027246338494,0.9697739727536615
4888,2020-05-10,0.004082480420666168,0.9959175195793338
4889,2020-05-10,0.01174526110823959,0.9882547388917604
4890,2020-05-10,0.01683381664781536,0.9831661833521846
4891,2020-05-10,0.01894744892624245,0.9810525510737576
4892,2020-05-10,0.017328928326515447,0.9826710716734846
4893,2020-05-10,0.008420657827039824,0.9915793421729602
4894,2020-05-10,0.01087872737529827,0.9891212726247017
4895,2020-05-10,0.005143275393478142,0.9948567246065219
4897,2020-05-10,0.016004217307673874,0.9839957826923261
4898,2020-05-10,0.05014125951547577,0.9498587404845242
4899,2020-05-10,0.002908819675328078,0.9970911803246719
4901,2020-05-10,0.024533943353816645,0.9754660566461834
4902,2020-05-10,0.004344757219251427,0.9956552427807486
4903,2020-05-10,0.010386282836879701,0.9896137171631203
4904,2020-05-10,0.0023227066719613276,0.9976772933280387
4906,2020-05-10,0.013016692387413986,0.986983307612586
4907,2020-05-10,0.008440593618956327,0.9915594063810437
4908,2020-05-10,0.012672067095498507,0.9873279329045015
4909,2020-05-10,0.033404522181117446,0.9665954778188826
4910,2020-05-10,0.0387403794777571,0.9612596205222429
4911,2020-05-10,0.05670772237636135,0.9432922776236387
4912,2020-05-10,0.0049197776015520445,0.995080222398448
4914,2020-05-10,0.012013264738817697,0.9879867352611823
4915,2020-05-10,0.0145782574920027,0.9854217425079973
4916,2020-05-10,0.008989465089758286,0.9910105349102417
4917,2020-05-10,0.008167693035990853,0.9918323069640091
4918,2020-05-10,0.012753118134783747,0.9872468818652163
4919,2020-05-10,0.001019539354060739,0.9989804606459393
4920,2020-05-10,0.004595266296863798,0.9954047337031362
4922,2020-05-10,0.00890015797677901,0.991099842023221
4924,2020-05-10,0.006171445641624862,0.9938285543583751
4926,2020-05-10,0.00408827882507512,0.9959117211749249
4927,2020-05-10,0.03462855239703855,0.9653714476029615
4928,2020-05-10,0.004349830508042052,0.995650169491958
4930,2020-05-10,0.042949700900010934,0.9570502990999891
4931,2020-05-10,0.020827927822328562,0.9791720721776714
4932,2020-05-10,0.013360355489480003,0.98663964451052
4933,2020-05-10,0.011570318133224067,0.9884296818667759
4934,2020-05-10,0.00915835194304504,0.990841648056955
4935,2020-05-10,0.01212829227756762,0.9878717077224324
4936,2020-05-10,0.013300303969916438,0.9866996960300836
4937,2020-05-10,0.012576966204486006,0.987423033795514
4938,2020-05-10,0.011168590816126978,0.988831409183873
4939,2020-05-10,0.023881036418943347,0.9761189635810567
4940,2020-05-10,0.01848358920986437,0.9815164107901356
4941,2020-05-10,0.011072502112696836,0.9889274978873032
4942,2020-05-10,0.02753575360673577,0.9724642463932642
4943,2020-05-10,0.01939563120299581,0.9806043687970042
4945,2020-05-10,0.007015516314051173,0.9929844836859488
4946,2020-05-10,0.01777901564344797,0.982220984356552
4947,2020-05-10,0.020655475359365183,0.9793445246406348
4948,2020-05-10,0.017271518343329628,0.9827284816566704
4949,2020-05-10,0.033116110450959524,0.9668838895490405
4950,2020-05-10,0.0028289125246733215,0.9971710874753267
4951,2020-05-10,0.03767164694301328,0.9623283530569867
4952,2020-05-10,0.02596933093027598,0.974030669069724
4953,2020-05-10,0.022349593808408952,0.977650406191591
4954,2020-05-10,0.01119486979465767,0.9888051302053423
4955,2020-05-10,0.015199402160121278,0.9848005978398787
4956,2020-05-10,0.02380058765457138,0.9761994123454286
4957,2020-05-10,0.023546459201658654,0.9764535407983413
4958,2020-05-10,0.03859079868227988,0.9614092013177201
4959,2020-05-10,0.0032735997412808304,0.9967264002587192
4961,2020-05-10,0.026182269887444876,0.9738177301125551
4962,2020-05-10,0.030639082139559126,0.9693609178604409
4963,2020-05-10,0.0031187276272617304,0.9968812723727383
4964,2020-05-10,0.006856050859455842,0.9931439491405442
4965,2020-05-10,0.019166714024138942,0.9808332859758611
4966,2020-05-10,0.018014266582809912,0.9819857334171901
4968,2020-05-10,0.011369796649993824,0.9886302033500062
4970,2020-05-10,0.018137908523450985,0.981862091476549
4971,2020-05-10,0.01311438509763474,0.9868856149023653
4972,2020-05-10,0.004891165521623386,0.9951088344783766
4973,2020-05-10,0.005913408173362056,0.9940865918266379
4974,2020-05-10,0.004060227752788248,0.9959397722472118
4975,2020-05-10,0.0026547045649352174,0.9973452954350648
4976,2020-05-10,0.05189624936102921,0.9481037506389708
4978,2020-05-10,0.04486664430958742,0.9551333556904126
4979,2020-05-10,0.01453500503173577,0.9854649949682642
4980,2020-05-10,0.031109377800078053,0.968890622199922
4981,2020-05-10,0.0034017043104778155,0.9965982956895222
4982,2020-05-10,0.0035839567634976532,0.9964160432365023
4983,2020-05-10,0.009090737177382513,0.9909092628226175
4985,2020-05-10,0.010284673310486991,0.989715326689513
4986,2020-05-10,0.035089205402481505,0.9649107945975185
4987,2020-05-10,0.0054666858517600225,0.99453331414824
4988,2020-05-10,0.003553531522793363,0.9964464684772066
4989,2020-05-10,0.0030449322433265813,0.9969550677566734
4990,2020-05-10,0.06576914553598456,0.9342308544640154
4991,2020-05-10,0.026606571926312772,0.9733934280736872
4993,2020-05-10,0.034476640227819044,0.965523359772181
4994,2020-05-10,0.01481128101238871,0.9851887189876113
4995,2020-05-10,0.06349600408813216,0.9365039959118678
4996,2020-05-10,0.0027297992794302894,0.9972702007205697
4997,2020-05-10,0.027386587559726228,0.9726134124402738
4998,2020-05-10,0.02950123884430711,0.9704987611556929
4999,2020-05-10,0.02538047777389496,0.974619522226105
5001,2020-05-10,0.0036397990603318497,0.9963602009396682
5002,2020-05-10,0.01475918873512827,0.9852408112648717
5003,2020-05-10,0.0665740779804106,0.9334259220195894
5005,2020-05-10,0.004856097416216287,0.9951439025837837
5006,2020-05-10,0.011605754282065783,0.9883942457179342
5007,2020-05-10,0.022274074343617833,0.9777259256563822
5008,2020-05-10,0.01184135980406964,0.9881586401959304
5009,2020-05-10,0.008859982267094946,0.991140017732905
5010,2020-05-10,0.023885855493637642,0.9761141445063624
5011,2020-05-10,0.012330787569891921,0.9876692124301081
5012,2020-05-10,0.019223995561317486,0.9807760044386825
5013,2020-05-10,0.0054170828717425845,0.9945829171282574
5014,2020-05-10,0.030789758420156965,0.969210241579843
5015,2020-05-10,0.011683293728747435,0.9883167062712526
5016,2020-05-10,0.0076125771827966204,0.9923874228172034
5017,2020-05-10,0.004038647445874344,0.9959613525541257
5018,2020-05-10,0.0026860227758076505,0.9973139772241923
5019,2020-05-10,0.004932051263594306,0.9950679487364057
5020,2020-05-10,0.06869827582710286,0.9313017241728971
5021,2020-05-10,0.006747308805612806,0.9932526911943872
5022,2020-05-10,0.024799314608432432,0.9752006853915676
5023,2020-05-10,0.010735991275498291,0.9892640087245017
5024,2020-05-10,0.022868970741031003,0.977131029258969
5025,2020-05-10,0.0344467114101884,0.9655532885898116
5026,2020-05-10,0.03252097256348652,0.9674790274365135
5027,2020-05-10,0.026224089016278596,0.9737759109837214
5028,2020-05-10,0.04290909913056162,0.9570909008694384
5029,2020-05-10,0.03633830396079574,0.9636616960392043
5031,2020-05-10,0.03930606730830166,0.9606939326916983
5032,2020-05-10,0.010923579591134991,0.989076420408865
5033,2020-05-10,0.015411420524600428,0.9845885794753996
5035,2020-05-10,0.003705853581674079,0.9962941464183259
5036,2020-05-10,0.004841541984859643,0.9951584580151404
5037,2020-05-10,0.05777608270711154,0.9422239172928885
5038,2020-05-10,0.04497704325798069,0.9550229567420193
5039,2020-05-10,0.008967928176162432,0.9910320718238376
5040,2020-05-10,0.029845753981577627,0.9701542460184224
5041,2020-05-10,0.010209225597542892,0.9897907744024571
5042,2020-05-10,0.010187040186442342,0.9898129598135577
5043,2020-05-10,0.028436998293571936,0.9715630017064281
5044,2020-05-10,0.016109465135709322,0.9838905348642907
5045,2020-05-10,0.08412631204974153,0.9158736879502585
5046,2020-05-10,0.005833942960181249,0.9941660570398188
5047,2020-05-10,0.03427215615039736,0.9657278438496026
5048,2020-05-10,0.005930770832785481,0.9940692291672145
5049,2020-05-10,0.07791695090124029,0.9220830490987597
5050,2020-05-10,0.022785504156705216,0.9772144958432948
5051,2020-05-10,0.0036929945092459837,0.996307005490754
5052,2020-05-10,0.05395082944811569,0.9460491705518843
5053,2020-05-10,0.03268029417779561,0.9673197058222044
5054,2020-05-10,0.032670616645074424,0.9673293833549256
5055,2020-05-10,0.008418923629168962,0.991581076370831
5056,2020-05-10,0.006958735919216585,0.9930412640807834
5057,2020-05-10,0.022935917316206367,0.9770640826837936
5058,2020-05-10,0.008854561672615668,0.9911454383273843
5059,2020-05-10,0.009775770043599197,0.9902242299564008
5061,2020-05-10,0.0029057481972669663,0.997094251802733
5062,2020-05-10,0.02406698733128576,0.9759330126687142
5063,2020-05-10,0.011491390240390253,0.9885086097596097
5064,2020-05-10,0.018477039944850393,0.9815229600551496
5067,2020-05-10,0.00498530282578491,0.9950146971742151
5068,2020-05-10,0.02726320791236525,0.9727367920876347
5069,2020-05-10,0.021140451030264074,0.9788595489697359
5070,2020-05-10,0.020040392532675755,0.9799596074673242
5071,2020-05-10,0.01659540488445954,0.9834045951155405
5072,2020-05-10,0.020705213723170246,0.9792947862768298
5073,2020-05-10,0.05188460821959684,0.9481153917804032
5075,2020-05-10,0.008270144162830784,0.9917298558371692
5076,2020-05-10,0.026144994685758483,0.9738550053142415
5077,2020-05-10,0.018683572362855005,0.981316427637145
5078,2020-05-10,0.0948922278892006,0.9051077721107994
5079,2020-05-10,0.01953194623568555,0.9804680537643145
5080,2020-05-10,0.06366887843829905,0.936331121561701
5081,2020-05-10,0.02931661641476857,0.9706833835852314
5082,2020-05-10,0.012189173707998546,0.9878108262920015
5083,2020-05-10,0.004538342697685271,0.9954616573023147
5084,2020-05-10,0.011402357531595242,0.9885976424684048
5086,2020-05-10,0.04761487199129899,0.952385128008701
5087,2020-05-10,0.020226791980229808,0.9797732080197702
5089,2020-05-10,0.007605894718600514,0.9923941052813995
5090,2020-05-10,0.007163483773107715,0.9928365162268923
5091,2020-05-10,0.009221155887631394,0.9907788441123686
5092,2020-05-10,0.024695156551257536,0.9753048434487425
5093,2020-05-10,0.008564777266854007,0.991435222733146
5095,2020-05-10,0.026952760062039838,0.9730472399379602
5096,2020-05-10,0.0038627189608386736,0.9961372810391613
5097,2020-05-10,0.004236636786971615,0.9957633632130284
5098,2020-05-10,0.00830322410621498,0.991696775893785
5099,2020-05-10,0.01829020830659367,0.9817097916934063
5100,2020-05-10,0.01562616573136255,0.9843738342686374
5101,2020-05-10,0.02165670806328146,0.9783432919367185
5102,2020-05-10,0.0024248004207906293,0.9975751995792094
5103,2020-05-10,0.010264096586126925,0.9897359034138731
5104,2020-05-10,0.0014248005909496264,0.9985751994090504
5105,2020-05-10,0.008294101248707886,0.9917058987512921
5106,2020-05-10,0.07471300881518339,0.9252869911848166
5107,2020-05-10,0.03341403389344111,0.9665859661065589
5108,2020-05-10,0.0017356194725151042,0.9982643805274849
5109,2020-05-10,0.029486179759719122,0.9705138202402809
5110,2020-05-10,0.027253406500104438,0.9727465934998956
5111,2020-05-10,0.012102038486817679,0.9878979615131823
5112,2020-05-10,0.011243108541977631,0.9887568914580224
5113,2020-05-10,0.0035727588449966374,0.9964272411550034
5114,2020-05-10,0.10980185561908096,0.890198144380919
5115,2020-05-10,0.04937030800692188,0.9506296919930781
5116,2020-05-10,0.013215103806145989,0.986784896193854
5117,2020-05-10,0.02995337436885681,0.9700466256311432
5118,2020-05-10,0.04360648743384066,0.9563935125661593
5120,2020-05-10,0.006130076336387513,0.9938699236636125
5121,2020-05-10,0.007745567154052724,0.9922544328459473
5122,2020-05-10,0.013318247109593617,0.9866817528904064
5123,2020-05-10,0.012272385316553835,0.9877276146834462
5124,2020-05-10,0.012615667835131461,0.9873843321648685
5125,2020-05-10,0.07933343084778366,0.9206665691522163
5126,2020-05-10,0.002707809228383873,0.9972921907716161
5127,2020-05-10,0.013543897844889408,0.9864561021551106
5128,2020-05-10,0.007392608509746212,0.9926073914902538
5129,2020-05-10,0.0653217493946513,0.9346782506053487
5130,2020-05-10,0.04365691225197588,0.9563430877480241
5131,2020-05-10,0.0033953226789867896,0.9966046773210132
5132,2020-05-10,0.01600452764263527,0.9839954723573647
5134,2020-05-10,0.022524111134019087,0.9774758888659809
5135,2020-05-10,0.013659258856795309,0.9863407411432047
5136,2020-05-10,0.0085326521316329,0.9914673478683671
5137,2020-05-10,0.03116749496955673,0.9688325050304433
5138,2020-05-10,0.04380911560834566,0.9561908843916543
5140,2020-05-10,0.024983530661937814,0.9750164693380622
5141,2020-05-10,0.005297885592147611,0.9947021144078524
5142,2020-05-10,0.003740381734795628,0.9962596182652044
5143,2020-05-10,0.046217910447590826,0.9537820895524092
5144,2020-05-10,0.006606665013262125,0.9933933349867379
5145,2020-05-10,0.00731758397899851,0.9926824160210015
5147,2020-05-10,0.05732781263771469,0.9426721873622853
5148,2020-05-10,0.02201321594432648,0.9779867840556735
5149,2020-05-10,0.00722737886076219,0.9927726211392378
5150,2020-05-10,0.013984870684840112,0.9860151293151599
5151,2020-05-10,0.028971056822070906,0.9710289431779291
5152,2020-05-10,0.008094325534509061,0.9919056744654909
5153,2020-05-10,0.05627253157153911,0.9437274684284609
5154,2020-05-10,0.0016105724684947198,0.9983894275315053
5156,2020-05-10,0.04199537345110227,0.9580046265488977
5158,2020-05-10,0.006228644171914599,0.9937713558280854
5159,2020-05-10,0.0017908422723587059,0.9982091577276413
5160,2020-05-10,0.008331144540605573,0.9916688554593944
5161,2020-05-10,0.008146467507066824,0.9918535324929332
5162,2020-05-10,0.010024378727944927,0.9899756212720551
5163,2020-05-10,0.04010366541049548,0.9598963345895045
5164,2020-05-10,0.009435015336314967,0.990564984663685
5165,2020-05-10,0.02983510751259788,0.9701648924874021
5166,2020-05-10,0.015516466156791475,0.9844835338432085
5168,2020-05-10,0.03195904765264479,0.9680409523473552
5169,2020-05-10,0.0032124583797249473,0.996787541620275
5170,2020-05-10,0.053942540421022755,0.9460574595789772
5171,2020-05-10,0.025117177487977815,0.9748828225120222
5174,2020-05-10,0.0744505118684573,0.9255494881315427
5175,2020-05-10,0.003946238390151846,0.9960537616098482
5176,2020-05-10,0.006767316990965111,0.9932326830090349
5178,2020-05-10,0.027210022659535982,0.972789977340464
5179,2020-05-10,0.04727922623878,0.95272077376122
5180,2020-05-10,0.0046148885769286,0.9953851114230714
5181,2020-05-10,0.01363950437160244,0.9863604956283976
5182,2020-05-10,0.010740973526192965,0.989259026473807
5183,2020-05-10,0.03208090805533759,0.9679190919446624
5184,2020-05-10,0.0168170281148341,0.9831829718851659
5185,2020-05-10,0.012679323990922642,0.9873206760090774
5186,2020-05-10,0.005019036121590381,0.9949809638784096
5188,2020-05-10,0.022714012247531223,0.9772859877524688
5189,2020-05-10,0.020279055548714897,0.9797209444512851
5190,2020-05-10,0.037848592840618256,0.9621514071593817
5191,2020-05-10,0.027951392734652192,0.9720486072653478
5193,2020-05-10,0.006283072497067388,0.9937169275029326
5196,2020-05-10,0.052954913959196825,0.9470450860408032
5197,2020-05-10,0.0074908186549135225,0.9925091813450865
5198,2020-05-10,0.008716812552917896,0.9912831874470821
5199,2020-05-10,0.02035226442507665,0.9796477355749234
5200,2020-05-10,0.011548664966720579,0.9884513350332794
5201,2020-05-10,0.017912616534123238,0.9820873834658768
5202,2020-05-10,0.018270013747876845,0.9817299862521232
5203,2020-05-10,0.01741056563085841,0.9825894343691416
5204,2020-05-10,0.005265837739489965,0.99473416226051
5205,2020-05-10,0.0024265299198629187,0.9975734700801371
5206,2020-05-10,0.011070359937332186,0.9889296400626678
5207,2020-05-10,0.03117418078791112,0.9688258192120889
5208,2020-05-10,0.009946475234719365,0.9900535247652806
5209,2020-05-10,0.08487142125080738,0.9151285787491926
5210,2020-05-10,0.0054754514662740394,0.994524548533726
5211,2020-05-10,0.01437120988467755,0.9856287901153225
5212,2020-05-10,0.009181103780900646,0.9908188962190994
5213,2020-05-10,0.03172687701311272,0.9682731229868873
5214,2020-05-10,0.010651806334740499,0.9893481936652595
5215,2020-05-10,0.004824759163692849,0.9951752408363072
5216,2020-05-10,0.008746087731740237,0.9912539122682598
5217,2020-05-10,0.0032628598867250336,0.996737140113275
5218,2020-05-10,0.013084424155549002,0.986915575844451
5219,2020-05-10,0.04330661834124794,0.9566933816587521
5220,2020-05-10,0.03924675936823652,0.9607532406317635
5221,2020-05-10,0.025815487357898736,0.9741845126421013
5222,2020-05-10,0.006112870099754808,0.9938871299002452
5223,2020-05-10,0.015168526048289221,0.9848314739517108
5224,2020-05-10,0.012866801632902769,0.9871331983670972
5225,2020-05-10,0.03908906981287086,0.9609109301871291
5226,2020-05-10,0.0053188788049581825,0.9946811211950418
5227,2020-05-10,0.03734834998504821,0.9626516500149518
5228,2020-05-10,0.011884107364678376,0.9881158926353216
5229,2020-05-10,0.006074354364516088,0.9939256456354839
5230,2020-05-10,0.027865861555186888,0.9721341384448131
5231,2020-05-10,0.005605027800305251,0.9943949721996947
5234,2020-05-10,0.024043369285133176,0.9759566307148668
5235,2020-05-10,0.005763447119482956,0.994236552880517
5236,2020-05-10,0.004016290216249163,0.9959837097837508
5237,2020-05-10,0.01617183706575709,0.9838281629342429
5239,2020-05-10,0.012983900610550991,0.987016099389449
5240,2020-05-10,0.017735581749558915,0.9822644182504411
5241,2020-05-10,0.01312411978209882,0.9868758802179012
5242,2020-05-10,0.01714597521894823,0.9828540247810518
5243,2020-05-10,0.00777579656117966,0.9922242034388203
5244,2020-05-10,0.03603388496640525,0.9639661150335948
5245,2020-05-10,0.010700667275836628,0.9892993327241634
5246,2020-05-10,0.010715122897391516,0.9892848771026085
5247,2020-05-10,0.035673481582679134,0.9643265184173209
5248,2020-05-10,0.0018442006482143336,0.9981557993517857
5249,2020-05-10,0.02056564565714769,0.9794343543428523
5250,2020-05-10,0.04821815604517987,0.9517818439548201
5251,2020-05-10,0.008703960596304405,0.9912960394036956
5252,2020-05-10,0.020454162771471718,0.9795458372285283
5253,2020-05-10,0.010725137096893267,0.9892748629031067
5254,2020-05-10,0.0016312408362263442,0.9983687591637737
5255,2020-05-10,0.028390673775081643,0.9716093262249184
5256,2020-05-10,0.07030601248220913,0.9296939875177909
5257,2020-05-10,0.010559900232695485,0.9894400997673045
5259,2020-05-10,0.01926418365903193,0.9807358163409681
5260,2020-05-10,0.016448759951712022,0.983551240048288
5261,2020-05-10,0.006089801617625179,0.9939101983823748
5262,2020-05-10,0.007883498437516456,0.9921165015624835
5263,2020-05-10,0.011497757039222622,0.9885022429607774
5264,2020-05-10,0.012966051344041274,0.9870339486559587
5265,2020-05-10,0.03596982979690355,0.9640301702030964
5266,2020-05-10,0.011955478743939096,0.9880445212560609
5267,2020-05-10,0.008508890462235241,0.9914911095377648
5268,2020-05-10,0.01140302503625612,0.9885969749637439
5269,2020-05-10,0.003761241889375322,0.9962387581106247
5270,2020-05-10,0.006858181861828294,0.9931418181381717
5271,2020-05-10,0.06795429020295762,0.9320457097970424
5272,2020-05-10,0.009368921537098451,0.9906310784629015
5273,2020-05-10,0.0015702026510447942,0.9984297973489552
5274,2020-05-10,0.03864475817598911,0.9613552418240109
5275,2020-05-10,0.0009548466254840626,0.9990451533745159
5276,2020-05-10,0.049097000352003595,0.9509029996479964
5277,2020-05-10,0.008150569586999112,0.9918494304130009
5278,2020-05-10,0.0041726380040281175,0.9958273619959719
5279,2020-05-10,0.01454124421872871,0.9854587557812713
5281,2020-05-10,0.017036696788027772,0.9829633032119722
5282,2020-05-10,0.027818209688220685,0.9721817903117793
5283,2020-05-10,0.00816669628215616,0.9918333037178438
5284,2020-05-10,0.007689517794657985,0.992310482205342
5285,2020-05-10,0.016660535938314402,0.9833394640616856
5286,2020-05-10,0.0046377489164748376,0.9953622510835252
5287,2020-05-10,0.012738902143962894,0.9872610978560371
5288,2020-05-10,0.018040997250383994,0.981959002749616
5289,2020-05-10,0.01249981503221087,0.9875001849677891
5290,2020-05-10,0.014584243084170612,0.9854157569158294
5292,2020-05-10,0.02146611809109611,0.9785338819089039
5293,2020-05-10,0.02188445051763377,0.9781155494823662
5295,2020-05-10,0.005590208905062344,0.9944097910949377
5296,2020-05-10,0.00665475332999943,0.9933452466700006
5297,2020-05-10,0.012876475633497697,0.9871235243665023
5298,2020-05-10,0.007866297523458243,0.9921337024765418
5299,2020-05-10,0.0156632617403919,0.9843367382596081
5300,2020-05-10,0.08842870419731164,0.9115712958026884
5301,2020-05-10,0.030940874388901363,0.9690591256110986
5302,2020-05-10,0.018905548946671513,0.9810944510533285
5303,2020-05-10,0.029957359405192063,0.9700426405948079
5304,2020-05-10,0.04404752684661972,0.9559524731533803
5305,2020-05-10,0.004205568703220308,0.9957944312967797
5307,2020-05-10,0.002168986992228672,0.9978310130077713
5308,2020-05-10,0.09130683599604683,0.9086931640039532
5310,2020-05-10,0.01634643716981099,0.983653562830189
5311,2020-05-10,0.002658378065223732,0.9973416219347763
5312,2020-05-10,0.008509505061611855,0.9914904949383881
5313,2020-05-10,0.02666017190473957,0.9733398280952604
5314,2020-05-10,0.008668383845397476,0.9913316161546025
5315,2020-05-10,0.03352996742668046,0.9664700325733195
5316,2020-05-10,0.013171124302842951,0.986828875697157
5317,2020-05-10,0.016973820758292235,0.9830261792417078
5318,2020-05-10,0.016888331823250335,0.9831116681767497
5319,2020-05-10,0.020858382228697958,0.979141617771302
5320,2020-05-10,0.024350008799322254,0.9756499912006777
5322,2020-05-10,0.025911524458225976,0.974088475541774
5323,2020-05-10,0.022330949102934206,0.9776690508970658
5324,2020-05-10,0.005952063685669473,0.9940479363143305
5325,2020-05-10,0.023603695562289473,0.9763963044377105
5326,2020-05-10,0.00840491473330629,0.9915950852666937
5327,2020-05-10,0.0040673731344106345,0.9959326268655894
5328,2020-05-10,0.017131090734690657,0.9828689092653093
5329,2020-05-10,0.005402755386628266,0.9945972446133717
5330,2020-05-10,0.002447932516169038,0.997552067483831
5331,2020-05-10,0.022044444446713274,0.9779555555532867
5332,2020-05-10,0.022211588144751215,0.9777884118552488
5333,2020-05-10,0.00950138523070898,0.990498614769291
5334,2020-05-10,0.007102191425648607,0.9928978085743514
5335,2020-05-10,0.014333869516631625,0.9856661304833684
5336,2020-05-10,0.007273024936862327,0.9927269750631377
5337,2020-05-10,0.007630965845598081,0.9923690341544019
5339,2020-05-10,0.035678363401713376,0.9643216365982866
5340,2020-05-10,0.06252388409654142,0.9374761159034586
5341,2020-05-10,0.011714495089858445,0.9882855049101416
5342,2020-05-10,0.02755327071560687,0.9724467292843931
5343,2020-05-10,0.009047215905798822,0.9909527840942012
5344,2020-05-10,0.010551669441564826,0.9894483305584352
5345,2020-05-10,0.012622711229618444,0.9873772887703816
5347,2020-05-10,0.004409579236864469,0.9955904207631355
5348,2020-05-10,0.004048971478741281,0.9959510285212587
5349,2020-05-10,0.04683189215492678,0.9531681078450732
5350,2020-05-10,0.004661455204752696,0.9953385447952473
5351,2020-05-10,0.0026412852979694756,0.9973587147020305
5352,2020-05-10,0.02288125738797675,0.9771187426120232
5353,2020-05-10,0.03182441814376391,0.9681755818562361
5354,2020-05-10,0.01240549499347987,0.9875945050065201
5355,2020-05-10,0.02153489167110567,0.9784651083288943
5356,2020-05-10,0.016240995745476106,0.9837590042545239
5357,2020-05-10,0.016502690598866332,0.9834973094011337
5358,2020-05-10,0.03061923025765001,0.96938076974235
5359,2020-05-10,0.0664554584202296,0.9335445415797704
5360,2020-05-10,0.019092788855273546,0.9809072111447265
5361,2020-05-10,0.012063562863364075,0.9879364371366359
5362,2020-05-10,0.04185330134521237,0.9581466986547876
5363,2020-05-10,0.0071187130933718645,0.9928812869066281
5365,2020-05-10,0.06140634189357175,0.9385936581064283
5366,2020-05-10,0.00939701504755519,0.9906029849524448
5367,2020-05-10,0.013598358057734905,0.9864016419422651
5369,2020-05-10,0.0667352647149363,0.9332647352850637
5370,2020-05-10,0.009767726280967559,0.9902322737190324
5371,2020-05-10,0.012963206802373062,0.9870367931976269
5372,2020-05-10,0.0013516860203003356,0.9986483139796997
5373,2020-05-10,0.0012210619320491833,0.9987789380679508
5374,2020-05-10,0.009303455974924768,0.9906965440250752
5376,2020-05-10,0.07219212607813275,0.9278078739218673
5377,2020-05-10,0.028833520039923344,0.9711664799600767
5378,2020-05-10,0.002537890325136516,0.9974621096748635
5379,2020-05-10,0.021354057242053637,0.9786459427579464
5380,2020-05-10,0.0038061169289167474,0.9961938830710833
5381,2020-05-10,0.007537048979658123,0.9924629510203419
5382,2020-05-10,0.019279666386546213,0.9807203336134538
5383,2020-05-10,0.012910518255069614,0.9870894817449304
5384,2020-05-10,0.005759211498144068,0.9942407885018559
5385,2020-05-10,0.0031528025370901602,0.9968471974629098
5386,2020-05-10,0.006489121186629143,0.9935108788133709
5388,2020-05-10,0.06030565392033149,0.9396943460796685
5389,2020-05-10,0.007339847879505146,0.9926601521204949
5390,2020-05-10,0.0028340743986156047,0.9971659256013844
5391,2020-05-10,0.01483660387871788,0.9851633961212821
5392,2020-05-10,0.004192828967803486,0.9958071710321965
5393,2020-05-10,0.009412503935595562,0.9905874960644044
5395,2020-05-10,0.03100422202048181,0.9689957779795182
5396,2020-05-10,0.006638066520878172,0.9933619334791218
5397,2020-05-10,0.025059863465081378,0.9749401365349186
5398,2020-05-10,0.013513037286463025,0.986486962713537
5399,2020-05-10,0.0132324976804723,0.9867675023195277
5400,2020-05-10,0.011865921133278334,0.9881340788667217
5401,2020-05-10,0.024459143654418702,0.9755408563455813
5402,2020-05-10,0.028121081584779994,0.97187891841522
5403,2020-05-10,0.009754186931402287,0.9902458130685977
5404,2020-05-10,0.00972602511222398,0.990273974887776
5405,2020-05-10,0.015167042572010292,0.9848329574279897
5406,2020-05-10,0.007645654464728535,0.9923543455352715
5407,2020-05-10,0.028342189053601863,0.9716578109463981
5408,2020-05-10,0.01139698753412266,0.9886030124658773
5409,2020-05-10,0.01586415737522473,0.9841358426247753
5410,2020-05-10,0.0150704201272287,0.9849295798727713
5411,2020-05-10,0.010406065541592735,0.9895939344584073
5412,2020-05-10,0.026150931092429497,0.9738490689075705
5413,2020-05-10,0.007310592718888342,0.9926894072811117
5414,2020-05-10,0.018390618144696114,0.9816093818553039
5415,2020-05-10,0.008085598999085897,0.9919144010009141
5417,2020-05-10,0.012716131154443255,0.9872838688455567
5418,2020-05-10,0.043407936219831855,0.9565920637801681
5419,2020-05-10,0.01273899853156324,0.9872610014684368
5420,2020-05-10,0.002558284622075857,0.9974417153779241
5422,2020-05-10,0.017266441612422856,0.9827335583875771
5423,2020-05-10,0.019611074279471508,0.9803889257205285
5424,2020-05-10,0.006187866348755677,0.9938121336512443
5425,2020-05-10,0.007073781949090918,0.9929262180509091
5428,2020-05-10,0.04680902087160155,0.9531909791283985
5429,2020-05-10,0.02357362329898416,0.9764263767010158
5430,2020-05-10,0.010126978370134765,0.9898730216298652
5431,2020-05-10,0.022961820822417933,0.9770381791775821
5432,2020-05-10,0.04724562665824705,0.952754373341753
5433,2020-05-10,0.04003826886618056,0.9599617311338194
5434,2020-05-10,0.007957922157030395,0.9920420778429696
5435,2020-05-10,0.01210849315493967,0.9878915068450603
5436,2020-05-10,0.01838119518515502,0.981618804814845
5437,2020-05-10,0.006559178604745197,0.9934408213952548
5438,2020-05-10,0.0127515108889108,0.9872484891110892
5439,2020-05-10,0.00701092738017739,0.9929890726198226
5440,2020-05-10,0.006014890911984483,0.9939851090880155
5441,2020-05-10,0.0022307540873812703,0.9977692459126187
5442,2020-05-10,0.020382835745080152,0.9796171642549198
5443,2020-05-10,0.05688061166829328,0.9431193883317067
5444,2020-05-10,0.020341120712283223,0.9796588792877168
5445,2020-05-10,0.0010915556407050664,0.9989084443592949
5447,2020-05-10,0.006015514678078038,0.993984485321922
5448,2020-05-10,0.03277436753474239,0.9672256324652576
5449,2020-05-10,0.08033147039344135,0.9196685296065586
5450,2020-05-10,0.06967504231463151,0.9303249576853685
5451,2020-05-10,0.019227913897720494,0.9807720861022795
5452,2020-05-10,0.012244921048642499,0.9877550789513575
5453,2020-05-10,0.01158780569114748,0.9884121943088525
5455,2020-05-10,0.013841717890280214,0.9861582821097198
5456,2020-05-10,0.008533509462264055,0.991466490537736
5458,2020-05-10,0.020578678677366624,0.9794213213226334
5459,2020-05-10,0.003997005558471045,0.996002994441529
5461,2020-05-10,0.050101697365543485,0.9498983026344565
5462,2020-05-10,0.009101286266322561,0.9908987137336774
5463,2020-05-10,0.03009162974309998,0.9699083702569
5464,2020-05-10,0.010587880156327611,0.9894121198436724
5465,2020-05-10,0.04167596472907931,0.9583240352709207
5466,2020-05-10,0.006879995724489829,0.9931200042755102
5468,2020-05-10,0.0016345541228136584,0.9983654458771863
5469,2020-05-10,0.015877250411981958,0.984122749588018
5470,2020-05-10,0.0006690054846435478,0.9993309945153565
5471,2020-05-10,0.012631491895311209,0.9873685081046888
5472,2020-05-10,0.010947165059097874,0.9890528349409021
5474,2020-05-10,0.042981523517382714,0.9570184764826173
5475,2020-05-10,0.03235745563425685,0.9676425443657432
5476,2020-05-10,0.013480122899780622,0.9865198771002194
5477,2020-05-10,0.012445739584596827,0.9875542604154032
5478,2020-05-10,0.02686173236013778,0.9731382676398622
5479,2020-05-10,0.010623816220324822,0.9893761837796752
5480,2020-05-10,0.032550929726545386,0.9674490702734546
5481,2020-05-10,0.002850283535283049,0.997149716464717
5482,2020-05-10,0.005025018762155109,0.9949749812378449
5483,2020-05-10,0.013260021317507809,0.9867399786824922
5484,2020-05-10,0.01020369066300153,0.9897963093369985
5485,2020-05-10,0.008122938973446181,0.9918770610265538
5486,2020-05-10,0.008811072013945376,0.9911889279860546
5488,2020-05-10,0.017209366753142663,0.9827906332468573
5489,2020-05-10,0.006568901854509646,0.9934310981454904
5490,2020-05-10,0.00526842959193885,0.9947315704080611
5491,2020-05-10,0.005409264628330246,0.9945907353716698
5492,2020-05-10,0.04227175186726251,0.9577282481327375
5493,2020-05-10,0.025379869343118422,0.9746201306568816
5494,2020-05-10,0.01942995307575457,0.9805700469242454
5495,2020-05-10,0.014817505600927317,0.9851824943990727
5497,2020-05-10,0.00867391904217052,0.9913260809578295
5498,2020-05-10,0.00216299364850836,0.9978370063514916
5500,2020-05-10,0.006168727511970062,0.9938312724880299
5501,2020-05-10,0.06108880984085607,0.9389111901591439
5502,2020-05-10,0.01296759714394835,0.9870324028560516
5503,2020-05-10,0.010297722792478203,0.9897022772075218
5505,2020-05-10,0.01255109714611713,0.9874489028538829
5506,2020-05-10,0.008301952623496867,0.9916980473765031
5508,2020-05-10,0.005356454809913425,0.9946435451900866
5509,2020-05-10,0.014446747419266548,0.9855532525807335
5511,2020-05-10,0.018546266952212842,0.9814537330477872
5512,2020-05-10,0.00105509082996047,0.9989449091700395
5514,2020-05-10,0.029210528328716956,0.970789471671283
5519,2020-05-10,0.002214167455962257,0.9977858325440377
5520,2020-05-10,0.028692029082622694,0.9713079709173773
5521,2020-05-10,0.013717383711589481,0.9862826162884105
5522,2020-05-10,0.003658022020613272,0.9963419779793867
5523,2020-05-10,0.010603302142376703,0.9893966978576233
5524,2020-05-10,0.025920831118748433,0.9740791688812516
5525,2020-05-10,0.01245319293620839,0.9875468070637916
5526,2020-05-10,0.008245435042611327,0.9917545649573887
5527,2020-05-10,0.006658809394397669,0.9933411906056023
5528,2020-05-10,0.0793066882806619,0.9206933117193381
5529,2020-05-10,0.006141759181478634,0.9938582408185214
5531,2020-05-10,0.04493920052167821,0.9550607994783218
5532,2020-05-10,0.028700936899624274,0.9712990631003757
5533,2020-05-10,0.017129338013163964,0.982870661986836
5534,2020-05-10,0.03895371479263898,0.961046285207361
5535,2020-05-10,0.006774845891490355,0.9932251541085096
5536,2020-05-10,0.0011746321258399028,0.9988253678741601
5537,2020-05-10,0.01710217385651136,0.9828978261434886
5538,2020-05-10,0.019514410047709818,0.9804855899522902
5539,2020-05-10,0.07469415748938912,0.9253058425106109
5540,2020-05-10,0.006115711891363174,0.9938842881086368
5541,2020-05-10,0.004583676225931033,0.995416323774069
5542,2020-05-10,0.01944225608632799,0.980557743913672
5543,2020-05-10,0.011357579336138346,0.9886424206638617
5544,2020-05-10,0.015629102384820626,0.9843708976151794
5545,2020-05-10,0.004409262814031867,0.9955907371859681
5546,2020-05-10,0.014180123834161229,0.9858198761658388
5548,2020-05-10,0.008362381747847647,0.9916376182521524
5550,2020-05-10,0.02074585783707783,0.9792541421629222
5551,2020-05-10,0.005237000501616684,0.9947629994983833
5552,2020-05-10,0.006149667794082325,0.9938503322059177
5553,2020-05-10,0.033864268798123986,0.966135731201876
5554,2020-05-10,0.014484122184556192,0.9855158778154438
5555,2020-05-10,0.006714439162800234,0.9932855608371998
5556,2020-05-10,0.011103138904142495,0.9888968610958575
5557,2020-05-10,0.00735034175640048,0.9926496582435995
5558,2020-05-10,0.00956870013389044,0.9904312998661096
5559,2020-05-10,0.018793702911678034,0.981206297088322
5560,2020-05-10,0.05218862555193082,0.9478113744480692
5561,2020-05-10,0.015096091664596023,0.984903908335404
5562,2020-05-10,0.03267874798948134,0.9673212520105187
5563,2020-05-10,0.0195925980920455,0.9804074019079545
5564,2020-05-10,0.03417229328014171,0.9658277067198583
5565,2020-05-10,0.010075591335876766,0.9899244086641232
5566,2020-05-10,0.009322155813498267,0.9906778441865017
5567,2020-05-10,0.007798624845779867,0.9922013751542201
5568,2020-05-10,0.015365059130049152,0.9846349408699508
5569,2020-05-10,0.061199621074317534,0.9388003789256825
5570,2020-05-10,0.005184054261636706,0.9948159457383633
5572,2020-05-10,0.03192061187260975,0.9680793881273903
5573,2020-05-10,0.024592013378759603,0.9754079866212404
5574,2020-05-10,0.003047721839247397,0.9969522781607526
5575,2020-05-10,0.06693191136800514,0.9330680886319949
5576,2020-05-10,0.003296882165544468,0.9967031178344555
5578,2020-05-10,0.028095252159050732,0.9719047478409493
5580,2020-05-10,0.03892111374917262,0.9610788862508274
5581,2020-05-10,0.007769128345879617,0.9922308716541204
5582,2020-05-10,0.0029767055892166994,0.9970232944107833
5583,2020-05-10,0.009809726679115283,0.9901902733208847
5584,2020-05-10,0.007921964675602244,0.9920780353243978
5585,2020-05-10,0.012552128575443522,0.9874478714245565
5586,2020-05-10,0.009300714770656637,0.9906992852293434
5587,2020-05-10,0.004570878700923875,0.9954291212990761
5588,2020-05-10,0.002344054623319436,0.9976559453766806
5589,2020-05-10,0.0207003271007411,0.9792996728992589
5590,2020-05-10,0.010562412091712159,0.9894375879082878
5591,2020-05-10,0.016847097707644698,0.9831529022923553
5592,2020-05-10,0.005970479984572674,0.9940295200154273
5593,2020-05-10,0.0879913853182106,0.9120086146817894
5594,2020-05-10,0.030912373532713144,0.9690876264672869
5595,2020-05-10,0.007551557056558633,0.9924484429434414
5596,2020-05-10,0.0439027173144142,0.9560972826855858
5597,2020-05-10,0.029434791675466365,0.9705652083245336
5598,2020-05-10,0.017495190476964018,0.982504809523036
5599,2020-05-10,0.02111490002886862,0.9788850999711314
5600,2020-05-10,0.007174251516563035,0.992825748483437
5601,2020-05-10,0.0022476810593897723,0.9977523189406102
5602,2020-05-10,0.001767311029946761,0.9982326889700532
5603,2020-05-10,0.03387204479487371,0.9661279552051263
5604,2020-05-10,0.0032084121179983827,0.9967915878820016
5605,2020-05-10,0.005014597833351453,0.9949854021666485
5606,2020-05-10,0.013250972741377542,0.9867490272586225
5608,2020-05-10,0.010025462382107886,0.9899745376178921
5609,2020-05-10,0.01786404205824732,0.9821359579417527
5610,2020-05-10,0.006077491611353625,0.9939225083886464
5611,2020-05-10,0.03880710590071046,0.9611928940992895
5612,2020-05-10,0.05083992697540696,0.949160073024593
5613,2020-05-10,0.04781112746932026,0.9521888725306797
5614,2020-05-10,0.014065157062859157,0.9859348429371408
5615,2020-05-10,0.02473794403381535,0.9752620559661846
5616,2020-05-10,0.030305101398343637,0.9696948986016564
5618,2020-05-10,0.003136952694077322,0.9968630473059227
5619,2020-05-10,0.010768335809066443,0.9892316641909336
5620,2020-05-10,0.054435181122801435,0.9455648188771986
5621,2020-05-10,0.06972057704418722,0.9302794229558128
5622,2020-05-10,0.03928790308776109,0.9607120969122389
5623,2020-05-10,0.01796986142028001,0.98203013857972
5624,2020-05-10,0.05150992110100361,0.9484900788989964
5625,2020-05-10,0.004898962763966064,0.9951010372360339
5627,2020-05-10,0.012535223553647001,0.987464776446353
5628,2020-05-10,0.007912417072296396,0.9920875829277036
5630,2020-05-10,0.016234320213032283,0.9837656797869677
5631,2020-05-10,0.02720580606507228,0.9727941939349277
5632,2020-05-10,0.011659963557801967,0.988340036442198
5633,2020-05-10,0.004609808900442158,0.9953901910995578
5634,2020-05-10,0.01545921834416164,0.9845407816558384
5635,2020-05-10,0.002810459771613094,0.9971895402283869
5636,2020-05-10,0.01528257391803689,0.9847174260819631
5637,2020-05-10,0.05410296945542381,0.9458970305445762
5638,2020-05-10,0.0030619407572718416,0.9969380592427282
5639,2020-05-10,0.008855441934551123,0.9911445580654489
5640,2020-05-10,0.026224452426875322,0.9737755475731247
5641,2020-05-10,0.09256751737297642,0.9074324826270236
5642,2020-05-10,0.002144812958995268,0.9978551870410047
5643,2020-05-10,0.003312372013720366,0.9966876279862796
5644,2020-05-10,0.024781577514286002,0.975218422485714
5646,2020-05-10,0.010932902257302035,0.989067097742698
5647,2020-05-10,0.013476496622495393,0.9865235033775046
5648,2020-05-10,0.007025102479920053,0.99297489752008
5649,2020-05-10,0.014931731663326508,0.9850682683366735
5650,2020-05-10,0.014263417033252845,0.9857365829667472
5651,2020-05-10,0.027057526946938748,0.9729424730530613
5652,2020-05-10,0.0028648038398366715,0.9971351961601633
5653,2020-05-10,0.017278276648237112,0.9827217233517629
5654,2020-05-10,0.005586165593572057,0.9944138344064279
5655,2020-05-10,0.011164651357053246,0.9888353486429468
5656,2020-05-10,0.005215952147190506,0.9947840478528095
5657,2020-05-10,0.018306679528733216,0.9816933204712668
5658,2020-05-10,0.021440945028795788,0.9785590549712042
5659,2020-05-10,0.009511508835454818,0.9904884911645452
5660,2020-05-10,0.012210216709790278,0.9877897832902097
5661,2020-05-10,0.006887126414645728,0.9931128735853543
5662,2020-05-10,0.014136591978867852,0.9858634080211321
5663,2020-05-10,0.00588573521111424,0.9941142647888858
5664,2020-05-10,0.13767866942509432,0.8623213305749057
5665,2020-05-10,0.0017110942389879646,0.998288905761012
5666,2020-05-10,0.0027345166921234343,0.9972654833078766
5667,2020-05-10,0.030145110954930332,0.9698548890450697
5668,2020-05-10,0.023916149263735975,0.976083850736264
5669,2020-05-10,0.007930050874608852,0.9920699491253911
5670,2020-05-10,0.00866806568675671,0.9913319343132433
5671,2020-05-10,0.019343541527196972,0.980656458472803
5672,2020-05-10,0.004104157740536629,0.9958958422594634
5673,2020-05-10,0.009291336752162649,0.9907086632478374
5674,2020-05-10,0.010677020802094428,0.9893229791979056
5675,2020-05-10,0.019152603597344053,0.980847396402656
5676,2020-05-10,0.016577488158018627,0.9834225118419814
5677,2020-05-10,0.009585474107395853,0.9904145258926041
5678,2020-05-10,0.020861806739123412,0.9791381932608766
5679,2020-05-10,0.07428643511823063,0.9257135648817694
5680,2020-05-10,0.014129482503903446,0.9858705174960966
5681,2020-05-10,0.004238763242101817,0.9957612367578982
5682,2020-05-10,0.02220710230151557,0.9777928976984844
5683,2020-05-10,0.03300092128641863,0.9669990787135814
5684,2020-05-10,0.009536926121760714,0.9904630738782393
5685,2020-05-10,0.013527505916194005,0.986472494083806
5686,2020-05-10,0.0019841505130614445,0.9980158494869386
5687,2020-05-10,0.02114647827405791,0.9788535217259421
5688,2020-05-10,0.0238338273843528,0.9761661726156472
5689,2020-05-10,0.013482415585726937,0.9865175844142731
5690,2020-05-10,0.002043066575067032,0.997956933424933
5691,2020-05-10,0.010951928500762542,0.9890480714992375
5692,2020-05-10,0.02047073266534194,0.9795292673346581
5693,2020-05-10,0.012880375282699585,0.9871196247173004
5695,2020-05-10,0.004173548653551684,0.9958264513464483
5696,2020-05-10,0.012037874912921964,0.987962125087078
5697,2020-05-10,0.022067094799228748,0.9779329052007713
5699,2020-05-10,0.009385718013349309,0.9906142819866507
5700,2020-05-10,0.07175813513035645,0.9282418648696436
5701,2020-05-10,0.020255367921926948,0.979744632078073
5702,2020-05-10,0.006032280186724526,0.9939677198132755
5703,2020-05-10,0.006594212096386665,0.9934057879036133
5705,2020-05-10,0.005558728546434133,0.9944412714535659
5706,2020-05-10,0.008773127991170693,0.9912268720088293
5707,2020-05-10,0.006343002973782319,0.9936569970262177
5708,2020-05-10,0.0014417019472763304,0.9985582980527237
5709,2020-05-10,0.00866267495751516,0.9913373250424848
5710,2020-05-10,0.022373590317252945,0.977626409682747
5711,2020-05-10,0.01732068684861543,0.9826793131513846
5713,2020-05-10,0.007314776984954308,0.9926852230150457
5714,2020-05-10,0.014253865728255155,0.9857461342717448
5715,2020-05-10,0.01589694570666178,0.9841030542933382
5716,2020-05-10,0.0157386744026371,0.9842613255973629
5717,2020-05-10,0.030712017197853214,0.9692879828021468
5718,2020-05-10,0.025378144939920966,0.974621855060079
5719,2020-05-10,0.005009582317882955,0.994990417682117
5721,2020-05-10,0.04243319234635479,0.9575668076536452
5722,2020-05-10,0.011961513662824386,0.9880384863371756
5723,2020-05-10,0.017846999258224083,0.9821530007417759
5724,2020-05-10,0.024601936756664444,0.9753980632433356
5725,2020-05-10,0.020588543501680268,0.9794114564983197
5726,2020-05-10,0.014747459668492557,0.9852525403315074
5727,2020-05-10,0.028976805590741006,0.971023194409259
5728,2020-05-10,0.014185073903894452,0.9858149260961055
5729,2020-05-10,0.010274813171765818,0.9897251868282342
5730,2020-05-10,0.009976603893997127,0.9900233961060029
5731,2020-05-10,0.003813499544493726,0.9961865004555063
5732,2020-05-10,0.02010616658440445,0.9798938334155955
5733,2020-05-10,0.01966796143445637,0.9803320385655436
5734,2020-05-10,0.013268466702258674,0.9867315332977413
5735,2020-05-10,0.01780768869218108,0.9821923113078189
5736,2020-05-10,0.0007218635951958818,0.9992781364048041
5737,2020-05-10,0.018262984583959918,0.9817370154160401
5738,2020-05-10,0.004980233857239003,0.995019766142761
5739,2020-05-10,0.15106963202588142,0.8489303679741186
5740,2020-05-10,0.03462097743074699,0.965379022569253
5741,2020-05-10,0.005227399746792316,0.9947726002532077
5742,2020-05-10,0.01250363927696363,0.9874963607230364
5743,2020-05-10,0.006108022787955636,0.9938919772120444
5744,2020-05-10,0.016297827509664686,0.9837021724903353
5745,2020-05-10,0.035618760025146634,0.9643812399748534
5746,2020-05-10,0.03348260421596616,0.9665173957840338
5747,2020-05-10,0.01644819414765808,0.9835518058523419
5748,2020-05-10,0.0026990504288055828,0.9973009495711944
5749,2020-05-10,0.009314011136454692,0.9906859888635453
5750,2020-05-10,0.015411963650026062,0.9845880363499739
5751,2020-05-10,0.024920050085138534,0.9750799499148615
5752,2020-05-10,0.008782887896950031,0.99121711210305
5753,2020-05-10,0.07953824711920243,0.9204617528807976
5754,2020-05-10,0.009741407582719241,0.9902585924172808
5755,2020-05-10,0.04386845557333585,0.9561315444266641
5756,2020-05-10,0.0591635868765259,0.9408364131234741
5757,2020-05-10,0.0012349265738424986,0.9987650734261575
5758,2020-05-10,0.019235812860874835,0.9807641871391252
5759,2020-05-10,0.011986664169101435,0.9880133358308986
5760,2020-05-10,0.00689830032823735,0.9931016996717626
5761,2020-05-10,0.011989666171712154,0.9880103338282878
5762,2020-05-10,0.022598745457245717,0.9774012545427543
5763,2020-05-10,0.02052681403418033,0.9794731859658197
5765,2020-05-10,0.0391311855217118,0.9608688144782882
5766,2020-05-10,0.012040313622895038,0.987959686377105
5767,2020-05-10,0.006030253824158227,0.9939697461758418
5769,2020-05-10,0.0020384797112190656,0.9979615202887809
5770,2020-05-10,0.027543424527158744,0.9724565754728413
5772,2020-05-10,0.03882440072245008,0.9611755992775499
5773,2020-05-10,0.01462555174490432,0.9853744482550957
5774,2020-05-10,0.005502886588408251,0.9944971134115917
5775,2020-05-10,0.01137962290977479,0.9886203770902252
5777,2020-05-10,0.0359195019563221,0.9640804980436779
5778,2020-05-10,0.018044876588353187,0.9819551234116468
5779,2020-05-10,0.009338397936052512,0.9906616020639475
5780,2020-05-10,0.018040485955431618,0.9819595140445684
5781,2020-05-10,0.06949477519016645,0.9305052248098336
5782,2020-05-10,0.01682136133303913,0.9831786386669609
5783,2020-05-10,0.027542164048022677,0.9724578359519773
5784,2020-05-10,0.008020824023651563,0.9919791759763484
5786,2020-05-10,0.008096459286698665,0.9919035407133013
5787,2020-05-10,0.02970748264237799,0.970292517357622
5788,2020-05-10,0.015801610317807913,0.9841983896821921
5789,2020-05-10,0.014644335918161278,0.9853556640818387
5790,2020-05-10,0.007158496528458347,0.9928415034715417
5791,2020-05-10,0.007023720765031438,0.9929762792349686
5792,2020-05-10,0.008780645219605754,0.9912193547803942
5793,2020-05-10,0.039277675686075875,0.9607223243139241
5794,2020-05-10,0.011606005332797098,0.9883939946672029
5795,2020-05-10,0.012568292895370092,0.9874317071046299
5797,2020-05-10,0.031671710431998235,0.9683282895680018
5798,2020-05-10,0.008045987890302642,0.9919540121096974
5799,2020-05-10,0.004206911300442706,0.9957930886995573
5800,2020-05-10,0.027341479677581937,0.9726585203224181
5801,2020-05-10,0.04186763648761338,0.9581323635123866
5802,2020-05-10,0.011168992076146522,0.9888310079238535
5803,2020-05-10,0.013606590480872205,0.9863934095191278
5804,2020-05-10,0.02119490659116341,0.9788050934088366
5805,2020-05-10,0.03830326045561927,0.9616967395443807
5806,2020-05-10,0.007715597984811917,0.9922844020151881
5807,2020-05-10,0.009789571254276264,0.9902104287457237
5808,2020-05-10,0.03571763609553613,0.9642823639044639
5809,2020-05-10,0.018148174100055314,0.9818518258999447
5810,2020-05-10,0.02527925273179943,0.9747207472682006
5811,2020-05-10,0.0268446334813478,0.9731553665186522
5812,2020-05-10,0.009644613232552945,0.990355386767447
5813,2020-05-10,0.09975439459257207,0.9002456054074279
5814,2020-05-10,0.006950233573990827,0.9930497664260092
5816,2020-05-10,0.01992809223928127,0.9800719077607187
5817,2020-05-10,0.00578377681007991,0.9942162231899201
5818,2020-05-10,0.007345904477010778,0.9926540955229892
5820,2020-05-10,0.026453904369425074,0.9735460956305749
5822,2020-05-10,0.020593635932050103,0.9794063640679499
5823,2020-05-10,0.07385122281028311,0.9261487771897169
5824,2020-05-10,0.10081190408750185,0.8991880959124982
5825,2020-05-10,0.004510587977303415,0.9954894120226966
5826,2020-05-10,0.04008173865930753,0.9599182613406925
5827,2020-05-10,0.013186900475471997,0.986813099524528
5828,2020-05-10,0.008258272145987178,0.9917417278540128
5829,2020-05-10,0.06088350113224983,0.9391164988677502
5830,2020-05-10,0.004951186589972734,0.9950488134100273
5831,2020-05-10,0.01868741708098587,0.9813125829190141
5832,2020-05-10,0.008191278022935289,0.9918087219770647
5833,2020-05-10,0.011212537649407661,0.9887874623505923
5834,2020-05-10,0.010039474086317779,0.9899605259136822
5835,2020-05-10,0.03393078411970163,0.9660692158802984
5836,2020-05-10,0.008520916815632273,0.9914790831843677
5839,2020-05-10,0.00664412561506178,0.9933558743849382
5840,2020-05-10,0.01267529397472611,0.9873247060252739
5841,2020-05-10,0.019899043936226324,0.9801009560637737
5842,2020-05-10,0.012216826480207388,0.9877831735197926
5843,2020-05-10,0.004595086349059474,0.9954049136509405
5844,2020-05-10,0.007205738963332653,0.9927942610366673
5845,2020-05-10,0.01299574488006916,0.9870042551199308
5846,2020-05-10,0.01199459431396277,0.9880054056860372
5847,2020-05-10,0.0138636534439176,0.9861363465560824
5848,2020-05-10,0.030698655770437955,0.969301344229562
5849,2020-05-10,0.037262853122279394,0.9627371468777206
5851,2020-05-10,0.014977772823512314,0.9850222271764877
5852,2020-05-10,0.019011579795520817,0.9809884202044792
5853,2020-05-10,0.0249905923291438,0.9750094076708562
5854,2020-05-10,0.022835086225604373,0.9771649137743956
5855,2020-05-10,0.00757056346317686,0.9924294365368231
5856,2020-05-10,0.10924510908883867,0.8907548909111613
5857,2020-05-10,0.009725488456147402,0.9902745115438526
5858,2020-05-10,0.013599875026073183,0.9864001249739268
5859,2020-05-10,0.01947363812879288,0.9805263618712071
5860,2020-05-10,0.019261708551553403,0.9807382914484466
5861,2020-05-10,0.001001575443607683,0.9989984245563923
5862,2020-05-10,0.01425832975675001,0.98574167024325
5863,2020-05-10,0.0316727395319365,0.9683272604680635
5864,2020-05-10,0.01012543935615473,0.9898745606438453
5865,2020-05-10,0.03173239792903704,0.968267602070963
5866,2020-05-10,0.020551527347628995,0.979448472652371
5867,2020-05-10,0.023088362968412324,0.9769116370315877
5868,2020-05-10,0.008013692585793208,0.9919863074142068
5869,2020-05-10,0.020123085744205627,0.9798769142557944
5870,2020-05-10,0.013044303391254952,0.986955696608745
5871,2020-05-10,0.057200169680896695,0.9427998303191033
5872,2020-05-10,0.02073138034858557,0.9792686196514144
5873,2020-05-10,0.012529646074946221,0.9874703539250538
5874,2020-05-10,0.03424407790302808,0.9657559220969719
5875,2020-05-10,0.0016994422868050751,0.9983005577131949
5876,2020-05-10,0.0098918450262655,0.9901081549737345
5877,2020-05-10,0.00466559198893679,0.9953344080110632
5878,2020-05-10,0.0014495118417467978,0.9985504881582532
5880,2020-05-10,0.0056337232676892945,0.9943662767323107
5881,2020-05-10,0.07498124540116646,0.9250187545988335
5882,2020-05-10,0.014382451260236961,0.985617548739763
5883,2020-05-10,0.007021513732282658,0.9929784862677173
5885,2020-05-10,0.07875918694739514,0.9212408130526049
5886,2020-05-10,0.00783159781030196,0.992168402189698
5887,2020-05-10,0.07541769589555336,0.9245823041044466
5888,2020-05-10,0.010444915038100522,0.9895550849618995
5889,2020-05-10,0.004128418308751547,0.9958715816912485
5890,2020-05-10,0.0019127441275774704,0.9980872558724225
5891,2020-05-10,0.016671950332002416,0.9833280496679976
5892,2020-05-10,0.022469790039734927,0.9775302099602651
5893,2020-05-10,0.0017434463257000044,0.9982565536743
5894,2020-05-10,0.04179002524754438,0.9582099747524556
5895,2020-05-10,0.010924641722807937,0.9890753582771921
5896,2020-05-10,0.017274560501409852,0.9827254394985901
5898,2020-05-10,0.004197590090614933,0.9958024099093851
5899,2020-05-10,0.021270490501855033,0.978729509498145
5900,2020-05-10,0.031064829892900825,0.9689351701070992
5901,2020-05-10,0.08221341598762111,0.9177865840123789
5902,2020-05-10,0.004006228118921484,0.9959937718810785
5903,2020-05-10,0.030607209767539167,0.9693927902324608
5904,2020-05-10,0.044306691986028435,0.9556933080139716
5906,2020-05-10,0.0023093342401016015,0.9976906657598984
5907,2020-05-10,0.0024372981912923475,0.9975627018087077
5908,2020-05-10,0.002490194576800997,0.997509805423199
5909,2020-05-10,0.028381928590959227,0.9716180714090408
5911,2020-05-10,0.01655762736215094,0.9834423726378491
5912,2020-05-10,0.02573378147413452,0.9742662185258655
5913,2020-05-10,0.017359066922303268,0.9826409330776967
5914,2020-05-10,0.05255474914194991,0.9474452508580501
5915,2020-05-10,0.004912183260137315,0.9950878167398627
5916,2020-05-10,0.03789177272463429,0.9621082272753657
5917,2020-05-10,0.015822412988281798,0.9841775870117182
5918,2020-05-10,0.005418885412810104,0.9945811145871899
5919,2020-05-10,0.0069213696555789905,0.993078630344421
5920,2020-05-10,0.039010832481998325,0.9609891675180017
5922,2020-05-10,0.01143017022509274,0.9885698297749073
5923,2020-05-10,0.010753524683050575,0.9892464753169494
5924,2020-05-10,0.020496860256480898,0.9795031397435191
5926,2020-05-10,0.00180734503947233,0.9981926549605277
5927,2020-05-10,0.004683032853812219,0.9953169671461878
5928,2020-05-10,0.011095839254056994,0.988904160745943
5929,2020-05-10,0.02228289484757673,0.9777171051524233
5930,2020-05-10,0.01590882148424766,0.9840911785157523
5931,2020-05-10,0.009715923902404056,0.9902840760975959
5932,2020-05-10,0.009474813119253911,0.9905251868807461
5933,2020-05-10,0.0046791152118078605,0.9953208847881921
5934,2020-05-10,0.00713146217620253,0.9928685378237975
5936,2020-05-10,0.031742418677402795,0.9682575813225972
5937,2020-05-10,0.03428880881055585,0.9657111911894442
5938,2020-05-10,0.011390254712829617,0.9886097452871704
5940,2020-05-10,0.016367796130940082,0.9836322038690599
5941,2020-05-10,0.046576641665687535,0.9534233583343125
5942,2020-05-10,0.0022210550831253117,0.9977789449168747
5943,2020-05-10,0.0085983945706406,0.9914016054293594
5944,2020-05-10,0.023442957604099868,0.9765570423959001
5945,2020-05-10,0.0536883679207244,0.9463116320792756
5946,2020-05-10,0.0026391260413533013,0.9973608739586467
5948,2020-05-10,0.00430083882797605,0.995699161172024
5949,2020-05-10,0.01730629352178903,0.982693706478211
5950,2020-05-10,0.004273483052920191,0.9957265169470798
5951,2020-05-10,0.008369587185338201,0.9916304128146618
5952,2020-05-10,0.016952748325068545,0.9830472516749315
5953,2020-05-10,0.03705841217075856,0.9629415878292414
5954,2020-05-10,0.003913003825132821,0.9960869961748672
5955,2020-05-10,0.07048171617359744,0.9295182838264026
5956,2020-05-10,0.01576427171002759,0.9842357282899724
5957,2020-05-10,0.01136726193942883,0.9886327380605712
5959,2020-05-10,0.0039032529338858257,0.9960967470661142
5960,2020-05-10,0.021000253570501726,0.9789997464294983
5961,2020-05-10,0.013187156645572573,0.9868128433544274
5962,2020-05-10,0.008295246784632448,0.9917047532153676
5963,2020-05-10,0.005109476777792721,0.9948905232222073
5964,2020-05-10,0.02953499612227173,0.9704650038777283
5965,2020-05-10,0.006808070955743983,0.993191929044256
5966,2020-05-10,0.005484656140624655,0.9945153438593753
5967,2020-05-10,0.006360801487713674,0.9936391985122863
5968,2020-05-10,0.03747789004144486,0.9625221099585551
5969,2020-05-10,0.02684537160349676,0.9731546283965032
5970,2020-05-10,0.013390953201903089,0.9866090467980969
5971,2020-05-10,0.04422066376881073,0.9557793362311893
5972,2020-05-10,0.014203055545973675,0.9857969444540263
5973,2020-05-10,0.06488426172808714,0.9351157382719129
5975,2020-05-10,0.032974039559105495,0.9670259604408945
5976,2020-05-10,0.006235796022009299,0.9937642039779907
5977,2020-05-10,0.06029239846914536,0.9397076015308546
5978,2020-05-10,0.020189078931118765,0.9798109210688812
5979,2020-05-10,0.018530442390439994,0.98146955760956
5980,2020-05-10,0.04440744065353719,0.9555925593464628
5981,2020-05-10,0.0069988634345133915,0.9930011365654866
5982,2020-05-10,0.027338355612710474,0.9726616443872895
5983,2020-05-10,0.005085055576013353,0.9949149444239866
5984,2020-05-10,0.009107354804915091,0.9908926451950849
5988,2020-05-10,0.00615710500569655,0.9938428949943034
5989,2020-05-10,0.0039512648593003075,0.9960487351406997
5990,2020-05-10,0.013552743004147882,0.9864472569958521
5991,2020-05-10,0.02915791019044711,0.9708420898095529
5992,2020-05-10,0.052750283678620113,0.9472497163213799
5993,2020-05-10,0.01565850867457963,0.9843414913254204
5994,2020-05-10,0.0049982415747142905,0.9950017584252857
5996,2020-05-10,0.004384420085081442,0.9956155799149186
5997,2020-05-10,0.06918039447800306,0.9308196055219969
5998,2020-05-10,0.030405911882576464,0.9695940881174235
5999,2020-05-10,0.0101668602413989,0.9898331397586011
6000,2020-05-10,0.01583272823133075,0.9841672717686692
6001,2020-05-10,0.020247492324974803,0.9797525076750252
6002,2020-05-10,0.005009669747100487,0.9949903302528995
6003,2020-05-10,0.008911767829055006,0.991088232170945
6004,2020-05-10,0.004354136125126029,0.995645863874874
6005,2020-05-10,0.01680855654515756,0.9831914434548424
6007,2020-05-10,0.007147376939963035,0.992852623060037
6008,2020-05-10,0.0020652086160694028,0.9979347913839306
6009,2020-05-10,0.007351068888196477,0.9926489311118035
6010,2020-05-10,0.008083330853438264,0.9919166691465617
6011,2020-05-10,0.004182858673134282,0.9958171413268657
6012,2020-05-10,0.01869301612022989,0.9813069838797701
6013,2020-05-10,0.026904114768835696,0.9730958852311643
6014,2020-05-10,0.011749425985964512,0.9882505740140355
6015,2020-05-10,0.00684920865959926,0.9931507913404007
6016,2020-05-10,0.01319814179345491,0.9868018582065451
6017,2020-05-10,0.004976190017060289,0.9950238099829397
6018,2020-05-10,0.005639413124122972,0.994360586875877
6019,2020-05-10,0.004192502281800015,0.9958074977182
6020,2020-05-10,0.034559182319514714,0.9654408176804853
6021,2020-05-10,0.008648321835610595,0.9913516781643894
6022,2020-05-10,0.011687285686454829,0.9883127143135452
6023,2020-05-10,0.015029300264167156,0.9849706997358328
6024,2020-05-10,0.024125379862371177,0.9758746201376288
6025,2020-05-10,0.0070561484742076575,0.9929438515257923
6026,2020-05-10,0.03190628229499681,0.9680937177050032
6027,2020-05-10,0.02429332117999361,0.9757066788200064
6028,2020-05-10,0.022103185039865303,0.9778968149601347
6029,2020-05-10,0.004579294128055134,0.9954207058719449
6030,2020-05-10,0.02672592309368227,0.9732740769063177
6031,2020-05-10,0.00197808247742004,0.99802191752258
6032,2020-05-10,0.013046464323272722,0.9869535356767273
6033,2020-05-10,0.032069663273104565,0.9679303367268954
6034,2020-05-10,0.06980839753169021,0.9301916024683098
6035,2020-05-10,0.0037087245701020732,0.9962912754298979
6036,2020-05-10,0.001117534748142246,0.9988824652518578
6037,2020-05-10,0.023454837280844743,0.9765451627191553
6038,2020-05-10,0.029526897637550453,0.9704731023624495
6039,2020-05-10,0.005510122003533291,0.9944898779964667
6040,2020-05-10,0.022066246519129584,0.9779337534808704
6041,2020-05-10,0.006638247347688475,0.9933617526523115
6042,2020-05-10,0.00608263210012483,0.9939173678998752
6043,2020-05-10,0.03512870852424921,0.9648712914757508
6044,2020-05-10,0.0028169811042085824,0.9971830188957914
6045,2020-05-10,0.0037009329744757125,0.9962990670255243
6046,2020-05-10,0.01619736577124864,0.9838026342287514
6047,2020-05-10,0.026890384782143895,0.9731096152178561
6048,2020-05-10,0.009805777024067375,0.9901942229759326
6049,2020-05-10,0.014351827862698063,0.9856481721373019
6050,2020-05-10,0.021114643530682264,0.9788853564693177
6052,2020-05-10,0.006478393001483007,0.993521606998517
6053,2020-05-10,0.01402907969677547,0.9859709203032245
6054,2020-05-10,0.0023283859212704927,0.9976716140787295
6055,2020-05-10,0.02597026336627417,0.9740297366337258
6056,2020-05-10,0.004055604101593335,0.9959443958984067
6057,2020-05-10,0.011127065644277234,0.9888729343557228
6059,2020-05-10,0.007891438299418296,0.9921085617005817
6060,2020-05-10,0.004125223387142052,0.995874776612858
6061,2020-05-10,0.011621589824734713,0.9883784101752653
6062,2020-05-10,0.039348853130990236,0.9606511468690098
6063,2020-05-10,0.010666181051638857,0.9893338189483611
6064,2020-05-10,0.02957108734382241,0.9704289126561776
6065,2020-05-10,0.005801445382756287,0.9941985546172437
6066,2020-05-10,0.06262777431802002,0.93737222568198
6067,2020-05-10,0.03322277194254197,0.966777228057458
6068,2020-05-10,0.002299552859902243,0.9977004471400978
6069,2020-05-10,0.00806732397131893,0.9919326760286811
6070,2020-05-10,0.014138866248497473,0.9858611337515025
6071,2020-05-10,0.013809213828435807,0.9861907861715642
6072,2020-05-10,0.015369747337032114,0.9846302526629679
6073,2020-05-10,0.010123302165584214,0.9898766978344158
6074,2020-05-10,0.023680119291905832,0.9763198807080942
6075,2020-05-10,0.012548097328021646,0.9874519026719784
6076,2020-05-10,0.013496478444195992,0.986503521555804
6077,2020-05-10,0.03821225462184752,0.9617877453781525
6078,2020-05-10,0.006413627260830501,0.9935863727391695
6079,2020-05-10,0.008576982275827039,0.991423017724173
6080,2020-05-10,0.0162294409462459,0.9837705590537541
6081,2020-05-10,0.02809628608505632,0.9719037139149437
6082,2020-05-10,0.007901162424127972,0.992098837575872
6083,2020-05-10,0.0033666212404493967,0.9966333787595506
6084,2020-05-10,0.009181798853613254,0.9908182011463867
6085,2020-05-10,0.0064637384222854255,0.9935362615777146
6086,2020-05-10,0.004594292561508229,0.9954057074384918
6087,2020-05-10,0.002562000423147359,0.9974379995768526
6088,2020-05-10,0.010163972692676548,0.9898360273073235
6089,2020-05-10,0.019451819495816647,0.9805481805041834
6090,2020-05-10,0.0030667030203435086,0.9969332969796565
6092,2020-05-10,0.012071513524085642,0.9879284864759144
6093,2020-05-10,0.025678504094505006,0.974321495905495
6094,2020-05-10,0.017162700110437634,0.9828372998895624
6095,2020-05-10,0.03410340545969803,0.965896594540302
6096,2020-05-10,0.007424487803947555,0.9925755121960524
6097,2020-05-10,0.0029970456867763895,0.9970029543132236
6098,2020-05-10,0.011187400109104018,0.988812599890896
6099,2020-05-10,0.013553298101728783,0.9864467018982712
6100,2020-05-10,0.03080188534552719,0.9691981146544728
6103,2020-05-10,0.017639493485041347,0.9823605065149587
6104,2020-05-10,0.04697300215373679,0.9530269978462632
6105,2020-05-10,0.06358079858587096,0.936419201414129
6106,2020-05-10,0.017586615067610722,0.9824133849323893
6107,2020-05-10,0.010630438133813147,0.9893695618661869
6108,2020-05-10,0.016369043485496948,0.983630956514503
6109,2020-05-10,0.11174232286478669,0.8882576771352133
6110,2020-05-10,0.002082840674591968,0.997917159325408
6111,2020-05-10,0.032698799107681364,0.9673012008923186
6112,2020-05-10,0.0034005645285271058,0.9965994354714729
6113,2020-05-10,0.007738226167530393,0.9922617738324696
6114,2020-05-10,0.07864227729640072,0.9213577227035993
6115,2020-05-10,0.048610560076658094,0.9513894399233419
6116,2020-05-10,0.002179202923672019,0.997820797076328
6117,2020-05-10,0.025880686085301696,0.9741193139146983
6118,2020-05-10,0.017870080329726812,0.9821299196702732
6119,2020-05-10,0.006624410910729406,0.9933755890892706
6120,2020-05-10,0.01828684801799718,0.9817131519820028
6121,2020-05-10,0.0048883634895112715,0.9951116365104887
6122,2020-05-10,0.0025365734277610352,0.997463426572239
6123,2020-05-10,0.04029920819274169,0.9597007918072583
6124,2020-05-10,0.011640795592432251,0.9883592044075677
6125,2020-05-10,0.0032343859827613786,0.9967656140172386
6126,2020-05-10,0.007415015317759677,0.9925849846822403
6127,2020-05-10,0.014407231379948815,0.9855927686200512
6128,2020-05-10,0.02433164810953825,0.9756683518904617
6129,2020-05-10,0.036258665403216095,0.9637413345967839
6130,2020-05-10,0.08097172887978843,0.9190282711202116
6131,2020-05-10,0.007008103566698676,0.9929918964333013
6132,2020-05-10,0.00886539707652989,0.9911346029234701
6133,2020-05-10,0.009919693004408092,0.9900803069955919
6134,2020-05-10,0.007744135947270081,0.9922558640527299
6135,2020-05-10,0.02720756580978978,0.9727924341902102
6136,2020-05-10,0.009549070530988413,0.9904509294690116
6138,2020-05-10,0.02668291346797358,0.9733170865320264
6139,2020-05-10,0.03213240428362618,0.9678675957163738
6140,2020-05-10,0.007867713819780242,0.9921322861802198
6141,2020-05-10,0.022109346757932635,0.9778906532420674
6144,2020-05-10,0.007611250422778437,0.9923887495772216
6146,2020-05-10,0.007182016606939956,0.99281798339306
6147,2020-05-10,0.022997993602611677,0.9770020063973883
6148,2020-05-10,0.004658619911018014,0.995341380088982
6149,2020-05-10,0.09489738356443234,0.9051026164355677
6150,2020-05-10,0.013127844116729959,0.98687215588327
6151,2020-05-10,0.004529739581358161,0.9954702604186418
6152,2020-05-10,0.014473950470990982,0.985526049529009
6153,2020-05-10,0.009503857893351397,0.9904961421066486
6154,2020-05-10,0.0454025105909297,0.9545974894090703
6155,2020-05-10,0.04053098581489767,0.9594690141851023
6156,2020-05-10,0.03396894935818584,0.9660310506418142
6157,2020-05-10,0.04477333183722554,0.9552266681627745
6159,2020-05-10,0.01867664962066684,0.9813233503793332
6160,2020-05-10,0.02452795395586349,0.9754720460441365
6161,2020-05-10,0.0025179996346745837,0.9974820003653254
6162,2020-05-10,0.02855088589035304,0.971449114109647
6163,2020-05-10,0.021784270937958317,0.9782157290620417
6164,2020-05-10,0.009170469616762711,0.9908295303832373
6165,2020-05-10,0.04275103514108969,0.9572489648589103
6166,2020-05-10,0.020732793798557525,0.9792672062014425
6167,2020-05-10,0.020287708343312616,0.9797122916566874
6168,2020-05-10,0.010073786462800216,0.9899262135371998
6169,2020-05-10,0.0032434309615485546,0.9967565690384514
6170,2020-05-10,0.012840941387592508,0.9871590586124075
6171,2020-05-10,0.054759156705062595,0.9452408432949374
6172,2020-05-10,0.03828086009226661,0.9617191399077334
6173,2020-05-10,0.031081084112204893,0.9689189158877951
6174,2020-05-10,0.009317295389528746,0.9906827046104713
6175,2020-05-10,0.024160925734633687,0.9758390742653663
6176,2020-05-10,0.03147640409267949,0.9685235959073205
6177,2020-05-10,0.007816918146897556,0.9921830818531024
6178,2020-05-10,0.009703313983869588,0.9902966860161304
6179,2020-05-10,0.006418665731480755,0.9935813342685192
6180,2020-05-10,0.05084793881010352,0.9491520611898965
6181,2020-05-10,0.006135526868852326,0.9938644731311477
6182,2020-05-10,0.009043542566033569,0.9909564574339664
6184,2020-05-10,0.03330588084852093,0.9666941191514791
6186,2020-05-10,0.020684836238176074,0.9793151637618239
6187,2020-05-10,0.10226541926371913,0.8977345807362809
6188,2020-05-10,0.04066937925817471,0.9593306207418253
6189,2020-05-10,0.014357842915377783,0.9856421570846222
6191,2020-05-10,0.004159998512192398,0.9958400014878076
6192,2020-05-10,0.008116251898197535,0.9918837481018025
6193,2020-05-10,0.005530579870900332,0.9944694201290997
6194,2020-05-10,0.18667701866972364,0.8133229813302764
6195,2020-05-10,0.13793846291488387,0.8620615370851161
6196,2020-05-10,0.002475819409957447,0.9975241805900426
6197,2020-05-10,0.00857953097423958,0.9914204690257604
6198,2020-05-10,0.07428418515015234,0.9257158148498477
6199,2020-05-10,0.009750580650907725,0.9902494193490923
6200,2020-05-10,0.016916669418978403,0.9830833305810216
6201,2020-05-10,0.02469004406261266,0.9753099559373873
6203,2020-05-10,0.009169829603744684,0.9908301703962553
6204,2020-05-10,0.01929946182081621,0.9807005381791838
6205,2020-05-10,0.018659808501494846,0.9813401914985052
6206,2020-05-10,0.03219431625649938,0.9678056837435006
6207,2020-05-10,0.02673026419001423,0.9732697358099858
6208,2020-05-10,0.0011794675133729449,0.998820532486627
6209,2020-05-10,0.024982091566173925,0.9750179084338261
6210,2020-05-10,0.015802044909921542,0.9841979550900785
6211,2020-05-10,0.012421540165889922,0.9875784598341101
6212,2020-05-10,0.0469810596405672,0.9530189403594328
6213,2020-05-10,0.029120996614772743,0.9708790033852273
6215,2020-05-10,0.007831562209354215,0.9921684377906458
6216,2020-05-10,0.0038723899355687097,0.9961276100644313
6217,2020-05-10,0.015426801334807783,0.9845731986651922
6218,2020-05-10,0.025687129167531464,0.9743128708324685
6220,2020-05-10,0.024067860627484672,0.9759321393725153
6221,2020-05-10,0.011840273389701061,0.9881597266102989
6222,2020-05-10,0.015786067397824732,0.9842139326021753
6223,2020-05-10,0.001799286713033088,0.9982007132869669
6224,2020-05-10,0.00238670245494943,0.9976132975450506
6225,2020-05-10,0.01999784989120912,0.9800021501087909
6226,2020-05-10,0.03019814867815218,0.9698018513218478
6227,2020-05-10,0.01273063871249247,0.9872693612875075
6228,2020-05-10,0.0850833445235325,0.9149166554764675
6229,2020-05-10,0.04609168565896915,0.9539083143410308
6231,2020-05-10,0.012356554214025817,0.9876434457859742
6232,2020-05-10,0.026718016908160225,0.9732819830918398
6233,2020-05-10,0.0075929239060430476,0.992407076093957
6234,2020-05-10,0.033299411699740156,0.9667005883002598
6235,2020-05-10,0.029615448629332297,0.9703845513706677
6236,2020-05-10,0.012118738672998064,0.9878812613270019
6237,2020-05-10,0.012550758646012627,0.9874492413539874
6238,2020-05-10,0.013892088327051244,0.9861079116729488
6239,2020-05-10,0.019520678422597415,0.9804793215774026
6240,2020-05-10,0.01689458934444832,0.9831054106555517
6241,2020-05-10,0.08144842335339675,0.9185515766466033
6243,2020-05-10,0.034685870757795056,0.9653141292422049
6244,2020-05-10,0.012525030891756939,0.9874749691082431
6245,2020-05-10,0.018485232363614545,0.9815147676363855
6246,2020-05-10,0.044626764299637744,0.9553732357003623
6247,2020-05-10,0.004117952689131843,0.9958820473108682
6248,2020-05-10,0.007398943749811426,0.9926010562501886
6249,2020-05-10,0.05421008772760327,0.9457899122723967
6250,2020-05-10,0.034116100866310006,0.96588389913369
6251,2020-05-10,0.009310958084150278,0.9906890419158497
6252,2020-05-10,0.011269493598067393,0.9887305064019326
6253,2020-05-10,0.010552077567779428,0.9894479224322206
6254,2020-05-10,0.045166887487844365,0.9548331125121556
6255,2020-05-10,0.0077959495910228105,0.9922040504089772
6256,2020-05-10,0.024586065640408772,0.9754139343595912
6257,2020-05-10,0.003083864692123517,0.9969161353078765
6258,2020-05-10,0.007868044985690381,0.9921319550143096
6259,2020-05-10,0.022894579052233688,0.9771054209477663
6260,2020-05-10,0.007250216559736011,0.992749783440264
6261,2020-05-10,0.04241677344353323,0.9575832265564668
6262,2020-05-10,0.0031629431602526736,0.9968370568397473
6263,2020-05-10,0.005877669007224751,0.9941223309927752
6264,2020-05-10,0.0036363006232026374,0.9963636993767974
6266,2020-05-10,0.06048904933207899,0.939510950667921
6267,2020-05-10,0.011614870211846373,0.9883851297881536
6268,2020-05-10,0.023878212286662537,0.9761217877133375
6269,2020-05-10,0.02725210875554862,0.9727478912444514
6270,2020-05-10,0.003912280137962076,0.9960877198620379
6271,2020-05-10,0.005418431825072623,0.9945815681749274
6272,2020-05-10,0.01023948271414965,0.9897605172858503
6273,2020-05-10,0.061147623196741385,0.9388523768032586
6274,2020-05-10,0.020038706517729654,0.9799612934822703
6276,2020-05-10,0.011986936988786945,0.988013063011213
6278,2020-05-10,0.011805845374014967,0.988194154625985
6279,2020-05-10,0.03250442699444134,0.9674955730055587
6281,2020-05-10,0.01097611347534555,0.9890238865246544
6282,2020-05-10,0.004039144403494288,0.9959608555965057
6283,2020-05-10,0.004433714222735863,0.9955662857772641
6284,2020-05-10,0.016839041613278316,0.9831609583867217
6285,2020-05-10,0.006094051618287688,0.9939059483817123
6286,2020-05-10,0.01728389939088193,0.9827161006091181
6287,2020-05-10,0.013485986562660646,0.9865140134373394
6288,2020-05-10,0.026039718041265814,0.9739602819587342
6289,2020-05-10,0.009951337750741307,0.9900486622492587
6290,2020-05-10,0.013608231629433476,0.9863917683705665
6292,2020-05-10,0.025762539757038794,0.9742374602429612
6294,2020-05-10,0.023491010221971864,0.9765089897780281
6295,2020-05-10,0.030173259482074055,0.969826740517926
6296,2020-05-10,0.018594885161174468,0.9814051148388255
6297,2020-05-10,0.010956999350166807,0.9890430006498332
6298,2020-05-10,0.018365199144823374,0.9816348008551766
6299,2020-05-10,0.023222042972511958,0.976777957027488
6300,2020-05-10,0.05559330325948497,0.944406696740515
6301,2020-05-10,0.008117919135962381,0.9918820808640376
6302,2020-05-10,0.004434493287804209,0.9955655067121958
6303,2020-05-10,0.021912448919408134,0.9780875510805919
6304,2020-05-10,0.027591682323681588,0.9724083176763184
6305,2020-05-10,0.008002187581551912,0.9919978124184481
6306,2020-05-10,0.037354353780938876,0.9626456462190611
6308,2020-05-10,0.009168177437927971,0.990831822562072
6309,2020-05-10,0.02820270792673918,0.9717972920732608
6310,2020-05-10,0.03484003320754614,0.9651599667924539
6311,2020-05-10,0.033429418571899516,0.9665705814281005
6312,2020-05-10,0.0014276945643399985,0.99857230543566
6313,2020-05-10,0.008164878129801267,0.9918351218701987
6314,2020-05-10,0.02084429793466669,0.9791557020653333
6315,2020-05-10,0.027816129960328673,0.9721838700396713
6316,2020-05-10,0.01772223668914119,0.9822777633108588
6317,2020-05-10,0.0026765505581805016,0.9973234494418195
6318,2020-05-10,0.0024067989494672704,0.9975932010505327
6319,2020-05-10,0.014427448852327274,0.9855725511476727
6320,2020-05-10,0.018079422450625326,0.9819205775493747
6321,2020-05-10,0.05137299047191357,0.9486270095280864
6323,2020-05-10,0.026721167521292832,0.9732788324787072
6324,2020-05-10,0.015196629798283068,0.9848033702017169
6326,2020-05-10,0.0013704643314490506,0.998629535668551
6327,2020-05-10,0.02869421494837554,0.9713057850516245
6328,2020-05-10,0.04878651048102578,0.9512134895189742
6329,2020-05-10,0.019322353816466298,0.9806776461835337
6330,2020-05-10,0.0559663118995416,0.9440336881004584
6331,2020-05-10,0.017959799810150834,0.9820402001898492
6332,2020-05-10,0.028296430951362583,0.9717035690486374
6333,2020-05-10,0.00634009346114528,0.9936599065388547
6334,2020-05-10,0.020132725710173327,0.9798672742898267
6336,2020-05-10,0.01971683266808455,0.9802831673319155
6337,2020-05-10,0.01176819689819164,0.9882318031018084
6338,2020-05-10,0.010072902068440914,0.9899270979315591
6339,2020-05-10,0.00748308536344644,0.9925169146365536
6340,2020-05-10,0.002717616692361813,0.9972823833076382
6341,2020-05-10,0.01999035196018273,0.9800096480398173
6342,2020-05-10,0.0010216560760343274,0.9989783439239657
6343,2020-05-10,0.027067942893218455,0.9729320571067815
6344,2020-05-10,0.011779528588350408,0.9882204714116496
6345,2020-05-10,0.004856112378267552,0.9951438876217324
6347,2020-05-10,0.0029708715870987445,0.9970291284129013
6348,2020-05-10,0.013071701087144949,0.986928298912855
6350,2020-05-10,0.01731250136838014,0.9826874986316199
6351,2020-05-10,0.00874000281462839,0.9912599971853716
6352,2020-05-10,0.022379712247938,0.977620287752062
6353,2020-05-10,0.013101390495298015,0.986898609504702
6354,2020-05-10,0.003978464022132644,0.9960215359778674
6355,2020-05-10,0.01094059312295137,0.9890594068770486
6356,2020-05-10,0.013863129621215498,0.9861368703787845
6357,2020-05-10,0.011109167655724561,0.9888908323442754
6358,2020-05-10,0.01512606599330768,0.9848739340066923
6360,2020-05-10,0.00799540720723002,0.99200459279277
6361,2020-05-10,0.007107661116313335,0.9928923388836867
6362,2020-05-10,0.014524186051394272,0.9854758139486057
6363,2020-05-10,0.00652275452074258,0.9934772454792574
6364,2020-05-10,0.017766120903648708,0.9822338790963513
6365,2020-05-10,0.006603344355785801,0.9933966556442142
6366,2020-05-10,0.011393492042756415,0.9886065079572436
6367,2020-05-10,0.010270351931678579,0.9897296480683214
6368,2020-05-10,0.005336561988690258,0.9946634380113097
6369,2020-05-10,0.05938286986068542,0.9406171301393146
6370,2020-05-10,0.0189035628154246,0.9810964371845754
6371,2020-05-10,0.016045340479227566,0.9839546595207724
6372,2020-05-10,0.012575877377839939,0.9874241226221601
6373,2020-05-10,0.006948885904865976,0.993051114095134
6374,2020-05-10,0.010490688844102536,0.9895093111558975
6375,2020-05-10,0.006901781329606949,0.993098218670393
6376,2020-05-10,0.08850270656301007,0.9114972934369899
6377,2020-05-10,0.041087716518790396,0.9589122834812096
6379,2020-05-10,0.025853882571620357,0.9741461174283796
6380,2020-05-10,0.02624241449778708,0.9737575855022129
6381,2020-05-10,0.027115405000060933,0.9728845949999391
6383,2020-05-10,0.007654030100257336,0.9923459698997427
6384,2020-05-10,0.03297562919619712,0.9670243708038029
6385,2020-05-10,0.016755267862898604,0.9832447321371014
6387,2020-05-10,0.04528733365631821,0.9547126663436818
6388,2020-05-10,0.006054120329522905,0.9939458796704771
6389,2020-05-10,0.014436296493097966,0.985563703506902
6390,2020-05-10,0.007855944976744356,0.9921440550232556
6391,2020-05-10,0.029795916063256156,0.9702040839367438
6392,2020-05-10,0.016764445610430778,0.9832355543895692
6393,2020-05-10,0.005737636842410354,0.9942623631575896
6394,2020-05-10,0.05918934784339991,0.9408106521566001
6396,2020-05-10,0.0032697302296895714,0.9967302697703104
6397,2020-05-10,0.03986691432159373,0.9601330856784063
6398,2020-05-10,0.002033029157820332,0.9979669708421797
6399,2020-05-10,0.04511935522360899,0.954880644776391
6400,2020-05-10,0.09700164116351961,0.9029983588364804
6401,2020-05-10,0.0020637328537446153,0.9979362671462554
6402,2020-05-10,0.08146632243275376,0.9185336775672462
6403,2020-05-10,0.0010457634072854605,0.9989542365927145
6404,2020-05-10,0.007782522705471084,0.9922174772945289
6405,2020-05-10,0.006442382790852741,0.9935576172091473
6406,2020-05-10,0.008975270633226895,0.9910247293667731
6407,2020-05-10,0.01823414798600642,0.9817658520139936
6408,2020-05-10,0.010557782698742968,0.989442217301257
6409,2020-05-10,0.007781100710158917,0.9922188992898411
6410,2020-05-10,0.02085873933364446,0.9791412606663555
6411,2020-05-10,0.004342483708553391,0.9956575162914466
6412,2020-05-10,0.016463110009904303,0.9835368899900957
6413,2020-05-10,0.007228949548283126,0.9927710504517169
6414,2020-05-10,0.013342952208932224,0.9866570477910678
6415,2020-05-10,0.007161953416972122,0.9928380465830279
6416,2020-05-10,0.037587499730523666,0.9624125002694763
6417,2020-05-10,0.041423773211286874,0.9585762267887131
6418,2020-05-10,0.035366718282451304,0.9646332817175487
6419,2020-05-10,0.007382716361774566,0.9926172836382254
6420,2020-05-10,0.020897989716733067,0.9791020102832669
6421,2020-05-10,0.013472208770161531,0.9865277912298385
6422,2020-05-10,0.011453151790488003,0.988546848209512
6423,2020-05-10,0.027905667786913724,0.9720943322130863
6424,2020-05-10,0.003449877996958395,0.9965501220030416
6426,2020-05-10,0.04142144447381235,0.9585785555261876
6427,2020-05-10,0.004643234927775075,0.9953567650722249
6429,2020-05-10,0.03407406332474994,0.9659259366752501
6430,2020-05-10,0.06231746250141523,0.9376825374985848
6431,2020-05-10,0.008206682457671088,0.9917933175423289
6432,2020-05-10,0.11258863579483702,0.887411364205163
6433,2020-05-10,0.01407690924343985,0.9859230907565601
6434,2020-05-10,0.07718839206559991,0.9228116079344001
6435,2020-05-10,0.009114358281622326,0.9908856417183777
6436,2020-05-10,0.015056502901028668,0.9849434970989713
6438,2020-05-10,0.011988895896216878,0.9880111041037831
6439,2020-05-10,0.012666433837343671,0.9873335661626563
6440,2020-05-10,0.028775020289767417,0.9712249797102326
6441,2020-05-10,0.004927072366980312,0.9950729276330197
6442,2020-05-10,0.02569722132250618,0.9743027786774938
6443,2020-05-10,0.0078123984217300935,0.9921876015782699
6445,2020-05-10,0.02195585055026328,0.9780441494497367
6446,2020-05-10,0.0054886726216950565,0.9945113273783049
6447,2020-05-10,0.008874240337851003,0.991125759662149
6448,2020-05-10,0.013400462706403382,0.9865995372935966
6449,2020-05-10,0.022205430096058243,0.9777945699039418
6450,2020-05-10,0.0006763083575258566,0.9993236916424741
6451,2020-05-10,0.008464003623986582,0.9915359963760134
6452,2020-05-10,0.016056436826121012,0.983943563173879
6454,2020-05-10,0.052732080422734695,0.9472679195772653
6455,2020-05-10,0.013513473875290116,0.9864865261247099
6456,2020-05-10,0.03950233197070219,0.9604976680292978
6457,2020-05-10,0.05869694098494771,0.9413030590150523
6458,2020-05-10,0.06088309446359974,0.9391169055364003
6459,2020-05-10,0.008455385800782644,0.9915446141992174
6460,2020-05-10,0.04886896913029293,0.9511310308697071
6462,2020-05-10,0.016685847950982713,0.9833141520490173
6464,2020-05-10,0.001553486254420866,0.9984465137455791
6465,2020-05-10,0.021744248489946383,0.9782557515100536
6467,2020-05-10,0.005673058971628286,0.9943269410283717
6468,2020-05-10,0.021926580318588074,0.9780734196814119
6469,2020-05-10,0.052186900118047164,0.9478130998819528
6470,2020-05-10,0.008326340760298923,0.9916736592397011
6471,2020-05-10,0.0014762989999423937,0.9985237010000576
6473,2020-05-10,0.017216445764903443,0.9827835542350966
6474,2020-05-10,0.04027772518812889,0.9597222748118711
6475,2020-05-10,0.039147222132580595,0.9608527778674194
6476,2020-05-10,0.03508467002088789,0.9649153299791121
6477,2020-05-10,0.001781561875711546,0.9982184381242885
6478,2020-05-10,0.01549366642617478,0.9845063335738252
6479,2020-05-10,0.010438192071810182,0.9895618079281898
6480,2020-05-10,0.010457447220179827,0.9895425527798202
6481,2020-05-10,0.010160685402587077,0.9898393145974129
6482,2020-05-10,0.00772764936877357,0.9922723506312264
6483,2020-05-10,0.013972630637079542,0.9860273693629205
6484,2020-05-10,0.012198007691705093,0.9878019923082949
6485,2020-05-10,0.027700915042188745,0.9722990849578113
6486,2020-05-10,0.06440234647469278,0.9355976535253072
6487,2020-05-10,0.03460276708356158,0.9653972329164384
6488,2020-05-10,0.016312065515034502,0.9836879344849655
6490,2020-05-10,0.010273567048675769,0.9897264329513242
6491,2020-05-10,0.01448554776424582,0.9855144522357542
6492,2020-05-10,0.05494968387120491,0.9450503161287951
6493,2020-05-10,0.019207915794521635,0.9807920842054784
6494,2020-05-10,0.009459007958434129,0.9905409920415659
6495,2020-05-10,0.010204819268463505,0.9897951807315365
6496,2020-05-10,0.008918704824764756,0.9910812951752352
6497,2020-05-10,0.005309730156243586,0.9946902698437564
6498,2020-05-10,0.009443250187828989,0.990556749812171
6499,2020-05-10,0.012317801205319112,0.9876821987946809
6500,2020-05-10,0.03741943510591761,0.9625805648940824
6501,2020-05-10,0.01904897276148565,0.9809510272385144
6502,2020-05-10,0.02059120070568543,0.9794087992943146
6503,2020-05-10,0.0036615624931020108,0.996338437506898
6504,2020-05-10,0.038920763868196206,0.9610792361318038
6505,2020-05-10,0.015580994620394084,0.9844190053796059
6506,2020-05-10,0.022471701304764502,0.9775282986952355
6507,2020-05-10,0.007377683645130251,0.9926223163548697
6509,2020-05-10,0.045554135367551596,0.9544458646324484
6511,2020-05-10,0.02296614377065842,0.9770338562293416
6513,2020-05-10,0.008293035145509164,0.9917069648544908
6514,2020-05-10,0.010944589268335081,0.9890554107316649
6515,2020-05-10,0.005288375954627944,0.9947116240453721
6517,2020-05-10,0.013456746064184011,0.986543253935816
6518,2020-05-10,0.01608023846930773,0.9839197615306923
6519,2020-05-10,0.014498686741652778,0.9855013132583472
6520,2020-05-10,0.02246228366032621,0.9775377163396738
6521,2020-05-10,0.004243931286675551,0.9957560687133244
6522,2020-05-10,0.012713592197254875,0.9872864078027451
6524,2020-05-10,0.028835880694987104,0.9711641193050129
6525,2020-05-10,0.04301881102269256,0.9569811889773074
6526,2020-05-10,0.023357281921377537,0.9766427180786225
6527,2020-05-10,0.019098724190727556,0.9809012758092724
6528,2020-05-10,0.005667159514258779,0.9943328404857412
6529,2020-05-10,0.006186499143361557,0.9938135008566384
6532,2020-05-10,0.03221757842341688,0.9677824215765831
6533,2020-05-10,0.07206037225292206,0.9279396277470779
6534,2020-05-10,0.011264110501298163,0.9887358894987018
6535,2020-05-10,0.0013935853032459589,0.998606414696754
6536,2020-05-10,0.026436241237695612,0.9735637587623044
6537,2020-05-10,0.004087346642444034,0.995912653357556
6538,2020-05-10,0.0012282058238782811,0.9987717941761217
6539,2020-05-10,0.008801294677059479,0.9911987053229405
6541,2020-05-10,0.05947782130453383,0.9405221786954662
6542,2020-05-10,0.010771433961671462,0.9892285660383285
6544,2020-05-10,0.039050423708928084,0.9609495762910719
6545,2020-05-10,0.01373842981041773,0.9862615701895823
6546,2020-05-10,0.016416593582087358,0.9835834064179126
6547,2020-05-10,0.020382013155419987,0.97961798684458
6548,2020-05-10,0.007571297890120232,0.9924287021098798
6549,2020-05-10,0.016613347234717413,0.9833866527652826
6550,2020-05-10,0.05572156715344967,0.9442784328465503
6551,2020-05-10,0.020993445251502707,0.9790065547484973
6552,2020-05-10,0.010073934992154143,0.9899260650078459
6553,2020-05-10,0.01280261349566525,0.9871973865043348
6554,2020-05-10,0.008922762451410327,0.9910772375485897
6555,2020-05-10,0.0022381569040459404,0.9977618430959541
6556,2020-05-10,0.005539370731797111,0.9944606292682029
6557,2020-05-10,0.007719656527733987,0.992280343472266
6560,2020-05-10,0.007967322551065692,0.9920326774489343
6561,2020-05-10,0.02102583456656293,0.9789741654334371
6562,2020-05-10,0.014066282854889312,0.9859337171451107
6564,2020-05-10,0.0069435764797880495,0.993056423520212
6565,2020-05-10,0.028431244669856026,0.971568755330144
6566,2020-05-10,0.012317337620004087,0.9876826623799959
6567,2020-05-10,0.01571533763084354,0.9842846623691565
6568,2020-05-10,0.003441367749965951,0.996558632250034
6569,2020-05-10,0.014305827174358798,0.9856941728256412
6570,2020-05-10,0.011506868787019009,0.988493131212981
6571,2020-05-10,0.013038966888371917,0.9869610331116281
6572,2020-05-10,0.011862292266036523,0.9881377077339635
6573,2020-05-10,0.016781135383030388,0.9832188646169696
6574,2020-05-10,0.044886688090655325,0.9551133119093447
6575,2020-05-10,0.045799978178011846,0.9542000218219882
6576,2020-05-10,0.013806103887665011,0.986193896112335
6577,2020-05-10,0.015684740184030432,0.9843152598159696
6578,2020-05-10,0.01498790531755756,0.9850120946824424
6579,2020-05-10,0.025183993090114543,0.9748160069098855
6580,2020-05-10,0.017746021426625957,0.982253978573374
6581,2020-05-10,0.012455336119157834,0.9875446638808422
6582,2020-05-10,0.028540675240638413,0.9714593247593616
6583,2020-05-10,0.0061543101015885116,0.9938456898984115
6584,2020-05-10,0.03196673762313884,0.9680332623768612
6585,2020-05-10,0.007284068432769075,0.9927159315672309
6586,2020-05-10,0.009167480917530613,0.9908325190824694
6587,2020-05-10,0.09698906459881462,0.9030109354011854
6588,2020-05-10,0.0122593533830192,0.9877406466169808
6589,2020-05-10,0.05664457212891838,0.9433554278710816
6590,2020-05-10,0.004796447569373918,0.9952035524306261
6591,2020-05-10,0.0215916730494764,0.9784083269505236
6592,2020-05-10,0.0032524039822364736,0.9967475960177635
6593,2020-05-10,0.01034209428232813,0.9896579057176719
6594,2020-05-10,0.001815306017943552,0.9981846939820564
6595,2020-05-10,0.01568872378390096,0.984311276216099
6596,2020-05-10,0.00822780515311139,0.9917721948468886
6597,2020-05-10,0.012083437731889024,0.987916562268111
6598,2020-05-10,0.06725824220577281,0.9327417577942272
6599,2020-05-10,0.016250010213128108,0.9837499897868719
6600,2020-05-10,0.05732113524353799,0.942678864756462
6601,2020-05-10,0.01883547798048557,0.9811645220195144
6602,2020-05-10,0.008619511975687222,0.9913804880243128
6603,2020-05-10,0.004161634540912562,0.9958383654590874
6604,2020-05-10,0.0022846005287684434,0.9977153994712316
6605,2020-05-10,0.016332156145879906,0.9836678438541201
6606,2020-05-10,0.006168213384276533,0.9938317866157235
6607,2020-05-10,0.01672706499054588,0.9832729350094541
6608,2020-05-10,0.006933063995024025,0.993066936004976
6609,2020-05-10,0.04371085701388433,0.9562891429861157
6610,2020-05-10,0.009896588220292823,0.9901034117797072
6611,2020-05-10,0.024905087775371926,0.9750949122246281
6612,2020-05-10,0.005279178885245317,0.9947208211147547
6613,2020-05-10,0.00991855158153887,0.9900814484184611
6614,2020-05-10,0.010173229912029846,0.9898267700879702
6615,2020-05-10,0.014795775530834332,0.9852042244691657
6616,2020-05-10,0.011104217656873527,0.9888957823431265
6617,2020-05-10,0.03897818133937225,0.9610218186606277
6619,2020-05-10,0.048312195229611055,0.951687804770389
6620,2020-05-10,0.07073714303598477,0.9292628569640152
6621,2020-05-10,0.025200622812195372,0.9747993771878046
6622,2020-05-10,0.007990663312097857,0.9920093366879021
6623,2020-05-10,0.01151892036563229,0.9884810796343677
6624,2020-05-10,0.01945938199527486,0.9805406180047251
6625,2020-05-10,0.023466615657659506,0.9765333843423405
6627,2020-05-10,0.006355143025991827,0.9936448569740082
6628,2020-05-10,0.013294478622554728,0.9867055213774453
6629,2020-05-10,0.014733166406244669,0.9852668335937553
6630,2020-05-10,0.015689001233659683,0.9843109987663403
6631,2020-05-10,0.014959575335959041,0.985040424664041
6632,2020-05-10,0.007449304138611779,0.9925506958613882
6633,2020-05-10,0.008422081529316117,0.9915779184706839
6635,2020-05-10,0.03129429023542729,0.9687057097645727
6636,2020-05-10,0.015891301025615423,0.9841086989743846
6637,2020-05-10,0.07756227381195291,0.9224377261880471
6638,2020-05-10,0.030724179603325186,0.9692758203966748
6639,2020-05-10,0.002611785144769896,0.9973882148552301
6641,2020-05-10,0.011151959880887019,0.988848040119113
6642,2020-05-10,0.002851548487401878,0.9971484515125981
6643,2020-05-10,0.04558364501574386,0.9544163549842561
6644,2020-05-10,0.01932441222770276,0.9806755877722972
6645,2020-05-10,0.021472761920943162,0.9785272380790568
6646,2020-05-10,0.0038496813811397246,0.9961503186188603
6647,2020-05-10,0.028332611832151744,0.9716673881678483
6648,2020-05-10,0.015253590094193137,0.9847464099058069
6649,2020-05-10,0.0018027961885315191,0.9981972038114685
6650,2020-05-10,0.02319543456007589,0.9768045654399241
6651,2020-05-10,0.0017093196015696144,0.9982906803984304
6652,2020-05-10,0.008492799390217076,0.9915072006097829
6653,2020-05-10,0.00483566948248737,0.9951643305175126
6654,2020-05-10,0.022312832421573447,0.9776871675784266
6655,2020-05-10,0.0022824433873642747,0.9977175566126357
6656,2020-05-10,0.027612255985864254,0.9723877440141357
6658,2020-05-10,0.011314552470823025,0.988685447529177
6659,2020-05-10,0.01732564379166812,0.9826743562083319
6660,2020-05-10,0.0036897548756174015,0.9963102451243826
6661,2020-05-10,0.018168713176868634,0.9818312868231314
6662,2020-05-10,0.004356549187125358,0.9956434508128746
6664,2020-05-10,0.06276202966381073,0.9372379703361893
6665,2020-05-10,0.011150205203445118,0.9888497947965549
6666,2020-05-10,0.022891131550337174,0.9771088684496628
6667,2020-05-10,0.04626847197315809,0.9537315280268419
6668,2020-05-10,0.0466741962266064,0.9533258037733936
6670,2020-05-10,0.008041201122769404,0.9919587988772306
6671,2020-05-10,0.014343436009426447,0.9856565639905736
6672,2020-05-10,0.01915959969574632,0.9808404003042537
6673,2020-05-10,0.010850577477067969,0.989149422522932
6675,2020-05-10,0.013751834750423408,0.9862481652495766
6677,2020-05-10,0.002117974581809068,0.9978820254181909
6678,2020-05-10,0.011464942392471311,0.9885350576075287
6679,2020-05-10,0.0081821559839802,0.9918178440160198
6680,2020-05-10,0.03717967037566272,0.9628203296243373
6681,2020-05-10,0.00543627615494624,0.9945637238450538
6682,2020-05-10,0.008238151174581598,0.9917618488254184
6683,2020-05-10,0.012183586268669444,0.9878164137313306
6684,2020-05-10,0.01625418248717969,0.9837458175128203
6685,2020-05-10,0.02526396644730744,0.9747360335526926
6686,2020-05-10,0.0036039992693597256,0.9963960007306403
6687,2020-05-10,0.021646246785799406,0.9783537532142006
6688,2020-05-10,0.01686990980906533,0.9831300901909347
6689,2020-05-10,0.026667183792089322,0.9733328162079107
6690,2020-05-10,0.0023091673346046226,0.9976908326653954
6691,2020-05-10,0.011581264440926886,0.9884187355590731
6692,2020-05-10,0.013313666418639292,0.9866863335813607
6693,2020-05-10,0.00182538216304573,0.9981746178369543
6694,2020-05-10,0.003944737513908003,0.996055262486092
6695,2020-05-10,0.02110254104970366,0.9788974589502963
6696,2020-05-10,0.053092359726443106,0.9469076402735569
6697,2020-05-10,0.011102387585370854,0.9888976124146291
6698,2020-05-10,0.0017272771210066207,0.9982727228789934
6699,2020-05-10,0.05647477232923215,0.9435252276707679
6700,2020-05-10,0.006447763900695458,0.9935522360993045
6701,2020-05-10,0.0034045398366209234,0.9965954601633791
6702,2020-05-10,0.05300917791329196,0.946990822086708
6703,2020-05-10,0.009577645316165784,0.9904223546838342
6704,2020-05-10,0.015528114295213724,0.9844718857047863
6705,2020-05-10,0.007647477077871501,0.9923525229221285
6706,2020-05-10,0.016043700552782703,0.9839562994472173
6707,2020-05-10,0.0034953801500612336,0.9965046198499388
6708,2020-05-10,0.05096486180671467,0.9490351381932853
6709,2020-05-10,0.005101428128780561,0.9948985718712194
6710,2020-05-10,0.0369440658573118,0.9630559341426882
6711,2020-05-10,0.009491045107513085,0.9905089548924869
6712,2020-05-10,0.04056027059266765,0.9594397294073324
6713,2020-05-10,0.025526200687097322,0.9744737993129027
6714,2020-05-10,0.022127741087768937,0.9778722589122311
6715,2020-05-10,0.011083081067736145,0.9889169189322639
6716,2020-05-10,0.004742475643927491,0.9952575243560725
6717,2020-05-10,0.005609346548720695,0.9943906534512793
6718,2020-05-10,0.0028397155603160362,0.997160284439684
6719,2020-05-10,0.023682486856308804,0.9763175131436912
6720,2020-05-10,0.008517465704767857,0.9914825342952321
6721,2020-05-10,0.01976693052826406,0.9802330694717359
6722,2020-05-10,0.005089572175994372,0.9949104278240056
6723,2020-05-10,0.05662097487724582,0.9433790251227542
6724,2020-05-10,0.013608534511743708,0.9863914654882563
6725,2020-05-10,0.015562025766449272,0.9844379742335507
6726,2020-05-10,0.023537353723011356,0.9764626462769886
6727,2020-05-10,0.01826508882217137,0.9817349111778286
6728,2020-05-10,0.041079633833320806,0.9589203661666792
6729,2020-05-10,0.007810237049419189,0.9921897629505808
6730,2020-05-10,0.043496993418881136,0.9565030065811189
6731,2020-05-10,0.05005254776174073,0.9499474522382593
6732,2020-05-10,0.09494929522933016,0.9050507047706698
6733,2020-05-10,0.02412605887504471,0.9758739411249553
6734,2020-05-10,0.03334483442077951,0.9666551655792205
6735,2020-05-10,0.011657798651375062,0.9883422013486249
6736,2020-05-10,0.011051772177477659,0.9889482278225223
6737,2020-05-10,0.009483568743571258,0.9905164312564287
6738,2020-05-10,0.0020931538510893244,0.9979068461489107
6739,2020-05-10,0.004111436185479489,0.9958885638145205
6740,2020-05-10,0.027490832052746272,0.9725091679472537
6741,2020-05-10,0.0009910560864477835,0.9990089439135522
6742,2020-05-10,0.010721819624268991,0.989278180375731
6743,2020-05-10,0.007592054431335371,0.9924079455686646
6744,2020-05-10,0.00262933053337433,0.9973706694666257
6745,2020-05-10,0.030920079919056098,0.9690799200809439
6746,2020-05-10,0.009740710314672274,0.9902592896853277
6747,2020-05-10,0.007819754821527303,0.9921802451784727
6748,2020-05-10,0.018166346562154767,0.9818336534378452
6750,2020-05-10,0.0389791805851738,0.9610208194148262
6751,2020-05-10,0.04122487841183664,0.9587751215881634
6752,2020-05-10,0.01007599474583254,0.9899240052541675
6753,2020-05-10,0.008309064174571112,0.9916909358254289
6754,2020-05-10,0.00989982473945028,0.9901001752605497
6755,2020-05-10,0.0031322146260654993,0.9968677853739345
6756,2020-05-10,0.006045404647355923,0.9939545953526441
6757,2020-05-10,0.0145654983074478,0.9854345016925522
6758,2020-05-10,0.008969268035333156,0.9910307319646668
6759,2020-05-10,0.11576558479404186,0.8842344152059581
6760,2020-05-10,0.004541513642992934,0.9954584863570071
6761,2020-05-10,0.00895180327714018,0.9910481967228598
6762,2020-05-10,0.011290259432022554,0.9887097405679774
6764,2020-05-10,0.001424462679330718,0.9985755373206693
6765,2020-05-10,0.06811286970620956,0.9318871302937904
6766,2020-05-10,0.0035709732748233636,0.9964290267251766
6767,2020-05-10,0.05694771596104731,0.9430522840389527
6768,2020-05-10,0.023163788094002213,0.9768362119059978
6770,2020-05-10,0.007175767781628317,0.9928242322183717
6771,2020-05-10,0.017567133400385848,0.9824328665996142
6772,2020-05-10,0.009872837049178185,0.9901271629508218
6773,2020-05-10,0.01683911318533826,0.9831608868146617
6774,2020-05-10,0.010907501085482774,0.9890924989145172
6775,2020-05-10,0.05278359352036088,0.9472164064796391
6776,2020-05-10,0.026080188757784506,0.9739198112422155
6777,2020-05-10,0.01750115077618053,0.9824988492238195
6778,2020-05-10,0.0029844329399708602,0.9970155670600291
6779,2020-05-10,0.009120382264311333,0.9908796177356887
6780,2020-05-10,0.004821249606930977,0.995178750393069
6781,2020-05-10,0.002658158112898823,0.9973418418871012
6782,2020-05-10,0.012913538999685614,0.9870864610003144
6783,2020-05-10,0.056628093659128464,0.9433719063408715
6784,2020-05-10,0.013104897814187999,0.986895102185812
6785,2020-05-10,0.011687216288680524,0.9883127837113195
6786,2020-05-10,0.03689304573920593,0.9631069542607941
6787,2020-05-10,0.005887274443341695,0.9941127255566583
6788,2020-05-10,0.01262909327105921,0.9873709067289408
6789,2020-05-10,0.03480957600584633,0.9651904239941537
6790,2020-05-10,0.01681087880106813,0.9831891211989319
6791,2020-05-10,0.010379433593319054,0.989620566406681
6792,2020-05-10,0.01735284096129286,0.9826471590387071
6793,2020-05-10,0.004539136392294862,0.9954608636077051
6794,2020-05-10,0.013591317136280923,0.9864086828637191
6795,2020-05-10,0.00895150256230104,0.991048497437699
6797,2020-05-10,0.051906863042510576,0.9480931369574894
6798,2020-05-10,0.05297085987673289,0.9470291401232671
6799,2020-05-10,0.00929898249792982,0.9907010175020702
6800,2020-05-10,0.009549330588371485,0.9904506694116285
6801,2020-05-10,0.00462828698424933,0.9953717130157507
6802,2020-05-10,0.005143631368644264,0.9948563686313557
6803,2020-05-10,0.008106328016355802,0.9918936719836442
6805,2020-05-10,0.004480602930701405,0.9955193970692986
6806,2020-05-10,0.010590722009183984,0.989409277990816
6807,2020-05-10,0.010522321324440642,0.9894776786755594
6808,2020-05-10,0.02095106796235624,0.9790489320376438
6809,2020-05-10,0.0033926554054004576,0.9966073445945995
6810,2020-05-10,0.02202048386604849,0.9779795161339515
6812,2020-05-10,0.02307700724833528,0.9769229927516647
6813,2020-05-10,0.039365369479788415,0.9606346305202116
6815,2020-05-10,0.021052157629972368,0.9789478423700276
6816,2020-05-10,0.017851679545150434,0.9821483204548496
6817,2020-05-10,0.01785408928122867,0.9821459107187713
6818,2020-05-10,0.009094417807121724,0.9909055821928783
6819,2020-05-10,0.008553446899146833,0.9914465531008532
6820,2020-05-10,0.02598012590736598,0.974019874092634
6821,2020-05-10,0.0040295405590097255,0.9959704594409903
6822,2020-05-10,0.00827936378752514,0.9917206362124749
6823,2020-05-10,0.059904955489705314,0.9400950445102947
6825,2020-05-10,0.054483800290648254,0.9455161997093517
6826,2020-05-10,0.010525542416588318,0.9894744575834117
6827,2020-05-10,0.0024208645997363387,0.9975791354002637
6828,2020-05-10,0.01974719595170249,0.9802528040482975
6829,2020-05-10,0.012691212862776635,0.9873087871372234
6830,2020-05-10,0.012766590478506812,0.9872334095214932
6831,2020-05-10,0.02484276895577897,0.975157231044221
6832,2020-05-10,0.03958194445006136,0.9604180555499386
6833,2020-05-10,0.018112671830291194,0.9818873281697088
6835,2020-05-10,0.025469944686629775,0.9745300553133702
6836,2020-05-10,0.013164940021725302,0.9868350599782747
6837,2020-05-10,0.006842705455148423,0.9931572945448516
6838,2020-05-10,0.04311483425805829,0.9568851657419417
6839,2020-05-10,0.012264935326867232,0.9877350646731328
6840,2020-05-10,0.0033142678444282314,0.9966857321555718
6841,2020-05-10,0.006056302208093611,0.9939436977919064
6842,2020-05-10,0.017026605471669898,0.9829733945283301
6843,2020-05-10,0.017715605022820324,0.9822843949771797
6845,2020-05-10,0.007382322650644091,0.9926176773493559
6846,2020-05-10,0.016804235415301516,0.9831957645846985
6847,2020-05-10,0.034650953207171264,0.9653490467928287
6848,2020-05-10,0.012103517502407568,0.9878964824975924
6849,2020-05-10,0.013391797534929029,0.986608202465071
6850,2020-05-10,0.012927324016552277,0.9870726759834477
6851,2020-05-10,0.01819436860979795,0.981805631390202
6852,2020-05-10,0.005904860842713244,0.9940951391572868
6854,2020-05-10,0.007250519880089068,0.9927494801199109
6855,2020-05-10,0.012700992114330734,0.9872990078856693
6856,2020-05-10,0.007012510111451209,0.9929874898885488
6857,2020-05-10,0.05225585507921626,0.9477441449207837
6858,2020-05-10,0.011574542636375251,0.9884254573636247
6859,2020-05-10,0.02887297094904906,0.9711270290509509
6860,2020-05-10,0.01956037915476283,0.9804396208452372
6861,2020-05-10,0.03302676389770942,0.9669732361022906
6862,2020-05-10,0.051742691048917044,0.948257308951083
6863,2020-05-10,0.018715220402957256,0.9812847795970427
6864,2020-05-10,0.005276396575891962,0.994723603424108
6865,2020-05-10,0.009056157914752783,0.9909438420852472
6866,2020-05-10,0.042847095137227176,0.9571529048627728
6867,2020-05-10,0.005420378554683136,0.9945796214453169
6868,2020-05-10,0.010145825439837775,0.9898541745601622
6869,2020-05-10,0.006803065897113658,0.9931969341028863
6870,2020-05-10,0.0033517366333789544,0.996648263366621
6871,2020-05-10,0.014535813511980189,0.9854641864880198
6872,2020-05-10,0.003904404591568711,0.9960955954084313
6873,2020-05-10,0.009525012352000761,0.9904749876479992
6875,2020-05-10,0.04151481231061127,0.9584851876893887
6876,2020-05-10,0.038997410939412114,0.9610025890605879
6879,2020-05-10,0.016586071880554276,0.9834139281194457
6880,2020-05-10,0.0030494702307367616,0.9969505297692632
6881,2020-05-10,0.02173550607443564,0.9782644939255644
6883,2020-05-10,0.021487135136292634,0.9785128648637074
6884,2020-05-10,0.005362316813147139,0.9946376831868529
6885,2020-05-10,0.0029823714938737034,0.9970176285061263
6887,2020-05-10,0.041211687047018386,0.9587883129529816
6888,2020-05-10,0.023902392679497453,0.9760976073205025
6889,2020-05-10,0.01854491431811056,0.9814550856818894
6890,2020-05-10,0.036879779173733085,0.9631202208262669
6891,2020-05-10,0.0030881834781223416,0.9969118165218777
6892,2020-05-10,0.009774329477416632,0.9902256705225834
6893,2020-05-10,0.01209219503684078,0.9879078049631592
6894,2020-05-10,0.12110050365257874,0.8788994963474213
6895,2020-05-10,0.007649075952439244,0.9923509240475608
6896,2020-05-10,0.087940817025155,0.912059182974845
6897,2020-05-10,0.03777583855419897,0.962224161445801
6898,2020-05-10,0.011130958349251041,0.988869041650749
6899,2020-05-10,0.008877298250752341,0.9911227017492477
6900,2020-05-10,0.012967949217474906,0.9870320507825251
6901,2020-05-10,0.012368354045082519,0.9876316459549175
6902,2020-05-10,0.026090500041014653,0.9739094999589853
6903,2020-05-10,0.006005230607236789,0.9939947693927632
6904,2020-05-10,0.005408993372208681,0.9945910066277913
6905,2020-05-10,0.02596000132884102,0.974039998671159
6907,2020-05-10,0.005588506362605328,0.9944114936373947
6908,2020-05-10,0.025642405286448233,0.9743575947135518
6910,2020-05-10,0.008231469074871378,0.9917685309251286
6911,2020-05-10,0.01086902771518905,0.989130972284811
6912,2020-05-10,0.008674555208184609,0.9913254447918154
6913,2020-05-10,0.02703524459171769,0.9729647554082823
6914,2020-05-10,0.055007960705209635,0.9449920392947904
6915,2020-05-10,0.015072337833814453,0.9849276621661855
6916,2020-05-10,0.008809011117260512,0.9911909888827395
6917,2020-05-10,0.01104291982196881,0.9889570801780312
6918,2020-05-10,0.038950721556975765,0.9610492784430242
6919,2020-05-10,0.006335595178507347,0.9936644048214927
6920,2020-05-10,0.003942734168236872,0.9960572658317631
6922,2020-05-10,0.03626821814697545,0.9637317818530245
6923,2020-05-10,0.017590272798693296,0.9824097272013067
6924,2020-05-10,0.0712484879856925,0.9287515120143075
6925,2020-05-10,0.009489910054148898,0.9905100899458511
6927,2020-05-10,0.004767125582618603,0.9952328744173814
6928,2020-05-10,0.0015399585362491086,0.9984600414637509
6929,2020-05-10,0.04124679699169864,0.9587532030083014
6930,2020-05-10,0.02002512175221771,0.9799748782477823
6931,2020-05-10,0.01740853829159894,0.9825914617084011
6932,2020-05-10,0.026245796128086196,0.9737542038719138
6933,2020-05-10,0.05982775370525051,0.9401722462947495
6934,2020-05-10,0.0059652281807990315,0.994034771819201
6935,2020-05-10,0.010733448872194629,0.9892665511278054
6936,2020-05-10,0.009990607438394195,0.9900093925616058
6937,2020-05-10,0.04132152924834598,0.958678470751654
6938,2020-05-10,0.02073090247788023,0.9792690975221198
6939,2020-05-10,0.024440943695839823,0.9755590563041602
6940,2020-05-10,0.08101861432624358,0.9189813856737564
6941,2020-05-10,0.07642444908563328,0.9235755509143667
6942,2020-05-10,0.019004492155196062,0.9809955078448039
6943,2020-05-10,0.012772346326335615,0.9872276536736644
6944,2020-05-10,0.006229325707545419,0.9937706742924546
6945,2020-05-10,0.051266474716754606,0.9487335252832454
6946,2020-05-10,0.004427690386610061,0.9955723096133899
6947,2020-05-10,0.014615066954580591,0.9853849330454194
6948,2020-05-10,0.023484861865965767,0.9765151381340342
6949,2020-05-10,0.0115486005689307,0.9884513994310693
6951,2020-05-10,0.011092135673095527,0.9889078643269045
6952,2020-05-10,0.01615642307954246,0.9838435769204575
6953,2020-05-10,0.029752949394644568,0.9702470506053554
6954,2020-05-10,0.012343021551564193,0.9876569784484358
6955,2020-05-10,0.0033914477574817914,0.9966085522425182
6956,2020-05-10,0.0031467048456276236,0.9968532951543724
6957,2020-05-10,0.015589752968059423,0.9844102470319406
6958,2020-05-10,0.003193258287565115,0.9968067417124349
6959,2020-05-10,0.0029997522066943505,0.9970002477933056
6960,2020-05-10,0.03924320897030931,0.9607567910296907
6961,2020-05-10,0.023363272762233378,0.9766367272377666
6963,2020-05-10,0.03452321816827286,0.9654767818317271
6964,2020-05-10,0.002888892537407095,0.9971111074625929
6965,2020-05-10,0.04452058650211155,0.9554794134978885
6966,2020-05-10,0.019912630480385385,0.9800873695196146
6967,2020-05-10,0.01839755250643338,0.9816024474935666
6969,2020-05-10,0.004966474395419307,0.9950335256045807
6970,2020-05-10,0.00443119756702004,0.99556880243298
6971,2020-05-10,0.03795419038287062,0.9620458096171294
6972,2020-05-10,0.007985427808653967,0.992014572191346
6973,2020-05-10,0.006586299577655663,0.9934137004223443
6974,2020-05-10,0.007997396069704843,0.9920026039302952
6975,2020-05-10,0.0006936792910881007,0.9993063207089119
6976,2020-05-10,0.007461992038530374,0.9925380079614696
6978,2020-05-10,0.021259028776947186,0.9787409712230528
6979,2020-05-10,0.0725675053012187,0.9274324946987813
6980,2020-05-10,0.00854144089496034,0.9914585591050397
6981,2020-05-10,0.035877279185991595,0.9641227208140084
6982,2020-05-10,0.024315018473088035,0.975684981526912
6983,2020-05-10,0.005276279411266738,0.9947237205887333
6984,2020-05-10,0.07056200504906207,0.9294379949509379
6985,2020-05-10,0.023107511769435485,0.9768924882305645
6986,2020-05-10,0.060588691742455736,0.9394113082575443
6987,2020-05-10,0.00906570491221026,0.9909342950877897
6988,2020-05-10,0.0181105311271601,0.9818894688728399
6989,2020-05-10,0.04635922644972623,0.9536407735502738
6990,2020-05-10,0.014864945845629918,0.9851350541543701
6991,2020-05-10,0.019635826124269173,0.9803641738757308
6992,2020-05-10,0.03579794068529629,0.9642020593147037
6993,2020-05-10,0.0045768158247455615,0.9954231841752544
6994,2020-05-10,0.011559985764383995,0.988440014235616
6995,2020-05-10,0.01299364518549484,0.9870063548145052
6996,2020-05-10,0.02717382343038377,0.9728261765696162
6997,2020-05-10,0.022158527939758477,0.9778414720602415
6999,2020-05-10,0.05382240774443592,0.9461775922555641
7000,2020-05-10,0.014127794059664578,0.9858722059403354
7001,2020-05-10,0.01290517344334341,0.9870948265566566
7002,2020-05-10,0.0026361492603750314,0.997363850739625
7003,2020-05-10,0.012983174075701487,0.9870168259242985
7004,2020-05-10,0.008317457058714006,0.991682542941286
7005,2020-05-10,0.013913005235267728,0.9860869947647323
7008,2020-05-10,0.00629524098091383,0.9937047590190862
7009,2020-05-10,0.01839736387344093,0.9816026361265591
7010,2020-05-10,0.053500815619747955,0.946499184380252
7012,2020-05-10,0.01569144144935475,0.9843085585506453
7013,2020-05-10,0.009427187596572462,0.9905728124034275
7014,2020-05-10,0.013590639568737628,0.9864093604312624
7016,2020-05-10,0.007661030730305551,0.9923389692696944
7017,2020-05-10,0.007683982763056263,0.9923160172369437
7018,2020-05-10,0.025053902453156196,0.9749460975468438
7019,2020-05-10,0.015381111806198722,0.9846188881938013
7020,2020-05-10,0.02898653652685934,0.9710134634731407
7021,2020-05-10,0.007769701750617974,0.992230298249382
7022,2020-05-10,0.01893494929539219,0.9810650507046078
7023,2020-05-10,0.0028079896694399586,0.99719201033056
7024,2020-05-10,0.00808262006350391,0.9919173799364961
7025,2020-05-10,0.013080684155501454,0.9869193158444985
7027,2020-05-10,0.035133447153848474,0.9648665528461515
7028,2020-05-10,0.017790653003497137,0.9822093469965029
7029,2020-05-10,0.03735606077342124,0.9626439392265788
7030,2020-05-10,0.007336384814622621,0.9926636151853774
7031,2020-05-10,0.012825905518736858,0.9871740944812631
7032,2020-05-10,0.025829686435904886,0.9741703135640951
7033,2020-05-10,0.006041723356635553,0.9939582766433644
7034,2020-05-10,0.030723771714521453,0.9692762282854785
7035,2020-05-10,0.04740280378899542,0.9525971962110046
7036,2020-05-10,0.03245206425633773,0.9675479357436623
7037,2020-05-10,0.051693594691647915,0.9483064053083521
7038,2020-05-10,0.016780499706549268,0.9832195002934507
7039,2020-05-10,0.05784041296571818,0.9421595870342818
7040,2020-05-10,0.04157501580290779,0.9584249841970922
7041,2020-05-10,0.007730948868957643,0.9922690511310424
7043,2020-05-10,0.035847614628687685,0.9641523853713123
7044,2020-05-10,0.005234077900777012,0.994765922099223
7045,2020-05-10,0.046807705017291146,0.9531922949827089
7046,2020-05-10,0.023142335082323884,0.9768576649176761
7047,2020-05-10,0.059014262308603405,0.9409857376913966
7048,2020-05-10,0.13979693881781785,0.8602030611821821
7049,2020-05-10,0.007573731899315206,0.9924262681006848
7050,2020-05-10,0.01273542185184906,0.9872645781481509
7051,2020-05-10,0.010429367955828384,0.9895706320441716
7052,2020-05-10,0.007680747680717137,0.9923192523192829
7053,2020-05-10,0.019127703586566236,0.9808722964134338
7055,2020-05-10,0.010792445085794133,0.9892075549142059
7056,2020-05-10,0.031629146706124156,0.9683708532938758
7057,2020-05-10,0.03906896045790553,0.9609310395420945
7058,2020-05-10,0.036182988719949516,0.9638170112800505
7059,2020-05-10,0.003890210372227143,0.9961097896277729
7060,2020-05-10,0.0009531136139454555,0.9990468863860545
7062,2020-05-10,0.008918416071201696,0.9910815839287983
7064,2020-05-10,0.038215227019670395,0.9617847729803296
7065,2020-05-10,0.03079891536437085,0.9692010846356292
7066,2020-05-10,0.023493163719663257,0.9765068362803367
7067,2020-05-10,0.04667925246096982,0.9533207475390302
7069,2020-05-10,0.02340721890302011,0.9765927810969799
7070,2020-05-10,0.0203238566998053,0.9796761433001947
7071,2020-05-10,0.010844374278642488,0.9891556257213575
7072,2020-05-10,0.011374858342401817,0.9886251416575982
7073,2020-05-10,0.009947635059533222,0.9900523649404668
7074,2020-05-10,0.021700244958408943,0.9782997550415911
7075,2020-05-10,0.09835345658054506,0.9016465434194549
7076,2020-05-10,0.017800817467496732,0.9821991825325033
7077,2020-05-10,0.021529135710605996,0.978470864289394
7078,2020-05-10,0.0077238922262587995,0.9922761077737412
7079,2020-05-10,0.028325606789939783,0.9716743932100602
7080,2020-05-10,0.057332612596880383,0.9426673874031196
7081,2020-05-10,0.03046450294606662,0.9695354970539334
7082,2020-05-10,0.008090844049218782,0.9919091559507812
7083,2020-05-10,0.018631118864202323,0.9813688811357977
7084,2020-05-10,0.05396333508605944,0.9460366649139406
7085,2020-05-10,0.00502257371424597,0.994977426285754
7086,2020-05-10,0.0024643926675240735,0.9975356073324759
7087,2020-05-10,0.0035580213261764415,0.9964419786738236
7088,2020-05-10,0.00810549930872173,0.9918945006912783
7089,2020-05-10,0.011107075537026279,0.9888929244629737
7090,2020-05-10,0.0706165046950572,0.9293834953049428
7091,2020-05-10,0.02112158808546105,0.978878411914539
7094,2020-05-10,0.024468233815394758,0.9755317661846052
7095,2020-05-10,0.04073150898796862,0.9592684910120314
7097,2020-05-10,0.01753142177622058,0.9824685782237794
7098,2020-05-10,0.00808818002573819,0.9919118199742618
7099,2020-05-10,0.01823815454119726,0.9817618454588027
7100,2020-05-10,0.011552372702663849,0.9884476272973362
7101,2020-05-10,0.013210600780259929,0.9867893992197401
7102,2020-05-10,0.0038506861136140547,0.996149313886386
7103,2020-05-10,0.025703647541862273,0.9742963524581377
7104,2020-05-10,0.03325168265755196,0.966748317342448
7105,2020-05-10,0.012620078388639433,0.9873799216113606
7106,2020-05-10,0.00500620492640802,0.994993795073592
7107,2020-05-10,0.03363813630756851,0.9663618636924315
7109,2020-05-10,0.018452112275031185,0.9815478877249688
7110,2020-05-10,0.029597893401645647,0.9704021065983544
7111,2020-05-10,0.02628726205475851,0.9737127379452415
7112,2020-05-10,0.007418937680456428,0.9925810623195436
7113,2020-05-10,0.00639215969238105,0.993607840307619
7114,2020-05-10,0.005758409531774977,0.994241590468225
7115,2020-05-10,0.010530905260643486,0.9894690947393565
7116,2020-05-10,0.004592075514025962,0.995407924485974
7117,2020-05-10,0.010685332125283109,0.9893146678747169
7118,2020-05-10,0.029874242670100193,0.9701257573298998
7119,2020-05-10,0.0190556784911583,0.9809443215088417
7120,2020-05-10,0.007445404213436202,0.9925545957865638
7121,2020-05-10,0.009573566888768315,0.9904264331112317
7122,2020-05-10,0.034308610316055144,0.9656913896839449
7123,2020-05-10,0.005088871431220721,0.9949111285687793
7124,2020-05-10,0.002970354267120223,0.9970296457328798
7125,2020-05-10,0.02078069836586738,0.9792193016341326
7126,2020-05-10,0.01986167041023923,0.9801383295897608
7127,2020-05-10,0.008747722551231796,0.9912522774487682
7129,2020-05-10,0.016307407773812232,0.9836925922261878
7130,2020-05-10,0.006824565846418773,0.9931754341535812
7131,2020-05-10,0.03292544840408951,0.9670745515959105
7132,2020-05-10,0.028451574126718282,0.9715484258732817
7133,2020-05-10,0.00960786220120935,0.9903921377987907
7134,2020-05-10,0.04840253460983812,0.9515974653901619
7135,2020-05-10,0.005037821997805114,0.9949621780021949
7136,2020-05-10,0.09180654796414178,0.9081934520358582
7137,2020-05-10,0.020304519963105228,0.9796954800368948
7138,2020-05-10,0.01570366558413694,0.9842963344158631
7139,2020-05-10,0.03616023986983541,0.9638397601301646
7140,2020-05-10,0.004388709410983682,0.9956112905890163
7141,2020-05-10,0.08897236333627045,0.9110276366637295
7142,2020-05-10,0.006447029379425984,0.993552970620574
7144,2020-05-10,0.02619686324006376,0.9738031367599362
7145,2020-05-10,0.012483344383694583,0.9875166556163054
7146,2020-05-10,0.0044154783300121014,0.9955845216699879
7147,2020-05-10,0.004841030631806076,0.9951589693681939
7148,2020-05-10,0.0014600774332134137,0.9985399225667866
7149,2020-05-10,0.016328358173642865,0.9836716418263571
7150,2020-05-10,0.004006665571659518,0.9959933344283405
7151,2020-05-10,0.0025678443441947696,0.9974321556558052
7152,2020-05-10,0.019516915294670145,0.9804830847053299
7153,2020-05-10,0.012715257029935034,0.987284742970065
7154,2020-05-10,0.01205040091662124,0.9879495990833788
7155,2020-05-10,0.046429368913393554,0.9535706310866064
7156,2020-05-10,0.0368241155087089,0.9631758844912911
7157,2020-05-10,0.019879045229968195,0.9801209547700318
7158,2020-05-10,0.01937065987572195,0.980629340124278
7159,2020-05-10,0.005839778908032112,0.9941602210919679
7160,2020-05-10,0.013104515726056642,0.9868954842739434
7161,2020-05-10,0.018600634377836545,0.9813993656221635
7162,2020-05-10,0.0029676620945797705,0.9970323379054202
7163,2020-05-10,0.006853287871702363,0.9931467121282976
7164,2020-05-10,0.003618099051220902,0.9963819009487791
7165,2020-05-10,0.0241336362595046,0.9758663637404954
7166,2020-05-10,0.016656196131093703,0.9833438038689063
7167,2020-05-10,0.01874151871070695,0.981258481289293
7168,2020-05-10,0.019525223959337423,0.9804747760406626
7169,2020-05-10,0.041251351735102526,0.9587486482648975
7170,2020-05-10,0.048768058309308526,0.9512319416906915
7171,2020-05-10,0.013937836954657445,0.9860621630453426
7172,2020-05-10,0.008442420072987233,0.9915575799270128
7173,2020-05-10,0.008641864778785813,0.9913581352212142
7174,2020-05-10,0.028909669994375164,0.9710903300056248
7175,2020-05-10,0.03642834971473852,0.9635716502852615
7176,2020-05-10,0.03765196856614372,0.9623480314338563
7177,2020-05-10,0.06080491641205288,0.9391950835879471
7178,2020-05-10,0.01437045567323647,0.9856295443267635
7179,2020-05-10,0.02051574899518982,0.9794842510048102
7180,2020-05-10,0.010379371071629895,0.9896206289283701
7181,2020-05-10,0.0021236203905447004,0.9978763796094553
7182,2020-05-10,0.036297140156325014,0.963702859843675
7183,2020-05-10,0.026045883599087882,0.9739541164009121
7184,2020-05-10,0.0050363389250591695,0.9949636610749408
7185,2020-05-10,0.0076917613637063065,0.9923082386362937
7186,2020-05-10,0.04773560953669653,0.9522643904633035
7188,2020-05-10,0.009982334749327637,0.9900176652506724
7189,2020-05-10,0.005259489287139152,0.9947405107128608
7190,2020-05-10,0.009005344314553243,0.9909946556854468
7191,2020-05-10,0.05951952337943911,0.9404804766205609
7192,2020-05-10,0.0124060736341568,0.9875939263658432
7193,2020-05-10,0.0029859957295497175,0.9970140042704503
7194,2020-05-10,0.0291923019236473,0.9708076980763527
7196,2020-05-10,0.008432949533027978,0.991567050466972
7197,2020-05-10,0.0066679981441625236,0.9933320018558375
7199,2020-05-10,0.020844172880118195,0.9791558271198818
7200,2020-05-10,0.008654264346868334,0.9913457356531317
7201,2020-05-10,0.08418175308397535,0.9158182469160246
7202,2020-05-10,0.024035031044691957,0.975964968955308
7203,2020-05-10,0.017596502109614054,0.982403497890386
7204,2020-05-10,0.02414670504731453,0.9758532949526855
7205,2020-05-10,0.01354472812384877,0.9864552718761512
7206,2020-05-10,0.005792032038308581,0.9942079679616914
7207,2020-05-10,0.02220897499954888,0.9777910250004511
7208,2020-05-10,0.06694364248339058,0.9330563575166094
7209,2020-05-10,0.024312944677600035,0.9756870553224
7210,2020-05-10,0.0029419579613378932,0.9970580420386621
7211,2020-05-10,0.02090219054041642,0.9790978094595836
7213,2020-05-10,0.023885470099510697,0.9761145299004893
7214,2020-05-10,0.004582772579447281,0.9954172274205527
7215,2020-05-10,0.013582978959561842,0.9864170210404382
7216,2020-05-10,0.003078653702972889,0.9969213462970271
7217,2020-05-10,0.01514580636577878,0.9848541936342212
7218,2020-05-10,0.013584677357779573,0.9864153226422204
7219,2020-05-10,0.03969772706025487,0.9603022729397451
7221,2020-05-10,0.011242892114129321,0.9887571078858707
7222,2020-05-10,0.04566326795826681,0.9543367320417332
7224,2020-05-10,0.03872454613923704,0.961275453860763
7225,2020-05-10,0.017482826604995005,0.982517173395005
7227,2020-05-10,0.06481955953198426,0.9351804404680157
7228,2020-05-10,0.02493519743806072,0.9750648025619393
7229,2020-05-10,0.0057906162020870955,0.9942093837979129
7232,2020-05-10,0.009553755607045855,0.9904462443929541
7233,2020-05-10,0.017900092256999844,0.9820999077430002
7234,2020-05-10,0.007834411893725801,0.9921655881062742
7235,2020-05-10,0.01139325864566787,0.9886067413543321
7236,2020-05-10,0.034088005955165146,0.9659119940448349
7237,2020-05-10,0.015814518007628342,0.9841854819923717
7238,2020-05-10,0.05154049728003163,0.9484595027199684
7239,2020-05-10,0.01700262900003424,0.9829973709999658
7240,2020-05-10,0.008314938262444782,0.9916850617375552
7241,2020-05-10,0.008027782055760935,0.9919722179442391
7242,2020-05-10,0.011623488581191888,0.9883765114188081
7243,2020-05-10,0.016330022538092126,0.9836699774619079
7244,2020-05-10,0.010287691806779242,0.9897123081932208
7245,2020-05-10,0.022629345888918517,0.9773706541110815
7246,2020-05-10,0.08818191502943917,0.9118180849705608
7247,2020-05-10,0.00913489890258845,0.9908651010974115
7248,2020-05-10,0.016748501612994127,0.9832514983870059
7250,2020-05-10,0.014427103641723504,0.9855728963582765
7251,2020-05-10,0.009657844178493358,0.9903421558215066
7253,2020-05-10,0.01681919275391719,0.9831808072460828
7254,2020-05-10,0.00709669982403538,0.9929033001759646
7256,2020-05-10,0.008770224708089525,0.9912297752919105
7258,2020-05-10,0.04348101745217825,0.9565189825478218
7259,2020-05-10,0.008087164544010372,0.9919128354559896
7260,2020-05-10,0.008369716681883577,0.9916302833181164
7262,2020-05-10,0.005621685621085115,0.9943783143789149
7263,2020-05-10,0.0039024756448918785,0.9960975243551081
7264,2020-05-10,0.010567122600093293,0.9894328773999067
7265,2020-05-10,0.003506522204931972,0.996493477795068
7267,2020-05-10,0.008677498768547509,0.9913225012314525
7268,2020-05-10,0.052295977473153066,0.9477040225268469
7269,2020-05-10,0.029423020882670903,0.9705769791173291
7270,2020-05-10,0.007810079469231956,0.992189920530768
7271,2020-05-10,0.018583077126355874,0.9814169228736441
7272,2020-05-10,0.028176985982086178,0.9718230140179138
7273,2020-05-10,0.016819250297622768,0.9831807497023772
7274,2020-05-10,0.021947887761567086,0.9780521122384329
7275,2020-05-10,0.0009461851848766578,0.9990538148151233
7276,2020-05-10,0.004975125143463877,0.9950248748565361
7277,2020-05-10,0.02597881422227699,0.974021185777723
7278,2020-05-10,0.01399117981042508,0.9860088201895749
7279,2020-05-10,0.05725217853539788,0.9427478214646021
7280,2020-05-10,0.012720382394636243,0.9872796176053638
7281,2020-05-10,0.01418115519769525,0.9858188448023048
7282,2020-05-10,0.0610128965960558,0.9389871034039442
7283,2020-05-10,0.009116866598309903,0.9908831334016901
7286,2020-05-10,0.028617948229536117,0.9713820517704639
7287,2020-05-10,0.025438270430865773,0.9745617295691342
7288,2020-05-10,0.011245676083641909,0.9887543239163581
7289,2020-05-10,0.010932008444847208,0.9890679915551528
7290,2020-05-10,0.02552462764545438,0.9744753723545456
7291,2020-05-10,0.01624215315408528,0.9837578468459147
7293,2020-05-10,0.0014973396832158592,0.9985026603167841
7294,2020-05-10,0.00882906619789714,0.9911709338021029
7296,2020-05-10,0.0036381440282213795,0.9963618559717786
7297,2020-05-10,0.00746789976428841,0.9925321002357116
7298,2020-05-10,0.016320242789050976,0.983679757210949
7299,2020-05-10,0.001837092886447178,0.9981629071135528
7302,2020-05-10,0.0722053502108545,0.9277946497891455
7303,2020-05-10,0.018568612960094155,0.9814313870399058
7304,2020-05-10,0.012779420790698492,0.9872205792093015
7305,2020-05-10,0.005867214975331714,0.9941327850246683
7306,2020-05-10,0.03952851727717799,0.960471482722822
7307,2020-05-10,0.003936815181241338,0.9960631848187587
7308,2020-05-10,0.038425858570171556,0.9615741414298284
7310,2020-05-10,0.0011310764785352756,0.9988689235214647
7312,2020-05-10,0.014373029978992924,0.9856269700210071
7313,2020-05-10,0.0032085347162569278,0.9967914652837431
7314,2020-05-10,0.010890111640849742,0.9891098883591503
7315,2020-05-10,0.003395141075242414,0.9966048589247576
7316,2020-05-10,0.00986991327804998,0.99013008672195
7317,2020-05-10,0.020765795036895573,0.9792342049631044
7318,2020-05-10,0.013899987808004055,0.986100012191996
7319,2020-05-10,0.014896481382630777,0.9851035186173692
7320,2020-05-10,0.05224500033362267,0.9477549996663773
7322,2020-05-10,0.021237801994488548,0.9787621980055115
7323,2020-05-10,0.03164964903114709,0.9683503509688529
7324,2020-05-10,0.008152418063068212,0.9918475819369318
7325,2020-05-10,0.021706827098096237,0.9782931729019038
7326,2020-05-10,0.01593954425772126,0.9840604557422787
7327,2020-05-10,0.018929209265809765,0.9810707907341902
7328,2020-05-10,0.06873435215088441,0.9312656478491156
7329,2020-05-10,0.013453612099444512,0.9865463879005555
7330,2020-05-10,0.018060730061271846,0.9819392699387282
7331,2020-05-10,0.010660821320181424,0.9893391786798186
7332,2020-05-10,0.04712392184927705,0.952876078150723
7333,2020-05-10,0.011237254325273116,0.9887627456747269
7334,2020-05-10,0.0023841094761081205,0.9976158905238919
7335,2020-05-10,0.015638491537802723,0.9843615084621973
7336,2020-05-10,0.02158665971185636,0.9784133402881436
7337,2020-05-10,0.013149767099678078,0.9868502329003219
7338,2020-05-10,0.012785232017169745,0.9872147679828303
7339,2020-05-10,0.003095223806733216,0.9969047761932668
7341,2020-05-10,0.05106864107071063,0.9489313589292894
7343,2020-05-10,0.01726211203872552,0.9827378879612745
7344,2020-05-10,0.005204512723009702,0.9947954872769903
7345,2020-05-10,0.008498048266263325,0.9915019517337367
7346,2020-05-10,0.05180063187720896,0.948199368122791
7347,2020-05-10,0.013433256356421674,0.9865667436435783
7348,2020-05-10,0.012888875818909296,0.9871111241810907
7349,2020-05-10,0.027837267117698072,0.9721627328823019
7350,2020-05-10,0.06519766631790047,0.9348023336820995
7352,2020-05-10,0.03185023377251073,0.9681497662274893
7353,2020-05-10,0.0036153777930546527,0.9963846222069453
7354,2020-05-10,0.005885736753595827,0.9941142632464042
7355,2020-05-10,0.029588651115699638,0.9704113488843004
7356,2020-05-10,0.005153568702048972,0.994846431297951
7358,2020-05-10,0.015386747925333566,0.9846132520746664
7359,2020-05-10,0.0456336271150779,0.9543663728849221
7360,2020-05-10,0.003548815862356003,0.996451184137644
7361,2020-05-10,0.012409513337681255,0.9875904866623187
7362,2020-05-10,0.008004922681818516,0.9919950773181815
7363,2020-05-10,0.006090388635439314,0.9939096113645607
7364,2020-05-10,0.016077244589224993,0.983922755410775
7367,2020-05-10,0.09626342157635592,0.9037365784236441
7368,2020-05-10,0.008107969692253136,0.9918920303077469
7369,2020-05-10,0.1425339933522739,0.8574660066477261
7370,2020-05-10,0.0025350600991432826,0.9974649399008567
7371,2020-05-10,0.01015985431813815,0.9898401456818618
7373,2020-05-10,0.008086334219355229,0.9919136657806448
7374,2020-05-10,0.014736068280903347,0.9852639317190967
7375,2020-05-10,0.05580596572509933,0.9441940342749007
7376,2020-05-10,0.04026317948583258,0.9597368205141674
7377,2020-05-10,0.04716717459622333,0.9528328254037767
7378,2020-05-10,0.006626882245290067,0.9933731177547099
7380,2020-05-10,0.012118568213820957,0.987881431786179
7381,2020-05-10,0.005218717719500776,0.9947812822804992
7383,2020-05-10,0.008568804783099515,0.9914311952169005
7384,2020-05-10,0.03853879420208062,0.9614612057979194
7386,2020-05-10,0.00820835229919814,0.9917916477008019
7387,2020-05-10,0.022112862561498914,0.9778871374385011
7390,2020-05-10,0.002911593133107626,0.9970884068668924
7391,2020-05-10,0.020437673007757118,0.9795623269922429
7392,2020-05-10,0.011285329928273469,0.9887146700717265
7394,2020-05-10,0.00495784423186274,0.9950421557681373
7395,2020-05-10,0.025280716728855235,0.9747192832711448
7396,2020-05-10,0.05600513956930875,0.9439948604306913
7397,2020-05-10,0.025224474391552287,0.9747755256084477
7399,2020-05-10,0.007121250524275147,0.9928787494757249
7400,2020-05-10,0.0057743187025814935,0.9942256812974185
7401,2020-05-10,0.0026191250284149925,0.997380874971585
7403,2020-05-10,0.009034128038471034,0.990965871961529
7404,2020-05-10,0.00341133245237657,0.9965886675476234
7405,2020-05-10,0.0093819184291003,0.9906180815708997
7406,2020-05-10,0.005091998181283697,0.9949080018187163
7407,2020-05-10,0.010002573387868363,0.9899974266121316
7408,2020-05-10,0.019092600060422793,0.9809073999395772
7409,2020-05-10,0.0023182187093406803,0.9976817812906593
7410,2020-05-10,0.004664082710274853,0.9953359172897251
7411,2020-05-10,0.010083633728905528,0.9899163662710945
7413,2020-05-10,0.011680658170643565,0.9883193418293564
7414,2020-05-10,0.016766909622470294,0.9832330903775297
7415,2020-05-10,0.013897007190904809,0.9861029928090952
7416,2020-05-10,0.0045569419571950265,0.995443058042805
7417,2020-05-10,0.0046499079400746934,0.9953500920599253
7418,2020-05-10,0.009159069407500886,0.9908409305924991
7419,2020-05-10,0.024469095448910738,0.9755309045510893
7421,2020-05-10,0.009563937957317692,0.9904360620426823
7422,2020-05-10,0.009464995229619078,0.9905350047703809
7424,2020-05-10,0.020913983552753423,0.9790860164472466
7425,2020-05-10,0.04327709627764009,0.9567229037223599
7426,2020-05-10,0.005785377279169723,0.9942146227208303
7427,2020-05-10,0.021513439790808442,0.9784865602091916
7429,2020-05-10,0.09677812110734774,0.9032218788926523
7430,2020-05-10,0.01075318083323662,0.9892468191667634
7431,2020-05-10,0.08502249494659642,0.9149775050534036
7432,2020-05-10,0.05553767188125747,0.9444623281187425
7434,2020-05-10,0.024479836723865334,0.9755201632761347
7435,2020-05-10,0.007897793579878964,0.992102206420121
7436,2020-05-10,0.013208689369214488,0.9867913106307855
7437,2020-05-10,0.042587747738762616,0.9574122522612374
7438,2020-05-10,0.010323505541997902,0.9896764944580021
7440,2020-05-10,0.0227784791479676,0.9772215208520324
7441,2020-05-10,0.0583201752130077,0.9416798247869923
7442,2020-05-10,0.0746662840160558,0.9253337159839442
7443,2020-05-10,0.004287799065295972,0.995712200934704
7444,2020-05-10,0.012286589858907404,0.9877134101410926
7445,2020-05-10,0.006515953260197271,0.9934840467398027
7446,2020-05-10,0.02948237554972155,0.9705176244502784
7447,2020-05-10,0.023644900081895903,0.9763550999181041
7448,2020-05-10,0.027481407368805555,0.9725185926311944
7449,2020-05-10,0.05522773340496179,0.9447722665950382
7450,2020-05-10,0.015507380210215804,0.9844926197897842
7451,2020-05-10,0.07407628942854783,0.9259237105714522
7452,2020-05-10,0.00410180976224761,0.9958981902377524
7453,2020-05-10,0.0030884561002407773,0.9969115438997592
7454,2020-05-10,0.10876541752441382,0.8912345824755862
7455,2020-05-10,0.004066118029719457,0.9959338819702805
7456,2020-05-10,0.010502352974654738,0.9894976470253453
7457,2020-05-10,0.05357257419288208,0.9464274258071179
7458,2020-05-10,0.009054050423069837,0.9909459495769302
7459,2020-05-10,0.0017797703349904381,0.9982202296650096
7460,2020-05-10,0.021262048028938274,0.9787379519710617
7461,2020-05-10,0.01897870653781475,0.9810212934621853
7462,2020-05-10,0.02034839417839629,0.9796516058216037
7463,2020-05-10,0.019829398873982274,0.9801706011260177
7464,2020-05-10,0.008380302344298096,0.9916196976557019
7465,2020-05-10,0.002787638712960727,0.9972123612870393
7466,2020-05-10,0.010528364324883022,0.989471635675117
7467,2020-05-10,0.02579833592251224,0.9742016640774878
7468,2020-05-10,0.04827371478441489,0.9517262852155851
7470,2020-05-10,0.010853303357997612,0.9891466966420024
7471,2020-05-10,0.004712561270881044,0.995287438729119
7472,2020-05-10,0.013029483416952425,0.9869705165830476
7473,2020-05-10,0.018350819749975655,0.9816491802500243
7474,2020-05-10,0.0064832378967395465,0.9935167621032605
7475,2020-05-10,0.02325000084806672,0.9767499991519333
7476,2020-05-10,0.04126256528111316,0.9587374347188868
7477,2020-05-10,0.02075997519366335,0.9792400248063367
7478,2020-05-10,0.04710349338453823,0.9528965066154618
7479,2020-05-10,0.0071478448559385566,0.9928521551440614
7480,2020-05-10,0.06022722336396458,0.9397727766360354
7481,2020-05-10,0.03426249243858681,0.9657375075614132
7482,2020-05-10,0.03777376457197712,0.9622262354280229
7483,2020-05-10,0.006548427604830098,0.9934515723951699
7484,2020-05-10,0.008651667641493055,0.991348332358507
7485,2020-05-10,0.0066436181242501835,0.9933563818757498
7486,2020-05-10,0.007765384132467301,0.9922346158675327
7487,2020-05-10,0.0037010730686829474,0.996298926931317
7488,2020-05-10,0.0331416868270592,0.9668583131729408
7489,2020-05-10,0.0012302762432894188,0.9987697237567106
7490,2020-05-10,0.0007380822165028444,0.9992619177834972
7492,2020-05-10,0.011764767463357972,0.988235232536642
7493,2020-05-10,0.059664513017376186,0.9403354869826238
7494,2020-05-10,0.055687110881374124,0.9443128891186259
7495,2020-05-10,0.012208769693891841,0.9877912303061082
7496,2020-05-10,0.004495745119823424,0.9955042548801766
7497,2020-05-10,0.01626921334221254,0.9837307866577875
7498,2020-05-10,0.17780026654422376,0.8221997334557762
7499,2020-05-10,0.009137139415934303,0.9908628605840657
7500,2020-05-10,0.04664654167687732,0.9533534583231227
7501,2020-05-10,0.08472460573133078,0.9152753942686692
7502,2020-05-10,0.02671494066332669,0.9732850593366733
7503,2020-05-10,0.0027185005046890254,0.997281499495311
7504,2020-05-10,0.007968067775290022,0.99203193222471
7505,2020-05-10,0.017319900409024758,0.9826800995909752
7506,2020-05-10,0.02331020442339815,0.9766897955766018
7507,2020-05-10,0.012326739771005069,0.9876732602289949
7508,2020-05-10,0.010233758714450869,0.9897662412855491
7510,2020-05-10,0.0020622817911875035,0.9979377182088125
7513,2020-05-10,0.0039165151751678895,0.9960834848248321
7515,2020-05-10,0.008921368018027565,0.9910786319819724
7516,2020-05-10,0.03247852995739309,0.9675214700426069
7518,2020-05-10,0.019156852352693265,0.9808431476473067
7519,2020-05-10,0.01670560087412687,0.9832943991258731
7520,2020-05-10,0.041195878705894695,0.9588041212941053
7522,2020-05-10,0.03555994725341183,0.9644400527465882
7523,2020-05-10,0.005307708538976996,0.994692291461023
7524,2020-05-10,0.025712594119182253,0.9742874058808177
7525,2020-05-10,0.019087602376449797,0.9809123976235502
7526,2020-05-10,0.03249590696193383,0.9675040930380662
7528,2020-05-10,0.023132306851090023,0.97686769314891
7529,2020-05-10,0.0032173345173032164,0.9967826654826968
7530,2020-05-10,0.01961699626473501,0.980383003735265
7531,2020-05-10,0.0014102810349836403,0.9985897189650164
7532,2020-05-10,0.023349665516910423,0.9766503344830896
7534,2020-05-10,0.013512394224692414,0.9864876057753076
7536,2020-05-10,0.0019770937968467406,0.9980229062031533
7537,2020-05-10,0.01460753210057697,0.985392467899423
7539,2020-05-10,0.01794597334445569,0.9820540266555443
7540,2020-05-10,0.010663691329347968,0.989336308670652
7541,2020-05-10,0.004172272770526675,0.9958277272294733
7543,2020-05-10,0.0022548207045433033,0.9977451792954567
7545,2020-05-10,0.027416640569665973,0.972583359430334
7546,2020-05-10,0.013948327779917724,0.9860516722200823
7547,2020-05-10,0.0018652264877455638,0.9981347735122544
7548,2020-05-10,0.006205014407879905,0.9937949855921201
7549,2020-05-10,0.010810807726205907,0.9891891922737941
7550,2020-05-10,0.02495121910607545,0.9750487808939245
7551,2020-05-10,0.007433752564872664,0.9925662474351273
7552,2020-05-10,0.01159072043583087,0.9884092795641691
7553,2020-05-10,0.05949122690612241,0.9405087730938776
7554,2020-05-10,0.03266336077531473,0.9673366392246853
7555,2020-05-10,0.004762726926153871,0.9952372730738461
7556,2020-05-10,0.045244669763279344,0.9547553302367207
7557,2020-05-10,0.010021866690728132,0.9899781333092719
7558,2020-05-10,0.010002929743395339,0.9899970702566047
7559,2020-05-10,0.02300954928579435,0.9769904507142056
7560,2020-05-10,0.003439075491454724,0.9965609245085453
7561,2020-05-10,0.010039274848280044,0.98996072515172
7562,2020-05-10,0.013283822881307028,0.986716177118693
7563,2020-05-10,0.005146865883321916,0.9948531341166781
7564,2020-05-10,0.027917309061661233,0.9720826909383388
7565,2020-05-10,0.0031491777681492694,0.9968508222318507
7566,2020-05-10,0.02256316208881992,0.9774368379111801
7567,2020-05-10,0.01482993214309869,0.9851700678569013
7568,2020-05-10,0.03476338279718216,0.9652366172028178
7569,2020-05-10,0.05878742413366489,0.9412125758663351
7570,2020-05-10,0.027657970749693006,0.972342029250307
7571,2020-05-10,0.009980074552706553,0.9900199254472934
7572,2020-05-10,0.032788065419423695,0.9672119345805763
7573,2020-05-10,0.014442593558239403,0.9855574064417606
7575,2020-05-10,0.01321156353464048,0.9867884364653595
7576,2020-05-10,0.002755646721234961,0.997244353278765
7577,2020-05-10,0.0032609736238452536,0.9967390263761547
7578,2020-05-10,0.029289679730190143,0.9707103202698099
7579,2020-05-10,0.039161105329278856,0.9608388946707211
7580,2020-05-10,0.051790853632042055,0.948209146367958
7581,2020-05-10,0.00947244585172402,0.990527554148276
7583,2020-05-10,0.004852448937301079,0.9951475510626989
7584,2020-05-10,0.007738264883799473,0.9922617351162005
7585,2020-05-10,0.007979540714701083,0.9920204592852989
7586,2020-05-10,0.060614907112812366,0.9393850928871876
7587,2020-05-10,0.02130478162314764,0.9786952183768524
7588,2020-05-10,0.013073435437964132,0.9869265645620359
7589,2020-05-10,0.0389822848109439,0.9610177151890561
7590,2020-05-10,0.024969250093621165,0.9750307499063788
7591,2020-05-10,0.03565908061734757,0.9643409193826524
7592,2020-05-10,0.004863692289767685,0.9951363077102323
7593,2020-05-10,0.0017413944679330884,0.9982586055320669
7594,2020-05-10,0.023421657078326663,0.9765783429216733
7595,2020-05-10,0.03092969744921037,0.9690703025507896
7596,2020-05-10,0.059054083034604354,0.9409459169653956
7597,2020-05-10,0.008617920118459077,0.9913820798815409
7598,2020-05-10,0.005841115235971528,0.9941588847640285
7599,2020-05-10,0.02604649853191332,0.9739535014680867
7600,2020-05-10,0.010172101555486202,0.9898278984445138
7601,2020-05-10,0.011235495753920577,0.9887645042460794
7602,2020-05-10,0.05186035889665397,0.948139641103346
7603,2020-05-10,0.005354772765632121,0.9946452272343679
7604,2020-05-10,0.009753950601614658,0.9902460493983853
7605,2020-05-10,0.022283698309175648,0.9777163016908244
7606,2020-05-10,0.04617779380913145,0.9538222061908685
7607,2020-05-10,0.005601648224452305,0.9943983517755477
7609,2020-05-10,0.045215078531207986,0.954784921468792
7610,2020-05-10,0.003910193446226007,0.996089806553774
7611,2020-05-10,0.007640044554965919,0.9923599554450341
7612,2020-05-10,0.009688932956624874,0.9903110670433751
7613,2020-05-10,0.04975134076774268,0.9502486592322573
7614,2020-05-10,0.012439806473990567,0.9875601935260094
7615,2020-05-10,0.010713332901472805,0.9892866670985272
7616,2020-05-10,0.004583547553765888,0.9954164524462341
7617,2020-05-10,0.008938998549130162,0.9910610014508698
7618,2020-05-10,0.008290164211543716,0.9917098357884563
7621,2020-05-10,0.00846986333318056,0.9915301366668194
7622,2020-05-10,0.008150191748422131,0.9918498082515779
7623,2020-05-10,0.054805094152453715,0.9451949058475463
7624,2020-05-10,0.03456834638767048,0.9654316536123295
7625,2020-05-10,0.049231011603844466,0.9507689883961555
7626,2020-05-10,0.00798936726205346,0.9920106327379465
7627,2020-05-10,0.013536103371393104,0.9864638966286069
7628,2020-05-10,0.03981932278100553,0.9601806772189945
7629,2020-05-10,0.0034191233395245435,0.9965808766604755
7630,2020-05-10,0.02706024096917814,0.9729397590308219
7631,2020-05-10,0.013719905588437498,0.9862800944115625
7632,2020-05-10,0.01755383906233121,0.9824461609376688
7633,2020-05-10,0.007626063746109968,0.99237393625389
7634,2020-05-10,0.017708757091985494,0.9822912429080145
7635,2020-05-10,0.016642964989436293,0.9833570350105637
7636,2020-05-10,0.030297293964151484,0.9697027060358485
7637,2020-05-10,0.015095303388027337,0.9849046966119727
7638,2020-05-10,0.006726169922318448,0.9932738300776816
7639,2020-05-10,0.04284925369299519,0.9571507463070048
7640,2020-05-10,0.014880730784093243,0.9851192692159068
7641,2020-05-10,0.015970516828227144,0.9840294831717729
7642,2020-05-10,0.04817821940515421,0.9518217805948458
7643,2020-05-10,0.010652102459083768,0.9893478975409162
7644,2020-05-10,0.002412503276949085,0.9975874967230509
7645,2020-05-10,0.0169392236635848,0.9830607763364152
7646,2020-05-10,0.01573942418593488,0.9842605758140651
7648,2020-05-10,0.017536450824787164,0.9824635491752128
7649,2020-05-10,0.007849182598021698,0.9921508174019783
7650,2020-05-10,0.00664653811733229,0.9933534618826677
7652,2020-05-10,0.008934588300934743,0.9910654116990653
7653,2020-05-10,0.023194550234989064,0.9768054497650109
7654,2020-05-10,0.003049762010139845,0.9969502379898602
7655,2020-05-10,0.019838712475642173,0.9801612875243578
7656,2020-05-10,0.012123309264428395,0.9878766907355716
7657,2020-05-10,0.05035491214344168,0.9496450878565583
7661,2020-05-10,0.007724045497541021,0.992275954502459
7663,2020-05-10,0.032629828393746174,0.9673701716062538
7664,2020-05-10,0.014207748227177186,0.9857922517728228
7665,2020-05-10,0.00845377121074653,0.9915462287892535
7666,2020-05-10,0.010738564077002799,0.9892614359229972
7667,2020-05-10,0.0052795998486956375,0.9947204001513044
7668,2020-05-10,0.017340823906957237,0.9826591760930428
7669,2020-05-10,0.02291192753845772,0.9770880724615423
7670,2020-05-10,0.014520511084344045,0.985479488915656
7671,2020-05-10,0.0009248301223689914,0.999075169877631
7672,2020-05-10,0.02909326380799826,0.9709067361920017
7673,2020-05-10,0.013637435311673163,0.9863625646883268
7674,2020-05-10,0.007578563009401629,0.9924214369905984
7676,2020-05-10,0.017286747059579777,0.9827132529404202
7677,2020-05-10,0.018766421361361196,0.9812335786386388
7678,2020-05-10,0.024416923752024977,0.975583076247975
7679,2020-05-10,0.023901967391323664,0.9760980326086763
7680,2020-05-10,0.015703628613340737,0.9842963713866593
7681,2020-05-10,0.10368372017446703,0.896316279825533
7682,2020-05-10,0.007016491348964093,0.9929835086510359
7683,2020-05-10,0.004756786357573151,0.9952432136424268
7685,2020-05-10,0.012984744393453984,0.987015255606546
7686,2020-05-10,0.0005090375679049908,0.999490962432095
7688,2020-05-10,0.05861850859097195,0.941381491409028
7692,2020-05-10,0.0020324801755506883,0.9979675198244493
7694,2020-05-10,0.01825963565916433,0.9817403643408357
7695,2020-05-10,0.029200728799881448,0.9707992712001186
7696,2020-05-10,0.0031495614772394376,0.9968504385227606
7697,2020-05-10,0.046945281092083624,0.9530547189079164
7698,2020-05-10,0.022599271979277025,0.977400728020723
7699,2020-05-10,0.019156276862869692,0.9808437231371303
7700,2020-05-10,0.011597027599010823,0.9884029724009892
7701,2020-05-10,0.0317550081216581,0.9682449918783419
7702,2020-05-10,0.010576144329883186,0.9894238556701168
7703,2020-05-10,0.016979353926004026,0.983020646073996
7704,2020-05-10,0.01841653762229778,0.9815834623777022
7706,2020-05-10,0.0024566127006205862,0.9975433872993794
7707,2020-05-10,0.007391465248041351,0.9926085347519586
7708,2020-05-10,0.012513889410040724,0.9874861105899593
7709,2020-05-10,0.04207058994313073,0.9579294100568693
7710,2020-05-10,0.032179730110014515,0.9678202698899855
7711,2020-05-10,0.04381429531446246,0.9561857046855375
7712,2020-05-10,0.02489193749913121,0.9751080625008688
7713,2020-05-10,0.008317040033891554,0.9916829599661084
7714,2020-05-10,0.0067931730552125424,0.9932068269447875
7715,2020-05-10,0.0019986369624171996,0.9980013630375828
7716,2020-05-10,0.007437499881330023,0.99256250011867
7717,2020-05-10,0.04673453270658001,0.95326546729342
7718,2020-05-10,0.012445889556100043,0.9875541104439
7719,2020-05-10,0.009716414397123674,0.9902835856028763
7720,2020-05-10,0.015085332623429926,0.9849146673765701
7721,2020-05-10,0.002892791883658985,0.997107208116341
7722,2020-05-10,0.011860188552148987,0.988139811447851
7723,2020-05-10,0.008416154922153751,0.9915838450778462
7724,2020-05-10,0.013671640702930032,0.98632835929707
7725,2020-05-10,0.07702810338749277,0.9229718966125072
7727,2020-05-10,0.05094409445295156,0.9490559055470484
7728,2020-05-10,0.03316574352013313,0.9668342564798669
7729,2020-05-10,0.021450455358472786,0.9785495446415272
7730,2020-05-10,0.0027052668211922093,0.9972947331788078
7731,2020-05-10,0.023591513826062838,0.9764084861739372
7732,2020-05-10,0.016162290010676927,0.9838377099893231
7733,2020-05-10,0.06379047065939036,0.9362095293406096
7734,2020-05-10,0.008217790904077482,0.9917822090959225
7735,2020-05-10,0.03289837602674439,0.9671016239732556
7736,2020-05-10,0.020327686364218778,0.9796723136357812
7737,2020-05-10,0.01044619871919683,0.9895538012808032
7738,2020-05-10,0.004744251375796371,0.9952557486242036
7739,2020-05-10,0.00849913748180664,0.9915008625181934
7740,2020-05-10,0.028541018542161734,0.9714589814578383
7741,2020-05-10,0.005500621577627096,0.9944993784223729
7742,2020-05-10,0.026831264505446817,0.9731687354945532
7743,2020-05-10,0.04899420112999897,0.951005798870001
7744,2020-05-10,0.006652895301721418,0.9933471046982786
7745,2020-05-10,0.018150154009315522,0.9818498459906845
7746,2020-05-10,0.0032951753697492148,0.9967048246302508
7747,2020-05-10,0.005757586475622856,0.9942424135243771
7748,2020-05-10,0.00665096816182198,0.993349031838178
7749,2020-05-10,0.028083394091246716,0.9719166059087533
7751,2020-05-10,0.013392290444718347,0.9866077095552817
7752,2020-05-10,0.010696906724148691,0.9893030932758513
7753,2020-05-10,0.012684065205746053,0.987315934794254
7755,2020-05-10,0.1056621810601075,0.8943378189398925
7756,2020-05-10,0.008247146745898215,0.9917528532541018
7757,2020-05-10,0.02025952650641627,0.9797404734935837
7758,2020-05-10,0.024411836413290144,0.9755881635867099
7759,2020-05-10,0.038505032061112554,0.9614949679388874
7760,2020-05-10,0.013233665389803861,0.9867663346101961
7761,2020-05-10,0.014190445967216747,0.9858095540327833
7762,2020-05-10,0.00595690091657064,0.9940430990834294
7763,2020-05-10,0.017576717842664458,0.9824232821573355
7765,2020-05-10,0.01026838432998578,0.9897316156700142
7766,2020-05-10,0.004915010007412901,0.9950849899925871
7767,2020-05-10,0.03530792599477128,0.9646920740052287
7768,2020-05-10,0.002769613080195521,0.9972303869198045
7769,2020-05-10,0.011307458885368216,0.9886925411146318
7770,2020-05-10,0.012683673656052497,0.9873163263439475
7771,2020-05-10,0.0035895613171614826,0.9964104386828385
7772,2020-05-10,0.0051016540995404425,0.9948983459004596
7773,2020-05-10,0.005120191732297497,0.9948798082677025
7774,2020-05-10,0.004382966091533547,0.9956170339084665
7775,2020-05-10,0.003347259073947395,0.9966527409260526
7776,2020-05-10,0.020549102110164363,0.9794508978898356
7777,2020-05-10,0.011631196432834612,0.9883688035671654
7778,2020-05-10,0.011145886171332497,0.9888541138286675
7779,2020-05-10,0.009372756144448102,0.9906272438555519
7780,2020-05-10,0.03481140701407415,0.9651885929859259
7781,2020-05-10,0.007449390812844681,0.9925506091871553
7782,2020-05-10,0.03541096740702965,0.9645890325929704
7783,2020-05-10,0.007433335691195975,0.992566664308804
7784,2020-05-10,0.016334870969441195,0.9836651290305588
7785,2020-05-10,0.007753725140578149,0.9922462748594219
7786,2020-05-10,0.007153752760439613,0.9928462472395604
7787,2020-05-10,0.04742487317452704,0.952575126825473
7788,2020-05-10,0.04366340446036954,0.9563365955396305
7789,2020-05-10,0.006522709064941901,0.9934772909350581
7790,2020-05-10,0.019629005774491892,0.9803709942255081
7791,2020-05-10,0.014461149859610112,0.9855388501403899
7792,2020-05-10,0.0035961254800723763,0.9964038745199276
7793,2020-05-10,0.0021672935403376226,0.9978327064596624
7794,2020-05-10,0.04708597387880986,0.9529140261211901
7795,2020-05-10,0.012264285334245062,0.9877357146657549
7798,2020-05-10,0.04225400028418813,0.9577459997158119
7799,2020-05-10,0.008806668216766012,0.991193331783234
7801,2020-05-10,0.022645842289438556,0.9773541577105614
7802,2020-05-10,0.02782622129181389,0.9721737787081861
7803,2020-05-10,0.09382223067844331,0.9061777693215567
7804,2020-05-10,0.014254213034006202,0.9857457869659938
7805,2020-05-10,0.030999670950483615,0.9690003290495164
7806,2020-05-10,0.0158858588275812,0.9841141411724188
7807,2020-05-10,0.01211492782303425,0.9878850721769658
7808,2020-05-10,0.04925278052025739,0.9507472194797426
7810,2020-05-10,0.0013750368294589421,0.9986249631705411
7811,2020-05-10,0.03114510311513896,0.968854896884861
7812,2020-05-10,0.008147264833305523,0.9918527351666945
7813,2020-05-10,0.0034428682702722924,0.9965571317297277
7814,2020-05-10,0.022177986289421137,0.9778220137105789
7815,2020-05-10,0.0031806889204657462,0.9968193110795343
7816,2020-05-10,0.013932649298035171,0.9860673507019648
7817,2020-05-10,0.017139955906163573,0.9828600440938364
7818,2020-05-10,0.03884334807119505,0.961156651928805
7819,2020-05-10,0.015957099382644446,0.9840429006173556
7820,2020-05-10,0.011713098819761014,0.988286901180239
7821,2020-05-10,0.014996381871173692,0.9850036181288263
7822,2020-05-10,0.037339108512409847,0.9626608914875902
7823,2020-05-10,0.0058845990999222275,0.9941154009000778
7824,2020-05-10,0.01744958236443772,0.9825504176355623
7825,2020-05-10,0.010988508451685308,0.9890114915483147
7826,2020-05-10,0.04614858057483073,0.9538514194251693
7827,2020-05-10,0.009465509468057465,0.9905344905319425
7828,2020-05-10,0.016656164837654863,0.9833438351623451
7829,2020-05-10,0.008745756935713334,0.9912542430642867
7830,2020-05-10,0.004637489463362954,0.995362510536637
7831,2020-05-10,0.005119953214749451,0.9948800467852505
7832,2020-05-10,0.009582975512777647,0.9904170244872224
7833,2020-05-10,0.0027914820632997106,0.9972085179367003
7834,2020-05-10,0.12091013113995752,0.8790898688600425
7836,2020-05-10,0.016241970797627348,0.9837580292023727
7837,2020-05-10,0.014779887779050593,0.9852201122209494
7839,2020-05-10,0.017177250365984387,0.9828227496340156
7840,2020-05-10,0.016300988249376425,0.9836990117506236
7841,2020-05-10,0.019767601609416263,0.9802323983905837
7842,2020-05-10,0.0279816516956356,0.9720183483043644
7843,2020-05-10,0.0139291132288063,0.9860708867711937
7844,2020-05-10,0.043075856248422806,0.9569241437515772
7847,2020-05-10,0.017420013415643476,0.9825799865843565
7848,2020-05-10,0.005323254144856238,0.9946767458551438
7849,2020-05-10,0.024849076584908425,0.9751509234150916
7850,2020-05-10,0.012685949709587474,0.9873140502904125
7851,2020-05-10,0.0048900665982287705,0.9951099334017712
7852,2020-05-10,0.05114209191742969,0.9488579080825703
7853,2020-05-10,0.042450451017397084,0.9575495489826029
7854,2020-05-10,0.01152405698607517,0.9884759430139248
7855,2020-05-10,0.0077321292108544215,0.9922678707891456
7856,2020-05-10,0.02297088583234763,0.9770291141676524
7858,2020-05-10,0.017081265892561315,0.9829187341074387
7859,2020-05-10,0.0032613447176190746,0.9967386552823809
7860,2020-05-10,0.011386538418783121,0.9886134615812169
7861,2020-05-10,0.004364197691134608,0.9956358023088654
7862,2020-05-10,0.007588187045274086,0.9924118129547259
7863,2020-05-10,0.00833954985773988,0.9916604501422601
7864,2020-05-10,0.014637384346849913,0.9853626156531501
7865,2020-05-10,0.0028352583659687625,0.9971647416340312
7866,2020-05-10,0.006924449406205513,0.9930755505937945
7867,2020-05-10,0.020790846416048447,0.9792091535839516
7869,2020-05-10,0.022361976835035824,0.9776380231649642
7870,2020-05-10,0.0019297010998169384,0.9980702989001831
7874,2020-05-10,0.026297822834673634,0.9737021771653264
7875,2020-05-10,0.0008921590434295412,0.9991078409565705
7876,2020-05-10,0.05080058868871529,0.9491994113112847
7877,2020-05-10,0.008207050480940947,0.991792949519059
7878,2020-05-10,0.1297341035382622,0.8702658964617378
7879,2020-05-10,0.016109667854290022,0.98389033214571
7880,2020-05-10,0.012926367984743226,0.9870736320152568
7881,2020-05-10,0.012189753366375511,0.9878102466336245
7882,2020-05-10,0.00626973559963484,0.9937302644003652
7883,2020-05-10,0.06924789641595952,0.9307521035840405
7885,2020-05-10,0.059338678911305065,0.9406613210886949
7886,2020-05-10,0.04453987977493601,0.955460120225064
7887,2020-05-10,0.009438856357762981,0.990561143642237
7888,2020-05-10,0.010902601579980575,0.9890973984200194
7889,2020-05-10,0.01586907331287346,0.9841309266871265
7890,2020-05-10,0.0037812021183637468,0.9962187978816363
7891,2020-05-10,0.022352655142475086,0.9776473448575249
7892,2020-05-10,0.0680284822293381,0.9319715177706619
7893,2020-05-10,0.04238656093753035,0.9576134390624697
7894,2020-05-10,0.05588937000080263,0.9441106299991974
7895,2020-05-10,0.011600915954086966,0.988399084045913
7896,2020-05-10,0.024867534261118096,0.9751324657388819
7897,2020-05-10,0.003220650227091282,0.9967793497729087
7898,2020-05-10,0.005174928539484092,0.9948250714605159
7899,2020-05-10,0.005601475776295661,0.9943985242237043
7900,2020-05-10,0.02057655029617289,0.9794234497038271
7902,2020-05-10,0.007570563017602172,0.9924294369823978
7903,2020-05-10,0.017497052889231646,0.9825029471107684
7904,2020-05-10,0.024751331399587517,0.9752486686004125
7905,2020-05-10,0.02519557977008946,0.9748044202299105
7906,2020-05-10,0.01767454772884658,0.9823254522711534
7907,2020-05-10,0.0038500135715719974,0.996149986428428
7909,2020-05-10,0.011342389117480645,0.9886576108825194
7910,2020-05-10,0.013111634528031546,0.9868883654719685
7911,2020-05-10,0.021416227831258627,0.9785837721687414
7912,2020-05-10,0.014873297121490991,0.985126702878509
7913,2020-05-10,0.022999008101217244,0.9770009918987828
7914,2020-05-10,0.01975542483430759,0.9802445751656924
7915,2020-05-10,0.006629867127425859,0.9933701328725741
7916,2020-05-10,0.01220374306289429,0.9877962569371057
7917,2020-05-10,0.005958078863996352,0.9940419211360036
7918,2020-05-10,0.03170716562824483,0.9682928343717552
7919,2020-05-10,0.008120343496757054,0.991879656503243
7920,2020-05-10,0.013603746490915669,0.9863962535090843
7921,2020-05-10,0.01278178958918419,0.9872182104108158
7922,2020-05-10,0.040145060170634794,0.9598549398293652
7923,2020-05-10,0.013498091323385863,0.9865019086766141
7924,2020-05-10,0.015335800124510968,0.984664199875489
7925,2020-05-10,0.006374938145685682,0.9936250618543143
7926,2020-05-10,0.006950686247328752,0.9930493137526712
7927,2020-05-10,0.014628840123450448,0.9853711598765496
7928,2020-05-10,0.013633103917158218,0.9863668960828418
7929,2020-05-10,0.0024255139709176143,0.9975744860290824
7930,2020-05-10,0.02056056311912524,0.9794394368808748
7931,2020-05-10,0.02457781166131079,0.9754221883386892
7933,2020-05-10,0.013730153704581527,0.9862698462954185
7934,2020-05-10,0.023366012480376064,0.9766339875196239
7935,2020-05-10,0.013610769992462024,0.986389230007538
7936,2020-05-10,0.014756642059044145,0.9852433579409559
7937,2020-05-10,0.02832391959065106,0.9716760804093489
7938,2020-05-10,0.021141996084822368,0.9788580039151776
7939,2020-05-10,0.029399706810401383,0.9706002931895986
7940,2020-05-10,0.006777831713863924,0.9932221682861361
7941,2020-05-10,0.007918514124373277,0.9920814858756267
7942,2020-05-10,0.02181915699550685,0.9781808430044932
7943,2020-05-10,0.013946732074243462,0.9860532679257565
7944,2020-05-10,0.03799054061433593,0.9620094593856641
7945,2020-05-10,0.015742470199308634,0.9842575298006914
7946,2020-05-10,0.017256381942952426,0.9827436180570476
7947,2020-05-10,0.032389132117365604,0.9676108678826344
7948,2020-05-10,0.003753572532031013,0.996246427467969
7949,2020-05-10,0.027071594322512937,0.9729284056774871
7950,2020-05-10,0.13981854090825763,0.8601814590917424
7951,2020-05-10,0.04271940395246232,0.9572805960475377
7952,2020-05-10,0.006866342448512031,0.993133657551488
7954,2020-05-10,0.006748888297909206,0.9932511117020908
7955,2020-05-10,0.0163583538148937,0.9836416461851063
7956,2020-05-10,0.015903788008980846,0.9840962119910192
7957,2020-05-10,0.005802438112976316,0.9941975618870237
7958,2020-05-10,0.04083602886135873,0.9591639711386413
7959,2020-05-10,0.011913903070980392,0.9880860969290196
7960,2020-05-10,0.004185087278281707,0.9958149127217183
7961,2020-05-10,0.011632743361608022,0.988367256638392
7962,2020-05-10,0.003337832290057019,0.996662167709943
7963,2020-05-10,0.002667615817481761,0.9973323841825182
7964,2020-05-10,0.012775500799365735,0.9872244992006343
7965,2020-05-10,0.005018413802159394,0.9949815861978406
7967,2020-05-10,0.08465382869828875,0.9153461713017113
7968,2020-05-10,0.03195265374139966,0.9680473462586003
7969,2020-05-10,0.0014816056711721703,0.9985183943288278
7970,2020-05-10,0.01559691629352511,0.9844030837064749
7971,2020-05-10,0.01910174045520141,0.9808982595447986
7972,2020-05-10,0.008915168893487202,0.9910848311065128
7973,2020-05-10,0.036667727689032814,0.9633322723109672
7975,2020-05-10,0.03718282933533479,0.9628171706646652
7976,2020-05-10,0.004673915845181953,0.995326084154818
7977,2020-05-10,0.004471324366766338,0.9955286756332337
7978,2020-05-10,0.019239393619854606,0.9807606063801454
7979,2020-05-10,0.003456932895675835,0.9965430671043242
7980,2020-05-10,0.025359595347821173,0.9746404046521788
7981,2020-05-10,0.02218128646958284,0.9778187135304172
7982,2020-05-10,0.005529731589808962,0.994470268410191
7983,2020-05-10,0.008815986657553232,0.9911840133424468
7984,2020-05-10,0.03549213504865667,0.9645078649513433
7985,2020-05-10,0.004771425677279728,0.9952285743227203
7986,2020-05-10,0.01122612711367299,0.988773872886327
7987,2020-05-10,0.010132757134307835,0.9898672428656922
7988,2020-05-10,0.0028445587160341734,0.9971554412839658
7989,2020-05-10,0.02386454592583087,0.9761354540741691
7993,2020-05-10,0.027380538337470894,0.9726194616625291
7994,2020-05-10,0.014954483830020404,0.9850455161699796
7996,2020-05-10,0.024456746082436753,0.9755432539175632
7997,2020-05-10,0.015123457260111217,0.9848765427398888
7998,2020-05-10,0.009030989875092876,0.9909690101249071
7999,2020-05-10,0.009931710021882423,0.9900682899781176
8000,2020-05-10,0.009238382051697136,0.9907616179483029
8001,2020-05-10,0.01643314651293959,0.9835668534870604
8002,2020-05-10,0.015337849853323204,0.9846621501466768
8003,2020-05-10,0.010345115612707012,0.989654884387293
8004,2020-05-10,0.004755846158834065,0.9952441538411659
8005,2020-05-10,0.0019900664893216513,0.9980099335106783
8006,2020-05-10,0.01566864655976563,0.9843313534402344
8007,2020-05-10,0.014381566946857105,0.9856184330531429
8008,2020-05-10,0.007510136457257399,0.9924898635427426
8009,2020-05-10,0.013825956225525071,0.9861740437744749
8010,2020-05-10,0.04854698813312586,0.9514530118668741
8011,2020-05-10,0.017449075141032666,0.9825509248589673
8012,2020-05-10,0.006847817691355784,0.9931521823086442
8013,2020-05-10,0.0032132854121862398,0.9967867145878138
8014,2020-05-10,0.014540459715048137,0.9854595402849519
8015,2020-05-10,0.013941805257909001,0.986058194742091
8016,2020-05-10,0.017605194071986685,0.9823948059280133
8017,2020-05-10,0.0022338175241640723,0.9977661824758359
8018,2020-05-10,0.0081563789911282,0.9918436210088718
8019,2020-05-10,0.014916534686716387,0.9850834653132836
8020,2020-05-10,0.0049389445244023555,0.9950610554755976
8022,2020-05-10,0.03973935494434544,0.9602606450556546
8023,2020-05-10,0.006999030932330008,0.99300096906767
8024,2020-05-10,0.003259804730313731,0.9967401952696863
8025,2020-05-10,0.051773692402478755,0.9482263075975212
8026,2020-05-10,0.005500108897974587,0.9944998911020254
8027,2020-05-10,0.008323890186268001,0.991676109813732
8028,2020-05-10,0.0035990323149420744,0.9964009676850579
8029,2020-05-10,0.002025163863027424,0.9979748361369726
8030,2020-05-10,0.020181046620619147,0.9798189533793809
8031,2020-05-10,0.008017842416794818,0.9919821575832052
8032,2020-05-10,0.00858488080099118,0.9914151191990088
8033,2020-05-10,0.021251825227111665,0.9787481747728883
8034,2020-05-10,0.021567682471205107,0.9784323175287949
8035,2020-05-10,0.009533870795547794,0.9904661292044522
8036,2020-05-10,0.02487099649433666,0.9751290035056633
8037,2020-05-10,0.004836908353453739,0.9951630916465463
8038,2020-05-10,0.010648236004553446,0.9893517639954466
8040,2020-05-10,0.030777023065913678,0.9692229769340863
8041,2020-05-10,0.05219629766890432,0.9478037023310957
8042,2020-05-10,0.03565656423287977,0.9643434357671202
8043,2020-05-10,0.007253797563114728,0.9927462024368853
8045,2020-05-10,0.019228787271555414,0.9807712127284446
8046,2020-05-10,0.009861673985507857,0.9901383260144921
8047,2020-05-10,0.006913015064979211,0.9930869849350208
8048,2020-05-10,0.023907409083270714,0.9760925909167293
8049,2020-05-10,0.022085547722241694,0.9779144522777583
8051,2020-05-10,0.01247169943735904,0.987528300562641
8052,2020-05-10,0.027565305832451314,0.9724346941675487
8053,2020-05-10,0.01363391086191501,0.986366089138085
8054,2020-05-10,0.007013923598812255,0.9929860764011877
8057,2020-05-10,0.007467537754300313,0.9925324622456997
8058,2020-05-10,0.037408295767987765,0.9625917042320122
8060,2020-05-10,0.009570801397609574,0.9904291986023904
8062,2020-05-10,0.010239973264783098,0.9897600267352169
8063,2020-05-10,0.024223241339193957,0.975776758660806
8064,2020-05-10,0.007077566223098963,0.992922433776901
8065,2020-05-10,0.018361079665257463,0.9816389203347425
8066,2020-05-10,0.032084461379636275,0.9679155386203637
8067,2020-05-10,0.01637731549262611,0.9836226845073739
8068,2020-05-10,0.01344700633152729,0.9865529936684727
8069,2020-05-10,0.024478972365273743,0.9755210276347263
8070,2020-05-10,0.0050556983288017054,0.9949443016711983
8071,2020-05-10,0.0027355249298219864,0.997264475070178
8072,2020-05-10,0.02756558912633733,0.9724344108736627
8073,2020-05-10,0.022814937729382923,0.9771850622706171
8074,2020-05-10,0.009137098052243608,0.9908629019477564
8075,2020-05-10,0.011383104137832722,0.9886168958621673
8076,2020-05-10,0.008339587540754034,0.991660412459246
8077,2020-05-10,0.007235286030940702,0.9927647139690593
8078,2020-05-10,0.013201187315017404,0.9867988126849826
8079,2020-05-10,0.02811779348028931,0.9718822065197107
8080,2020-05-10,0.015888391125824408,0.9841116088741756
8081,2020-05-10,0.006765822757869633,0.9932341772421304
8082,2020-05-10,0.009686412755719798,0.9903135872442802
8083,2020-05-10,0.018934248289468658,0.9810657517105313
8084,2020-05-10,0.010228907250560026,0.98977109274944
8086,2020-05-10,0.013866160408396166,0.9861338395916038
8087,2020-05-10,0.02992299277403765,0.9700770072259624
8088,2020-05-10,0.03924109235382922,0.9607589076461708
8089,2020-05-10,0.01137016056976714,0.9886298394302329
8090,2020-05-10,0.029898704761816663,0.9701012952381833
8091,2020-05-10,0.0478025783466971,0.9521974216533029
8092,2020-05-10,0.04810853811211424,0.9518914618878858
8093,2020-05-10,0.02220363576376727,0.9777963642362327
8095,2020-05-10,0.001747489651713896,0.9982525103482861
8098,2020-05-10,0.029779992261835253,0.9702200077381647
8099,2020-05-10,0.01107495477360898,0.988925045226391
8100,2020-05-10,0.012024609316109047,0.987975390683891
8101,2020-05-10,0.016879636998252012,0.983120363001748
8102,2020-05-10,0.0726876174455301,0.9273123825544699
8103,2020-05-10,0.029007823356184126,0.9709921766438159
8104,2020-05-10,0.005726371354561666,0.9942736286454383
8105,2020-05-10,0.0072989081890288965,0.9927010918109711
8106,2020-05-10,0.0024317099815750476,0.997568290018425
8107,2020-05-10,0.006378314761423032,0.993621685238577
8108,2020-05-10,0.022796290274208042,0.977203709725792
8109,2020-05-10,0.014555200224889542,0.9854447997751105
8110,2020-05-10,0.002863026413023495,0.9971369735869765
8111,2020-05-10,0.003950292811382039,0.996049707188618
8112,2020-05-10,0.009174342752089837,0.9908256572479102
8113,2020-05-10,0.02415043927755467,0.9758495607224453
8114,2020-05-10,0.0023235205118828928,0.9976764794881171
8115,2020-05-10,0.01048356846858356,0.9895164315314164
8116,2020-05-10,0.05387060906811847,0.9461293909318815
8117,2020-05-10,0.02117418615228639,0.9788258138477136
8118,2020-05-10,0.015166677187466004,0.984833322812534
8120,2020-05-10,0.016150334865607352,0.9838496651343926
8122,2020-05-10,0.01610035124452225,0.9838996487554778
8123,2020-05-10,0.016543058286802137,0.9834569417131979
8125,2020-05-10,0.0017140183622502692,0.9982859816377497
8126,2020-05-10,0.00748483233391628,0.9925151676660837
8127,2020-05-10,0.012355102842176224,0.9876448971578238
8128,2020-05-10,0.03031951787657483,0.9696804821234252
8129,2020-05-10,0.017333793654717322,0.9826662063452827
8130,2020-05-10,0.031461227380374046,0.968538772619626
8131,2020-05-10,0.19388411339705047,0.8061158866029495
8132,2020-05-10,0.005983689402729642,0.9940163105972704
8133,2020-05-10,0.021169889414677012,0.978830110585323
8134,2020-05-10,0.004574799146944697,0.9954252008530553
8135,2020-05-10,0.027756725943050897,0.9722432740569491
8136,2020-05-10,0.015850109706283422,0.9841498902937166
8137,2020-05-10,0.010000780085598349,0.9899992199144017
8139,2020-05-10,0.007234163626595347,0.9927658363734047
8140,2020-05-10,0.013551989365653272,0.9864480106343467
8141,2020-05-10,0.01724830555849577,0.9827516944415042
8143,2020-05-10,0.022363161180870672,0.9776368388191293
8144,2020-05-10,0.012941764438172854,0.9870582355618271
8146,2020-05-10,0.021046474931653125,0.9789535250683469
8149,2020-05-10,0.014374020940065235,0.9856259790599348
8150,2020-05-10,0.007456388537055658,0.9925436114629443
8151,2020-05-10,0.010921827628564973,0.989078172371435
8152,2020-05-10,0.02111993327491346,0.9788800667250865
8153,2020-05-10,0.03375173579621327,0.9662482642037867
8154,2020-05-10,0.024283078274191072,0.9757169217258089
8155,2020-05-10,0.014240405814542778,0.9857595941854572
8156,2020-05-10,0.03966046912300547,0.9603395308769945
8158,2020-05-10,0.0019574232014389903,0.998042576798561
8159,2020-05-10,0.05967011636412345,0.9403298836358766
8160,2020-05-10,0.008063536903360924,0.9919364630966391
8161,2020-05-10,0.02477295493699061,0.9752270450630094
8162,2020-05-10,0.06497400664079345,0.9350259933592066
8163,2020-05-10,0.04461465266878739,0.9553853473312126
8164,2020-05-10,0.003015517847340443,0.9969844821526596
8165,2020-05-10,0.012894741719179703,0.9871052582808203
8167,2020-05-10,0.0032678306968384474,0.9967321693031616
8168,2020-05-10,0.0285492788977445,0.9714507211022555
8169,2020-05-10,0.006007592028458242,0.9939924079715418
8170,2020-05-10,0.010088282127900694,0.9899117178720993
8171,2020-05-10,0.011747185417405714,0.9882528145825943
8173,2020-05-10,0.01975400863555965,0.9802459913644403
8174,2020-05-10,0.002536816191502256,0.9974631838084977
8175,2020-05-10,0.03141502309404354,0.9685849769059565
8176,2020-05-10,0.01682145319779982,0.9831785468022002
8177,2020-05-10,0.1332887967081241,0.8667112032918759
8178,2020-05-10,0.015105479089239204,0.9848945209107608
8179,2020-05-10,0.029525138656808503,0.9704748613431915
8180,2020-05-10,0.0063902350574643885,0.9936097649425356
8181,2020-05-10,0.0008415515150468345,0.9991584484849532
8182,2020-05-10,0.0270871344866761,0.9729128655133239
8183,2020-05-10,0.014646089347795765,0.9853539106522042
8184,2020-05-10,0.010034161255235152,0.9899658387447648
8186,2020-05-10,0.01385420098535517,0.9861457990146448
8187,2020-05-10,0.004020246544283124,0.9959797534557169
8188,2020-05-10,0.009892228318497454,0.9901077716815025
8189,2020-05-10,0.030272643543518885,0.9697273564564811
8190,2020-05-10,0.043313063818186115,0.9566869361818139
8191,2020-05-10,0.009068540689886717,0.9909314593101133
8194,2020-05-10,0.0032319189864475906,0.9967680810135524
8195,2020-05-10,0.004705729479693721,0.9952942705203063
8196,2020-05-10,0.05153539455477463,0.9484646054452254
8197,2020-05-10,0.019681770470196036,0.980318229529804
8198,2020-05-10,0.016449498647097327,0.9835505013529027
8200,2020-05-10,0.0039192309839782835,0.9960807690160217
8201,2020-05-10,0.016037316191903073,0.9839626838080969
8202,2020-05-10,0.004040067642902545,0.9959599323570975
8203,2020-05-10,0.011803898752148823,0.9881961012478512
8204,2020-05-10,0.009148349164194047,0.990851650835806
8205,2020-05-10,0.0023716631882469974,0.997628336811753
8206,2020-05-10,0.005775029523346964,0.994224970476653
8208,2020-05-10,0.03112197068242739,0.9688780293175726
8211,2020-05-10,0.03319982011950373,0.9668001798804963
8212,2020-05-10,0.009525028360110821,0.9904749716398892
8213,2020-05-10,0.010351952653203877,0.9896480473467961
8214,2020-05-10,0.02954764115412134,0.9704523588458787
8215,2020-05-10,0.025369109745853158,0.9746308902541468
8216,2020-05-10,0.005341462332596358,0.9946585376674036
8218,2020-05-10,0.049369548003939,0.950630451996061
8219,2020-05-10,0.008500647976367737,0.9914993520236323
8220,2020-05-10,0.00800561841748837,0.9919943815825116
8221,2020-05-10,0.002839845139029573,0.9971601548609704
8222,2020-05-10,0.025795691791629216,0.9742043082083708
8223,2020-05-10,0.040580077568746487,0.9594199224312535
8224,2020-05-10,0.020028976971676604,0.9799710230283234
8225,2020-05-10,0.009903640649028378,0.9900963593509716
8226,2020-05-10,0.021002177973747482,0.9789978220262525
8227,2020-05-10,0.01640368782759971,0.9835963121724003
8228,2020-05-10,0.02754838241902502,0.972451617580975
8229,2020-05-10,0.014972019208464804,0.9850279807915352
8230,2020-05-10,0.0068603542708097764,0.9931396457291902
8231,2020-05-10,0.030749940825179123,0.9692500591748209
8232,2020-05-10,0.021111948014592152,0.9788880519854078
8233,2020-05-10,0.04946661219609172,0.9505333878039083
8234,2020-05-10,0.006405297787502651,0.9935947022124973
8235,2020-05-10,0.01520764311027123,0.9847923568897288
8236,2020-05-10,0.00879096182288186,0.9912090381771181
8237,2020-05-10,0.021996878486559512,0.9780031215134405
8239,2020-05-10,0.05153533398275534,0.9484646660172447
8240,2020-05-10,0.009384627080779251,0.9906153729192207
8241,2020-05-10,0.007273870707802166,0.9927261292921978
8242,2020-05-10,0.010455846152482295,0.9895441538475177
8243,2020-05-10,0.0046309090559016886,0.9953690909440983
8244,2020-05-10,0.010538627802120226,0.9894613721978798
8245,2020-05-10,0.02540311903793646,0.9745968809620635
8246,2020-05-10,0.004372988215149087,0.9956270117848509
8247,2020-05-10,0.023114843563587395,0.9768851564364126
8248,2020-05-10,0.0185828030318268,0.9814171969681732
8249,2020-05-10,0.024424179554350722,0.9755758204456493
8250,2020-05-10,0.021351528701679223,0.9786484712983208
8251,2020-05-10,0.007072633526344796,0.9929273664736552
8252,2020-05-10,0.017383923092023856,0.9826160769079761
8253,2020-05-10,0.0043281418385388015,0.9956718581614612
8254,2020-05-10,0.010045523028504588,0.9899544769714954
8255,2020-05-10,0.0017041425532574594,0.9982958574467425
8256,2020-05-10,0.02049109405667937,0.9795089059433206
8257,2020-05-10,0.022298157275455033,0.977701842724545
8258,2020-05-10,0.004328695044794051,0.995671304955206
8259,2020-05-10,0.042646875598438605,0.9573531244015614
8260,2020-05-10,0.0037172600985291293,0.9962827399014709
8262,2020-05-10,0.021664188367042425,0.9783358116329576
8263,2020-05-10,0.007262270677817817,0.9927377293221822
8264,2020-05-10,0.03763552722115815,0.9623644727788419
8265,2020-05-10,0.0032639061100300237,0.99673609388997
8266,2020-05-10,0.003666194317964111,0.9963338056820359
8267,2020-05-10,0.0012379871245121743,0.9987620128754878
8268,2020-05-10,0.006855502779228861,0.9931444972207711
8270,2020-05-10,0.01438785033788259,0.9856121496621174
8272,2020-05-10,0.03391465647296388,0.9660853435270361
8273,2020-05-10,0.010976635317188066,0.9890233646828119
8274,2020-05-10,0.012230322931636839,0.9877696770683632
8275,2020-05-10,0.02283998677884591,0.9771600132211541
8276,2020-05-10,0.0031279653258516893,0.9968720346741483
8277,2020-05-10,0.026615120770403622,0.9733848792295964
8278,2020-05-10,0.0027948869458567227,0.9972051130541433
8279,2020-05-10,0.008179923049015936,0.9918200769509841
8281,2020-05-10,0.005127238057752059,0.9948727619422479
8282,2020-05-10,0.028330142454337404,0.9716698575456626
8283,2020-05-10,0.011734508597325721,0.9882654914026743
8285,2020-05-10,0.005592756357793105,0.9944072436422069
8286,2020-05-10,0.029291836239377256,0.9707081637606227
8287,2020-05-10,0.007428003312426323,0.9925719966875737
8288,2020-05-10,0.06762068052608272,0.9323793194739173
8289,2020-05-10,0.009705178953903215,0.9902948210460968
8290,2020-05-10,0.00214416391377803,0.997855836086222
8291,2020-05-10,0.026357308338644803,0.9736426916613552
8292,2020-05-10,0.005144756285786589,0.9948552437142134
8293,2020-05-10,0.007576857521109148,0.9924231424788909
8295,2020-05-10,0.009926183454861293,0.9900738165451387
8296,2020-05-10,0.019158418955892764,0.9808415810441072
8297,2020-05-10,0.03367702612769541,0.9663229738723046
8298,2020-05-10,0.011080364047056368,0.9889196359529436
8299,2020-05-10,0.02223383816016644,0.9777661618398336
8300,2020-05-10,0.06200693292069259,0.9379930670793074
8301,2020-05-10,0.03287011600095435,0.9671298839990456
8302,2020-05-10,0.04713222417361351,0.9528677758263865
8303,2020-05-10,0.03384003970761207,0.9661599602923879
8304,2020-05-10,0.012107254745301055,0.987892745254699
8305,2020-05-10,0.0020395333640264024,0.9979604666359736
8306,2020-05-10,0.047830288470214866,0.9521697115297851
8307,2020-05-10,0.028444060009992556,0.9715559399900074
8308,2020-05-10,0.010106598207213158,0.9898934017927868
8309,2020-05-10,0.018484389543183877,0.9815156104568161
8310,2020-05-10,0.010046081464688661,0.9899539185353113
8312,2020-05-10,0.0018348000982918444,0.9981651999017082
8313,2020-05-10,0.015673949438839263,0.9843260505611607
8314,2020-05-10,0.0072413356515351746,0.9927586643484648
8315,2020-05-10,0.009374704218187424,0.9906252957818126
8316,2020-05-10,0.0341425611063777,0.9658574388936223
8317,2020-05-10,0.01882225012117078,0.9811777498788292
8318,2020-05-10,0.004805034937252484,0.9951949650627475
8319,2020-05-10,0.01992643189312382,0.9800735681068762
8320,2020-05-10,0.031065547193523835,0.9689344528064762
8321,2020-05-10,0.00770193421408194,0.9922980657859181
8322,2020-05-10,0.026085003995640954,0.973914996004359
8324,2020-05-10,0.010247569611791185,0.9897524303882088
8325,2020-05-10,0.004543153267313582,0.9954568467326864
8326,2020-05-10,0.03543414887975138,0.9645658511202486
8327,2020-05-10,0.013595329263341283,0.9864046707366587
8328,2020-05-10,0.028368615934570074,0.9716313840654299
8329,2020-05-10,0.024309270260347238,0.9756907297396528
8330,2020-05-10,0.013782577173679367,0.9862174228263206
8331,2020-05-10,0.00826997786227468,0.9917300221377253
8332,2020-05-10,0.027304076073464745,0.9726959239265353
8333,2020-05-10,0.004007230124095873,0.9959927698759041
8334,2020-05-10,0.05288295366417628,0.9471170463358237
8335,2020-05-10,0.008509658418725974,0.991490341581274
8336,2020-05-10,0.003760474654059376,0.9962395253459406
8337,2020-05-10,0.020020112142504765,0.9799798878574952
8338,2020-05-10,0.0028863077413396887,0.9971136922586603
8339,2020-05-10,0.0409407360569366,0.9590592639430634
8340,2020-05-10,0.019072340280469002,0.980927659719531
8341,2020-05-10,0.01711890577090902,0.982881094229091
8342,2020-05-10,0.007510709379836444,0.9924892906201636
8343,2020-05-10,0.03077700198983857,0.9692229980101614
8344,2020-05-10,0.014217785892453372,0.9857822141075466
8345,2020-05-10,0.041312294538092154,0.9586877054619078
8346,2020-05-10,0.016766562612436142,0.9832334373875639
8347,2020-05-10,0.016315573644823167,0.9836844263551768
8348,2020-05-10,0.02540062446878799,0.974599375531212
8349,2020-05-10,0.0031025608066803656,0.9968974391933196
8350,2020-05-10,0.011433555690715025,0.988566444309285
8351,2020-05-10,0.029105485743075366,0.9708945142569246
8352,2020-05-10,0.01787849226546534,0.9821215077345347
8353,2020-05-10,0.04888658307181237,0.9511134169281876
8354,2020-05-10,0.0018875765197132743,0.9981124234802867
8355,2020-05-10,0.018118271533127728,0.9818817284668723
8356,2020-05-10,0.012271129647150492,0.9877288703528495
8358,2020-05-10,0.07800242597593099,0.921997574024069
8359,2020-05-10,0.008959945284942372,0.9910400547150576
8361,2020-05-10,0.017255139808305175,0.9827448601916948
8362,2020-05-10,0.007063456884601194,0.9929365431153988
8363,2020-05-10,0.008467321612632972,0.991532678387367
8364,2020-05-10,0.0057045467312673015,0.9942954532687327
8365,2020-05-10,0.009423437171406368,0.9905765628285936
8366,2020-05-10,0.01036162240106131,0.9896383775989387
8367,2020-05-10,0.0021650585815289336,0.9978349414184711
8368,2020-05-10,0.019607633070840236,0.9803923669291598
8369,2020-05-10,0.0041921012976953165,0.9958078987023047
8370,2020-05-10,0.006276766678889545,0.9937232333211105
8372,2020-05-10,0.0017738962238348366,0.9982261037761652
8373,2020-05-10,0.02105830317770019,0.9789416968222998
8374,2020-05-10,0.024581587867225307,0.9754184121327747
8375,2020-05-10,0.033320358967368735,0.9666796410326313
8376,2020-05-10,0.03502342044338702,0.964976579556613
8377,2020-05-10,0.026562538210153752,0.9734374617898462
8378,2020-05-10,0.012916914335398322,0.9870830856646017
8379,2020-05-10,0.047092442716257676,0.9529075572837423
8380,2020-05-10,0.004925431461548557,0.9950745685384514
8381,2020-05-10,0.004326674276321274,0.9956733257236787
8382,2020-05-10,0.010033349158748095,0.9899666508412519
8383,2020-05-10,0.01463358939384074,0.9853664106061593
8385,2020-05-10,0.009366321080600537,0.9906336789193995
8386,2020-05-10,0.01605527910499671,0.9839447208950033
8387,2020-05-10,0.0020171761091823948,0.9979828238908176
8388,2020-05-10,0.023803478512699594,0.9761965214873004
8389,2020-05-10,0.0383056101972834,0.9616943898027166
8390,2020-05-10,0.003702362208235388,0.9962976377917646
8391,2020-05-10,0.011199612175196938,0.9888003878248031
8392,2020-05-10,0.012895919533700506,0.9871040804662995
8393,2020-05-10,0.013590224486448088,0.9864097755135519
8394,2020-05-10,0.004147642408398378,0.9958523575916016
8395,2020-05-10,0.028811882447040027,0.97118811755296
8396,2020-05-10,0.012413172982171483,0.9875868270178285
8397,2020-05-10,0.047183217310490355,0.9528167826895096
8398,2020-05-10,0.0009051774929385026,0.9990948225070615
8400,2020-05-10,0.004612994319717401,0.9953870056802826
8401,2020-05-10,0.0504898235916631,0.9495101764083369
8403,2020-05-10,0.0330343539208614,0.9669656460791386
8404,2020-05-10,0.015497792175578895,0.9845022078244211
8405,2020-05-10,0.014141613793550722,0.9858583862064493
8407,2020-05-10,0.0044314324404314265,0.9955685675595686
8408,2020-05-10,0.010899637859849487,0.9891003621401505
8409,2020-05-10,0.013612171741612444,0.9863878282583876
8410,2020-05-10,0.030304402464000568,0.9696955975359994
8411,2020-05-10,0.013865560997407211,0.9861344390025928
8412,2020-05-10,0.05823464518503929,0.9417653548149607
8413,2020-05-10,0.0025726310557198095,0.9974273689442802
8414,2020-05-10,0.02924562259342678,0.9707543774065732
8415,2020-05-10,0.01343601306894826,0.9865639869310517
8416,2020-05-10,0.010206361134530328,0.9897936388654697
8417,2020-05-10,0.05615301025200947,0.9438469897479905
8418,2020-05-10,0.03517560286351984,0.9648243971364802
8420,2020-05-10,0.11336714768115852,0.8866328523188415
8421,2020-05-10,0.003198991273316687,0.9968010087266833
8422,2020-05-10,0.05893334738945322,0.9410666526105468
8423,2020-05-10,0.016319550638983826,0.9836804493610162
8424,2020-05-10,0.01984934817714401,0.980150651822856
8425,2020-05-10,0.01086277638307398,0.989137223616926
8426,2020-05-10,0.012548615240226768,0.9874513847597732
8427,2020-05-10,0.0077201148579327805,0.9922798851420672
8428,2020-05-10,0.003910996057825855,0.9960890039421741
8429,2020-05-10,0.03347811933367084,0.9665218806663292
8430,2020-05-10,0.008705629334046283,0.9912943706659537
8431,2020-05-10,0.014572151828305735,0.9854278481716943
8432,2020-05-10,0.013606661845439239,0.9863933381545608
8433,2020-05-10,0.01095183288777013,0.9890481671122299
8434,2020-05-10,0.019739703504090822,0.9802602964959092
8435,2020-05-10,0.010408057699426543,0.9895919423005735
8436,2020-05-10,0.022159263002776153,0.9778407369972238
8437,2020-05-10,0.0031721954756940285,0.996827804524306
8438,2020-05-10,0.01718984930074874,0.9828101506992513
8440,2020-05-10,0.005410400656341463,0.9945895993436585
8441,2020-05-10,0.0073315056375542476,0.9926684943624458
8442,2020-05-10,0.037639012156458596,0.9623609878435414
8444,2020-05-10,0.04048341447512216,0.9595165855248778
8445,2020-05-10,0.013764265802283737,0.9862357341977163
8446,2020-05-10,0.007458987786599369,0.9925410122134006
8447,2020-05-10,0.026221265722918052,0.973778734277082
8448,2020-05-10,0.004022956984638726,0.9959770430153613
8449,2020-05-10,0.004863640017165105,0.9951363599828349
8450,2020-05-10,0.007889281473496879,0.9921107185265031
8451,2020-05-10,0.0057156004753602385,0.9942843995246398
8452,2020-05-10,0.009569972216019629,0.9904300277839804
8454,2020-05-10,0.022369693273451285,0.9776303067265487
8455,2020-05-10,0.003595568328847887,0.9964044316711521
8456,2020-05-10,0.010450287870179764,0.9895497121298202
8457,2020-05-10,0.07336640083958323,0.9266335991604168
8458,2020-05-10,0.01909300030321681,0.9809069996967832
8459,2020-05-10,0.03395905443769498,0.966040945562305
8460,2020-05-10,0.010578372118976942,0.9894216278810231
8461,2020-05-10,0.03161248666930205,0.968387513330698
8462,2020-05-10,0.017290533370684424,0.9827094666293156
8463,2020-05-10,0.009082188037152439,0.9909178119628476
8464,2020-05-10,0.033018169354707694,0.9669818306452923
8465,2020-05-10,0.014085851475311384,0.9859141485246886
8466,2020-05-10,0.058688259468786974,0.941311740531213
8467,2020-05-10,0.0047860006407793865,0.9952139993592206
8468,2020-05-10,0.008092679506205513,0.9919073204937945
8469,2020-05-10,0.0014064541218338222,0.9985935458781662
8470,2020-05-10,0.003499254762550752,0.9965007452374492
8471,2020-05-10,0.006123836254823156,0.9938761637451768
8472,2020-05-10,0.004419044022532237,0.9955809559774678
8473,2020-05-10,0.004871772755947856,0.9951282272440521
8474,2020-05-10,0.039311997548109545,0.9606880024518905
8475,2020-05-10,0.011415759765253108,0.9885842402347469
8477,2020-05-10,0.013652648300940706,0.9863473516990593
8478,2020-05-10,0.05737648312875898,0.942623516871241
8479,2020-05-10,0.0899714640802517,0.9100285359197483
8480,2020-05-10,0.0182000678075257,0.9817999321924743
8483,2020-05-10,0.01082282780681909,0.9891771721931809
8484,2020-05-10,0.0026859203952426247,0.9973140796047574
8485,2020-05-10,0.018665692586205207,0.9813343074137948
8486,2020-05-10,0.0017589137431103241,0.9982410862568897
8487,2020-05-10,0.024981982616112286,0.9750180173838877
8488,2020-05-10,0.0105405520984303,0.9894594479015697
8489,2020-05-10,0.0022006716054734365,0.9977993283945266
8491,2020-05-10,0.002362191876728703,0.9976378081232713
8492,2020-05-10,0.016567908937413,0.983432091062587
8493,2020-05-10,0.03229506021210271,0.9677049397878973
8494,2020-05-10,0.031442094579653745,0.9685579054203463
8495,2020-05-10,0.01980813990021657,0.9801918600997834
8496,2020-05-10,0.011592170397248136,0.9884078296027519
8497,2020-05-10,0.03001827424705017,0.9699817257529498
8498,2020-05-10,0.01165650699669063,0.9883434930033094
8499,2020-05-10,0.008298312867243918,0.9917016871327561
8500,2020-05-10,0.01545363889192175,0.9845463611080782
8501,2020-05-10,0.013203425200008279,0.9867965747999917
8502,2020-05-10,0.02941943021191673,0.9705805697880833
8503,2020-05-10,0.0025654891927592294,0.9974345108072408
8504,2020-05-10,0.0014958582923025876,0.9985041417076974
8505,2020-05-10,0.006510449794134843,0.9934895502058652
8506,2020-05-10,0.11707066410994593,0.8829293358900541
8507,2020-05-10,0.03278331614947738,0.9672166838505226
8508,2020-05-10,0.028361744421612878,0.9716382555783871
8509,2020-05-10,0.04507451484389313,0.9549254851561069
8510,2020-05-10,0.02550953622087304,0.974490463779127
8511,2020-05-10,0.020996627776954102,0.9790033722230459
8512,2020-05-10,0.03273674031041374,0.9672632596895863
8513,2020-05-10,0.01210438967924965,0.9878956103207504
8514,2020-05-10,0.030263359866616213,0.9697366401333838
8515,2020-05-10,0.005787471627247465,0.9942125283727525
8517,2020-05-10,0.018467432126838323,0.9815325678731617
8518,2020-05-10,0.025599529031195445,0.9744004709688046
8519,2020-05-10,0.0035883359913954083,0.9964116640086046
8521,2020-05-10,0.007708004335996943,0.9922919956640031
8523,2020-05-10,0.014521324891803022,0.985478675108197
8524,2020-05-10,0.041931437464980514,0.9580685625350195
8525,2020-05-10,0.009441946141581337,0.9905580538584187
8526,2020-05-10,0.03264817430708711,0.9673518256929129
8527,2020-05-10,0.07205441993685024,0.9279455800631498
8528,2020-05-10,0.001820570379090447,0.9981794296209096
8529,2020-05-10,0.005364393726840944,0.9946356062731591
8530,2020-05-10,0.024916244099148055,0.975083755900852
8531,2020-05-10,0.021123932875638518,0.9788760671243615
8532,2020-05-10,0.04305438512312676,0.9569456148768732
8533,2020-05-10,0.032393601272851735,0.9676063987271483
8534,2020-05-10,0.019752711565271364,0.9802472884347286
8535,2020-05-10,0.0029279843118511506,0.9970720156881488
8536,2020-05-10,0.006275070257217852,0.9937249297427821
8537,2020-05-10,0.0018344079473998631,0.9981655920526001
8539,2020-05-10,0.003370915657775697,0.9966290843422243
8540,2020-05-10,0.02638374218251105,0.973616257817489
8541,2020-05-10,0.00527738435030467,0.9947226156496953
8542,2020-05-10,0.02820547518760863,0.9717945248123914
8543,2020-05-10,0.007833581632536779,0.9921664183674632
8544,2020-05-10,0.015273042295240957,0.984726957704759
8545,2020-05-10,0.0324913026547029,0.9675086973452971
8546,2020-05-10,0.004716585718743893,0.9952834142812561
8547,2020-05-10,0.019410182060592085,0.9805898179394079
8548,2020-05-10,0.007305675095093722,0.9926943249049063
8549,2020-05-10,0.025260711496868482,0.9747392885031315
8550,2020-05-10,0.1605493881991812,0.8394506118008188
8551,2020-05-10,0.011772461796044298,0.9882275382039557
8552,2020-05-10,0.006313000937047897,0.9936869990629521
8553,2020-05-10,0.03209932938931048,0.9679006706106895
8554,2020-05-10,0.03771196438759239,0.9622880356124076
8555,2020-05-10,0.11416372602518654,0.8858362739748135
8556,2020-05-10,0.002717339754928716,0.9972826602450713
8557,2020-05-10,0.005633605385531926,0.9943663946144681
8558,2020-05-10,0.0011151499650964292,0.9988848500349036
8559,2020-05-10,0.01675758383081083,0.9832424161691892
8560,2020-05-10,0.004856411267714411,0.9951435887322856
8561,2020-05-10,0.018372625304247103,0.9816273746957529
8562,2020-05-10,0.02605492923347197,0.973945070766528
8564,2020-05-10,0.008624020249721198,0.9913759797502788
8565,2020-05-10,0.00919614273311109,0.9908038572668889
8566,2020-05-10,0.015012233079299775,0.9849877669207002
8567,2020-05-10,0.018250460010243996,0.981749539989756
8569,2020-05-10,0.0031928059354571214,0.9968071940645429
8570,2020-05-10,0.022870008190171265,0.9771299918098287
8571,2020-05-10,0.010852604240030872,0.9891473957599691
8572,2020-05-10,0.03809066749454382,0.9619093325054562
8573,2020-05-10,0.0075867872874079145,0.9924132127125921
8574,2020-05-10,0.02467193241382537,0.9753280675861746
8575,2020-05-10,0.023909405614363943,0.9760905943856361
8576,2020-05-10,0.0037830030292638206,0.9962169969707362
8577,2020-05-10,0.03254910523881316,0.9674508947611868
8578,2020-05-10,0.007974366798428889,0.9920256332015711
8579,2020-05-10,0.002481147184282606,0.9975188528157174
8580,2020-05-10,0.01224123169349578,0.9877587683065042
8581,2020-05-10,0.033575170358265294,0.9664248296417347
8582,2020-05-10,0.014759979839041537,0.9852400201609585
8583,2020-05-10,0.03113704192017419,0.9688629580798258
8584,2020-05-10,0.03952183874119408,0.9604781612588059
8586,2020-05-10,0.028930468169488188,0.9710695318305118
8587,2020-05-10,0.0168443157264343,0.9831556842735657
8588,2020-05-10,0.03616938993278507,0.9638306100672149
8589,2020-05-10,0.03414475247783966,0.9658552475221603
8590,2020-05-10,0.005553486530953111,0.9944465134690469
8591,2020-05-10,0.06456557111994166,0.9354344288800583
8592,2020-05-10,0.011244267807627883,0.9887557321923721
8593,2020-05-10,0.011331783037920484,0.9886682169620795
8594,2020-05-10,0.022598614863048705,0.9774013851369513
8595,2020-05-10,0.010125734659315766,0.9898742653406842
8597,2020-05-10,0.04269516517889549,0.9573048348211045
8598,2020-05-10,0.0026469841206377964,0.9973530158793622
8599,2020-05-10,0.008193376673286346,0.9918066233267137
8600,2020-05-10,0.05185319642916886,0.9481468035708311
8601,2020-05-10,0.007643203551262245,0.9923567964487378
8603,2020-05-10,0.03506173683461489,0.9649382631653851
8604,2020-05-10,0.0071227320240740966,0.9928772679759259
8605,2020-05-10,0.02667294323272218,0.9733270567672778
8607,2020-05-10,0.00551375356747652,0.9944862464325235
8608,2020-05-10,0.011884747332270074,0.9881152526677299
8609,2020-05-10,0.014685827860878131,0.9853141721391219
8610,2020-05-10,0.01294884020516518,0.9870511597948348
8611,2020-05-10,0.003369285680354994,0.996630714319645
8612,2020-05-10,0.024256265581343084,0.9757437344186569
8614,2020-05-10,0.0032958082103562436,0.9967041917896438
8615,2020-05-10,0.03135671294361708,0.9686432870563829
8616,2020-05-10,0.01588598951267539,0.9841140104873246
8617,2020-05-10,0.009201213013202536,0.9907987869867975
8618,2020-05-10,0.003338685157132537,0.9966613148428675
8619,2020-05-10,0.007112403855046523,0.9928875961449535
8620,2020-05-10,0.04542015744572925,0.9545798425542708
8621,2020-05-10,0.011502230322591789,0.9884977696774082
8622,2020-05-10,0.00454155722278915,0.9954584427772109
8623,2020-05-10,0.018992211570300732,0.9810077884296993
8624,2020-05-10,0.09531036593917208,0.9046896340608279
8625,2020-05-10,0.005027966910591042,0.994972033089409
8626,2020-05-10,0.008463244778991075,0.9915367552210089
8627,2020-05-10,0.06923218481560356,0.9307678151843964
8628,2020-05-10,0.006030253139997832,0.9939697468600022
8629,2020-05-10,0.0029218956738873425,0.9970781043261127
8630,2020-05-10,0.0038690262593917835,0.9961309737406082
8631,2020-05-10,0.0028559513617338883,0.9971440486382661
8632,2020-05-10,0.018800492146001657,0.9811995078539983
8633,2020-05-10,0.007710063365666708,0.9922899366343333
8634,2020-05-10,0.038198295895525036,0.961801704104475
8635,2020-05-10,0.01277077629289225,0.9872292237071078
8636,2020-05-10,0.012525314672406807,0.9874746853275932
8637,2020-05-10,0.002621547028781701,0.9973784529712183
8638,2020-05-10,0.022697671229676142,0.9773023287703239
8639,2020-05-10,0.010727177223268214,0.9892728227767318
8640,2020-05-10,0.0023362810253858557,0.9976637189746141
8641,2020-05-10,0.05180172521711679,0.9481982747828832
8642,2020-05-10,0.016980166964061905,0.9830198330359381
8643,2020-05-10,0.03817781991230562,0.9618221800876944
8644,2020-05-10,0.007248325208144224,0.9927516747918558
8645,2020-05-10,0.012490854957846076,0.9875091450421539
8646,2020-05-10,0.02499275081152741,0.9750072491884726
8647,2020-05-10,0.0026238083531787693,0.9973761916468212
8648,2020-05-10,0.01418718651652584,0.9858128134834742
8649,2020-05-10,0.01338372014795619,0.9866162798520438
8650,2020-05-10,0.016120998161041733,0.9838790018389583
8651,2020-05-10,0.05592829913545372,0.9440717008645463
8652,2020-05-10,0.017578638834327087,0.9824213611656729
8653,2020-05-10,0.013409158983489822,0.9865908410165102
8654,2020-05-10,0.07722375662851388,0.9227762433714861
8657,2020-05-10,0.018180905520137847,0.9818190944798622
8659,2020-05-10,0.007414779947271466,0.9925852200527285
8660,2020-05-10,0.009470473335259966,0.99052952666474
8661,2020-05-10,0.028022084456619245,0.9719779155433808
8662,2020-05-10,0.007067286152337204,0.9929327138476628
8663,2020-05-10,0.008240426396631806,0.9917595736033682
8665,2020-05-10,0.013528520210658868,0.9864714797893411
8666,2020-05-10,0.006387359164687134,0.9936126408353129
8667,2020-05-10,0.026481698222495687,0.9735183017775043
8669,2020-05-10,0.0050875804575056804,0.9949124195424943
8671,2020-05-10,0.008897442097048902,0.9911025579029511
8672,2020-05-10,0.0171553220805728,0.9828446779194272
8673,2020-05-10,0.025000181350092965,0.974999818649907
8674,2020-05-10,0.008294449157668748,0.9917055508423313
8675,2020-05-10,0.0034853880675145277,0.9965146119324855
8676,2020-05-10,0.024557532101222357,0.9754424678987776
8677,2020-05-10,0.014321875697849595,0.9856781243021504
8679,2020-05-10,0.0307605792704454,0.9692394207295546
8681,2020-05-10,0.054981395060060057,0.9450186049399399
8682,2020-05-10,0.03591499059240899,0.964085009407591
8683,2020-05-10,0.015615732808675897,0.9843842671913241
8684,2020-05-10,0.007792719734934561,0.9922072802650654
8685,2020-05-10,0.01015891670775182,0.9898410832922482
8686,2020-05-10,0.011632602036472206,0.9883673979635278
8687,2020-05-10,0.01946230411536587,0.9805376958846341
8688,2020-05-10,0.03648529339608475,0.9635147066039152
8689,2020-05-10,0.02264586876343533,0.9773541312365647
8691,2020-05-10,0.0457022236916127,0.9542977763083873
8692,2020-05-10,0.006873156436102867,0.9931268435638971
8693,2020-05-10,0.04116722587577981,0.9588327741242202
8694,2020-05-10,0.06345315060661838,0.9365468493933816
8695,2020-05-10,0.009958684144767638,0.9900413158552324
8696,2020-05-10,0.010437086005481877,0.9895629139945181
8697,2020-05-10,0.03997823908785658,0.9600217609121434
8698,2020-05-10,0.014724510860826379,0.9852754891391736
8699,2020-05-10,0.004463019699940118,0.9955369803000599
8700,2020-05-10,0.012197761416823827,0.9878022385831762
8702,2020-05-10,0.018418394843924712,0.9815816051560753
8703,2020-05-10,0.040111438379673015,0.959888561620327
8704,2020-05-10,0.015893492084931293,0.9841065079150687
8706,2020-05-10,0.018780920146598934,0.9812190798534011
8707,2020-05-10,0.006021625667108621,0.9939783743328914
8708,2020-05-10,0.01019038504905434,0.9898096149509457
8709,2020-05-10,0.07231261060746097,0.927687389392539
8710,2020-05-10,0.02605449152967676,0.9739455084703232
8711,2020-05-10,0.002040597600579286,0.9979594023994207
8712,2020-05-10,0.018180337951238523,0.9818196620487615
8713,2020-05-10,0.01750873636730843,0.9824912636326916
8714,2020-05-10,0.06735319592117617,0.9326468040788238
8715,2020-05-10,0.030206586354611265,0.9697934136453887
8716,2020-05-10,0.030724208721627733,0.9692757912783723
8717,2020-05-10,0.0023072756107765935,0.9976927243892234
8718,2020-05-10,0.008866417035800156,0.9911335829641998
8719,2020-05-10,0.008994596500128127,0.9910054034998719
8720,2020-05-10,0.031008399889472682,0.9689916001105273
8721,2020-05-10,0.023210227301900588,0.9767897726980994
8722,2020-05-10,0.018523142436269624,0.9814768575637304
8723,2020-05-10,0.046234990150465394,0.9537650098495346
8724,2020-05-10,0.005342363023294494,0.9946576369767055
8725,2020-05-10,0.022527634376792283,0.9774723656232077
8726,2020-05-10,0.023479230874659973,0.97652076912534
8727,2020-05-10,0.02040423786746204,0.979595762132538
8728,2020-05-10,0.011371811886098149,0.9886281881139019
8729,2020-05-10,0.015065310170301438,0.9849346898296986
8730,2020-05-10,0.08095422332275981,0.9190457766772402
8731,2020-05-10,0.007851773626991743,0.9921482263730083
8732,2020-05-10,0.04716054330093855,0.9528394566990614
8733,2020-05-10,0.022067130373477628,0.9779328696265224
8734,2020-05-10,0.01208536553051931,0.9879146344694807
8735,2020-05-10,0.01155893977054101,0.988441060229459
8737,2020-05-10,0.03418467812333359,0.9658153218766664
8738,2020-05-10,0.018275258906472636,0.9817247410935274
8739,2020-05-10,0.029054111548156736,0.9709458884518433
8741,2020-05-10,0.039855385627350914,0.9601446143726491
8742,2020-05-10,0.008993738903491422,0.9910062610965086
8743,2020-05-10,0.015326254552937124,0.9846737454470629
8744,2020-05-10,0.021237246615872563,0.9787627533841274
8745,2020-05-10,0.005167533548622094,0.9948324664513779
8746,2020-05-10,0.03339550357218046,0.9666044964278195
8747,2020-05-10,0.00798549696193429,0.9920145030380657
8749,2020-05-10,0.01025454620375943,0.9897454537962406
8751,2020-05-10,0.02927155662629355,0.9707284433737065
8752,2020-05-10,0.022563968615821217,0.9774360313841788
8753,2020-05-10,0.03870936815918846,0.9612906318408115
8754,2020-05-10,0.024447669400781913,0.9755523305992181
8755,2020-05-10,0.0035968074656652638,0.9964031925343347
8756,2020-05-10,0.0067753465752389275,0.9932246534247611
8757,2020-05-10,0.03388376254809178,0.9661162374519082
8758,2020-05-10,0.011718966900680194,0.9882810330993198
8759,2020-05-10,0.05077507383684032,0.9492249261631597
8760,2020-05-10,0.006101017241092133,0.9938989827589079
8761,2020-05-10,0.04531144830082612,0.9546885516991739
8762,2020-05-10,0.01359232697132684,0.9864076730286732
8763,2020-05-10,0.009704492136789256,0.9902955078632107
8764,2020-05-10,0.019625163902233678,0.9803748360977663
8765,2020-05-10,0.03440456272350512,0.9655954372764949
8768,2020-05-10,0.014217278610023643,0.9857827213899764
8769,2020-05-10,0.06438840058404416,0.9356115994159558
8770,2020-05-10,0.02580103243630949,0.9741989675636905
8771,2020-05-10,0.015022452664549157,0.9849775473354508
8773,2020-05-10,0.025337349420686994,0.974662650579313
8774,2020-05-10,0.03767983746511949,0.9623201625348805
8775,2020-05-10,0.013551445144362795,0.9864485548556372
8776,2020-05-10,0.017108227515039154,0.9828917724849608
8777,2020-05-10,0.004524368258723266,0.9954756317412767
8779,2020-05-10,0.03895300533326029,0.9610469946667397
8780,2020-05-10,0.0514533336896118,0.9485466663103882
8781,2020-05-10,0.02250993743579499,0.977490062564205
8782,2020-05-10,0.012697268653901861,0.9873027313460981
8783,2020-05-10,0.05006455578697944,0.9499354442130206
8784,2020-05-10,0.03779308182935315,0.9622069181706469
8785,2020-05-10,0.003490568163149854,0.9965094318368501
8787,2020-05-10,0.007445283188824203,0.9925547168111758
8788,2020-05-10,0.0455602526174832,0.9544397473825168
8790,2020-05-10,0.008515129875831917,0.9914848701241681
8791,2020-05-10,0.059128619973237484,0.9408713800267625
8792,2020-05-10,0.011018600831223746,0.9889813991687763
8793,2020-05-10,0.011146509736569832,0.9888534902634302
8794,2020-05-10,0.0369553389255306,0.9630446610744694
8795,2020-05-10,0.008869030812575618,0.9911309691874244
8796,2020-05-10,0.011178109538188874,0.9888218904618111
8797,2020-05-10,0.025519771724550666,0.9744802282754493
8798,2020-05-10,0.03487012937822154,0.9651298706217785
8799,2020-05-10,0.018406737403418583,0.9815932625965814
8800,2020-05-10,0.0027380195173138944,0.9972619804826861
8802,2020-05-10,0.05950392046266595,0.940496079537334
8803,2020-05-10,0.010967218349457908,0.9890327816505421
8805,2020-05-10,0.02672425956399027,0.9732757404360097
8806,2020-05-10,0.009174238116883449,0.9908257618831166
8807,2020-05-10,0.016318705131870392,0.9836812948681296
8809,2020-05-10,0.006816809280842828,0.9931831907191572
8810,2020-05-10,0.0045368687845117606,0.9954631312154882
8811,2020-05-10,0.014902354693138387,0.9850976453068616
8812,2020-05-10,0.008944160583316707,0.9910558394166833
8813,2020-05-10,0.01372057962632156,0.9862794203736784
8814,2020-05-10,0.02382926611772107,0.9761707338822789
8815,2020-05-10,0.01441036476324331,0.9855896352367567
8816,2020-05-10,0.018156736029518505,0.9818432639704815
8817,2020-05-10,0.0039033061517310674,0.9960966938482689
8818,2020-05-10,0.014736706772028318,0.9852632932279717
8819,2020-05-10,0.06771454491243478,0.9322854550875652
8820,2020-05-10,0.016461394062642576,0.9835386059373574
8821,2020-05-10,0.003374197528046574,0.9966258024719534
8822,2020-05-10,0.025598077297004362,0.9744019227029956
8823,2020-05-10,0.023769049834228118,0.9762309501657719
8824,2020-05-10,0.023288056946250912,0.9767119430537491
8825,2020-05-10,0.003051938589697656,0.9969480614103023
8826,2020-05-10,0.047544797437984565,0.9524552025620154
8827,2020-05-10,0.010664138513911792,0.9893358614860882
8828,2020-05-10,0.005844029391970484,0.9941559706080295
8829,2020-05-10,0.001628982145291169,0.9983710178547088
8831,2020-05-10,0.03673710867447155,0.9632628913255284
8832,2020-05-10,0.019568245818196384,0.9804317541818036
8833,2020-05-10,0.003715594443577608,0.9962844055564224
8834,2020-05-10,0.018203570306159156,0.9817964296938408
8835,2020-05-10,0.06765189341003686,0.9323481065899631
8836,2020-05-10,0.011490603599319527,0.9885093964006805
8837,2020-05-10,0.012668906609011654,0.9873310933909883
8838,2020-05-10,0.004065223277556318,0.9959347767224437
8840,2020-05-10,0.05984624996994725,0.9401537500300527
8841,2020-05-10,0.014419441786699405,0.9855805582133006
8842,2020-05-10,0.01165501783873557,0.9883449821612644
8843,2020-05-10,0.04352163108454632,0.9564783689154537
8844,2020-05-10,0.021377230131975677,0.9786227698680243
8845,2020-05-10,0.005384375001521113,0.9946156249984789
8846,2020-05-10,0.011667519593493991,0.988332480406506
8848,2020-05-10,0.050456202087417745,0.9495437979125823
8849,2020-05-10,0.012461927677548834,0.9875380723224512
8850,2020-05-10,0.007857678024817183,0.9921423219751828
8851,2020-05-10,0.04271042303410777,0.9572895769658922
8852,2020-05-10,0.009976281794436659,0.9900237182055633
8853,2020-05-10,0.015297836496285355,0.9847021635037146
8854,2020-05-10,0.0068795903612508535,0.9931204096387491
8856,2020-05-10,0.007404615377084589,0.9925953846229154
8857,2020-05-10,0.00556854196596912,0.9944314580340309
8858,2020-05-10,0.027191518822655025,0.972808481177345
8859,2020-05-10,0.028113133478378072,0.9718868665216219
8860,2020-05-10,0.011493066153985598,0.9885069338460144
8861,2020-05-10,0.002219490679523539,0.9977805093204765
8862,2020-05-10,0.02383020233588984,0.9761697976641102
8863,2020-05-10,0.009336983527631348,0.9906630164723687
8864,2020-05-10,0.03914268521214703,0.960857314787853
8865,2020-05-10,0.0040172481547108285,0.9959827518452892
8866,2020-05-10,0.0010263005232514777,0.9989736994767485
8867,2020-05-10,0.009388493188526303,0.9906115068114737
8868,2020-05-10,0.015105189916899464,0.9848948100831005
8869,2020-05-10,0.030602225493368884,0.9693977745066311
8870,2020-05-10,0.001703426606715075,0.9982965733932849
8871,2020-05-10,0.02069632649519826,0.9793036735048017
8872,2020-05-10,0.004505738213118837,0.9954942617868812
8873,2020-05-10,0.004696662296787557,0.9953033377032124
8874,2020-05-10,0.013343889832879374,0.9866561101671206
8876,2020-05-10,0.015282988284831656,0.9847170117151683
8877,2020-05-10,0.009195803324476781,0.9908041966755232
8878,2020-05-10,0.038274131852736315,0.9617258681472637
8879,2020-05-10,0.005162982641550018,0.99483701735845
8881,2020-05-10,0.005755319350374877,0.9942446806496251
8882,2020-05-10,0.07639618564886985,0.9236038143511301
8883,2020-05-10,0.010752442109638771,0.9892475578903612
8884,2020-05-10,0.031134996706336238,0.9688650032936638
8885,2020-05-10,0.051167261042069256,0.9488327389579307
8886,2020-05-10,0.005758842053671276,0.9942411579463287
8887,2020-05-10,0.0029097983497433644,0.9970902016502566
8888,2020-05-10,0.016828517821498523,0.9831714821785015
8889,2020-05-10,0.05743109142600167,0.9425689085739983
8890,2020-05-10,0.017122953694914234,0.9828770463050858
8891,2020-05-10,0.017897218874661225,0.9821027811253388
8892,2020-05-10,0.005686321143067996,0.994313678856932
8893,2020-05-10,0.020717154807009197,0.9792828451929908
8894,2020-05-10,0.01898221106715392,0.9810177889328461
8895,2020-05-10,0.04073530445978424,0.9592646955402158
8896,2020-05-10,0.009509779185758571,0.9904902208142414
8898,2020-05-10,0.012496918335213048,0.987503081664787
8899,2020-05-10,0.0071425455566499485,0.99285745444335
8900,2020-05-10,0.0015971489202180056,0.998402851079782
8901,2020-05-10,0.012656856467784694,0.9873431435322153
8902,2020-05-10,0.017749837636198418,0.9822501623638016
8903,2020-05-10,0.010769701703254198,0.9892302982967458
8904,2020-05-10,0.006762061861986801,0.9932379381380132
8905,2020-05-10,0.014286012704819884,0.9857139872951801
8906,2020-05-10,0.0790328253957504,0.9209671746042496
8907,2020-05-10,0.024590834893244096,0.9754091651067559
8909,2020-05-10,0.02389428550441597,0.976105714495584
8910,2020-05-10,0.0013300503274688014,0.9986699496725312
8911,2020-05-10,0.011311798644948134,0.9886882013550519
8912,2020-05-10,0.007484647395640698,0.9925153526043593
8913,2020-05-10,0.004397972583639054,0.995602027416361
8914,2020-05-10,0.00842955262158429,0.9915704473784157
8915,2020-05-10,0.037457773962598195,0.9625422260374018
8916,2020-05-10,0.03615789679244763,0.9638421032075524
8917,2020-05-10,0.013215075070230009,0.98678492492977
8918,2020-05-10,0.05510706706792046,0.9448929329320795
8919,2020-05-10,0.025209206958290986,0.974790793041709
8920,2020-05-10,0.006989598429419708,0.9930104015705803
8921,2020-05-10,0.013905292448995854,0.9860947075510041
8922,2020-05-10,0.005086734605831089,0.9949132653941689
8924,2020-05-10,0.027225700381009688,0.9727742996189903
8925,2020-05-10,0.018893162653994433,0.9811068373460056
8926,2020-05-10,0.027255334508095475,0.9727446654919045
8927,2020-05-10,0.040978484465701626,0.9590215155342984
8929,2020-05-10,0.010426391782712097,0.9895736082172879
8930,2020-05-10,0.020914489832644545,0.9790855101673555
8931,2020-05-10,0.006497619951250755,0.9935023800487492
8932,2020-05-10,0.008403659019103449,0.9915963409808966
8933,2020-05-10,0.003398582840189235,0.9966014171598108
8935,2020-05-10,0.03154777463741121,0.9684522253625888
8936,2020-05-10,0.04568034766198681,0.9543196523380132
8937,2020-05-10,0.039425382802316666,0.9605746171976833
8938,2020-05-10,0.00446179403336,0.99553820596664
8939,2020-05-10,0.00700903578868628,0.9929909642113137
8940,2020-05-10,0.008617388236879187,0.9913826117631208
8941,2020-05-10,0.004163937475557988,0.995836062524442
8942,2020-05-10,0.02139497639728849,0.9786050236027115
8943,2020-05-10,0.007772708652394766,0.9922272913476052
8944,2020-05-10,0.009382377202874825,0.9906176227971252
8945,2020-05-10,0.008509743451407092,0.9914902565485929
8946,2020-05-10,0.05852219067499331,0.9414778093250067
8947,2020-05-10,0.004615395388124388,0.9953846046118756
8948,2020-05-10,0.004453656896104774,0.9955463431038952
8949,2020-05-10,0.06084407749789078,0.9391559225021092
8950,2020-05-10,0.014772923970622576,0.9852270760293774
8951,2020-05-10,0.006577714144183955,0.993422285855816
8952,2020-05-10,0.06932392623140005,0.9306760737686
8953,2020-05-10,0.019114088423622944,0.9808859115763771
8954,2020-05-10,0.017177893588648185,0.9828221064113518
8956,2020-05-10,0.05223091855428186,0.9477690814457181
8958,2020-05-10,0.029776566338585164,0.9702234336614148
8959,2020-05-10,0.013402809617087619,0.9865971903829124
8960,2020-05-10,0.014909508115228176,0.9850904918847718
8961,2020-05-10,0.009217260946177919,0.9907827390538221
8962,2020-05-10,0.022197691746504544,0.9778023082534955
8963,2020-05-10,0.001964704218047175,0.9980352957819528
8964,2020-05-10,0.004665782411989006,0.995334217588011
8965,2020-05-10,0.0017330603586644955,0.9982669396413355
8966,2020-05-10,0.015432080919496438,0.9845679190805036
8967,2020-05-10,0.005007339284980206,0.9949926607150198
8968,2020-05-10,0.01272216903364154,0.9872778309663585
8969,2020-05-10,0.005889946490499898,0.9941100535095001
8970,2020-05-10,0.007900906770820115,0.9920990932291799
8971,2020-05-10,0.07774468633478182,0.9222553136652182
8972,2020-05-10,0.03518486255220399,0.964815137447796
8973,2020-05-10,0.015224725331274724,0.9847752746687253
8974,2020-05-10,0.02052920366705191,0.9794707963329481
8975,2020-05-10,0.02298909195064902,0.977010908049351
8977,2020-05-10,0.03183168622884602,0.968168313771154
8978,2020-05-10,0.003551767978102749,0.9964482320218973
8979,2020-05-10,0.004209655652396949,0.995790344347603
8980,2020-05-10,0.0237668581972168,0.9762331418027832
8981,2020-05-10,0.007167327246332178,0.9928326727536678
8982,2020-05-10,0.0033735314952421103,0.9966264685047579
8984,2020-05-10,0.020874516316632508,0.9791254836833675
8985,2020-05-10,0.005311555346479202,0.9946884446535208
8987,2020-05-10,0.017542690092079427,0.9824573099079206
8988,2020-05-10,0.007507373328802136,0.9924926266711979
8989,2020-05-10,0.011227511881684471,0.9887724881183155
8990,2020-05-10,0.02094091828797806,0.9790590817120219
8991,2020-05-10,0.020893977813208453,0.9791060221867915
8992,2020-05-10,0.05994230121044852,0.9400576987895515
8993,2020-05-10,0.049448172873543195,0.9505518271264568
8994,2020-05-10,0.005560391907855178,0.9944396080921448
8995,2020-05-10,0.026790801883934123,0.9732091981160659
8997,2020-05-10,0.020423495286060245,0.9795765047139398
8998,2020-05-10,0.026512907507256545,0.9734870924927435
8999,2020-05-10,0.0038347475831541633,0.9961652524168458
9000,2020-05-10,0.013755614362950919,0.9862443856370491
9001,2020-05-10,0.013490257055302268,0.9865097429446977
9002,2020-05-10,0.02237586701623917,0.9776241329837608
9003,2020-05-10,0.007582646755820099,0.9924173532441799
9005,2020-05-10,0.02801451802462629,0.9719854819753737
9006,2020-05-10,0.020879171653435447,0.9791208283465646
9007,2020-05-10,0.0013875439775570264,0.998612456022443
9008,2020-05-10,0.0634426969120695,0.9365573030879305
9009,2020-05-10,0.0814723946112188,0.9185276053887812
9010,2020-05-10,0.025932805621521338,0.9740671943784787
9011,2020-05-10,0.023975080928697823,0.9760249190713022
9012,2020-05-10,0.03675356632255966,0.9632464336774403
9013,2020-05-10,0.03079488471987002,0.96920511528013
9014,2020-05-10,0.06228948882508478,0.9377105111749152
9015,2020-05-10,0.020849573461217852,0.9791504265387821
9016,2020-05-10,0.011384499848879792,0.9886155001511202
9017,2020-05-10,0.016319434515906783,0.9836805654840932
9018,2020-05-10,0.025936926991381393,0.9740630730086186
9019,2020-05-10,0.07139881741261356,0.9286011825873864
9020,2020-05-10,0.020161917715060373,0.9798380822849396
9022,2020-05-10,0.05980804527081762,0.9401919547291824
9023,2020-05-10,0.005024925249239587,0.9949750747507604
9024,2020-05-10,0.05895044231121249,0.9410495576887875
9025,2020-05-10,0.012301951971319891,0.9876980480286801
9026,2020-05-10,0.007102687673564589,0.9928973123264354
9027,2020-05-10,0.05563212299177778,0.9443678770082222
9028,2020-05-10,0.010814561390550592,0.9891854386094494
9029,2020-05-10,0.002832142385272851,0.9971678576147271
9030,2020-05-10,0.014218393667463358,0.9857816063325366
9031,2020-05-10,0.01790266719260314,0.9820973328073969
9032,2020-05-10,0.009159651278271341,0.9908403487217287
9034,2020-05-10,0.012062963839982288,0.9879370361600177
9035,2020-05-10,0.031516479800344,0.968483520199656
9037,2020-05-10,0.01594520541905986,0.9840547945809401
9038,2020-05-10,0.05047300822829093,0.9495269917717091
9039,2020-05-10,0.0033049372695396206,0.9966950627304604
9040,2020-05-10,0.013366889588314224,0.9866331104116858
9041,2020-05-10,0.008346736702904978,0.991653263297095
9042,2020-05-10,0.024162426675583326,0.9758375733244167
9044,2020-05-10,0.0023158622437061682,0.9976841377562938
9045,2020-05-10,0.02821143580902452,0.9717885641909755
9046,2020-05-10,0.007341402038360645,0.9926585979616394
9047,2020-05-10,0.007964203163299044,0.992035796836701
9048,2020-05-10,0.008769374691306786,0.9912306253086932
9049,2020-05-10,0.002331456553880007,0.99766854344612
9050,2020-05-10,0.03608627965301481,0.9639137203469852
9051,2020-05-10,0.03751407834841636,0.9624859216515836
9052,2020-05-10,0.011112170259948595,0.9888878297400514
9053,2020-05-10,0.021255337321752665,0.9787446626782473
9054,2020-05-10,0.019014238115180215,0.9809857618848198
9055,2020-05-10,0.011265440595223941,0.9887345594047761
9056,2020-05-10,0.015030588595394079,0.9849694114046059
9057,2020-05-10,0.01284521186230092,0.9871547881376991
9058,2020-05-10,0.013876472489947389,0.9861235275100526
9059,2020-05-10,0.01838421074442298,0.981615789255577
9060,2020-05-10,0.03250635800985002,0.96749364199015
9061,2020-05-10,0.01949144303914019,0.9805085569608598
9062,2020-05-10,0.0048169017257612134,0.9951830982742388
9063,2020-05-10,0.03431909547550871,0.9656809045244913
9064,2020-05-10,0.007728452306206335,0.9922715476937937
9065,2020-05-10,0.010701502512928007,0.989298497487072
9066,2020-05-10,0.014891307695081846,0.9851086923049182
9067,2020-05-10,0.014213439467058775,0.9857865605329412
9068,2020-05-10,0.009229078909379851,0.9907709210906201
9069,2020-05-10,0.04684677296693762,0.9531532270330624
9071,2020-05-10,0.026367564363554363,0.9736324356364456
9072,2020-05-10,0.037047816271863376,0.9629521837281366
9073,2020-05-10,0.007816420787134293,0.9921835792128657
9074,2020-05-10,0.0065451623088830235,0.993454837691117
9075,2020-05-10,0.024306104650719917,0.9756938953492801
9076,2020-05-10,0.015749597962061213,0.9842504020379388
9077,2020-05-10,0.025376559486234407,0.9746234405137656
9078,2020-05-10,0.009736981476625495,0.9902630185233745
9079,2020-05-10,0.00746194061928529,0.9925380593807147
9080,2020-05-10,0.017567366718379773,0.9824326332816202
9081,2020-05-10,0.05036369971725618,0.9496363002827438
9082,2020-05-10,0.026409300998516905,0.9735906990014831
9083,2020-05-10,0.03272252203232051,0.9672774779676795
9084,2020-05-10,0.016971484194344133,0.9830285158056559
9085,2020-05-10,0.01069302309589848,0.9893069769041015
9086,2020-05-10,0.03291942676660964,0.9670805732333904
9088,2020-05-10,0.02246721196209911,0.9775327880379009
9089,2020-05-10,0.004747624017106045,0.995252375982894
9090,2020-05-10,0.030837419457657167,0.9691625805423428
9091,2020-05-10,0.025605047675115067,0.9743949523248849
9092,2020-05-10,0.03392685699243014,0.9660731430075699
9093,2020-05-10,0.008324073229571627,0.9916759267704284
9094,2020-05-10,0.005737987275237333,0.9942620127247627
9095,2020-05-10,0.019154112586518335,0.9808458874134817
9096,2020-05-10,0.023782110036698834,0.9762178899633012
9097,2020-05-10,0.016695709911377365,0.9833042900886226
9098,2020-05-10,0.0072197032296345,0.9927802967703655
9099,2020-05-10,0.010630516772075826,0.9893694832279242
9100,2020-05-10,0.004167598190282784,0.9958324018097172
9101,2020-05-10,0.013186252678483057,0.9868137473215169
9102,2020-05-10,0.0037205293862550004,0.996279470613745
9103,2020-05-10,0.023289051696061547,0.9767109483039385
9104,2020-05-10,0.002913419769097314,0.9970865802309027
9105,2020-05-10,0.011298937102135032,0.988701062897865
9106,2020-05-10,0.010556315506408787,0.9894436844935912
9107,2020-05-10,0.009003491367889027,0.990996508632111
9108,2020-05-10,0.01640615133297607,0.9835938486670239
9109,2020-05-10,0.023614506737399954,0.9763854932626
9110,2020-05-10,0.042773216151581916,0.9572267838484181
9111,2020-05-10,0.021339436934016187,0.9786605630659838
9112,2020-05-10,0.01226952314768659,0.9877304768523134
9113,2020-05-10,0.0036185382429180235,0.996381461757082
9114,2020-05-10,0.023163413227129892,0.9768365867728701
9115,2020-05-10,0.019381539286475902,0.9806184607135241
9116,2020-05-10,0.011331118634048898,0.9886688813659511
9117,2020-05-10,0.02480952903025313,0.9751904709697469
9118,2020-05-10,0.02779311704024623,0.9722068829597538
9119,2020-05-10,0.01162377862492281,0.9883762213750772
9120,2020-05-10,0.01925699416369575,0.9807430058363042
9121,2020-05-10,0.0034258963028869216,0.9965741036971131
9124,2020-05-10,0.014684498882949426,0.9853155011170506
9125,2020-05-10,0.006723417714569635,0.9932765822854304
9126,2020-05-10,0.01954109672396387,0.9804589032760361
9128,2020-05-10,0.005634244886503881,0.9943657551134961
9129,2020-05-10,0.017753217832352952,0.982246782167647
9130,2020-05-10,0.010761204216698239,0.9892387957833018
9131,2020-05-10,0.008625192701255724,0.9913748072987443
9133,2020-05-10,0.046709846452249404,0.9532901535477506
9134,2020-05-10,0.01908530974554279,0.9809146902544572
9135,2020-05-10,0.006221402697435652,0.9937785973025643
9136,2020-05-10,0.013777928059440891,0.9862220719405591
9137,2020-05-10,0.01128690624936668,0.9887130937506333
9138,2020-05-10,0.013225308382135093,0.9867746916178649
9139,2020-05-10,0.014363221847810914,0.9856367781521891
9140,2020-05-10,0.008833046097653119,0.9911669539023469
9141,2020-05-10,0.003999111086562923,0.9960008889134371
9142,2020-05-10,0.010438923353397467,0.9895610766466025
9144,2020-05-10,0.05180411514834282,0.9481958848516572
9145,2020-05-10,0.038880662185431514,0.9611193378145685
9146,2020-05-10,0.012022821631942127,0.9879771783680579
9147,2020-05-10,0.004508589274751729,0.9954914107252483
9148,2020-05-10,0.010224423536356775,0.9897755764636432
9149,2020-05-10,0.005618385198032816,0.9943816148019672
9150,2020-05-10,0.011541026509637287,0.9884589734903627
9151,2020-05-10,0.011944822702013247,0.9880551772979868
9152,2020-05-10,0.044620720822459936,0.9553792791775401
9153,2020-05-10,0.03490517406297011,0.9650948259370299
9154,2020-05-10,0.013573868109247211,0.9864261318907528
9155,2020-05-10,0.01897856614330018,0.9810214338566998
9156,2020-05-10,0.01657940593056184,0.9834205940694382
9158,2020-05-10,0.006343473193468618,0.9936565268065314
9159,2020-05-10,0.01961801637642746,0.9803819836235725
9160,2020-05-10,0.008815855338642375,0.9911841446613576
9161,2020-05-10,0.00910770867763444,0.9908922913223656
9162,2020-05-10,0.007724741510334532,0.9922752584896655
9164,2020-05-10,0.003657897634212759,0.9963421023657872
9165,2020-05-10,0.012429892018741007,0.987570107981259
9166,2020-05-10,0.004654840817759243,0.9953451591822408
9167,2020-05-10,0.07442851788714677,0.9255714821128532
9168,2020-05-10,0.017842560731593293,0.9821574392684067
9169,2020-05-10,0.0061769409853555945,0.9938230590146444
9170,2020-05-10,0.02737439742276715,0.9726256025772329
9171,2020-05-10,0.0736622122613948,0.9263377877386052
9174,2020-05-10,0.009187737917301986,0.990812262082698
9175,2020-05-10,0.016167743021856862,0.9838322569781431
9176,2020-05-10,0.026490589149534616,0.9735094108504654
9177,2020-05-10,0.018145429491152165,0.9818545705088478
9178,2020-05-10,0.041852673258460316,0.9581473267415397
9179,2020-05-10,0.024498782066212366,0.9755012179337876
9180,2020-05-10,0.005945223766227747,0.9940547762337723
9181,2020-05-10,0.022020150403295635,0.9779798495967044
9182,2020-05-10,0.011248207176784542,0.9887517928232155
9183,2020-05-10,0.0046570167489332626,0.9953429832510667
9184,2020-05-10,0.007707091326867865,0.9922929086731321
9185,2020-05-10,0.0038456179754875475,0.9961543820245125
9186,2020-05-10,0.02073520850202437,0.9792647914979756
9187,2020-05-10,0.027678326633410633,0.9723216733665894
9188,2020-05-10,0.005399214063208535,0.9946007859367915
9189,2020-05-10,0.0032810399743102847,0.9967189600256897
9190,2020-05-10,0.004033543468745293,0.9959664565312547
9191,2020-05-10,0.020747639178389732,0.9792523608216103
9194,2020-05-10,0.002929636967854865,0.9970703630321451
9195,2020-05-10,0.03476535455341834,0.9652346454465817
9196,2020-05-10,0.005502253340103125,0.9944977466598969
9197,2020-05-10,0.05303931371565729,0.9469606862843427
9198,2020-05-10,0.027343578205506258,0.9726564217944937
9199,2020-05-10,0.05747104499997269,0.9425289550000273
9201,2020-05-10,0.01461728520422545,0.9853827147957746
9202,2020-05-10,0.015200787377387726,0.9847992126226123
9203,2020-05-10,0.009913633133592281,0.9900863668664077
9204,2020-05-10,0.01278678724866733,0.9872132127513327
9205,2020-05-10,0.04177237483572904,0.958227625164271
9206,2020-05-10,0.0814323180683253,0.9185676819316747
9208,2020-05-10,0.011926960505859951,0.98807303949414
9209,2020-05-10,0.011551432663325367,0.9884485673366746
9210,2020-05-10,0.015081853708674986,0.984918146291325
9211,2020-05-10,0.03388876764692628,0.9661112323530737
9212,2020-05-10,0.030045538860686394,0.9699544611393136
9214,2020-05-10,0.012955342653024227,0.9870446573469758
9215,2020-05-10,0.00782203393778258,0.9921779660622174
9216,2020-05-10,0.032961686298039417,0.9670383137019606
9217,2020-05-10,0.01700002756642449,0.9829999724335755
9218,2020-05-10,0.007110600428000269,0.9928893995719997
9219,2020-05-10,0.004831817095447777,0.9951681829045522
9220,2020-05-10,0.0346509784485689,0.9653490215514311
9221,2020-05-10,0.01757491767001762,0.9824250823299824
9222,2020-05-10,0.017562474017361107,0.9824375259826389
9223,2020-05-10,0.016190121544660707,0.9838098784553393
9224,2020-05-10,0.029098669639963437,0.9709013303600366
9225,2020-05-10,0.007361921007579708,0.9926380789924203
9226,2020-05-10,0.06275859374863102,0.937241406251369
9227,2020-05-10,0.04681514456024172,0.9531848554397583
9228,2020-05-10,0.03638970309168088,0.9636102969083191
9229,2020-05-10,0.004444504969047802,0.9955554950309522
9230,2020-05-10,0.13340331722869614,0.8665966827713039
9231,2020-05-10,0.007463888968573196,0.9925361110314268
9232,2020-05-10,0.01155472270515523,0.9884452772948448
9233,2020-05-10,0.010153623611064533,0.9898463763889355
9234,2020-05-10,0.022143726006015108,0.9778562739939849
9235,2020-05-10,0.025599890246759793,0.9744001097532402
9236,2020-05-10,0.022746980539401607,0.9772530194605984
9237,2020-05-10,0.03358353158012917,0.9664164684198708
9238,2020-05-10,0.022902550422754575,0.9770974495772454
9239,2020-05-10,0.011923476131282085,0.9880765238687179
9240,2020-05-10,0.011369427166232349,0.9886305728337677
9241,2020-05-10,0.014917392032693377,0.9850826079673066
9242,2020-05-10,0.08344357732427443,0.9165564226757256
9243,2020-05-10,0.029950216012682995,0.970049783987317
9244,2020-05-10,0.0257341040594965,0.9742658959405035
9245,2020-05-10,0.003672769217209493,0.9963272307827905
9246,2020-05-10,0.0503539096622464,0.9496460903377536
9247,2020-05-10,0.013621902782564144,0.9863780972174359
9248,2020-05-10,0.01721600371846055,0.9827839962815395
9249,2020-05-10,0.04074996876260528,0.9592500312373947
9251,2020-05-10,0.013020289419551356,0.9869797105804486
9252,2020-05-10,0.016996973014981376,0.9830030269850186
9253,2020-05-10,0.00853898234760131,0.9914610176523987
9254,2020-05-10,0.013654105287742802,0.9863458947122572
9255,2020-05-10,0.020295694697540445,0.9797043053024596
9257,2020-05-10,0.008210739383810006,0.99178926061619
9258,2020-05-10,0.01802481899378028,0.9819751810062197
9259,2020-05-10,0.032715672940049956,0.96728432705995
9260,2020-05-10,0.14676022031338565,0.8532397796866144
9261,2020-05-10,0.0008793992800212314,0.9991206007199788
9262,2020-05-10,0.0187026180869716,0.9812973819130284
9263,2020-05-10,0.024650020446268295,0.9753499795537317
9264,2020-05-10,0.01951926063077747,0.9804807393692225
9265,2020-05-10,0.012458454683601516,0.9875415453163985
9266,2020-05-10,0.02769701704056704,0.972302982959433
9267,2020-05-10,0.017309982639784338,0.9826900173602157
9268,2020-05-10,0.008971337518875466,0.9910286624811245
9269,2020-05-10,0.01601340777015614,0.9839865922298439
9271,2020-05-10,0.02343169993676264,0.9765683000632374
9272,2020-05-10,0.03029361732045832,0.9697063826795417
9274,2020-05-10,0.011874364061149056,0.9881256359388509
9275,2020-05-10,0.011334561900134377,0.9886654380998656
9276,2020-05-10,0.020980442553544587,0.9790195574464554
9277,2020-05-10,0.003188345992173769,0.9968116540078262
9278,2020-05-10,0.024706202648848263,0.9752937973511517
9279,2020-05-10,0.012029655129852324,0.9879703448701477
9280,2020-05-10,0.027362480722668003,0.972637519277332
9281,2020-05-10,0.07634168768768201,0.923658312312318
9282,2020-05-10,0.011730621936540508,0.9882693780634595
9283,2020-05-10,0.007724481187640575,0.9922755188123594
9284,2020-05-10,0.006720170513373369,0.9932798294866266
9285,2020-05-10,0.009967156002878674,0.9900328439971213
9286,2020-05-10,0.0036570714035881746,0.9963429285964118
9287,2020-05-10,0.02508173447620543,0.9749182655237946
9288,2020-05-10,0.013919147422926104,0.9860808525770739
9289,2020-05-10,0.019525031171366947,0.980474968828633
9290,2020-05-10,0.007917637818089851,0.9920823621819101
9291,2020-05-10,0.012774361570978554,0.9872256384290214
9292,2020-05-10,0.0016861011868019027,0.9983138988131981
9293,2020-05-10,0.04017395620744646,0.9598260437925535
9294,2020-05-10,0.034702150680472776,0.9652978493195272
9296,2020-05-10,0.025240982790199817,0.9747590172098002
9297,2020-05-10,0.015584426443076227,0.9844155735569238
9298,2020-05-10,0.007487819687722386,0.9925121803122776
9299,2020-05-10,0.004056655703829848,0.9959433442961702
9301,2020-05-10,0.04770896991261275,0.9522910300873872
9302,2020-05-10,0.03773152839955751,0.9622684716004425
9303,2020-05-10,0.03152558673619743,0.9684744132638026
9305,2020-05-10,0.00964492683026874,0.9903550731697313
9306,2020-05-10,0.009043965325123304,0.9909560346748767
9307,2020-05-10,0.02660559989985567,0.9733944001001443
9308,2020-05-10,0.011455941781841394,0.9885440582181586
9310,2020-05-10,0.011347421221959642,0.9886525787780404
9311,2020-05-10,0.010631776308794194,0.9893682236912058
9312,2020-05-10,0.003955691805030304,0.9960443081949697
9313,2020-05-10,0.008804491173935558,0.9911955088260644
9314,2020-05-10,0.006437616887030928,0.9935623831129691
9316,2020-05-10,0.024339740903759788,0.9756602590962402
9317,2020-05-10,0.03172308765677112,0.9682769123432289
9319,2020-05-10,0.010404060292677486,0.9895959397073225
9320,2020-05-10,0.02261113478582133,0.9773888652141787
9322,2020-05-10,0.005648588290156797,0.9943514117098432
9323,2020-05-10,0.009239784389757588,0.9907602156102424
9325,2020-05-10,0.024919386611699124,0.9750806133883009
9326,2020-05-10,0.03367207824812335,0.9663279217518767
9328,2020-05-10,0.007444280534744996,0.992555719465255
9329,2020-05-10,0.013886133390648037,0.986113866609352
9330,2020-05-10,0.03020992795697741,0.9697900720430226
9331,2020-05-10,0.012439527135216122,0.9875604728647839
9332,2020-05-10,0.006880140624842657,0.9931198593751573
9333,2020-05-10,0.01103529835346162,0.9889647016465384
9334,2020-05-10,0.016979644507980507,0.9830203554920195
9335,2020-05-10,0.026010675435464203,0.9739893245645358
9336,2020-05-10,0.055785547433078286,0.9442144525669217
9337,2020-05-10,0.034867194844286464,0.9651328051557135
9338,2020-05-10,0.002077619410979059,0.9979223805890209
9339,2020-05-10,0.06740600602027891,0.9325939939797211
9340,2020-05-10,0.002899417697875717,0.9971005823021243
9341,2020-05-10,0.004725670328465714,0.9952743296715343
9342,2020-05-10,0.022123939226692535,0.9778760607733075
9343,2020-05-10,0.03976805206857603,0.960231947931424
9344,2020-05-10,0.10086579039078458,0.8991342096092154
9345,2020-05-10,0.0710356030146364,0.9289643969853636
9346,2020-05-10,0.025611176495512145,0.9743888235044879
9347,2020-05-10,0.029558164684302835,0.9704418353156972
9348,2020-05-10,0.01766892211835258,0.9823310778816474
9351,2020-05-10,0.011015708955086079,0.9889842910449139
9352,2020-05-10,0.023177653961294342,0.9768223460387057
9353,2020-05-10,0.030501967382088213,0.9694980326179118
9354,2020-05-10,0.005455037365031723,0.9945449626349683
9355,2020-05-10,0.019205213802428678,0.9807947861975713
9356,2020-05-10,0.06843930217102911,0.9315606978289709
9357,2020-05-10,0.010377342951755075,0.9896226570482449
9358,2020-05-10,0.0026401002379426997,0.9973598997620573
9359,2020-05-10,0.0029668826692075267,0.9970331173307925
9360,2020-05-10,0.03689347497825601,0.963106525021744
9361,2020-05-10,0.004404036446336246,0.9955959635536638
9362,2020-05-10,0.0013214779801516974,0.9986785220198483
9364,2020-05-10,0.00311168528242034,0.9968883147175797
9365,2020-05-10,0.08424436933985469,0.9157556306601453
9366,2020-05-10,0.0029020260319708724,0.9970979739680291
9368,2020-05-10,0.03999533176987402,0.960004668230126
9369,2020-05-10,0.011077526730649212,0.9889224732693508
9371,2020-05-10,0.010301471952134711,0.9896985280478653
9373,2020-05-10,0.015608808138397268,0.9843911918616027
9374,2020-05-10,0.007866863469432439,0.9921331365305676
9375,2020-05-10,0.002261655893388115,0.9977383441066119
9376,2020-05-10,0.005650570124772325,0.9943494298752277
9378,2020-05-10,0.014129887813818742,0.9858701121861813
9379,2020-05-10,0.01049209290594233,0.9895079070940577
9380,2020-05-10,0.031689431706303006,0.968310568293697
9381,2020-05-10,0.009298368355642017,0.990701631644358
9382,2020-05-10,0.030039634197832066,0.9699603658021679
9383,2020-05-10,0.008641289040387079,0.9913587109596129
9385,2020-05-10,0.007063433106341832,0.9929365668936582
9386,2020-05-10,0.009986809534438423,0.9900131904655616
9387,2020-05-10,0.0038639708746516233,0.9961360291253484
9388,2020-05-10,0.041520545834294986,0.958479454165705
9389,2020-05-10,0.015018468623185677,0.9849815313768143
9390,2020-05-10,0.017996378247148836,0.9820036217528512
9391,2020-05-10,0.015721012772263787,0.9842789872277362
9392,2020-05-10,0.016462155689241142,0.9835378443107589
9393,2020-05-10,0.019902737773312307,0.9800972622266877
9394,2020-05-10,0.04816353286384445,0.9518364671361556
9396,2020-05-10,0.0050526339047914925,0.9949473660952085
9397,2020-05-10,0.021535905147897605,0.9784640948521024
9398,2020-05-10,0.0028605129435920196,0.997139487056408
9399,2020-05-10,0.010871950255299856,0.9891280497447001
9400,2020-05-10,0.0050862356787171326,0.9949137643212829
9402,2020-05-10,0.01962264133155811,0.9803773586684419
9403,2020-05-10,0.01647185765565551,0.9835281423443445
9404,2020-05-10,0.0025974615567062598,0.9974025384432937
9405,2020-05-10,0.048989998328408,0.951010001671592
9407,2020-05-10,0.011369449558740863,0.9886305504412591
9408,2020-05-10,0.015369099185586488,0.9846309008144135
9409,2020-05-10,0.044919175224543584,0.9550808247754564
9410,2020-05-10,0.003949421347879123,0.9960505786521209
9411,2020-05-10,0.022903144845097922,0.9770968551549021
9412,2020-05-10,0.020808397917506882,0.9791916020824931
9413,2020-05-10,0.029209666166654658,0.9707903338333453
9414,2020-05-10,0.007907231656341218,0.9920927683436588
9415,2020-05-10,0.011432682391427584,0.9885673176085724
9416,2020-05-10,0.019977589982734134,0.9800224100172659
9417,2020-05-10,0.011081905252875446,0.9889180947471246
9418,2020-05-10,0.03723983638369377,0.9627601636163062
9420,2020-05-10,0.005210904810456718,0.9947890951895433
9421,2020-05-10,0.04306040069288741,0.9569395993071126
9422,2020-05-10,0.008050974877243822,0.9919490251227562
9426,2020-05-10,0.01077705166740961,0.9892229483325904
9427,2020-05-10,0.00813559822723553,0.9918644017727645
9428,2020-05-10,0.03134648695570563,0.9686535130442944
9430,2020-05-10,0.03531650018905841,0.9646834998109416
9431,2020-05-10,0.03494345054791825,0.9650565494520817
9432,2020-05-10,0.006407634578126209,0.9935923654218738
9433,2020-05-10,0.017200023820709842,0.9827999761792902
9434,2020-05-10,0.011875643568870498,0.9881243564311295
9435,2020-05-10,0.031759207037319825,0.9682407929626802
9436,2020-05-10,0.01854176789627182,0.9814582321037282
9437,2020-05-10,0.01309830512560517,0.9869016948743948
9438,2020-05-10,0.037509531293043574,0.9624904687069564
9439,2020-05-10,0.031154127535236498,0.9688458724647635
9440,2020-05-10,0.003393039484468674,0.9966069605155313
9442,2020-05-10,0.021288029716184376,0.9787119702838156
9443,2020-05-10,0.014457132463691402,0.9855428675363086
9444,2020-05-10,0.03132532595634063,0.9686746740436594
9445,2020-05-10,0.01154873494972175,0.9884512650502782
9446,2020-05-10,0.008299508061602068,0.9917004919383979
9447,2020-05-10,0.0041350514856054454,0.9958649485143946
9448,2020-05-10,0.06100639860609325,0.9389936013939068
9449,2020-05-10,0.019614824420016497,0.9803851755799835
9450,2020-05-10,0.03411587413096118,0.9658841258690388
9451,2020-05-10,0.003143237669900323,0.9968567623300997
9452,2020-05-10,0.010878458047502093,0.9891215419524979
9453,2020-05-10,0.009400402373758276,0.9905995976262417
9454,2020-05-10,0.029332902679613415,0.9706670973203866
9455,2020-05-10,0.005479117686010282,0.9945208823139897
9456,2020-05-10,0.03929510830518568,0.9607048916948143
9457,2020-05-10,0.02778428834361102,0.972215711656389
9458,2020-05-10,0.009437398814670428,0.9905626011853296
9459,2020-05-10,0.002217120255953109,0.9977828797440469
9460,2020-05-10,0.008403315419883928,0.9915966845801161
9461,2020-05-10,0.0132879117708109,0.9867120882291891
9462,2020-05-10,0.002198145588381606,0.9978018544116184
9463,2020-05-10,0.008987237409952775,0.9910127625900472
9464,2020-05-10,0.013667106155011877,0.9863328938449881
9465,2020-05-10,0.01687252853139387,0.9831274714686061
9466,2020-05-10,0.00999081980313632,0.9900091801968637
9467,2020-05-10,0.011905294816018208,0.9880947051839818
9468,2020-05-10,0.017283427712386557,0.9827165722876134
9469,2020-05-10,0.011959537085884486,0.9880404629141155
9470,2020-05-10,0.013639328207154855,0.9863606717928451
9471,2020-05-10,0.009012891773771403,0.9909871082262286
9472,2020-05-10,0.0032011047638569323,0.9967988952361431
9473,2020-05-10,0.0024844669642976047,0.9975155330357024
9474,2020-05-10,0.008319901793577,0.991680098206423
9475,2020-05-10,0.004473404524002689,0.9955265954759973
9476,2020-05-10,0.02324944696549691,0.9767505530345031
9477,2020-05-10,0.005687968349718742,0.9943120316502813
9478,2020-05-10,0.012236877971190108,0.9877631220288099
9479,2020-05-10,0.03393078070090583,0.9660692192990942
9480,2020-05-10,0.07030749647589152,0.9296925035241085
9481,2020-05-10,0.0026026553238676087,0.9973973446761324
9482,2020-05-10,0.025129816966951712,0.9748701830330483
9483,2020-05-10,0.015026787143269882,0.9849732128567301
9485,2020-05-10,0.004849181029208505,0.9951508189707915
9486,2020-05-10,0.023372227279754076,0.9766277727202459
9487,2020-05-10,0.012423468265031712,0.9875765317349683
9488,2020-05-10,0.023355666580228585,0.9766443334197714
9489,2020-05-10,0.02481352968713102,0.975186470312869
9490,2020-05-10,0.018910029812163498,0.9810899701878365
9492,2020-05-10,0.030083669993252182,0.9699163300067478
9494,2020-05-10,0.006674864279510584,0.9933251357204894
9495,2020-05-10,0.011553411294441984,0.988446588705558
9496,2020-05-10,0.02060441763622578,0.9793955823637742
9497,2020-05-10,0.01731406083651077,0.9826859391634892
9498,2020-05-10,0.017728270782032762,0.9822717292179672
9499,2020-05-10,0.013631334458405142,0.9863686655415949
9500,2020-05-10,0.020910189117486877,0.9790898108825131
9501,2020-05-10,0.02046423275148257,0.9795357672485174
9503,2020-05-10,0.02354227986109758,0.9764577201389024
9504,2020-05-10,0.016598370923648575,0.9834016290763514
9505,2020-05-10,0.010893979480486204,0.9891060205195138
9506,2020-05-10,0.008020123582997751,0.9919798764170022
9507,2020-05-10,0.009352273474207418,0.9906477265257926
9508,2020-05-10,0.03247098235180701,0.967529017648193
9509,2020-05-10,0.023026764006641498,0.9769732359933585
9510,2020-05-10,0.01735198833183027,0.9826480116681697
9511,2020-05-10,0.008468311536548478,0.9915316884634515
9512,2020-05-10,0.05446396777525642,0.9455360322247436
9513,2020-05-10,0.005751888823077089,0.9942481111769229
9514,2020-05-10,0.010681990801293617,0.9893180091987064
9515,2020-05-10,0.0025090935596033814,0.9974909064403966
9516,2020-05-10,0.0014156951159517428,0.9985843048840483
9517,2020-05-10,0.06030173464302069,0.9396982653569793
9518,2020-05-10,0.018561730208698557,0.9814382697913014
9519,2020-05-10,0.0038628557095410354,0.996137144290459
9520,2020-05-10,0.04400777538258249,0.9559922246174175
9521,2020-05-10,0.0046544753430545205,0.9953455246569455
9523,2020-05-10,0.004954729134642344,0.9950452708653577
9524,2020-05-10,0.0058207377489731815,0.9941792622510268
9525,2020-05-10,0.022853960625154546,0.9771460393748455
9526,2020-05-10,0.07399065193348653,0.9260093480665135
9527,2020-05-10,0.027843032929228295,0.9721569670707717
9528,2020-05-10,0.016247368343391244,0.9837526316566088
9529,2020-05-10,0.010909988598560072,0.9890900114014399
9530,2020-05-10,0.03152751885817229,0.9684724811418277
9531,2020-05-10,0.011291466759718594,0.9887085332402814
9532,2020-05-10,0.004411109092083754,0.9955888909079162
9533,2020-05-10,0.008211446665840838,0.9917885533341592
9534,2020-05-10,0.04990898850922165,0.9500910114907783
9535,2020-05-10,0.030242706902069427,0.9697572930979306
9536,2020-05-10,0.03102235202332193,0.9689776479766781
9537,2020-05-10,0.015512383945738173,0.9844876160542618
9538,2020-05-10,0.0187176659579239,0.9812823340420761
9539,2020-05-10,0.05476505486434258,0.9452349451356574
9540,2020-05-10,0.023259750928268152,0.9767402490717318
9541,2020-05-10,0.00886097916793005,0.99113902083207
9543,2020-05-10,0.01601306197579988,0.9839869380242001
9544,2020-05-10,0.03180363166937439,0.9681963683306256
9545,2020-05-10,0.03893977919568081,0.9610602208043192
9546,2020-05-10,0.02126730932662857,0.9787326906733714
9547,2020-05-10,0.02448657823193434,0.9755134217680657
9548,2020-05-10,0.013846351251480926,0.9861536487485191
9549,2020-05-10,0.016184544537844903,0.9838154554621551
9550,2020-05-10,0.03503529677573369,0.9649647032242663
9551,2020-05-10,0.006843539714942448,0.9931564602850576
9552,2020-05-10,0.024497323265156856,0.9755026767348431
9554,2020-05-10,0.02582330460011517,0.9741766953998848
9555,2020-05-10,0.0035740348968413826,0.9964259651031586
9556,2020-05-10,0.006110912653262468,0.9938890873467375
9558,2020-05-10,0.03691941825880052,0.9630805817411995
9559,2020-05-10,0.03120886975451498,0.968791130245485
9560,2020-05-10,0.04829814474825078,0.9517018552517492
9561,2020-05-10,0.03249606337947997,0.96750393662052
9564,2020-05-10,0.019740077197685335,0.9802599228023147
9565,2020-05-10,0.01646799430095791,0.9835320056990421
9566,2020-05-10,0.01251254460124962,0.9874874553987504
9567,2020-05-10,0.038362550314977595,0.9616374496850224
9568,2020-05-10,0.0660693022371256,0.9339306977628744
9569,2020-05-10,0.015023361932810397,0.9849766380671896
9570,2020-05-10,0.008269874552719214,0.9917301254472808
9571,2020-05-10,0.025414149001257602,0.9745858509987424
9572,2020-05-10,0.01349033363292007,0.9865096663670799
9573,2020-05-10,0.01640985492718483,0.9835901450728152
9574,2020-05-10,0.01815243079346396,0.981847569206536
9575,2020-05-10,0.020480919645954332,0.9795190803540457
9576,2020-05-10,0.02798510162414347,0.9720148983758565
9577,2020-05-10,0.017159398037725704,0.9828406019622743
9578,2020-05-10,0.009309671640750028,0.99069032835925
9579,2020-05-10,0.019369960612448334,0.9806300393875517
9581,2020-05-10,0.049545495848100196,0.9504545041518998
9582,2020-05-10,0.014024156138086386,0.9859758438619136
9583,2020-05-10,0.003677337823473348,0.9963226621765267
9584,2020-05-10,0.013664622264576765,0.9863353777354232
9585,2020-05-10,0.00557891240119146,0.9944210875988085
9586,2020-05-10,0.015195831786074532,0.9848041682139255
9588,2020-05-10,0.01147502682671897,0.988524973173281
9589,2020-05-10,0.012161628372720945,0.987838371627279
9590,2020-05-10,0.018911562216768707,0.9810884377832313
9591,2020-05-10,0.039510836454869525,0.9604891635451305
9592,2020-05-10,0.010169621451092015,0.989830378548908
9593,2020-05-10,0.026300982579500087,0.9736990174204999
9594,2020-05-10,0.0064579292046272885,0.9935420707953727
9595,2020-05-10,0.017584284153134178,0.9824157158468658
9596,2020-05-10,0.014398492231489701,0.9856015077685103
9597,2020-05-10,0.0074758422156164794,0.9925241577843835
9598,2020-05-10,0.021245616895125163,0.9787543831048748
9600,2020-05-10,0.08772851345560406,0.9122714865443959
9601,2020-05-10,0.014904936996150808,0.9850950630038492
9602,2020-05-10,0.022147495854840105,0.9778525041451599
9603,2020-05-10,0.04061015355795827,0.9593898464420417
9604,2020-05-10,0.008752775454567763,0.9912472245454322
9605,2020-05-10,0.0067913043470978485,0.9932086956529022
9606,2020-05-10,0.009878111485640328,0.9901218885143597
9609,2020-05-10,0.030162024393866727,0.9698379756061333
9610,2020-05-10,0.04082022636815519,0.9591797736318448
9611,2020-05-10,0.013073875530751788,0.9869261244692482
9613,2020-05-10,0.014843350801164945,0.985156649198835
9614,2020-05-10,0.04057752734843201,0.959422472651568
9616,2020-05-10,0.029612443793565313,0.9703875562064347
9617,2020-05-10,0.00424587114492736,0.9957541288550726
9619,2020-05-10,0.016268089243269945,0.98373191075673
9620,2020-05-10,0.039076507876514066,0.9609234921234859
9621,2020-05-10,0.006566690275368603,0.9934333097246314
9622,2020-05-10,0.07617485532966883,0.9238251446703312
9623,2020-05-10,0.0033850621583676466,0.9966149378416324
9624,2020-05-10,0.012076593936211522,0.9879234060637885
9625,2020-05-10,0.003777265771668259,0.9962227342283317
9626,2020-05-10,0.011033282918929133,0.9889667170810709
9628,2020-05-10,0.12059071245055819,0.8794092875494418
9629,2020-05-10,0.005274742542450195,0.9947252574575498
9630,2020-05-10,0.005218478335934251,0.9947815216640657
9631,2020-05-10,0.020063001302945915,0.9799369986970541
9632,2020-05-10,0.0741321825822221,0.9258678174177779
9633,2020-05-10,0.01850166993743596,0.981498330062564
9634,2020-05-10,0.02467346408274873,0.9753265359172513
9635,2020-05-10,0.00848135616136636,0.9915186438386336
9636,2020-05-10,0.031314271510363145,0.9686857284896369
9637,2020-05-10,0.01010747281456692,0.9898925271854331
9638,2020-05-10,0.01770021281945766,0.9822997871805423
9639,2020-05-10,0.005315629282981682,0.9946843707170183
9640,2020-05-10,0.01118502498345375,0.9888149750165462
9641,2020-05-10,0.0146023490494408,0.9853976509505592
9642,2020-05-10,0.002348556902172727,0.9976514430978273
9643,2020-05-10,0.0022703905822141213,0.9977296094177859
9644,2020-05-10,0.004230417395007735,0.9957695826049923
9645,2020-05-10,0.01251366622635397,0.987486333773646
9646,2020-05-10,0.003399124655119934,0.9966008753448801
9647,2020-05-10,0.009849236224156566,0.9901507637758434
9648,2020-05-10,0.01107411999865271,0.9889258800013473
9649,2020-05-10,0.018488398684996854,0.9815116013150031
9650,2020-05-10,0.008098676500723045,0.991901323499277
9651,2020-05-10,0.000871128676470434,0.9991288713235296
9652,2020-05-10,0.0058903418297572285,0.9941096581702428
9653,2020-05-10,0.0193571706165252,0.9806428293834748
9655,2020-05-10,0.01545926627705263,0.9845407337229474
9657,2020-05-10,0.008189445432126186,0.9918105545678738
9658,2020-05-10,0.013597972839131889,0.9864020271608681
9659,2020-05-10,0.08004286750987077,0.9199571324901292
9660,2020-05-10,0.00983101692195476,0.9901689830780452
9661,2020-05-10,0.03690274171737429,0.9630972582826257
9662,2020-05-10,0.016638418289874224,0.9833615817101258
9663,2020-05-10,0.014968605201400642,0.9850313947985994
9664,2020-05-10,0.008193858760668471,0.9918061412393315
9665,2020-05-10,0.019233584665167558,0.9807664153348324
9666,2020-05-10,0.029514622437659233,0.9704853775623408
9667,2020-05-10,0.006497126510272899,0.9935028734897271
9668,2020-05-10,0.011625776537862453,0.9883742234621375
9670,2020-05-10,0.009286480605867675,0.9907135193941323
9671,2020-05-10,0.011929864886757846,0.9880701351132422
9672,2020-05-10,0.03462038851873128,0.9653796114812687
9673,2020-05-10,0.02890970125928438,0.9710902987407156
9674,2020-05-10,0.011156005894553678,0.9888439941054463
9675,2020-05-10,0.0026248176050620575,0.9973751823949379
9676,2020-05-10,0.02506546369829843,0.9749345363017016
9677,2020-05-10,0.011772157841509645,0.9882278421584904
9678,2020-05-10,0.016778003984235124,0.9832219960157649
9679,2020-05-10,0.013467484297534082,0.9865325157024659
9680,2020-05-10,0.009524505170101727,0.9904754948298983
9681,2020-05-10,0.012446696310714489,0.9875533036892855
9682,2020-05-10,0.028031860031731415,0.9719681399682686
9684,2020-05-10,0.00712677614508217,0.9928732238549178
9685,2020-05-10,0.042468153663042574,0.9575318463369574
9686,2020-05-10,0.07717062264832619,0.9228293773516738
9688,2020-05-10,0.009330977514691474,0.9906690224853085
9689,2020-05-10,0.008539643678606823,0.9914603563213932
9690,2020-05-10,0.01064960221658584,0.9893503977834142
9691,2020-05-10,0.007240574173576042,0.992759425826424
9692,2020-05-10,0.01697191602782888,0.9830280839721711
9693,2020-05-10,0.006629751128390704,0.9933702488716093
9694,2020-05-10,0.011545034977581858,0.9884549650224181
9695,2020-05-10,0.024782783297980004,0.97521721670202
9696,2020-05-10,0.004789270228960918,0.9952107297710391
9697,2020-05-10,0.012431303264763494,0.9875686967352365
9699,2020-05-10,0.003215768266217389,0.9967842317337826
9700,2020-05-10,0.016836364360921285,0.9831636356390787
9701,2020-05-10,0.01915768191739997,0.9808423180826
9702,2020-05-10,0.01621286501147201,0.983787134988528
9703,2020-05-10,0.010493956664572757,0.9895060433354272
9704,2020-05-10,0.034652746073294716,0.9653472539267053
9705,2020-05-10,0.006159507286020771,0.9938404927139792
9706,2020-05-10,0.014529832068614912,0.9854701679313851
9707,2020-05-10,0.008527808579137486,0.9914721914208625
9708,2020-05-10,0.007536843167544216,0.9924631568324558
9709,2020-05-10,0.02228306329136276,0.9777169367086372
9710,2020-05-10,0.031989339237812,0.968010660762188
9711,2020-05-10,0.009618933871447966,0.990381066128552
9712,2020-05-10,0.02540651701112806,0.9745934829888719
9713,2020-05-10,0.006692379708859386,0.9933076202911406
9714,2020-05-10,0.02318966270971412,0.9768103372902859
9715,2020-05-10,0.01543672275896657,0.9845632772410334
9716,2020-05-10,0.009414820482018915,0.9905851795179811
9717,2020-05-10,0.024327636144506837,0.9756723638554932
9718,2020-05-10,0.012443362765141242,0.9875566372348588
9719,2020-05-10,0.023574898056493265,0.9764251019435067
9720,2020-05-10,0.004139708132023356,0.9958602918679766
9721,2020-05-10,0.009805040399025411,0.9901949596009746
9722,2020-05-10,0.010258934778920814,0.9897410652210792
9723,2020-05-10,0.012560741310792212,0.9874392586892078
9724,2020-05-10,0.015597299116155483,0.9844027008838445
9725,2020-05-10,0.016988211077386683,0.9830117889226133
9726,2020-05-10,0.011570425727314704,0.9884295742726853
9727,2020-05-10,0.0057575461491824464,0.9942424538508176
9728,2020-05-10,0.021985925664082195,0.9780140743359178
9729,2020-05-10,0.05011430274418904,0.949885697255811
9730,2020-05-10,0.013693063233524816,0.9863069367664752
9731,2020-05-10,0.00597306071635284,0.9940269392836472
9732,2020-05-10,0.00978831170883232,0.9902116882911677
9733,2020-05-10,0.00513783094650333,0.9948621690534967
9734,2020-05-10,0.045003353252863976,0.954996646747136
9735,2020-05-10,0.01688060931080415,0.9831193906891958
9736,2020-05-10,0.006465732083021147,0.9935342679169789
9737,2020-05-10,0.004924660617325327,0.9950753393826747
9738,2020-05-10,0.07728479462450255,0.9227152053754974
9739,2020-05-10,0.008699612355719033,0.991300387644281
9740,2020-05-10,0.012664898822589699,0.9873351011774103
9741,2020-05-10,0.07775270664774525,0.9222472933522547
9742,2020-05-10,0.02480336277406825,0.9751966372259318
9743,2020-05-10,0.014408921921365447,0.9855910780786346
9744,2020-05-10,0.002825229353599079,0.9971747706464009
9745,2020-05-10,0.019183866023064544,0.9808161339769355
9746,2020-05-10,0.003200486275995562,0.9967995137240044
9747,2020-05-10,0.004197464547185392,0.9958025354528146
9748,2020-05-10,0.01381095659877496,0.986189043401225
9749,2020-05-10,0.009093867563249258,0.9909061324367507
9750,2020-05-10,0.006940457093314367,0.9930595429066856
9751,2020-05-10,0.0449877548227674,0.9550122451772326
9752,2020-05-10,0.002379873926715015,0.997620126073285
9753,2020-05-10,0.04512069875821734,0.9548793012417827
9754,2020-05-10,0.011512435263665854,0.9884875647363341
9755,2020-05-10,0.0240073745964563,0.9759926254035437
9756,2020-05-10,0.00319134220375894,0.9968086577962411
9757,2020-05-10,0.03481444862289762,0.9651855513771024
9758,2020-05-10,0.0026385115523729352,0.9973614884476271
9759,2020-05-10,0.019533757576175148,0.9804662424238249
9760,2020-05-10,0.04272190030991485,0.9572780996900851
9761,2020-05-10,0.0076864882284573,0.9923135117715427
9762,2020-05-10,0.003965091979210911,0.9960349080207891
9763,2020-05-10,0.002903418624555343,0.9970965813754447
9764,2020-05-10,0.024411176029537796,0.9755888239704622
9765,2020-05-10,0.027115703841545713,0.9728842961584543
9766,2020-05-10,0.019689132215679472,0.9803108677843205
9767,2020-05-10,0.02027426365817664,0.9797257363418234
9768,2020-05-10,0.011863108979120907,0.9881368910208791
9769,2020-05-10,0.013952270636560793,0.9860477293634392
9770,2020-05-10,0.021481971966348268,0.9785180280336517
9771,2020-05-10,0.006452391630637155,0.9935476083693628
9772,2020-05-10,0.0027536554957714454,0.9972463445042286
9773,2020-05-10,0.04639506218029321,0.9536049378197068
9774,2020-05-10,0.04657777972719235,0.9534222202728077
9775,2020-05-10,0.005733514108614779,0.9942664858913852
9776,2020-05-10,0.007281999079249535,0.9927180009207505
9777,2020-05-10,0.03376898172500087,0.9662310182749991
9778,2020-05-10,0.06250606591620322,0.9374939340837968
9779,2020-05-10,0.010690077972974943,0.9893099220270251
9780,2020-05-10,0.004181620772874983,0.995818379227125
9781,2020-05-10,0.0015348526935701212,0.9984651473064299
9783,2020-05-10,0.014299245510762781,0.9857007544892372
9784,2020-05-10,0.009243077825835111,0.9907569221741649
9785,2020-05-10,0.0038006428279666604,0.9961993571720333
9786,2020-05-10,0.011578534199433221,0.9884214658005668
9787,2020-05-10,0.012682736122233251,0.9873172638777667
9788,2020-05-10,0.025407086187372863,0.9745929138126271
9789,2020-05-10,0.01207937157017458,0.9879206284298254
9790,2020-05-10,0.006889248017634131,0.9931107519823659
9791,2020-05-10,0.012755368227142516,0.9872446317728575
9792,2020-05-10,0.011864852768629142,0.9881351472313709
9793,2020-05-10,0.027005520873548683,0.9729944791264513
9794,2020-05-10,0.05198783556931774,0.9480121644306823
9795,2020-05-10,0.018710713423477743,0.9812892865765223
9796,2020-05-10,0.05139843369803876,0.9486015663019612
9797,2020-05-10,0.01647711092483528,0.9835228890751647
9799,2020-05-10,0.014644207981950541,0.9853557920180495
9800,2020-05-10,0.017952922338509092,0.9820470776614909
9801,2020-05-10,0.008885059862657974,0.991114940137342
9802,2020-05-10,0.03130231466502453,0.9686976853349755
9803,2020-05-10,0.02588981121200218,0.9741101887879978
9804,2020-05-10,0.0024870508812422365,0.9975129491187578
9805,2020-05-10,0.0933445055522164,0.9066554944477836
9806,2020-05-10,0.03244817370475794,0.9675518262952421
9807,2020-05-10,0.0054157528865850235,0.994584247113415
9808,2020-05-10,0.04097036025277334,0.9590296397472267
9810,2020-05-10,0.010864501537189764,0.9891354984628102
9811,2020-05-10,0.03121228983425528,0.9687877101657447
9812,2020-05-10,0.005571162272922425,0.9944288377270776
9813,2020-05-10,0.025870254390478853,0.9741297456095211
9814,2020-05-10,0.009888900129733313,0.9901110998702667
9816,2020-05-10,0.007312324380238544,0.9926876756197615
9817,2020-05-10,0.012929342692782453,0.9870706573072175
9818,2020-05-10,0.00663582644869487,0.9933641735513051
9819,2020-05-10,0.022173956537670958,0.977826043462329
9820,2020-05-10,0.004070920545213852,0.9959290794547861
9821,2020-05-10,0.0100983409842349,0.9899016590157651
9822,2020-05-10,0.01115771709216462,0.9888422829078354
9823,2020-05-10,0.008613644450143343,0.9913863555498567
9824,2020-05-10,0.017839881511193867,0.9821601184888061
9825,2020-05-10,0.14656300232676212,0.8534369976732379
9826,2020-05-10,0.009133328871131052,0.990866671128869
9827,2020-05-10,0.003214031650641491,0.9967859683493585
9828,2020-05-10,0.005537387520405335,0.9944626124795947
9829,2020-05-10,0.0013798472296598918,0.9986201527703401
9830,2020-05-10,0.00630979012872368,0.9936902098712763
9831,2020-05-10,0.005203561527058587,0.9947964384729414
9832,2020-05-10,0.009379217371289772,0.9906207826287102
9833,2020-05-10,0.0071017914439561736,0.9928982085560438
9834,2020-05-10,0.010454473669156639,0.9895455263308434
9835,2020-05-10,0.013505921256610098,0.9864940787433899
9836,2020-05-10,0.012130430856957863,0.9878695691430421
9837,2020-05-10,0.007842186494718462,0.9921578135052815
9838,2020-05-10,0.01406746832420247,0.9859325316757975
9839,2020-05-10,0.01150381660848021,0.9884961833915198
9840,2020-05-10,0.06698887674466592,0.9330111232553341
9841,2020-05-10,0.0200806976786021,0.9799193023213979
9842,2020-05-10,0.002845277466203555,0.9971547225337964
9843,2020-05-10,0.04115561330484274,0.9588443866951573
9844,2020-05-10,0.004949927536549437,0.9950500724634506
9846,2020-05-10,0.017280429450553414,0.9827195705494466
9847,2020-05-10,0.015804196804477755,0.9841958031955222
9849,2020-05-10,0.006171649556722225,0.9938283504432778
9851,2020-05-10,0.006458449411370526,0.9935415505886295
9852,2020-05-10,0.0018123493708404048,0.9981876506291596
9853,2020-05-10,0.03474657432973727,0.9652534256702627
9856,2020-05-10,0.034738576669801735,0.9652614233301983
9857,2020-05-10,0.014535465326237507,0.9854645346737625
9858,2020-05-10,0.006101177995309959,0.99389882200469
9859,2020-05-10,0.021936283245991395,0.9780637167540086
9860,2020-05-10,0.014039329803210765,0.9859606701967892
9861,2020-05-10,0.006413479740255301,0.9935865202597447
9862,2020-05-10,0.011509193538244311,0.9884908064617557
9863,2020-05-10,0.0034986454833008107,0.9965013545166992
9864,2020-05-10,0.038840757902604106,0.9611592420973959
9865,2020-05-10,0.031289243505680076,0.9687107564943199
9867,2020-05-10,0.013040150135956385,0.9869598498640436
9868,2020-05-10,0.030155667539180198,0.9698443324608198
9869,2020-05-10,0.022907726487359725,0.9770922735126403
9870,2020-05-10,0.037819046164488945,0.962180953835511
9871,2020-05-10,0.009364660010866777,0.9906353399891332
9872,2020-05-10,0.00524317499888638,0.9947568250011136
9873,2020-05-10,0.016724660327482543,0.9832753396725175
9874,2020-05-10,0.0035564750591556837,0.9964435249408443
9875,2020-05-10,0.002795504782931779,0.9972044952170682
9876,2020-05-10,0.02152868717580325,0.9784713128241967
9877,2020-05-10,0.03915655228342918,0.9608434477165708
9878,2020-05-10,0.03835967093417647,0.9616403290658235
9879,2020-05-10,0.018204187184786336,0.9817958128152137
9880,2020-05-10,0.022577359046656253,0.9774226409533437
9881,2020-05-10,0.010608511885526473,0.9893914881144735
9882,2020-05-10,0.0029702571290568525,0.9970297428709431
9883,2020-05-10,0.03336387446105882,0.9666361255389412
9884,2020-05-10,0.030670364280803053,0.969329635719197
9885,2020-05-10,0.08022781363694387,0.9197721863630561
9886,2020-05-10,0.010116477621446518,0.9898835223785535
9887,2020-05-10,0.01419224129489427,0.9858077587051057
9888,2020-05-10,0.013130546305252344,0.9868694536947477
9889,2020-05-10,0.004643339968747995,0.995356660031252
9890,2020-05-10,0.014873263499603495,0.9851267365003965
9891,2020-05-10,0.004004241715466317,0.9959957582845337
9892,2020-05-10,0.009312180754172061,0.9906878192458279
9893,2020-05-10,0.00902437626531194,0.9909756237346881
9895,2020-05-10,0.001514234304373252,0.9984857656956267
9896,2020-05-10,0.039363999549787865,0.9606360004502121
9897,2020-05-10,0.054031185966344264,0.9459688140336557
9898,2020-05-10,0.004035845942653826,0.9959641540573462
9899,2020-05-10,0.013780623731550312,0.9862193762684497
9900,2020-05-10,0.014673764881922402,0.9853262351180776
9901,2020-05-10,0.015589594313312194,0.9844104056866878
9902,2020-05-10,0.022786890336900734,0.9772131096630993
9903,2020-05-10,0.0036007467841888685,0.9963992532158111
9904,2020-05-10,0.019667718811748225,0.9803322811882518
9905,2020-05-10,0.010940244531407184,0.9890597554685928
9906,2020-05-10,0.01419236893935849,0.9858076310606415
9907,2020-05-10,0.005507566080569459,0.9944924339194305
9908,2020-05-10,0.01632590226743802,0.983674097732562
9909,2020-05-10,0.019455877289764945,0.980544122710235
9911,2020-05-10,0.009059719400674404,0.9909402805993256
9912,2020-05-10,0.010958199110733147,0.9890418008892669
9913,2020-05-10,0.01056773695260893,0.9894322630473911
9914,2020-05-10,0.013501359448862882,0.9864986405511371
9915,2020-05-10,0.005698550088021448,0.9943014499119786
9916,2020-05-10,0.005313160637444803,0.9946868393625552
9917,2020-05-10,0.02247952774119244,0.9775204722588076
9918,2020-05-10,0.04669470585306723,0.9533052941469328
9919,2020-05-10,0.0064377636162117335,0.9935622363837883
9920,2020-05-10,0.015482046350362766,0.9845179536496372
9921,2020-05-10,0.05799317498593093,0.9420068250140691
9922,2020-05-10,0.005748653829928618,0.9942513461700714
9923,2020-05-10,0.015499710444445203,0.9845002895555548
9924,2020-05-10,0.004134008285772706,0.9958659917142273
9925,2020-05-10,0.02273488848969074,0.9772651115103093
9927,2020-05-10,0.007874779893579098,0.9921252201064209
9928,2020-05-10,0.044157659496985024,0.955842340503015
9929,2020-05-10,0.03922986460125932,0.9607701353987407
9930,2020-05-10,0.014151422162208327,0.9858485778377917
9931,2020-05-10,0.016647898860312815,0.9833521011396872
9932,2020-05-10,0.02692065513568831,0.9730793448643117
9933,2020-05-10,0.024240281191103885,0.9757597188088961
9934,2020-05-10,0.015479665812792143,0.9845203341872079
9936,2020-05-10,0.03654365650572011,0.9634563434942799
9937,2020-05-10,0.0048037746067997045,0.9951962253932003
9938,2020-05-10,0.05727473795367466,0.9427252620463253
9939,2020-05-10,0.009779441275714729,0.9902205587242853
9940,2020-05-10,0.024170400389672442,0.9758295996103276
9941,2020-05-10,0.07907817280590701,0.920921827194093
9942,2020-05-10,0.007495296796412254,0.9925047032035877
9943,2020-05-10,0.05061093834078367,0.9493890616592163
9944,2020-05-10,0.018266416075271796,0.9817335839247282
9945,2020-05-10,0.01778373981132708,0.9822162601886729
9947,2020-05-10,0.009061660479311229,0.9909383395206888
9949,2020-05-10,0.01070019659800392,0.9892998034019961
9950,2020-05-10,0.011731670154095486,0.9882683298459045
9951,2020-05-10,0.025913807017343804,0.9740861929826562
9952,2020-05-10,0.0020619042981372404,0.9979380957018628
9953,2020-05-10,0.009490209049217713,0.9905097909507823
9954,2020-05-10,0.017510261811935712,0.9824897381880643
9956,2020-05-10,0.008094970224395648,0.9919050297756044
9957,2020-05-10,0.0844962715010723,0.9155037284989277
9958,2020-05-10,0.014597685303370023,0.98540231469663
9959,2020-05-10,0.021887662375978945,0.978112337624021
9960,2020-05-10,0.013969084895878892,0.9860309151041211
9961,2020-05-10,0.043612201757934455,0.9563877982420655
9963,2020-05-10,0.008433292538988724,0.9915667074610113
9964,2020-05-10,0.02166299434193164,0.9783370056580684
9965,2020-05-10,0.004999135879637184,0.9950008641203628
9967,2020-05-10,0.014506734274869593,0.9854932657251304
9968,2020-05-10,0.007865094849960008,0.99213490515004
9969,2020-05-10,0.018633682930915607,0.9813663170690844
9970,2020-05-10,0.0038022579455196936,0.9961977420544803
9971,2020-05-10,0.0505955775474779,0.9494044224525221
9972,2020-05-10,0.013126054865319814,0.9868739451346802
9973,2020-05-10,0.02021111549399701,0.979788884506003
9975,2020-05-10,0.019610153105960815,0.9803898468940392
9977,2020-05-10,0.012177031535453131,0.9878229684645469
9978,2020-05-10,0.011479133991691537,0.9885208660083085
9979,2020-05-10,0.04091217661453217,0.9590878233854678
9980,2020-05-10,0.019068527502029586,0.9809314724979704
9981,2020-05-10,0.015851301627494707,0.9841486983725053
9982,2020-05-10,0.003923064167533075,0.9960769358324669
9983,2020-05-10,0.004078898832621469,0.9959211011673785
9984,2020-05-10,0.012917079783108187,0.9870829202168918
9985,2020-05-10,0.006511700949538346,0.9934882990504617
9986,2020-05-10,0.022161476060698404,0.9778385239393016
9987,2020-05-10,0.04492486731135181,0.9550751326886482
9988,2020-05-10,0.0032498245377140522,0.996750175462286
9989,2020-05-10,0.012267532228407485,0.9877324677715925
9990,2020-05-10,0.015121423769616005,0.984878576230384
9991,2020-05-10,0.004912989129347678,0.9950870108706523
9992,2020-05-10,0.020726744710456213,0.9792732552895438
9993,2020-05-10,0.02636511429174182,0.9736348857082582
9994,2020-05-10,0.028257836046203133,0.9717421639537969
9995,2020-05-10,0.044447488656635614,0.9555525113433644
9996,2020-05-10,0.017916944339733343,0.9820830556602667
9997,2020-05-10,0.018618822675885105,0.9813811773241149
9999,2020-05-10,0.005148422322502011,0.994851577677498
10000,2020-05-10,0.012324437441725511,0.9876755625582745
10002,2020-05-10,0.04868896779247056,0.9513110322075294
10004,2020-05-10,0.05302004763622603,0.946979952363774
10005,2020-05-10,0.011536672609609555,0.9884633273903904
10006,2020-05-10,0.0059067338476692655,0.9940932661523307
10007,2020-05-10,0.055550675138580474,0.9444493248614195
10008,2020-05-10,0.003878579812976235,0.9961214201870238
10009,2020-05-10,0.013221108419712913,0.9867788915802871
10010,2020-05-10,0.01941953854580991,0.9805804614541901
10012,2020-05-10,0.019149570140809202,0.9808504298591908
10013,2020-05-10,0.0045475934434418,0.9954524065565582
10014,2020-05-10,0.011877242063270899,0.9881227579367291
10015,2020-05-10,0.04503016540958582,0.9549698345904142
10016,2020-05-10,0.011726233719622892,0.9882737662803771
10018,2020-05-10,0.023996405029933054,0.976003594970067
10019,2020-05-10,0.0021892369681527635,0.9978107630318472
10021,2020-05-10,0.045376585510307654,0.9546234144896923
10022,2020-05-10,0.025671462604408113,0.9743285373955919
10023,2020-05-10,0.0039834924953514594,0.9960165075046485
10024,2020-05-10,0.054340080166245364,0.9456599198337546
10025,2020-05-10,0.017870760458981838,0.9821292395410182
10026,2020-05-10,0.004912226206976067,0.9950877737930239
10027,2020-05-10,0.021441353104865835,0.9785586468951342
10028,2020-05-10,0.0073413562991689885,0.992658643700831
10029,2020-05-10,0.009121824002479961,0.99087817599752
10030,2020-05-10,0.0030454261075089084,0.9969545738924911
10031,2020-05-10,0.013617033175834292,0.9863829668241657
10032,2020-05-10,0.006858115513194707,0.9931418844868053
10033,2020-05-10,0.01407009411210991,0.9859299058878901
10034,2020-05-10,0.02125244088738154,0.9787475591126185
10035,2020-05-10,0.022481228524981134,0.9775187714750189
10036,2020-05-10,0.03553609186975193,0.9644639081302481
10038,2020-05-10,0.009310090744885757,0.9906899092551142
10039,2020-05-10,0.007251258240559499,0.9927487417594405
10040,2020-05-10,0.018973517714651278,0.9810264822853487
10041,2020-05-10,0.014499181961285745,0.9855008180387143
10042,2020-05-10,0.00984614781824067,0.9901538521817593
10043,2020-05-10,0.0009821800272974412,0.9990178199727026
10044,2020-05-10,0.013059077991426471,0.9869409220085735
10045,2020-05-10,0.020604678263110077,0.9793953217368899
10046,2020-05-10,0.015015734582218387,0.9849842654177816
10048,2020-05-10,0.013445382282598173,0.9865546177174018
10049,2020-05-10,0.004488321234327852,0.9955116787656721
10050,2020-05-10,0.006721848965086319,0.9932781510349137
10051,2020-05-10,0.011243677096980265,0.9887563229030197
10052,2020-05-10,0.004261095147980232,0.9957389048520198
10053,2020-05-10,0.022075840932570645,0.9779241590674294
10054,2020-05-10,0.09781280222358613,0.9021871977764139
10055,2020-05-10,0.005905637002056707,0.9940943629979433
10056,2020-05-10,0.019922539933013073,0.9800774600669869
10057,2020-05-10,0.004222438079300672,0.9957775619206993
10058,2020-05-10,0.05740403938572125,0.9425959606142787
10059,2020-05-10,0.008986166034748222,0.9910138339652518
10060,2020-05-10,0.025688859967598066,0.9743111400324019
10061,2020-05-10,0.0066059981070981655,0.9933940018929018
10062,2020-05-10,0.0067805402204937915,0.9932194597795062
10063,2020-05-10,0.01669398523798249,0.9833060147620175
10065,2020-05-10,0.003726543369433011,0.996273456630567
10066,2020-05-10,0.003809743544043731,0.9961902564559563
10067,2020-05-10,0.009497190836554315,0.9905028091634457
10068,2020-05-10,0.010852067352297157,0.9891479326477028
10069,2020-05-10,0.007426439745736868,0.9925735602542631
10070,2020-05-10,0.022549503557134254,0.9774504964428657
10071,2020-05-10,0.0047610259582363534,0.9952389740417636
10073,2020-05-10,0.011266159436395196,0.9887338405636048
10074,2020-05-10,0.007101816261502969,0.992898183738497
10075,2020-05-10,0.0032859587610742924,0.9967140412389257
10076,2020-05-10,0.028218338101574147,0.9717816618984259
10077,2020-05-10,0.011428384278316273,0.9885716157216837
10079,2020-05-10,0.016420243016559533,0.9835797569834405
10080,2020-05-10,0.018389902805582725,0.9816100971944173
10081,2020-05-10,0.008920619768241544,0.9910793802317585
10082,2020-05-10,0.06759142544031116,0.9324085745596888
10083,2020-05-10,0.010913691424007776,0.9890863085759922
10085,2020-05-10,0.014812004114250654,0.9851879958857493
10086,2020-05-10,0.01865875558980501,0.981341244410195
10087,2020-05-10,0.055866487064399006,0.944133512935601
10088,2020-05-10,0.015629477729472985,0.984370522270527
10089,2020-05-10,0.04164147928413042,0.9583585207158696
10090,2020-05-10,0.009765002271948653,0.9902349977280513
10091,2020-05-10,0.007517140418574431,0.9924828595814256
10092,2020-05-10,0.05428565015717446,0.9457143498428255
10093,2020-05-10,0.005849428019154224,0.9941505719808458
10094,2020-05-10,0.016577322437849484,0.9834226775621505
10095,2020-05-10,0.0069521458427669325,0.9930478541572331
10096,2020-05-10,0.008340292968285534,0.9916597070317145
10097,2020-05-10,0.01874292256845278,0.9812570774315472
10098,2020-05-10,0.016145119085933746,0.9838548809140663
10099,2020-05-10,0.0026530504410881006,0.9973469495589119
10100,2020-05-10,0.014855870090260792,0.9851441299097392
10101,2020-05-10,0.007509259358808973,0.992490740641191
10102,2020-05-10,0.007382638353946924,0.9926173616460531
10104,2020-05-10,0.014019207460505112,0.9859807925394949
10105,2020-05-10,0.043807316512599614,0.9561926834874004
10106,2020-05-10,0.06293963720221496,0.937060362797785
10107,2020-05-10,0.018176027600266154,0.9818239723997338
10108,2020-05-10,0.027055927382386158,0.9729440726176138
10110,2020-05-10,0.008234338460167079,0.9917656615398329
10111,2020-05-10,0.015905219784076774,0.9840947802159232
10112,2020-05-10,0.0077560102721297985,0.9922439897278702
10113,2020-05-10,0.039082271920139355,0.9609177280798606
10114,2020-05-10,0.018276053684399662,0.9817239463156003
10115,2020-05-10,0.04511263040648761,0.9548873695935124
10116,2020-05-10,0.0031257066537212497,0.9968742933462788
10117,2020-05-10,0.013408967680234918,0.9865910323197651
10118,2020-05-10,0.024293093091251716,0.9757069069087483
10119,2020-05-10,0.01949036509158819,0.9805096349084118
10121,2020-05-10,0.02525112206388569,0.9747488779361143
10122,2020-05-10,0.0028586503688801113,0.9971413496311199
10123,2020-05-10,0.029293860344477674,0.9707061396555223
10124,2020-05-10,0.004449180276607123,0.9955508197233929
10125,2020-05-10,0.017721634739628622,0.9822783652603714
10126,2020-05-10,0.0055354723607443646,0.9944645276392556
10127,2020-05-10,0.025287327289080896,0.9747126727109191
10128,2020-05-10,0.01347231162397744,0.9865276883760226
10129,2020-05-10,0.02709986686124688,0.9729001331387531
10130,2020-05-10,0.011146360187890059,0.9888536398121099
10131,2020-05-10,0.04095033061688036,0.9590496693831196
10132,2020-05-10,0.007070020848053193,0.9929299791519468
10134,2020-05-10,0.02589119000937734,0.9741088099906227
10135,2020-05-10,0.010863306986367505,0.9891366930136325
10136,2020-05-10,0.0057698410172525305,0.9942301589827475
10137,2020-05-10,0.02524705273113592,0.9747529472688641
10138,2020-05-10,0.011626125980594093,0.9883738740194059
10139,2020-05-10,0.012352424903732118,0.9876475750962679
10140,2020-05-10,0.017624467674892896,0.9823755323251071
10141,2020-05-10,0.011837686065270914,0.9881623139347291
10143,2020-05-10,0.04454812379933315,0.9554518762006668
10144,2020-05-10,0.008861191649978672,0.9911388083500213
10145,2020-05-10,0.05252031457527595,0.947479685424724
10146,2020-05-10,0.012065308164756483,0.9879346918352435
10147,2020-05-10,0.003018529522687774,0.9969814704773122
10148,2020-05-10,0.04403750851235988,0.9559624914876401
10149,2020-05-10,0.005925857082024422,0.9940741429179756
10150,2020-05-10,0.007947052561359857,0.9920529474386401
10151,2020-05-10,0.00399250073408608,0.9960074992659139
10152,2020-05-10,0.003543927230817978,0.996456072769182
10153,2020-05-10,0.01297426004704283,0.9870257399529572
10154,2020-05-10,0.036571507354600574,0.9634284926453994
10155,2020-05-10,0.0008304812669871486,0.9991695187330129
10156,2020-05-10,0.017375090140761884,0.9826249098592381
10157,2020-05-10,0.03400045496646176,0.9659995450335382
10158,2020-05-10,0.013592775654362677,0.9864072243456373
10159,2020-05-10,0.019520584516585004,0.980479415483415
10160,2020-05-10,0.008311249664772147,0.9916887503352279
10161,2020-05-10,0.02060272759572479,0.9793972724042752
10162,2020-05-10,0.005722676663419968,0.99427732333658
10163,2020-05-10,0.029993935934395477,0.9700060640656045
10164,2020-05-10,0.024762843734515094,0.9752371562654849
10165,2020-05-10,0.031269826214648466,0.9687301737853515
10166,2020-05-10,0.02247739724882092,0.9775226027511791
10167,2020-05-10,0.025232438648655098,0.9747675613513449
10168,2020-05-10,0.0323318532864908,0.9676681467135092
10169,2020-05-10,0.0021003692253328543,0.9978996307746671
10170,2020-05-10,0.004480974829239481,0.9955190251707605
10171,2020-05-10,0.02121225099732682,0.9787877490026732
10172,2020-05-10,0.008130244357858807,0.9918697556421412
10173,2020-05-10,0.02802223806684645,0.9719777619331536
10174,2020-05-10,0.03354474973158994,0.9664552502684101
10175,2020-05-10,0.008206205656204224,0.9917937943437958
10176,2020-05-10,0.003337050494923166,0.9966629495050768
10177,2020-05-10,0.014372828965757867,0.9856271710342421
10178,2020-05-10,0.016326862153530963,0.983673137846469
10180,2020-05-10,0.007164912769500931,0.9928350872304991
10181,2020-05-10,0.04048080556297273,0.9595191944370273
10182,2020-05-10,0.0071413518653431485,0.9928586481346569
10183,2020-05-10,0.0067884682703297505,0.9932115317296702
10184,2020-05-10,0.0462058205877004,0.9537941794122996
10185,2020-05-10,0.03214270276200204,0.967857297237998
10186,2020-05-10,0.034095353437266995,0.965904646562733
10187,2020-05-10,0.01147137084655947,0.9885286291534405
10188,2020-05-10,0.028923634086746697,0.9710763659132533
10189,2020-05-10,0.015268582496927752,0.9847314175030722
10190,2020-05-10,0.008097273865194876,0.9919027261348051
10191,2020-05-10,0.07185467423076197,0.928145325769238
10193,2020-05-10,0.03830970051893545,0.9616902994810645
10194,2020-05-10,0.008541915478202267,0.9914580845217977
10195,2020-05-10,0.019234903880404608,0.9807650961195954
10196,2020-05-10,0.03752017005866093,0.9624798299413391
10197,2020-05-10,0.013046364418793255,0.9869536355812067
10198,2020-05-10,0.02113581808933196,0.978864181910668
10199,2020-05-10,0.00916759521167021,0.9908324047883298
10200,2020-05-10,0.0018936979355671513,0.9981063020644328
10201,2020-05-10,0.012523652667389529,0.9874763473326105
10202,2020-05-10,0.006693751654920255,0.9933062483450797
10203,2020-05-10,0.024633445503525198,0.9753665544964748
10204,2020-05-10,0.022282454084043724,0.9777175459159563
10206,2020-05-10,0.013573407981599117,0.9864265920184009
10207,2020-05-10,0.004761765633011561,0.9952382343669884
10208,2020-05-10,0.017510990705663754,0.9824890092943362
10209,2020-05-10,0.014074349692169252,0.9859256503078307
10210,2020-05-10,0.0041803318039072,0.9958196681960928
10211,2020-05-10,0.06517318330027078,0.9348268166997292
10212,2020-05-10,0.030969726946002307,0.9690302730539977
10213,2020-05-10,0.014268301596892519,0.9857316984031075
10214,2020-05-10,0.017120484629256305,0.9828795153707437
10215,2020-05-10,0.03456413902042288,0.9654358609795771
10216,2020-05-10,0.009759105858668127,0.9902408941413319
10218,2020-05-10,0.014326118366757346,0.9856738816332427
10219,2020-05-10,0.013780554164249836,0.9862194458357502
10220,2020-05-10,0.0030961392898116724,0.9969038607101883
10221,2020-05-10,0.012820635212754672,0.9871793647872453
10222,2020-05-10,0.005440913187619079,0.9945590868123809
10223,2020-05-10,0.011292823949840214,0.9887071760501598
10224,2020-05-10,0.004939711769857413,0.9950602882301426
10225,2020-05-10,0.02912812925947128,0.9708718707405287
10226,2020-05-10,0.02596719099998257,0.9740328090000174
10227,2020-05-10,0.0017620380649032708,0.9982379619350967
10228,2020-05-10,0.03106024466575874,0.9689397553342413
10229,2020-05-10,0.011153302028554024,0.988846697971446
10230,2020-05-10,0.049742957665561804,0.9502570423344382
10231,2020-05-10,0.003947334989346518,0.9960526650106535
10232,2020-05-10,0.017514032949706992,0.982485967050293
10233,2020-05-10,0.012719964962888297,0.9872800350371117
10234,2020-05-10,0.01289750748309515,0.9871024925169049
10235,2020-05-10,0.014398765332181762,0.9856012346678182
10236,2020-05-10,0.00916301348471349,0.9908369865152865
10237,2020-05-10,0.00976106585060954,0.9902389341493905
10238,2020-05-10,0.009424640915531968,0.990575359084468
10239,2020-05-10,0.053719476570381675,0.9462805234296183
10240,2020-05-10,0.027464583357110328,0.9725354166428897
10241,2020-05-10,0.027043179992521593,0.9729568200074784
10242,2020-05-10,0.0075960102690579845,0.992403989730942
10243,2020-05-10,0.004569860596741138,0.9954301394032589
10245,2020-05-10,0.007244768635655152,0.9927552313643448
10246,2020-05-10,0.011719158850979516,0.9882808411490205
10247,2020-05-10,0.0024109259665081595,0.9975890740334918
10248,2020-05-10,0.00818063779355016,0.9918193622064498
10249,2020-05-10,0.01888509034541519,0.9811149096545848
10250,2020-05-10,0.00293255809861237,0.9970674419013876
10251,2020-05-10,0.004850385454726602,0.9951496145452734
10252,2020-05-10,0.012660741756499339,0.9873392582435007
10253,2020-05-10,0.04035185589964563,0.9596481441003544
10255,2020-05-10,0.0325148684361084,0.9674851315638916
10256,2020-05-10,0.01883034287423191,0.9811696571257681
10257,2020-05-10,0.10464375782092283,0.8953562421790772
10258,2020-05-10,0.02946452659632881,0.9705354734036712
10259,2020-05-10,0.0031105829120505746,0.9968894170879494
10261,2020-05-10,0.01193627113097706,0.9880637288690229
10262,2020-05-10,0.02047055677927323,0.9795294432207268
10263,2020-05-10,0.00278795122931097,0.997212048770689
10264,2020-05-10,0.06617567564955629,0.9338243243504437
10265,2020-05-10,0.04613011349491236,0.9538698865050876
10267,2020-05-10,0.02039322428853163,0.9796067757114684
10268,2020-05-10,0.0418873809919279,0.9581126190080721
10269,2020-05-10,0.01158300365119247,0.9884169963488075
10271,2020-05-10,0.020676502853264944,0.9793234971467351
10272,2020-05-10,0.018559019443247893,0.9814409805567521
10273,2020-05-10,0.002033669958217743,0.9979663300417823
10274,2020-05-10,0.026601288243286114,0.9733987117567139
10275,2020-05-10,0.004364884393745938,0.9956351156062541
10276,2020-05-10,0.010945230864468192,0.9890547691355318
10277,2020-05-10,0.03410645667243495,0.965893543327565
10278,2020-05-10,0.003008569553420992,0.996991430446579
10279,2020-05-10,0.011982619812981765,0.9880173801870182
10280,2020-05-10,0.011410647451304712,0.9885893525486953
10281,2020-05-10,0.003569299868434017,0.996430700131566
10282,2020-05-10,0.009970851821632265,0.9900291481783677
10283,2020-05-10,0.0135714527698787,0.9864285472301213
10284,2020-05-10,0.006380182836600801,0.9936198171633992
10285,2020-05-10,0.012091118464244932,0.9879088815357551
10286,2020-05-10,0.0031349987288044057,0.9968650012711956
10287,2020-05-10,0.008299060368098576,0.9917009396319014
10288,2020-05-10,0.036419110646478625,0.9635808893535214
10289,2020-05-10,0.022788942145720914,0.9772110578542791
10290,2020-05-10,0.008888606123420573,0.9911113938765794
10291,2020-05-10,0.005279272059688922,0.9947207279403111
10292,2020-05-10,0.00752604686269942,0.9924739531373006
10293,2020-05-10,0.004361520770724159,0.9956384792292758
10295,2020-05-10,0.027693744354241767,0.9723062556457582
10296,2020-05-10,0.04056738642774149,0.9594326135722585
10297,2020-05-10,0.005794365592095452,0.9942056344079045
10298,2020-05-10,0.021309367680125257,0.9786906323198747
10299,2020-05-10,0.008660101611529525,0.9913398983884705
10300,2020-05-10,0.014537411750560225,0.9854625882494398
10301,2020-05-10,0.02012454714235956,0.9798754528576404
10302,2020-05-10,0.003216780640079797,0.9967832193599202
10303,2020-05-10,0.0073435569681650215,0.992656443031835
10304,2020-05-10,0.028668482209572854,0.9713315177904271
10305,2020-05-10,0.02285670819421126,0.9771432918057887
10306,2020-05-10,0.01656432550554443,0.9834356744944556
10307,2020-05-10,0.04896964657826319,0.9510303534217368
10308,2020-05-10,0.003654309586413218,0.9963456904135868
10309,2020-05-10,0.004548429639379514,0.9954515703606205
10310,2020-05-10,0.0033526774426372308,0.9966473225573628
10311,2020-05-10,0.027951282801589872,0.9720487171984101
10312,2020-05-10,0.026566997331950337,0.9734330026680497
10313,2020-05-10,0.023661426257536422,0.9763385737424636
10315,2020-05-10,0.003651939912748592,0.9963480600872514
10316,2020-05-10,0.004568808854683137,0.9954311911453169
10317,2020-05-10,0.005846581866504219,0.9941534181334958
10318,2020-05-10,0.025623699409761724,0.9743763005902383
10319,2020-05-10,0.02571319023345009,0.9742868097665499
10320,2020-05-10,0.006916066028515244,0.9930839339714848
10321,2020-05-10,0.058456075695398235,0.9415439243046018
10322,2020-05-10,0.03391862810865698,0.966081371891343
10323,2020-05-10,0.004852510161181156,0.9951474898388188
10324,2020-05-10,0.006023714641023359,0.9939762853589766
10325,2020-05-10,0.00832967738864776,0.9916703226113522
10326,2020-05-10,0.01652563964941456,0.9834743603505854
10327,2020-05-10,0.017162578812278118,0.9828374211877219
10328,2020-05-10,0.03167238738298517,0.9683276126170148
10330,2020-05-10,0.0487096585898652,0.9512903414101348
10332,2020-05-10,0.009048999324312579,0.9909510006756874
10334,2020-05-10,0.021285362035450506,0.9787146379645495
10335,2020-05-10,0.00711302574055539,0.9928869742594446
10336,2020-05-10,0.023466641416286182,0.9765333585837138
10337,2020-05-10,0.019306902181292385,0.9806930978187076
10338,2020-05-10,0.014234627233202124,0.9857653727667979
10339,2020-05-10,0.022761282926712312,0.9772387170732877
10340,2020-05-10,0.02006548215891879,0.9799345178410812
10341,2020-05-10,0.02509276353467005,0.97490723646533
10342,2020-05-10,0.003856995318341383,0.9961430046816586
10343,2020-05-10,0.007757650358360846,0.9922423496416392
10344,2020-05-10,0.02975842077440438,0.9702415792255956
10345,2020-05-10,0.009578572750268632,0.9904214272497314
10346,2020-05-10,0.02870489265613596,0.971295107343864
10348,2020-05-10,0.003618532397918317,0.9963814676020817
10349,2020-05-10,0.019628901086796047,0.980371098913204
10350,2020-05-10,0.01669388611906497,0.983306113880935
10351,2020-05-10,0.02419318948615501,0.975806810513845
10353,2020-05-10,0.002856179721196006,0.997143820278804
10354,2020-05-10,0.02489171394640255,0.9751082860535975
10355,2020-05-10,0.01021867271835697,0.989781327281643
10356,2020-05-10,0.01627118965247476,0.9837288103475252
10357,2020-05-10,0.01597347110560776,0.9840265288943922
10358,2020-05-10,0.019203241941896043,0.980796758058104
10359,2020-05-10,0.0026202278259683798,0.9973797721740316
10360,2020-05-10,0.00758398837931451,0.9924160116206855
10362,2020-05-10,0.02800799390212938,0.9719920060978706
10363,2020-05-10,0.006064549607778913,0.9939354503922211
10364,2020-05-10,0.006017359585795634,0.9939826404142044
10365,2020-05-10,0.009566581561929799,0.9904334184380702
10366,2020-05-10,0.016483964900271264,0.9835160350997287
10367,2020-05-10,0.03787213527619393,0.9621278647238061
10368,2020-05-10,0.05994085510388014,0.9400591448961199
10370,2020-05-10,0.02046244530378305,0.979537554696217
10371,2020-05-10,0.024193351930501095,0.9758066480694989
10372,2020-05-10,0.02235022012218324,0.9776497798778168
10373,2020-05-10,0.007226806623220616,0.9927731933767794
10374,2020-05-10,0.021938212979864313,0.9780617870201357
10375,2020-05-10,0.01230568775531582,0.9876943122446842
10376,2020-05-10,0.022765651081166016,0.977234348918834
10377,2020-05-10,0.015268530898529087,0.9847314691014709
10378,2020-05-10,0.0069893114124568445,0.9930106885875432
10379,2020-05-10,0.021742310819820254,0.9782576891801797
10380,2020-05-10,0.002528102714703273,0.9974718972852967
10381,2020-05-10,0.0354865198445764,0.9645134801554236
10382,2020-05-10,0.026345785687626133,0.9736542143123739
10383,2020-05-10,0.013564326069886556,0.9864356739301134
10384,2020-05-10,0.013216455165280805,0.9867835448347192
10385,2020-05-10,0.0015595730451786194,0.9984404269548214
10386,2020-05-10,0.007193290419809539,0.9928067095801905
10387,2020-05-10,0.03834975555730713,0.9616502444426929
10388,2020-05-10,0.016609783636294617,0.9833902163637054
10389,2020-05-10,0.02179344212810519,0.9782065578718948
10390,2020-05-10,0.014671974848063596,0.9853280251519364
10391,2020-05-10,0.02144978887090898,0.978550211129091
10392,2020-05-10,0.013686098822156767,0.9863139011778432
10393,2020-05-10,0.004140340047606772,0.9958596599523932
10394,2020-05-10,0.017222135050667275,0.9827778649493327
10395,2020-05-10,0.010751828492921667,0.9892481715070783
10396,2020-05-10,0.009772476851526046,0.990227523148474
10397,2020-05-10,0.0198506388064581,0.9801493611935419
10398,2020-05-10,0.01646211094290273,0.9835378890570973
10399,2020-05-10,0.0030723577034069693,0.996927642296593
10400,2020-05-10,0.033014069557524284,0.9669859304424757
10402,2020-05-10,0.0280178211229668,0.9719821788770332
10403,2020-05-10,0.002888363443521391,0.9971116365564786
10404,2020-05-10,0.005144025315568235,0.9948559746844318
10405,2020-05-10,0.02331172402623971,0.9766882759737603
10406,2020-05-10,0.007577381331523969,0.992422618668476
10407,2020-05-10,0.014333466495234815,0.9856665335047652
10408,2020-05-10,0.015866131190499733,0.9841338688095003
10409,2020-05-10,0.01539222418647812,0.9846077758135219
10410,2020-05-10,0.013620777613003288,0.9863792223869967
10412,2020-05-10,0.008653953664271241,0.9913460463357288
10414,2020-05-10,0.027011848522714654,0.9729881514772853
10415,2020-05-10,0.01028691445327945,0.9897130855467206
10416,2020-05-10,0.006073191073903583,0.9939268089260964
10417,2020-05-10,0.019436170175495038,0.980563829824505
10418,2020-05-10,0.005600593680249122,0.9943994063197509
10419,2020-05-10,0.01961911649521253,0.9803808835047875
10420,2020-05-10,0.024177536533945165,0.9758224634660548
10421,2020-05-10,0.004279355438487675,0.9957206445615123
10422,2020-05-10,0.007124140182088734,0.9928758598179113
10423,2020-05-10,0.01488832094292536,0.9851116790570746
10424,2020-05-10,0.0027049071374396494,0.9972950928625604
10425,2020-05-10,0.008227120601542737,0.9917728793984573
10426,2020-05-10,0.02917706670640785,0.9708229332935921
10427,2020-05-10,0.003557991447039388,0.9964420085529606
10428,2020-05-10,0.038261327559421354,0.9617386724405786
10429,2020-05-10,0.011422446438864364,0.9885775535611356
10430,2020-05-10,0.02486087510233248,0.9751391248976675
10431,2020-05-10,0.04352115707818138,0.9564788429218186
10432,2020-05-10,0.031665929729589704,0.9683340702704103
10433,2020-05-10,0.006643103368358494,0.9933568966316415
10434,2020-05-10,0.0055209540850327254,0.9944790459149673
10435,2020-05-10,0.007793136352897911,0.9922068636471021
10436,2020-05-10,0.008032637652126806,0.9919673623478732
10437,2020-05-10,0.007023559023864978,0.992976440976135
10438,2020-05-10,0.018693358171395835,0.9813066418286042
10439,2020-05-10,0.0036981718084563298,0.9963018281915437
10440,2020-05-10,0.030871597633658543,0.9691284023663415
10441,2020-05-10,0.003986663236964505,0.9960133367630355
10442,2020-05-10,0.006132410207529637,0.9938675897924704
10443,2020-05-10,0.0272228287751346,0.9727771712248654
10444,2020-05-10,0.006286247730476813,0.9937137522695232
10446,2020-05-10,0.014426034884324257,0.9855739651156757
10447,2020-05-10,0.013497293089836049,0.986502706910164
10448,2020-05-10,0.026528619491053118,0.9734713805089469
10449,2020-05-10,0.03839459807825507,0.9616054019217449
10450,2020-05-10,0.018737615396994256,0.9812623846030057
10451,2020-05-10,0.011555598746948115,0.9884444012530519
10452,2020-05-10,0.028302302681967872,0.9716976973180321
10453,2020-05-10,0.03879027062080875,0.9612097293791912
10454,2020-05-10,0.017321397525844717,0.9826786024741553
10455,2020-05-10,0.01915157685523894,0.9808484231447611
10456,2020-05-10,0.024033208696892627,0.9759667913031074
10457,2020-05-10,0.003946465714148806,0.9960535342858512
10458,2020-05-10,0.013277090623324717,0.9867229093766753
10460,2020-05-10,0.004072760902395611,0.9959272390976044
10462,2020-05-10,0.039743017204686315,0.9602569827953137
10464,2020-05-10,0.0189438856301527,0.9810561143698473
10465,2020-05-10,0.007059220173746272,0.9929407798262537
10466,2020-05-10,0.01260406156635474,0.9873959384336453
10467,2020-05-10,0.005255792452037,0.994744207547963
10468,2020-05-10,0.01910490554948041,0.9808950944505196
10469,2020-05-10,0.030556032196190075,0.9694439678038099
10470,2020-05-10,0.03406209891588019,0.9659379010841198
10473,2020-05-10,0.029251135389758876,0.9707488646102411
10474,2020-05-10,0.003721383002157963,0.996278616997842
10475,2020-05-10,0.03954925113961927,0.9604507488603807
10476,2020-05-10,0.0031361169385312193,0.9968638830614688
10477,2020-05-10,0.012245196642347245,0.9877548033576528
10478,2020-05-10,0.003946533704898392,0.9960534662951016
10479,2020-05-10,0.005256568435087372,0.9947434315649126
10481,2020-05-10,0.010205217309135373,0.9897947826908646
10483,2020-05-10,0.0037589260196702057,0.9962410739803298
10484,2020-05-10,0.013771873515930122,0.9862281264840699
10485,2020-05-10,0.01338333039339068,0.9866166696066093
10486,2020-05-10,0.008082679835864526,0.9919173201641355
10487,2020-05-10,0.11160876187812208,0.8883912381218779
10488,2020-05-10,0.005165212705101063,0.9948347872948989
10489,2020-05-10,0.06985891152089496,0.930141088479105
10490,2020-05-10,0.01179875750871251,0.9882012424912875
10491,2020-05-10,0.008547253950148437,0.9914527460498516
10492,2020-05-10,0.010822172487348958,0.989177827512651
10493,2020-05-10,0.06018663009635061,0.9398133699036494
10494,2020-05-10,0.015124127301167078,0.9848758726988329
10495,2020-05-10,0.030203118766877424,0.9697968812331226
10496,2020-05-10,0.01965731505573709,0.9803426849442629
10497,2020-05-10,0.007802905412277572,0.9921970945877224
10498,2020-05-10,0.014155020896835735,0.9858449791031643
10499,2020-05-10,0.03687426618465839,0.9631257338153416
10500,2020-05-10,0.04543787385493714,0.9545621261450629
10501,2020-05-10,0.01506105366337318,0.9849389463366268
10502,2020-05-10,0.0039319115704092855,0.9960680884295907
10503,2020-05-10,0.006552216926828391,0.9934477830731716
10504,2020-05-10,0.013098383643652789,0.9869016163563472
10505,2020-05-10,0.006656296595822564,0.9933437034041774
10506,2020-05-10,0.022110458693347712,0.9778895413066523
10507,2020-05-10,0.04288713518443743,0.9571128648155626
10508,2020-05-10,0.012079536202074359,0.9879204637979256
10509,2020-05-10,0.02347018498524589,0.9765298150147541
10510,2020-05-10,0.009438211484306236,0.9905617885156938
10511,2020-05-10,0.044349118867397896,0.9556508811326021
10512,2020-05-10,0.03537622221709391,0.9646237777829061
10513,2020-05-10,0.03534048557844005,0.96465951442156
10514,2020-05-10,0.020078788448525065,0.9799212115514749
10515,2020-05-10,0.004922309371958589,0.9950776906280414
10516,2020-05-10,0.007030284645026641,0.9929697153549734
10517,2020-05-10,0.032631226964615956,0.967368773035384
10518,2020-05-10,0.03305767324093645,0.9669423267590636
10519,2020-05-10,0.007965194762937111,0.9920348052370629
10520,2020-05-10,0.008319603425514743,0.9916803965744853
10523,2020-05-10,0.017211235434139494,0.9827887645658605
10524,2020-05-10,0.025162339665709244,0.9748376603342908
10525,2020-05-10,0.030876289080313257,0.9691237109196867
10526,2020-05-10,0.01991032737470977,0.9800896726252902
10528,2020-05-10,0.006317240803152879,0.9936827591968471
10529,2020-05-10,0.010899245980123484,0.9891007540198765
10530,2020-05-10,0.004355626185027606,0.9956443738149724
10532,2020-05-10,0.05866707158182638,0.9413329284181736
10533,2020-05-10,0.01706572365786363,0.9829342763421364
10534,2020-05-10,0.002622928272214109,0.9973770717277859
10536,2020-05-10,0.030167538393706894,0.9698324616062931
10537,2020-05-10,0.04310788053893644,0.9568921194610636
10538,2020-05-10,0.03406864581465596,0.965931354185344
10539,2020-05-10,0.021059932885551302,0.9789400671144487
10540,2020-05-10,0.03889055615180603,0.961109443848194
10541,2020-05-10,0.009322800997107694,0.9906771990028923
10542,2020-05-10,0.009425638010444604,0.9905743619895554
10543,2020-05-10,0.016346122385243245,0.9836538776147568
10544,2020-05-10,0.009721998337842597,0.9902780016621574
10545,2020-05-10,0.0066562535926053545,0.9933437464073946
10546,2020-05-10,0.07629226574513603,0.923707734254864
10547,2020-05-10,0.0011301880038577794,0.9988698119961422
10549,2020-05-10,0.0076137046613118375,0.9923862953386882
10550,2020-05-10,0.008251445424124815,0.9917485545758752
10551,2020-05-10,0.018135583025222224,0.9818644169747778
10552,2020-05-10,0.02232047224066569,0.9776795277593343
10553,2020-05-10,0.002467640445084296,0.9975323595549157
10555,2020-05-10,0.005384810765374448,0.9946151892346256
10556,2020-05-10,0.10187557133133063,0.8981244286686694
10557,2020-05-10,0.00746096509819083,0.9925390349018092
10559,2020-05-10,0.016081603047708004,0.983918396952292
10560,2020-05-10,0.0013479303566129586,0.998652069643387
10561,2020-05-10,0.00544156727140277,0.9945584327285972
10562,2020-05-10,0.010113363505505735,0.9898866364944943
10563,2020-05-10,0.029673224687826627,0.9703267753121734
10564,2020-05-10,0.02015026030054512,0.9798497396994549
10565,2020-05-10,0.003700492019908408,0.9962995079800916
10566,2020-05-10,0.0061492198356662975,0.9938507801643337
10567,2020-05-10,0.010146136488358382,0.9898538635116416
10568,2020-05-10,0.013909252753442347,0.9860907472465577
10570,2020-05-10,0.014148518334037408,0.9858514816659626
10572,2020-05-10,0.005813105608618363,0.9941868943913816
10574,2020-05-10,0.00396038319541836,0.9960396168045816
10575,2020-05-10,0.030161450285519198,0.9698385497144808
10576,2020-05-10,0.04358216085140765,0.9564178391485924
10577,2020-05-10,0.009995811395126064,0.9900041886048739
10578,2020-05-10,0.07410697238992858,0.9258930276100714
10579,2020-05-10,0.006555266411905958,0.993444733588094
10580,2020-05-10,0.015594237045008064,0.9844057629549919
10581,2020-05-10,0.00269218859434861,0.9973078114056514
10582,2020-05-10,0.0009105944300875635,0.9990894055699124
10585,2020-05-10,0.015016332840411706,0.9849836671595883
10586,2020-05-10,0.0048344366565321595,0.9951655633434678
10587,2020-05-10,0.022492029922887458,0.9775079700771125
10588,2020-05-10,0.021092983523376962,0.978907016476623
10589,2020-05-10,0.066115698305797,0.933884301694203
10591,2020-05-10,0.010408036454566338,0.9895919635454337
10592,2020-05-10,0.019092448979579624,0.9809075510204204
10593,2020-05-10,0.02588847796234317,0.9741115220376568
10594,2020-05-10,0.018500870611083964,0.981499129388916
10595,2020-05-10,0.0343405689087386,0.9656594310912614
10596,2020-05-10,0.010029092101644821,0.9899709078983552
10597,2020-05-10,0.005728838857873231,0.9942711611421268
10598,2020-05-10,0.00562856857746219,0.9943714314225378
10599,2020-05-10,0.022842444976313825,0.9771575550236862
10600,2020-05-10,0.013313107507215372,0.9866868924927846
10602,2020-05-10,0.006858724605891098,0.9931412753941089
10603,2020-05-10,0.0034726550408791246,0.9965273449591209
10604,2020-05-10,0.018076042914399792,0.9819239570856002
10605,2020-05-10,0.018746619942775045,0.981253380057225
10606,2020-05-10,0.09038781619202563,0.9096121838079744
10607,2020-05-10,0.014021384008565119,0.9859786159914349
10608,2020-05-10,0.006230655614505087,0.9937693443854949
10609,2020-05-10,0.03241756199684642,0.9675824380031536
10611,2020-05-10,0.0023483765924731115,0.9976516234075269
10612,2020-05-10,0.002447256280775134,0.9975527437192249
10613,2020-05-10,0.005227390070473459,0.9947726099295265
10614,2020-05-10,0.00743777226238973,0.9925622277376103
10615,2020-05-10,0.03246717300354651,0.9675328269964535
10616,2020-05-10,0.0048973552117624886,0.9951026447882375
10617,2020-05-10,0.01697268845037314,0.9830273115496269
10618,2020-05-10,0.015609065165156921,0.9843909348348431
10619,2020-05-10,0.051536032069844695,0.9484639679301553
10621,2020-05-10,0.024534052485643443,0.9754659475143566
10622,2020-05-10,0.01822139756088159,0.9817786024391184
10623,2020-05-10,0.01074087367754506,0.9892591263224549
10624,2020-05-10,0.12470700932343615,0.8752929906765639
10625,2020-05-10,0.002201907247741386,0.9977980927522586
10626,2020-05-10,0.022603888702760533,0.9773961112972395
10627,2020-05-10,0.008031183323980007,0.99196881667602
10628,2020-05-10,0.02703536714482202,0.972964632855178
10629,2020-05-10,0.012632576728429878,0.9873674232715701
10630,2020-05-10,0.024358257682423168,0.9756417423175768
10631,2020-05-10,0.009916588137955595,0.9900834118620444
10632,2020-05-10,0.02166528809408297,0.978334711905917
10633,2020-05-10,0.005114230413767684,0.9948857695862323
10634,2020-05-10,0.02121087427642865,0.9787891257235714
10636,2020-05-10,0.04232232938877367,0.9576776706112263
10637,2020-05-10,0.0012910216661224938,0.9987089783338775
10638,2020-05-10,0.003330665767700358,0.9966693342322996
10640,2020-05-10,0.014966250201677411,0.9850337497983226
10641,2020-05-10,0.006038378497931984,0.993961621502068
10643,2020-05-10,0.010175684984796707,0.9898243150152033
10644,2020-05-10,0.01722957707345707,0.9827704229265429
10645,2020-05-10,0.01694408449932605,0.983055915500674
10646,2020-05-10,0.009061230654546448,0.9909387693454536
10647,2020-05-10,0.036023507357640816,0.9639764926423592
10648,2020-05-10,0.011258238830312628,0.9887417611696874
10649,2020-05-10,0.005155152377590011,0.99484484762241
10650,2020-05-10,0.014079003529566037,0.985920996470434
10651,2020-05-10,0.004758660397490622,0.9952413396025094
10652,2020-05-10,0.02624922079934411,0.9737507792006559
10653,2020-05-10,0.010481283937089692,0.9895187160629103
10654,2020-05-10,0.0066301936641988135,0.9933698063358012
10655,2020-05-10,0.09228874004017484,0.9077112599598252
10657,2020-05-10,0.030214441224673316,0.9697855587753267
10658,2020-05-10,0.0020074775742958684,0.9979925224257041
10659,2020-05-10,0.03926245552694674,0.9607375444730533
10660,2020-05-10,0.04096311078230275,0.9590368892176973
10662,2020-05-10,0.024621254033279194,0.9753787459667208
10663,2020-05-10,0.007864957208264522,0.9921350427917355
10664,2020-05-10,0.02080508086185795,0.979194919138142
10666,2020-05-10,0.12368348370784965,0.8763165162921503
10667,2020-05-10,0.007970931936939207,0.9920290680630608
10668,2020-05-10,0.01357853420665922,0.9864214657933408
10669,2020-05-10,0.0038566647233199136,0.9961433352766801
10670,2020-05-10,0.019002039033274687,0.9809979609667253
10671,2020-05-10,0.008854969620564757,0.9911450303794352
10672,2020-05-10,0.018983388428784664,0.9810166115712153
10673,2020-05-10,0.003318066185596047,0.996681933814404
10675,2020-05-10,0.011466091751194174,0.9885339082488058
10676,2020-05-10,0.023128641639838632,0.9768713583601614
10677,2020-05-10,0.01751260984952341,0.9824873901504766
10678,2020-05-10,0.005070552727292621,0.9949294472727074
10679,2020-05-10,0.020130765995246547,0.9798692340047535
10681,2020-05-10,0.012405096607235322,0.9875949033927647
10682,2020-05-10,0.016955270256784005,0.983044729743216
10683,2020-05-10,0.004558600722719741,0.9954413992772803
10685,2020-05-10,0.03584377429858088,0.9641562257014191
10686,2020-05-10,0.011017696391451892,0.9889823036085481
10687,2020-05-10,0.009028976458665183,0.9909710235413348
10688,2020-05-10,0.0016268199338541622,0.9983731800661458
10689,2020-05-10,0.01379450496036394,0.9862054950396361
10690,2020-05-10,0.014526041352158625,0.9854739586478414
10691,2020-05-10,0.009020528557425411,0.9909794714425746
10692,2020-05-10,0.03247163800673858,0.9675283619932614
10693,2020-05-10,0.05367893727304385,0.9463210627269562
10694,2020-05-10,0.00586537567384493,0.9941346243261551
10695,2020-05-10,0.004687367488045546,0.9953126325119545
10696,2020-05-10,0.01398239872586704,0.986017601274133
10697,2020-05-10,0.010902009538813484,0.9890979904611865
10698,2020-05-10,0.017007493162980114,0.9829925068370199
10699,2020-05-10,0.016513794931130366,0.9834862050688696
10700,2020-05-10,0.002417926238737711,0.9975820737612623
10701,2020-05-10,0.01044430135653529,0.9895556986434647
10702,2020-05-10,0.006562175927565694,0.9934378240724343
10703,2020-05-10,0.015530084623829099,0.9844699153761709
10704,2020-05-10,0.034580173312923845,0.9654198266870762
10705,2020-05-10,0.00548304853965087,0.9945169514603491
10706,2020-05-10,0.006349153145333797,0.9936508468546662
10707,2020-05-10,0.016216493465673665,0.9837835065343263
10708,2020-05-10,0.008865414042309672,0.9911345859576903
10709,2020-05-10,0.02989523015852802,0.970104769841472
10710,2020-05-10,0.09690142626706888,0.9030985737329311
10711,2020-05-10,0.028826880171884506,0.9711731198281155
10712,2020-05-10,0.01629349308750927,0.9837065069124907
10713,2020-05-10,0.016799181734409863,0.9832008182655901
10715,2020-05-10,0.03056149336441194,0.9694385066355881
10716,2020-05-10,0.023694911765088644,0.9763050882349114
10717,2020-05-10,0.02300201364550125,0.9769979863544987
10718,2020-05-10,0.031095723752376014,0.968904276247624
10719,2020-05-10,0.009070820616547293,0.9909291793834527
10720,2020-05-10,0.05759993587365764,0.9424000641263424
10721,2020-05-10,0.00806945311608187,0.9919305468839181
10722,2020-05-10,0.018732553557302523,0.9812674464426975
10723,2020-05-10,0.004751607660496648,0.9952483923395034
10724,2020-05-10,0.019673989165567063,0.9803260108344329
10725,2020-05-10,0.019818401974420197,0.9801815980255798
10727,2020-05-10,0.007346652461287961,0.992653347538712
10728,2020-05-10,0.0070051931653846156,0.9929948068346154
10729,2020-05-10,0.006310874528489996,0.99368912547151
10730,2020-05-10,0.018874410461111157,0.9811255895388888
10731,2020-05-10,0.0046249537669511565,0.9953750462330488
10732,2020-05-10,0.003090927960734735,0.9969090720392653
10733,2020-05-10,0.0010372642470982685,0.9989627357529017
10734,2020-05-10,0.053823754550812786,0.9461762454491872
10735,2020-05-10,0.006900782188876464,0.9930992178111235
10736,2020-05-10,0.025719799732532134,0.9742802002674679
10737,2020-05-10,0.02912803437317235,0.9708719656268276
10738,2020-05-10,0.007601551610598167,0.9923984483894018
10740,2020-05-10,0.007048326189565524,0.9929516738104345
10741,2020-05-10,0.00830247690957242,0.9916975230904276
10742,2020-05-10,0.08469926026584895,0.915300739734151
10744,2020-05-10,0.06427256153312577,0.9357274384668742
10745,2020-05-10,0.0013080513458618714,0.9986919486541381
10746,2020-05-10,0.03159805940973803,0.968401940590262
10747,2020-05-10,0.006399226546511261,0.9936007734534887
10748,2020-05-10,0.007613480981141674,0.9923865190188583
10749,2020-05-10,0.0036268558001921747,0.9963731441998078
10750,2020-05-10,0.009261014643861976,0.990738985356138
10751,2020-05-10,0.019224865248371192,0.9807751347516288
10753,2020-05-10,0.0196694792890566,0.9803305207109434
10754,2020-05-10,0.0050931168643501,0.9949068831356499
10755,2020-05-10,0.0059715036426082335,0.9940284963573918
10756,2020-05-10,0.0157615503888201,0.9842384496111799
10757,2020-05-10,0.009769010420298763,0.9902309895797012
10758,2020-05-10,0.017707067879548566,0.9822929321204514
10759,2020-05-10,0.004526290813459344,0.9954737091865407
10760,2020-05-10,0.017835007140850623,0.9821649928591494
10761,2020-05-10,0.028030862790120126,0.9719691372098799
10762,2020-05-10,0.012410952895573257,0.9875890471044267
10763,2020-05-10,0.029188652660863013,0.970811347339137
10765,2020-05-10,0.005459530456039974,0.99454046954396
10766,2020-05-10,0.011300383640015066,0.9886996163599849
10767,2020-05-10,0.0016094990010349086,0.9983905009989651
10768,2020-05-10,0.020190288590051675,0.9798097114099483
10769,2020-05-10,0.05268822747966928,0.9473117725203307
10770,2020-05-10,0.03304167188417406,0.9669583281158259
10771,2020-05-10,0.011490893094059706,0.9885091069059403
10772,2020-05-10,0.037262388041936934,0.9627376119580631
10773,2020-05-10,0.03213991453507181,0.9678600854649282
10774,2020-05-10,0.03229466738994491,0.9677053326100551
10775,2020-05-10,0.01157534210907718,0.9884246578909228
10776,2020-05-10,0.022464255103850528,0.9775357448961495
10777,2020-05-10,0.029485789683852737,0.9705142103161473
10778,2020-05-10,0.0012463593471141454,0.9987536406528859
10779,2020-05-10,0.022235520712240997,0.977764479287759
10780,2020-05-10,0.03176881665161657,0.9682311833483834
10781,2020-05-10,0.004567012041055141,0.9954329879589449
10782,2020-05-10,0.0294864204745946,0.9705135795254054
10783,2020-05-10,0.005284915793399736,0.9947150842066003
10784,2020-05-10,0.014641745356293145,0.9853582546437069
10785,2020-05-10,0.014370570668543303,0.9856294293314567
10786,2020-05-10,0.01726898914070263,0.9827310108592974
10787,2020-05-10,0.007722636315836029,0.992277363684164
10788,2020-05-10,0.006881286323545899,0.9931187136764541
10789,2020-05-10,0.028824868534377046,0.971175131465623
10790,2020-05-10,0.003166304470725523,0.9968336955292745
10791,2020-05-10,0.019196464547138192,0.9808035354528618
10792,2020-05-10,0.006998901489564169,0.9930010985104358
10793,2020-05-10,0.04853969084276388,0.9514603091572361
10794,2020-05-10,0.05016658877880664,0.9498334112211934
10795,2020-05-10,0.011478244322071784,0.9885217556779282
10796,2020-05-10,0.013592505570135138,0.9864074944298649
10797,2020-05-10,0.011160268886577174,0.9888397311134228
10801,2020-05-10,0.021693991579212257,0.9783060084207877
10802,2020-05-10,0.017929270652187856,0.9820707293478121
10803,2020-05-10,0.011254811869681358,0.9887451881303186
10804,2020-05-10,0.05306909869685139,0.9469309013031486
10806,2020-05-10,0.016917299442197664,0.9830827005578023
10807,2020-05-10,0.015643247760753765,0.9843567522392462
10809,2020-05-10,0.004706171905856205,0.9952938280941438
10810,2020-05-10,0.002021888019631546,0.9979781119803685
10811,2020-05-10,0.008058508058812253,0.9919414919411877
10813,2020-05-10,0.01283195006555482,0.9871680499344452
10814,2020-05-10,0.10901894117719113,0.8909810588228089
10815,2020-05-10,0.10517698118975927,0.8948230188102407
10816,2020-05-10,0.03519586752528392,0.9648041324747161
10817,2020-05-10,0.010607913517803103,0.9893920864821969
10818,2020-05-10,0.00656051672243374,0.9934394832775663
10819,2020-05-10,0.050997703066228195,0.9490022969337718
10820,2020-05-10,0.01873837077192353,0.9812616292280765
10821,2020-05-10,0.02476452877633062,0.9752354712236694
10823,2020-05-10,0.01694601619517988,0.9830539838048201
10824,2020-05-10,0.014826032452958549,0.9851739675470415
10825,2020-05-10,0.006705061778721988,0.993294938221278
10826,2020-05-10,0.0326440323990822,0.9673559676009178
10827,2020-05-10,0.00873327783710387,0.9912667221628961
10828,2020-05-10,0.046594560716497035,0.953405439283503
10829,2020-05-10,0.027190982566845268,0.9728090174331547
10830,2020-05-10,0.028245302383229087,0.9717546976167709
10832,2020-05-10,0.021537658578925645,0.9784623414210744
10833,2020-05-10,0.0307723560656451,0.9692276439343549
10834,2020-05-10,0.008597050010503704,0.9914029499894963
10835,2020-05-10,0.06832418821212094,0.9316758117878791
10836,2020-05-10,0.015315457479144423,0.9846845425208556
10837,2020-05-10,0.02131321103928041,0.9786867889607196
10838,2020-05-10,0.02449432737837587,0.9755056726216241
10839,2020-05-10,0.005965358996451675,0.9940346410035483
10840,2020-05-10,0.008890111181793725,0.9911098888182063
10841,2020-05-10,0.02614538779875275,0.9738546122012472
10842,2020-05-10,0.010400155028014724,0.9895998449719853
10843,2020-05-10,0.011192193297333897,0.9888078067026661
10844,2020-05-10,0.011570153808114436,0.9884298461918856
10845,2020-05-10,0.017371753045818505,0.9826282469541815
10846,2020-05-10,0.02504699073150185,0.9749530092684981
10847,2020-05-10,0.021646059327829592,0.9783539406721704
10848,2020-05-10,0.004789858752279108,0.9952101412477209
10849,2020-05-10,0.026512481648428232,0.9734875183515718
10850,2020-05-10,0.020584327853721995,0.979415672146278
10851,2020-05-10,0.04032907024291288,0.9596709297570871
10852,2020-05-10,0.01643585697764205,0.983564143022358
10853,2020-05-10,0.016300501326439454,0.9836994986735605
10854,2020-05-10,0.10230054800339872,0.8976994519966013
10855,2020-05-10,0.00844870998909475,0.9915512900109053
10856,2020-05-10,0.014590463766183448,0.9854095362338166
10857,2020-05-10,0.04665725899217965,0.9533427410078203
10858,2020-05-10,0.014515288918831692,0.9854847110811683
10859,2020-05-10,0.003301163809728558,0.9966988361902714
10860,2020-05-10,0.12634870159331002,0.87365129840669
10861,2020-05-10,0.05231833937981778,0.9476816606201822
10862,2020-05-10,0.03452889815564064,0.9654711018443594
10863,2020-05-10,0.022871749791565477,0.9771282502084345
10864,2020-05-10,0.023664559711211397,0.9763354402887886
10865,2020-05-10,0.025811915716584033,0.974188084283416
10866,2020-05-10,0.0022158200582635956,0.9977841799417364
10867,2020-05-10,0.008067042516913259,0.9919329574830867
10869,2020-05-10,0.037651644282338026,0.962348355717662
10870,2020-05-10,0.03066965053680948,0.9693303494631905
10871,2020-05-10,0.026243750331035653,0.9737562496689643
10872,2020-05-10,0.026146131212814505,0.9738538687871855
10873,2020-05-10,0.013045169980954285,0.9869548300190457
10874,2020-05-10,0.01699836002755506,0.9830016399724449
10875,2020-05-10,0.010809464800498159,0.9891905351995018
10876,2020-05-10,0.013850971649498334,0.9861490283505017
10877,2020-05-10,0.007810946778242456,0.9921890532217575
10878,2020-05-10,0.03159485874482171,0.9684051412551783
10879,2020-05-10,0.023732219167652557,0.9762677808323474
10880,2020-05-10,0.003409190490062053,0.996590809509938
10881,2020-05-10,0.0162713350147774,0.9837286649852226
10882,2020-05-10,0.007889719449606591,0.9921102805503934
10883,2020-05-10,0.02504569325331596,0.974954306746684
10884,2020-05-10,0.0033209976706304323,0.9966790023293696
10885,2020-05-10,0.013541043107351602,0.9864589568926484
10886,2020-05-10,0.01577787723806412,0.9842221227619359
10887,2020-05-10,0.012621297062428871,0.9873787029375711
10888,2020-05-10,0.0020835669348191477,0.9979164330651809
10889,2020-05-10,0.004961765883773506,0.9950382341162265
10890,2020-05-10,0.06381382619127629,0.9361861738087237
10891,2020-05-10,0.044431681707427506,0.9555683182925725
10893,2020-05-10,0.0056489482445062356,0.9943510517554938
10894,2020-05-10,0.017369034093043356,0.9826309659069566
10895,2020-05-10,0.008719134831625897,0.9912808651683741
10896,2020-05-10,0.01277631557929404,0.987223684420706
10897,2020-05-10,0.011907764485965977,0.988092235514034
10898,2020-05-10,0.015712567196632277,0.9842874328033677
10899,2020-05-10,0.035770940042072485,0.9642290599579275
10901,2020-05-10,0.02047129110910395,0.979528708890896
10902,2020-05-10,0.012401421245315958,0.987598578754684
10903,2020-05-10,0.00324840423070194,0.9967515957692981
10904,2020-05-10,0.007442377345789453,0.9925576226542105
10905,2020-05-10,0.017381703662778025,0.982618296337222
10906,2020-05-10,0.01759742248370444,0.9824025775162956
10907,2020-05-10,0.01435396994121807,0.9856460300587819
10908,2020-05-10,0.007540565776513852,0.9924594342234861
10909,2020-05-10,0.033537918521074794,0.9664620814789252
10910,2020-05-10,0.009717960388678226,0.9902820396113218
10911,2020-05-10,0.005252154351814142,0.9947478456481859
10913,2020-05-10,0.034551605034535915,0.9654483949654641
10914,2020-05-10,0.01891321049551198,0.981086789504488
10916,2020-05-10,0.038304655297141665,0.9616953447028583
10917,2020-05-10,0.013501148854195844,0.9864988511458042
10918,2020-05-10,0.009419258953950682,0.9905807410460493
10919,2020-05-10,0.0037690499408611355,0.9962309500591389
10920,2020-05-10,0.008624238313131083,0.9913757616868689
10922,2020-05-10,0.01380783449230949,0.9861921655076905
10923,2020-05-10,0.03446981674134564,0.9655301832586544
10924,2020-05-10,0.014958532625529708,0.9850414673744703
10925,2020-05-10,0.011923859067168974,0.988076140932831
10926,2020-05-10,0.06660909486988709,0.9333909051301129
10927,2020-05-10,0.01819495652382297,0.981805043476177
10928,2020-05-10,0.011983061527356398,0.9880169384726436
10929,2020-05-10,0.004150796264251411,0.9958492037357486
10930,2020-05-10,0.0008107664148276905,0.9991892335851723
10931,2020-05-10,0.01500779046355194,0.9849922095364481
10933,2020-05-10,0.06637208254328963,0.9336279174567104
10934,2020-05-10,0.01932747897728615,0.9806725210227139
10935,2020-05-10,0.003245525320562881,0.9967544746794371
10936,2020-05-10,0.05243985924003769,0.9475601407599623
10937,2020-05-10,0.013407975443531228,0.9865920245564688
10938,2020-05-10,0.008691180977471458,0.9913088190225285
10940,2020-05-10,0.005492966719393033,0.994507033280607
10941,2020-05-10,0.028825554569985923,0.9711744454300141
10942,2020-05-10,0.014933742500754743,0.9850662574992453
10943,2020-05-10,0.04934146555356678,0.9506585344464332
10944,2020-05-10,0.010370892854746239,0.9896291071452538
10945,2020-05-10,0.0027117261597953135,0.9972882738402047
10946,2020-05-10,0.010327508952076236,0.9896724910479238
10947,2020-05-10,0.009980581553793777,0.9900194184462062
10948,2020-05-10,0.016178379230866402,0.9838216207691336
10950,2020-05-10,0.006147676297105997,0.993852323702894
10951,2020-05-10,0.010832608423911316,0.9891673915760887
10953,2020-05-10,0.008235371798013591,0.9917646282019864
10954,2020-05-10,0.011074697778632348,0.9889253022213677
10955,2020-05-10,0.028477486380351302,0.9715225136196487
10957,2020-05-10,0.010946715609502888,0.9890532843904971
10958,2020-05-10,0.0070123463016880105,0.992987653698312
10959,2020-05-10,0.008986452690446733,0.9910135473095533
10960,2020-05-10,0.0012727976586878187,0.9987272023413122
10961,2020-05-10,0.011147626326003857,0.9888523736739961
10962,2020-05-10,0.004658103423907711,0.9953418965760923
10963,2020-05-10,0.027023248810771228,0.9729767511892288
10964,2020-05-10,0.008919250142231272,0.9910807498577687
10965,2020-05-10,0.007995811370017702,0.9920041886299823
10966,2020-05-10,0.0034850233943264364,0.9965149766056736
10968,2020-05-10,0.013617749689564085,0.9863822503104359
10969,2020-05-10,0.028859115795955903,0.9711408842040441
10970,2020-05-10,0.01668061974486934,0.9833193802551307
10971,2020-05-10,0.021060756808670922,0.9789392431913291
10972,2020-05-10,0.0020733368416586684,0.9979266631583413
10973,2020-05-10,0.003060626628427876,0.9969393733715721
10974,2020-05-10,0.011135203770531121,0.9888647962294689
10975,2020-05-10,0.009824263752802431,0.9901757362471976
10976,2020-05-10,0.02840206408314805,0.971597935916852
10977,2020-05-10,0.01036362519441647,0.9896363748055835
10978,2020-05-10,0.017270808632298906,0.9827291913677011
10979,2020-05-10,0.018059645622745757,0.9819403543772542
10981,2020-05-10,0.0052383462695310135,0.994761653730469
10982,2020-05-10,0.022852187625445497,0.9771478123745545
10984,2020-05-10,0.009336810723086897,0.9906631892769131
10985,2020-05-10,0.0052036315317138815,0.9947963684682861
10986,2020-05-10,0.010504167744421311,0.9894958322555787
10987,2020-05-10,0.008373688893785869,0.9916263111062141
10988,2020-05-10,0.009690400340887195,0.9903095996591128
10989,2020-05-10,0.0019252178929681785,0.9980747821070318
10990,2020-05-10,0.033384450829242907,0.9666155491707571
10991,2020-05-10,0.01693674918141619,0.9830632508185838
10992,2020-05-10,0.016791325978855576,0.9832086740211444
10994,2020-05-10,0.014548764839272699,0.9854512351607273
10995,2020-05-10,0.044567268257734716,0.9554327317422653
10997,2020-05-10,0.012633549585166604,0.9873664504148334
10998,2020-05-10,0.0517006284731496,0.9482993715268504
10999,2020-05-10,0.015791263040453196,0.9842087369595468
11000,2020-05-10,0.008224963859318035,0.991775036140682
11001,2020-05-10,0.01035312595259208,0.9896468740474079
11002,2020-05-10,0.036493300083545344,0.9635066999164547
11003,2020-05-10,0.0071279374160680975,0.9928720625839319
11004,2020-05-10,0.002484947108475244,0.9975150528915248
11005,2020-05-10,0.07032074186368464,0.9296792581363154
11006,2020-05-10,0.017149706472209147,0.9828502935277909
11007,2020-05-10,0.07707289782462756,0.9229271021753724
11008,2020-05-10,0.025807006964010615,0.9741929930359894
11010,2020-05-10,0.012434784135364807,0.9875652158646352
11011,2020-05-10,0.006801808374648055,0.993198191625352
11012,2020-05-10,0.009396544997230527,0.9906034550027695
11013,2020-05-10,0.018946521476509326,0.9810534785234907
11014,2020-05-10,0.004607177718151889,0.9953928222818481
11015,2020-05-10,0.01479972437554744,0.9852002756244526
11016,2020-05-10,0.008042487332368342,0.9919575126676317
11017,2020-05-10,0.1382510864861617,0.8617489135138383
11018,2020-05-10,0.009888189703810668,0.9901118102961893
11020,2020-05-10,0.007697481114798066,0.9923025188852019
11021,2020-05-10,0.01825869062436014,0.9817413093756399
11022,2020-05-10,0.007587898219602818,0.9924121017803972
11023,2020-05-10,0.011612473675092438,0.9883875263249076
11024,2020-05-10,0.013896905709209428,0.9861030942907906
11026,2020-05-10,0.003989728608734477,0.9960102713912655
11027,2020-05-10,0.01596346414212313,0.9840365358578769
11028,2020-05-10,0.0010001732414963715,0.9989998267585036
11029,2020-05-10,0.03144829836739804,0.968551701632602
11030,2020-05-10,0.02174410745617683,0.9782558925438232
11031,2020-05-10,0.0346978398329677,0.9653021601670323
11032,2020-05-10,0.00808545256488713,0.9919145474351129
11033,2020-05-10,0.02502089316543432,0.9749791068345657
11035,2020-05-10,0.019512965812654937,0.9804870341873451
11036,2020-05-10,0.007284539753629415,0.9927154602463706
11038,2020-05-10,0.005332653817670785,0.9946673461823292
11039,2020-05-10,0.018816869804468395,0.9811831301955316
11040,2020-05-10,0.01266231548612795,0.987337684513872
11042,2020-05-10,0.014856596480598894,0.9851434035194011
11043,2020-05-10,0.026161335129342156,0.9738386648706578
11045,2020-05-10,0.00777730018112488,0.9922226998188751
11046,2020-05-10,0.01013523841552455,0.9898647615844754
11047,2020-05-10,0.05434571384213538,0.9456542861578646
11048,2020-05-10,0.010646432801811656,0.9893535671981883
11049,2020-05-10,0.00918616867567712,0.9908138313243229
11050,2020-05-10,0.009982590870868724,0.9900174091291313
11051,2020-05-10,0.056135420175272954,0.943864579824727
11052,2020-05-10,0.007469832266262411,0.9925301677337376
11053,2020-05-10,0.01984925171601315,0.9801507482839869
11054,2020-05-10,0.0041252732237357925,0.9958747267762642
11055,2020-05-10,0.015004328287814173,0.9849956717121858
11056,2020-05-10,0.06982935108764665,0.9301706489123533
11057,2020-05-10,0.007586692676549434,0.9924133073234506
11058,2020-05-10,0.010560554668988198,0.9894394453310118
11059,2020-05-10,0.021583097194065815,0.9784169028059342
11060,2020-05-10,0.006030982289317088,0.9939690177106829
11061,2020-05-10,0.013874737582015073,0.9861252624179849
11062,2020-05-10,0.0028494596999445454,0.9971505403000555
11063,2020-05-10,0.016602856008898215,0.9833971439911018
11064,2020-05-10,0.07167541108570519,0.9283245889142948
11065,2020-05-10,0.02427110197961746,0.9757288980203825
11066,2020-05-10,0.00968882275636096,0.990311177243639
11068,2020-05-10,0.030447026385760356,0.9695529736142396
11069,2020-05-10,0.0502786688464697,0.9497213311535303
11070,2020-05-10,0.013569077168487653,0.9864309228315123
11071,2020-05-10,0.011381997455089499,0.9886180025449105
11072,2020-05-10,0.02779678011554154,0.9722032198844585
11073,2020-05-10,0.0041729312153649945,0.995827068784635
11074,2020-05-10,0.016159576399761844,0.9838404236002382
11075,2020-05-10,0.026106613383432786,0.9738933866165672
11076,2020-05-10,0.014278317148511022,0.985721682851489
11077,2020-05-10,0.011580628884258704,0.9884193711157413
11078,2020-05-10,0.007099973104032209,0.9929000268959678
11081,2020-05-10,0.0019332936519654842,0.9980667063480345
11082,2020-05-10,0.0048899288204224955,0.9951100711795775
11083,2020-05-10,0.04538814126349644,0.9546118587365036
11084,2020-05-10,0.015694643428191712,0.9843053565718083
11085,2020-05-10,0.004858031563985232,0.9951419684360148
11086,2020-05-10,0.010598871168779889,0.9894011288312201
11087,2020-05-10,0.008405846819370733,0.9915941531806293
11088,2020-05-10,0.002329342141918378,0.9976706578580816
11089,2020-05-10,0.009338283303825246,0.9906617166961748
11091,2020-05-10,0.03078799573373514,0.9692120042662649
11092,2020-05-10,0.03497604301105239,0.9650239569889476
11093,2020-05-10,0.021474998127843814,0.9785250018721562
11094,2020-05-10,0.007127747432720932,0.9928722525672791
11095,2020-05-10,0.010029596627249004,0.989970403372751
11096,2020-05-10,0.007259006953744818,0.9927409930462552
11097,2020-05-10,0.0028941819402630298,0.997105818059737
11098,2020-05-10,0.031632924054591505,0.9683670759454085
11099,2020-05-10,0.006748723581041838,0.9932512764189582
11100,2020-05-10,0.0056966441663263145,0.9943033558336737
11101,2020-05-10,0.06746130940341277,0.9325386905965872
11102,2020-05-10,0.012802313117346364,0.9871976868826536
11103,2020-05-10,0.028014942837641277,0.9719850571623587
11104,2020-05-10,0.005950867421875672,0.9940491325781243
11105,2020-05-10,0.008120941091151024,0.991879058908849
11106,2020-05-10,0.01984069223508933,0.9801593077649107
11107,2020-05-10,0.014467160360584708,0.9855328396394153
11108,2020-05-10,0.008631342710796241,0.9913686572892038
11109,2020-05-10,0.0179412743352122,0.9820587256647878
11110,2020-05-10,0.007842666215391647,0.9921573337846084
11111,2020-05-10,0.028218045451623208,0.9717819545483768
11114,2020-05-10,0.0039009250533512674,0.9960990749466487
11115,2020-05-10,0.011488890431770149,0.9885111095682299
11116,2020-05-10,0.05139228680187424,0.9486077131981258
11117,2020-05-10,0.015683301589643595,0.9843166984103564
11118,2020-05-10,0.021187270879548303,0.9788127291204517
11119,2020-05-10,0.0071848342669003085,0.9928151657330997
11120,2020-05-10,0.0207749006188801,0.9792250993811199
11121,2020-05-10,0.02062601936288888,0.9793739806371111
11122,2020-05-10,0.02111287714059662,0.9788871228594034
11123,2020-05-10,0.008772213629200443,0.9912277863707996
11124,2020-05-10,0.018980585081767365,0.9810194149182326
11125,2020-05-10,0.006426564478852814,0.9935734355211472
11126,2020-05-10,0.03375115233921966,0.9662488476607803
11127,2020-05-10,0.0033416142359884438,0.9966583857640116
11128,2020-05-10,0.008474640608047257,0.9915253593919527
11129,2020-05-10,0.007887895413654755,0.9921121045863452
11130,2020-05-10,0.040558096159340695,0.9594419038406593
11131,2020-05-10,0.0053552077761346295,0.9946447922238654
11132,2020-05-10,0.007401038149320027,0.99259896185068
11133,2020-05-10,0.007762690925742888,0.9922373090742571
11134,2020-05-10,0.022684718600915144,0.9773152813990849
11135,2020-05-10,0.004550720277847087,0.9954492797221529
11136,2020-05-10,0.040251418888248014,0.959748581111752
11137,2020-05-10,0.014330995726634321,0.9856690042733657
11138,2020-05-10,0.022013319563242262,0.9779866804367577
11139,2020-05-10,0.003511564617568297,0.9964884353824317
11140,2020-05-10,0.017713265621104424,0.9822867343788956
11141,2020-05-10,0.028076420436341953,0.971923579563658
11142,2020-05-10,0.014667401512533873,0.9853325984874661
11143,2020-05-10,0.001981441637075143,0.9980185583629249
11144,2020-05-10,0.009521239993156572,0.9904787600068434
11145,2020-05-10,0.006461422210925161,0.9935385777890748
11146,2020-05-10,0.045120982134613685,0.9548790178653863
11147,2020-05-10,0.08255000842805715,0.9174499915719428
11148,2020-05-10,0.008872579824272808,0.9911274201757272
11149,2020-05-10,0.013800653674241103,0.9861993463257589
11150,2020-05-10,0.010005048488292978,0.989994951511707
11152,2020-05-10,0.025419086609620778,0.9745809133903792
11153,2020-05-10,0.003530134728316092,0.9964698652716839
11154,2020-05-10,0.020390252848342394,0.9796097471516576
11155,2020-05-10,0.008167426178282367,0.9918325738217176
11156,2020-05-10,0.009091136140035316,0.9909088638599647
11157,2020-05-10,0.07377626903974432,0.9262237309602557
11158,2020-05-10,0.006627400046111509,0.9933725999538885
11159,2020-05-10,0.052235738196453,0.947764261803547
11160,2020-05-10,0.007162777716507973,0.992837222283492
11161,2020-05-10,0.019350403638149327,0.9806495963618507
11162,2020-05-10,0.011848702376269338,0.9881512976237307
11163,2020-05-10,0.004605109309254951,0.995394890690745
11164,2020-05-10,0.011516591434320378,0.9884834085656796
11165,2020-05-10,0.012286963623393765,0.9877130363766062
11166,2020-05-10,0.0067221101331579325,0.9932778898668421
11167,2020-05-10,0.006272729933059162,0.9937272700669408
11168,2020-05-10,0.008055022625692354,0.9919449773743076
11169,2020-05-10,0.013616865930925148,0.9863831340690749
11170,2020-05-10,0.021604214068415173,0.9783957859315848
11171,2020-05-10,0.012529429362134192,0.9874705706378658
11172,2020-05-10,0.01781772632978429,0.9821822736702157
11173,2020-05-10,0.020142684285314183,0.9798573157146858
11174,2020-05-10,0.0035299546097569134,0.9964700453902431
11175,2020-05-10,0.019516933760697408,0.9804830662393026
11176,2020-05-10,0.007912155243645191,0.9920878447563548
11177,2020-05-10,0.0035861921285098575,0.9964138078714901
11178,2020-05-10,0.0075116323698557474,0.9924883676301443
11179,2020-05-10,0.008913358233819002,0.991086641766181
11180,2020-05-10,0.023290156608668955,0.976709843391331
11181,2020-05-10,0.00746358257560209,0.9925364174243979
11182,2020-05-10,0.010711138830099887,0.9892888611699001
11183,2020-05-10,0.002099266931351096,0.9979007330686489
11184,2020-05-10,0.005092264962196502,0.9949077350378035
11185,2020-05-10,0.01085152523522892,0.9891484747647711
11186,2020-05-10,0.006909001600786446,0.9930909983992136
11187,2020-05-10,0.012444988001232171,0.9875550119987678
11188,2020-05-10,0.007336905391086446,0.9926630946089136
11189,2020-05-10,0.025443671118976385,0.9745563288810236
11190,2020-05-10,0.0046863559132075405,0.9953136440867925
11191,2020-05-10,0.03724159894301582,0.9627584010569842
11192,2020-05-10,0.013100963282110745,0.9868990367178893
11193,2020-05-10,0.040172221742101555,0.9598277782578984
11194,2020-05-10,0.01845611070292963,0.9815438892970704
11196,2020-05-10,0.015980015141384807,0.9840199848586152
11198,2020-05-10,0.023089615452526857,0.9769103845474731
11199,2020-05-10,0.0011141238793684893,0.9988858761206315
11200,2020-05-10,0.011052135290928966,0.988947864709071
11201,2020-05-10,0.011310374058502215,0.9886896259414978
11202,2020-05-10,0.0688567619022199,0.9311432380977801
11203,2020-05-10,0.0052235502953206225,0.9947764497046794
11204,2020-05-10,0.023252829504549766,0.9767471704954502
11205,2020-05-10,0.01450768343649067,0.9854923165635093
11206,2020-05-10,0.017738175408132273,0.9822618245918677
11207,2020-05-10,0.020207250737941385,0.9797927492620586
11208,2020-05-10,0.04483265810610204,0.955167341893898
11209,2020-05-10,0.07981054909572971,0.9201894509042703
11210,2020-05-10,0.004160297061478135,0.9958397029385219
11212,2020-05-10,0.00684333227485201,0.993156667725148
11213,2020-05-10,0.020308974326956775,0.9796910256730432
11214,2020-05-10,0.006089284227044134,0.9939107157729559
11215,2020-05-10,0.006883544438638589,0.9931164555613614
11216,2020-05-10,0.008795398478051997,0.991204601521948
11217,2020-05-10,0.02577363479258643,0.9742263652074136
11218,2020-05-10,0.03083895948960247,0.9691610405103975
11219,2020-05-10,0.09142526346284652,0.9085747365371535
11220,2020-05-10,0.028553372642037167,0.9714466273579628
11222,2020-05-10,0.021914532280696397,0.9780854677193036
11223,2020-05-10,0.0165318991176574,0.9834681008823426
11224,2020-05-10,0.02871137279148983,0.9712886272085102
11225,2020-05-10,0.004761605901564603,0.9952383940984354
11226,2020-05-10,0.024191869366446017,0.975808130633554
11227,2020-05-10,0.011274100439198742,0.9887258995608013
11228,2020-05-10,0.008125170110360402,0.9918748298896396
11229,2020-05-10,0.035813968917202565,0.9641860310827974
11230,2020-05-10,0.01144441870933599,0.988555581290664
11231,2020-05-10,0.05814322885233281,0.9418567711476672
11232,2020-05-10,0.00609130201246455,0.9939086979875354
11233,2020-05-10,0.006011955760692245,0.9939880442393078
11234,2020-05-10,0.07462187691042688,0.9253781230895731
11235,2020-05-10,0.010867173954233977,0.989132826045766
11236,2020-05-10,0.016685931736613147,0.9833140682633869
11237,2020-05-10,0.03238647216925972,0.9676135278307403
11238,2020-05-10,0.010802331964880674,0.9891976680351193
11239,2020-05-10,0.0010701090061127072,0.9989298909938873
11240,2020-05-10,0.002056974542402501,0.9979430254575975
11241,2020-05-10,0.007193110925757806,0.9928068890742422
11242,2020-05-10,0.022031835661342813,0.9779681643386572
11243,2020-05-10,0.021679530836052674,0.9783204691639473
11244,2020-05-10,0.0056062620958123865,0.9943937379041876
11245,2020-05-10,0.005394553000551916,0.9946054469994481
11246,2020-05-10,0.027555680352580603,0.9724443196474194
11247,2020-05-10,0.0005261367702893427,0.9994738632297107
11248,2020-05-10,0.0099792948308417,0.9900207051691583
11249,2020-05-10,0.015544317725558199,0.9844556822744418
11250,2020-05-10,0.03431885799993917,0.9656811420000608
11251,2020-05-10,0.0029831563058825283,0.9970168436941175
11252,2020-05-10,0.01098507289369599,0.989014927106304
11253,2020-05-10,0.035972928553611005,0.964027071446389
11254,2020-05-10,0.027458495458988597,0.9725415045410114
11255,2020-05-10,0.008651030036270102,0.9913489699637299
11256,2020-05-10,0.00773432071600022,0.9922656792839998
11257,2020-05-10,0.02891810532771999,0.97108189467228
11258,2020-05-10,0.00424576115805686,0.9957542388419431
11260,2020-05-10,0.043632445751623616,0.9563675542483764
11262,2020-05-10,0.016058380699966013,0.983941619300034
11263,2020-05-10,0.0021157176659538646,0.9978842823340461
11264,2020-05-10,0.024698814913972633,0.9753011850860274
11265,2020-05-10,0.04030056000632665,0.9596994399936734
11266,2020-05-10,0.014696038206575168,0.9853039617934248
11267,2020-05-10,0.015390400713338082,0.9846095992866619
11268,2020-05-10,0.0055993152705305915,0.9944006847294694
11269,2020-05-10,0.030957390035860066,0.9690426099641399
11270,2020-05-10,0.00373726199870561,0.9962627380012944
11271,2020-05-10,0.01848379698548297,0.981516203014517
11272,2020-05-10,0.03299825466966311,0.9670017453303369
11273,2020-05-10,0.009336783724913977,0.990663216275086
11274,2020-05-10,0.010648222872450819,0.9893517771275492
11275,2020-05-10,0.05820314098961299,0.941796859010387
11276,2020-05-10,0.01705401037221732,0.9829459896277827
11277,2020-05-10,0.00851383620334778,0.9914861637966522
11278,2020-05-10,0.008158016081776354,0.9918419839182236
11279,2020-05-10,0.0018460380216217542,0.9981539619783782
11280,2020-05-10,0.0056299601512355135,0.9943700398487645
11281,2020-05-10,0.008191285188911657,0.9918087148110883
11282,2020-05-10,0.0290540189193641,0.9709459810806359
11283,2020-05-10,0.014456000864945362,0.9855439991350546
11284,2020-05-10,0.008226113359040221,0.9917738866409598
11285,2020-05-10,0.00736591329770242,0.9926340867022976
11286,2020-05-10,0.023627432904659518,0.9763725670953405
11287,2020-05-10,0.012986688671999924,0.9870133113280001
11288,2020-05-10,0.005801779391845008,0.994198220608155
11289,2020-05-10,0.013040736707276124,0.9869592632927239
11290,2020-05-10,0.006234265085214519,0.9937657349147855
11291,2020-05-10,0.00893608048903527,0.9910639195109647
11292,2020-05-10,0.0036819250970046014,0.9963180749029954
11293,2020-05-10,0.014244836366577585,0.9857551636334224
11294,2020-05-10,0.01637476899344492,0.9836252310065551
11295,2020-05-10,0.014107068734119155,0.9858929312658808
11296,2020-05-10,0.0970687113282096,0.9029312886717904
11297,2020-05-10,0.008623769174268436,0.9913762308257316
11298,2020-05-10,0.005698352222986314,0.9943016477770137
11299,2020-05-10,0.004104515452884039,0.995895484547116
11300,2020-05-10,0.023408445118332954,0.976591554881667
11301,2020-05-10,0.017958540106393417,0.9820414598936066
11302,2020-05-10,0.060064740692740926,0.9399352593072591
11303,2020-05-10,0.004692200161466986,0.995307799838533
11304,2020-05-10,0.010124173758647603,0.9898758262413524
11305,2020-05-10,0.04251954767329624,0.9574804523267038
11307,2020-05-10,0.009652309147364369,0.9903476908526356
11308,2020-05-10,0.007956426033501884,0.9920435739664981
11309,2020-05-10,0.035907981340203454,0.9640920186597965
11311,2020-05-10,0.0013586753013489217,0.9986413246986511
11312,2020-05-10,0.013076703819756341,0.9869232961802437
11313,2020-05-10,0.008542645739921584,0.9914573542600784
11315,2020-05-10,0.01052405115790278,0.9894759488420972
11316,2020-05-10,0.009173079723953648,0.9908269202760464
11317,2020-05-10,0.010101700637042965,0.989898299362957
11318,2020-05-10,0.011902763179919895,0.9880972368200801
11319,2020-05-10,0.03296345787316213,0.9670365421268379
11320,2020-05-10,0.0032633978673920483,0.996736602132608
11321,2020-05-10,0.02540017114938964,0.9745998288506104
11322,2020-05-10,0.006227815677610327,0.9937721843223897
11323,2020-05-10,0.02289177622234506,0.9771082237776549
11324,2020-05-10,0.05324729158075592,0.9467527084192441
11325,2020-05-10,0.00683171479295952,0.9931682852070405
11326,2020-05-10,0.007445111394562165,0.9925548886054378
11327,2020-05-10,0.02811689531528805,0.971883104684712
11328,2020-05-10,0.009210871541510235,0.9907891284584898
11329,2020-05-10,0.015121930695280339,0.9848780693047197
11330,2020-05-10,0.0062729783045872844,0.9937270216954127
11331,2020-05-10,0.004589271263654493,0.9954107287363455
11332,2020-05-10,0.010446763498100031,0.9895532365019
11333,2020-05-10,0.02458384588964624,0.9754161541103538
11334,2020-05-10,0.0227733046219315,0.9772266953780685
11335,2020-05-10,0.05043120307553228,0.9495687969244677
11336,2020-05-10,0.008789830126884057,0.9912101698731159
11337,2020-05-10,0.011825508152934816,0.9881744918470652
11338,2020-05-10,0.048570464875469566,0.9514295351245304
11339,2020-05-10,0.04578476302657897,0.954215236973421
11340,2020-05-10,0.024325899426353992,0.975674100573646
11341,2020-05-10,0.008353000084309725,0.9916469999156903
11342,2020-05-10,0.006231370200817654,0.9937686297991823
11343,2020-05-10,0.00626977504855164,0.9937302249514484
11344,2020-05-10,0.020215345142747143,0.9797846548572529
11345,2020-05-10,0.014779876235471945,0.985220123764528
11346,2020-05-10,0.0062488970994661885,0.9937511029005338
11347,2020-05-10,0.006218632205835073,0.9937813677941649
11348,2020-05-10,0.02748296950241247,0.9725170304975875
11349,2020-05-10,0.01994484995389212,0.9800551500461079
11350,2020-05-10,0.03506852903716573,0.9649314709628343
11351,2020-05-10,0.05302098228416585,0.9469790177158341
11353,2020-05-10,0.0019930122209352863,0.9980069877790647
11354,2020-05-10,0.03983413020832882,0.9601658697916712
11355,2020-05-10,0.04542605557006507,0.9545739444299349
11356,2020-05-10,0.0043375061986884456,0.9956624938013116
11357,2020-05-10,0.04557511515209911,0.9544248848479009
11358,2020-05-10,0.003376538279472596,0.9966234617205274
11359,2020-05-10,0.008250281863009579,0.9917497181369904
11360,2020-05-10,0.007084707450159433,0.9929152925498406
11361,2020-05-10,0.03673393722031115,0.9632660627796888
11362,2020-05-10,0.0010027640363016177,0.9989972359636984
11363,2020-05-10,0.07093746514332722,0.9290625348566728
11364,2020-05-10,0.02925329061004356,0.9707467093899564
11365,2020-05-10,0.004298966606851695,0.9957010333931483
11366,2020-05-10,0.02037358393096267,0.9796264160690373
11367,2020-05-10,0.01995931688643171,0.9800406831135683
11368,2020-05-10,0.0349040519374082,0.9650959480625918
11369,2020-05-10,0.013093671499311732,0.9869063285006883
11370,2020-05-10,0.03148690172718438,0.9685130982728156
11371,2020-05-10,0.04894856088326305,0.951051439116737
11372,2020-05-10,0.024307323207306553,0.9756926767926934
11373,2020-05-10,0.0022449053733449853,0.997755094626655
11374,2020-05-10,0.011506431372828474,0.9884935686271715
11375,2020-05-10,0.010878964530691593,0.9891210354693084
11378,2020-05-10,0.0029891241527117973,0.9970108758472882
11380,2020-05-10,0.013876397607291202,0.9861236023927088
11381,2020-05-10,0.018154609894920792,0.9818453901050792
11382,2020-05-10,0.021217866301263988,0.978782133698736
11383,2020-05-10,0.008527347071262681,0.9914726529287373
11385,2020-05-10,0.019086855004194825,0.9809131449958052
11386,2020-05-10,0.0728169877657664,0.9271830122342336
11387,2020-05-10,0.04359621989854834,0.9564037801014517
11388,2020-05-10,0.008297153791659517,0.9917028462083405
11389,2020-05-10,0.010745752968748024,0.989254247031252
11390,2020-05-10,0.019788622342076456,0.9802113776579235
11391,2020-05-10,0.015138081101971346,0.9848619188980287
11392,2020-05-10,0.017866538463520043,0.98213346153648
11393,2020-05-10,0.00437096391980063,0.9956290360801994
11394,2020-05-10,0.0077105218205426596,0.9922894781794573
11395,2020-05-10,0.008696424958937188,0.9913035750410628
11396,2020-05-10,0.006802828314717235,0.9931971716852828
11397,2020-05-10,0.026539481024127065,0.9734605189758729
11398,2020-05-10,0.06473301700295764,0.9352669829970424
11399,2020-05-10,0.03263019018514346,0.9673698098148565
11400,2020-05-10,0.012477107345708394,0.9875228926542916
11401,2020-05-10,0.0021490588787912435,0.9978509411212088
11402,2020-05-10,0.004543910410649166,0.9954560895893508
11403,2020-05-10,0.010325030684445569,0.9896749693155544
11404,2020-05-10,0.025749364579231937,0.9742506354207681
11405,2020-05-10,0.0032681473893131363,0.9967318526106869
11406,2020-05-10,0.00264065183728468,0.9973593481627153
11407,2020-05-10,0.003014468350698407,0.9969855316493016
11409,2020-05-10,0.012836341631873194,0.9871636583681268
11410,2020-05-10,0.017486768840433098,0.9825132311595669
11411,2020-05-10,0.037279218887159904,0.9627207811128401
11412,2020-05-10,0.03917122513343052,0.9608287748665695
11415,2020-05-10,0.01801806812338147,0.9819819318766185
11417,2020-05-10,0.00795496218910774,0.9920450378108923
11418,2020-05-10,0.005730316996804152,0.9942696830031958
11419,2020-05-10,0.006766402441590436,0.9932335975584096
11420,2020-05-10,0.05265509822162384,0.9473449017783762
11421,2020-05-10,0.02356376108183944,0.9764362389181606
11422,2020-05-10,0.09431279953607563,0.9056872004639244
11423,2020-05-10,0.08640951272433739,0.9135904872756626
11424,2020-05-10,0.0028461426261701117,0.9971538573738299
11425,2020-05-10,0.032434177109707085,0.9675658228902929
11426,2020-05-10,0.01888629084659854,0.9811137091534015
11427,2020-05-10,0.0161969220146978,0.9838030779853022
11428,2020-05-10,0.020278326986718165,0.9797216730132818
11429,2020-05-10,0.018994708807413607,0.9810052911925864
11430,2020-05-10,0.0073585384700379786,0.992641461529962
11432,2020-05-10,0.028431447397747944,0.9715685526022521
11433,2020-05-10,0.012346291191331793,0.9876537088086682
11434,2020-05-10,0.004577261891182349,0.9954227381088177
11435,2020-05-10,0.005923115191259987,0.99407688480874
11436,2020-05-10,0.007685040808522725,0.9923149591914773
11437,2020-05-10,0.005642278376379428,0.9943577216236206
11438,2020-05-10,0.01308711882516167,0.9869128811748383
11439,2020-05-10,0.010962236167264439,0.9890377638327356
11441,2020-05-10,0.04278513773119541,0.9572148622688046
11442,2020-05-10,0.006923098415696272,0.9930769015843037
11443,2020-05-10,0.0046442534329185214,0.9953557465670815
11444,2020-05-10,0.0058716483803112896,0.9941283516196887
11445,2020-05-10,0.04955854065505194,0.9504414593449481
11446,2020-05-10,0.013407435162093417,0.9865925648379066
11447,2020-05-10,0.005600887046837921,0.9943991129531621
11448,2020-05-10,0.014110552942189214,0.9858894470578108
11449,2020-05-10,0.01133610012609998,0.9886638998739
11450,2020-05-10,0.008025693654584165,0.9919743063454158
11451,2020-05-10,0.005120128074855401,0.9948798719251446
11452,2020-05-10,0.007790715408568238,0.9922092845914318
11453,2020-05-10,0.13663868251451017,0.8633613174854898
11454,2020-05-10,0.004448647562499963,0.9955513524375
11455,2020-05-10,0.007137921723568308,0.9928620782764317
11456,2020-05-10,0.00718249086738687,0.9928175091326131
11457,2020-05-10,0.016826262392334423,0.9831737376076656
11458,2020-05-10,0.03264746580505984,0.9673525341949402
11459,2020-05-10,0.0037118973999135108,0.9962881026000865
11460,2020-05-10,0.007446367855155511,0.9925536321448445
11461,2020-05-10,0.10712488661984931,0.8928751133801507
11462,2020-05-10,0.059954022961327014,0.940045977038673
11463,2020-05-10,0.023764806779629666,0.9762351932203703
11464,2020-05-10,0.008249518714248394,0.9917504812857516
11465,2020-05-10,0.08821425973594477,0.9117857402640552
11466,2020-05-10,0.013041332898787394,0.9869586671012126
11467,2020-05-10,0.02048871665472496,0.979511283345275
11469,2020-05-10,0.011114903900886763,0.9888850960991132
11470,2020-05-10,0.007862872969898738,0.9921371270301013
11471,2020-05-10,0.012903164359132191,0.9870968356408678
11472,2020-05-10,0.023684320836845796,0.9763156791631542
11473,2020-05-10,0.009722451493646145,0.9902775485063539
11474,2020-05-10,0.04210774888137858,0.9578922511186214
11476,2020-05-10,0.016253992267165174,0.9837460077328348
11477,2020-05-10,0.01263291779687381,0.9873670822031262
11478,2020-05-10,0.009300891226126429,0.9906991087738736
11479,2020-05-10,0.009492921723406877,0.9905070782765931
11480,2020-05-10,0.014600311714443981,0.985399688285556
11481,2020-05-10,0.005266938612601746,0.9947330613873983
11482,2020-05-10,0.03437123374561757,0.9656287662543824
11483,2020-05-10,0.02294506628902604,0.977054933710974
11484,2020-05-10,0.002735588251199128,0.9972644117488009
11485,2020-05-10,0.01326893353301517,0.9867310664669848
11486,2020-05-10,0.0037949207845944244,0.9962050792154056
11487,2020-05-10,0.04524537195067102,0.954754628049329
11488,2020-05-10,0.07767659463724774,0.9223234053627523
11489,2020-05-10,0.0014932181965537916,0.9985067818034462
11490,2020-05-10,0.008489055597031725,0.9915109444029683
11491,2020-05-10,0.027069743015380343,0.9729302569846197
11492,2020-05-10,0.042054526611291165,0.9579454733887088
11493,2020-05-10,0.02200628791385595,0.977993712086144
11494,2020-05-10,0.006181273380244323,0.9938187266197557
11495,2020-05-10,0.02142310379200474,0.9785768962079953
11496,2020-05-10,0.004625196335788617,0.9953748036642114
11497,2020-05-10,0.010533879476746999,0.989466120523253
11498,2020-05-10,0.002886294128160216,0.9971137058718398
11499,2020-05-10,0.019625496712292523,0.9803745032877075
11500,2020-05-10,0.0021729433606083592,0.9978270566393916
11501,2020-05-10,0.003471103603758685,0.9965288963962413
11502,2020-05-10,0.0018381690433815212,0.9981618309566185
11503,2020-05-10,0.004087364599323573,0.9959126354006764
11504,2020-05-10,0.011084473120806182,0.9889155268791938
11505,2020-05-10,0.01152363843337556,0.9884763615666244
11506,2020-05-10,0.001953274388800552,0.9980467256111994
11507,2020-05-10,0.06874782384156242,0.9312521761584376
11508,2020-05-10,0.013660111296029842,0.9863398887039702
11509,2020-05-10,0.04942585077415185,0.9505741492258482
11510,2020-05-10,0.007492134258838878,0.9925078657411611
11511,2020-05-10,0.008753994171939117,0.9912460058280609
11512,2020-05-10,0.016346895460834343,0.9836531045391657
11513,2020-05-10,0.018100296262146598,0.9818997037378534
11514,2020-05-10,0.015051290876826773,0.9849487091231732
11515,2020-05-10,0.04516950265354247,0.9548304973464575
11517,2020-05-10,0.007488140620831585,0.9925118593791684
11518,2020-05-10,0.0032830528518904556,0.9967169471481095
11519,2020-05-10,0.028882292260081655,0.9711177077399183
11520,2020-05-10,0.028690402500793466,0.9713095974992065
11521,2020-05-10,0.005148551020084713,0.9948514489799153
11523,2020-05-10,0.03438181560823428,0.9656181843917657
11524,2020-05-10,0.006761167844616223,0.9932388321553838
11525,2020-05-10,0.009239860097086994,0.990760139902913
11526,2020-05-10,0.011714297451712485,0.9882857025482875
11527,2020-05-10,0.015188415254639986,0.98481158474536
11528,2020-05-10,0.016422698321318263,0.9835773016786817
11529,2020-05-10,0.010825354524910069,0.9891746454750899
11530,2020-05-10,0.00878231966146259,0.9912176803385374
11531,2020-05-10,0.04990678062798237,0.9500932193720176
11532,2020-05-10,0.024040886648660886,0.9759591133513391
11534,2020-05-10,0.00211112374385769,0.9978888762561423
11535,2020-05-10,0.0039781574580377566,0.9960218425419622
11536,2020-05-10,0.008232544790885421,0.9917674552091146
11537,2020-05-10,0.023054556778110413,0.9769454432218896
11538,2020-05-10,0.06691053078705744,0.9330894692129426
11539,2020-05-10,0.007048864389924803,0.9929511356100752
11540,2020-05-10,0.015565711556250306,0.9844342884437497
11541,2020-05-10,0.02553508754818612,0.9744649124518139
11542,2020-05-10,0.011241219707023409,0.9887587802929766
11543,2020-05-10,0.02003728530996629,0.9799627146900337
11544,2020-05-10,0.020311032914530514,0.9796889670854695
11545,2020-05-10,0.04119455519401505,0.958805444805985
11546,2020-05-10,0.017577384882004665,0.9824226151179953
11547,2020-05-10,0.07529776844488689,0.9247022315551131
11548,2020-05-10,0.03900935128143879,0.9609906487185612
11551,2020-05-10,0.012356530128715848,0.9876434698712842
11552,2020-05-10,0.0036921599685485473,0.9963078400314515
11553,2020-05-10,0.002450933627812013,0.997549066372188
11554,2020-05-10,0.03870996160045992,0.9612900383995401
11555,2020-05-10,0.059662422546530314,0.9403375774534697
11556,2020-05-10,0.008237697094853225,0.9917623029051468
11557,2020-05-10,0.027625851493407128,0.9723741485065929
11558,2020-05-10,0.0263447687387256,0.9736552312612744
11559,2020-05-10,0.02624873837860109,0.9737512616213989
11561,2020-05-10,0.003016519815281171,0.9969834801847188
11562,2020-05-10,0.05281657277429641,0.9471834272257036
11563,2020-05-10,0.005371788346156148,0.9946282116538439
11564,2020-05-10,0.029092407625237127,0.9709075923747629
11565,2020-05-10,0.018777260417910058,0.9812227395820899
11567,2020-05-10,0.009146054151294436,0.9908539458487056
11568,2020-05-10,0.006547920061813484,0.9934520799381865
11569,2020-05-10,0.010740646891039596,0.9892593531089604
11570,2020-05-10,0.004747141995800286,0.9952528580041997
11571,2020-05-10,0.003966822795478109,0.9960331772045219
11572,2020-05-10,0.006121837397199736,0.9938781626028003
11573,2020-05-10,0.019137613884487648,0.9808623861155124
11574,2020-05-10,0.03283100972926711,0.9671689902707329
11575,2020-05-10,0.016004332752677652,0.9839956672473223
11576,2020-05-10,0.018815989734244032,0.981184010265756
11577,2020-05-10,0.0199706017272252,0.9800293982727748
11578,2020-05-10,0.005161923062588558,0.9948380769374114
11579,2020-05-10,0.04586252673088098,0.954137473269119
11580,2020-05-10,0.019507364749520417,0.9804926352504796
11581,2020-05-10,0.004744671297246428,0.9952553287027536
11582,2020-05-10,0.02302082935792593,0.9769791706420741
11583,2020-05-10,0.03455033273825037,0.9654496672617496
11584,2020-05-10,0.02194345606524628,0.9780565439347537
11585,2020-05-10,0.018020832918088425,0.9819791670819116
11586,2020-05-10,0.013314782892021038,0.986685217107979
11588,2020-05-10,0.08146026416892393,0.9185397358310761
11589,2020-05-10,0.01021440573780208,0.9897855942621979
11590,2020-05-10,0.023615222729716612,0.9763847772702834
11591,2020-05-10,0.01343196447850925,0.9865680355214907
11592,2020-05-10,0.00873132073576921,0.9912686792642308
11593,2020-05-10,0.011353578227176087,0.9886464217728239
11594,2020-05-10,0.01222526564581805,0.987774734354182
11596,2020-05-10,0.015037025639917712,0.9849629743600823
11597,2020-05-10,0.006576079875035612,0.9934239201249644
11598,2020-05-10,0.01617285384802658,0.9838271461519734
11599,2020-05-10,0.018738918184493025,0.981261081815507
11600,2020-05-10,0.029956141666627967,0.970043858333372
11601,2020-05-10,0.0038315729137657906,0.9961684270862342
11602,2020-05-10,0.011312691985277956,0.988687308014722
11603,2020-05-10,0.01653320600333985,0.9834667939966601
11604,2020-05-10,0.010513148752133494,0.9894868512478665
11605,2020-05-10,0.021920315635620247,0.9780796843643798
11607,2020-05-10,0.0012912412244340254,0.998708758775566
11608,2020-05-10,0.024053218760418216,0.9759467812395818
11609,2020-05-10,0.0058728850862724835,0.9941271149137275
11610,2020-05-10,0.08474484653957148,0.9152551534604285
11611,2020-05-10,0.007536771145741805,0.9924632288542582
11612,2020-05-10,0.005826817863218814,0.9941731821367812
11613,2020-05-10,0.02146095419776195,0.978539045802238
11614,2020-05-10,0.06382494907129932,0.9361750509287007
11615,2020-05-10,0.04332357300482592,0.9566764269951741
11616,2020-05-10,0.025667748814634406,0.9743322511853656
11617,2020-05-10,0.0050197109147523955,0.9949802890852476
11618,2020-05-10,0.022446040574425452,0.9775539594255745
11619,2020-05-10,0.03930162814872151,0.9606983718512785
11621,2020-05-10,0.006548381817570559,0.9934516181824294
11622,2020-05-10,0.032216510058633685,0.9677834899413663
11623,2020-05-10,0.00428265345616452,0.9957173465438355
11624,2020-05-10,0.018801539676621792,0.9811984603233782
11625,2020-05-10,0.005751645127897054,0.994248354872103
11626,2020-05-10,0.009845068714088412,0.9901549312859116
11628,2020-05-10,0.014374697623777744,0.9856253023762223
11629,2020-05-10,0.0038301487549737834,0.9961698512450262
11630,2020-05-10,0.009428557359519973,0.99057144264048
11631,2020-05-10,0.0425117644268137,0.9574882355731863
11633,2020-05-10,0.008483126876389191,0.9915168731236108
11634,2020-05-10,0.016103930516538023,0.983896069483462
11635,2020-05-10,0.01682660025899152,0.9831733997410085
11636,2020-05-10,0.045236860156068204,0.9547631398439318
11637,2020-05-10,0.010387841167647571,0.9896121588323524
11638,2020-05-10,0.034137235844095226,0.9658627641559048
11639,2020-05-10,0.008197471343075802,0.9918025286569242
11640,2020-05-10,0.019309913669815493,0.9806900863301845
11641,2020-05-10,0.04052776411265979,0.9594722358873402
11642,2020-05-10,0.11220467431609993,0.8877953256839001
11643,2020-05-10,0.002164844031178892,0.9978351559688211
11644,2020-05-10,0.07023991619339265,0.9297600838066074
11645,2020-05-10,0.0037469224512690635,0.9962530775487309
11646,2020-05-10,0.04555715878734856,0.9544428412126514
11647,2020-05-10,0.005300275514518726,0.9946997244854813
11648,2020-05-10,0.018266991450700654,0.9817330085492993
11649,2020-05-10,0.010236357690388664,0.9897636423096113
11650,2020-05-10,0.025463748101820727,0.9745362518981793
11651,2020-05-10,0.012097590135681568,0.9879024098643184
11652,2020-05-10,0.020749364022830008,0.97925063597717
11653,2020-05-10,0.003958065183946147,0.9960419348160539
11654,2020-05-10,0.023729108119998954,0.976270891880001
11655,2020-05-10,0.004380272815830866,0.9956197271841691
11656,2020-05-10,0.06786593213533154,0.9321340678646685
11657,2020-05-10,0.017575106449611466,0.9824248935503885
11658,2020-05-10,0.01615888784615571,0.9838411121538443
11659,2020-05-10,0.011881958136607862,0.9881180418633921
11660,2020-05-10,0.015003330412989402,0.9849966695870106
11661,2020-05-10,0.04697168443815958,0.9530283155618404
11662,2020-05-10,0.008957269322135475,0.9910427306778645
11663,2020-05-10,0.023430901218555733,0.9765690987814443
11664,2020-05-10,0.020708523183218364,0.9792914768167816
11665,2020-05-10,0.005333640640483139,0.9946663593595169
11666,2020-05-10,0.016793322202981353,0.9832066777970186
11667,2020-05-10,0.018282587137962714,0.9817174128620373
11668,2020-05-10,0.025298047872112872,0.9747019521278871
11670,2020-05-10,0.007654676735593835,0.9923453232644062
11672,2020-05-10,0.018939123836263727,0.9810608761637363
11673,2020-05-10,0.007666214962019913,0.9923337850379801
11674,2020-05-10,0.003025666406638816,0.9969743335933612
11675,2020-05-10,0.020797944949252023,0.979202055050748
11676,2020-05-10,0.02028977311473723,0.9797102268852628
11677,2020-05-10,0.047622521425755515,0.9523774785742445
11678,2020-05-10,0.021255914008809107,0.9787440859911909
11679,2020-05-10,0.0025198770783929625,0.997480122921607
11680,2020-05-10,0.0029837544444265562,0.9970162455555734
11681,2020-05-10,0.008158289423671583,0.9918417105763284
11683,2020-05-10,0.01799752801727017,0.9820024719827298
11684,2020-05-10,0.01702928210486654,0.9829707178951335
11686,2020-05-10,0.030804553574462323,0.9691954464255377
11687,2020-05-10,0.00793840537894408,0.9920615946210559
11688,2020-05-10,0.006315658403669877,0.9936843415963301
11689,2020-05-10,0.07737773002337722,0.9226222699766228
11690,2020-05-10,0.062613650661967,0.937386349338033
11691,2020-05-10,0.01638927269232926,0.9836107273076707
11692,2020-05-10,0.0028024740426032535,0.9971975259573967
11693,2020-05-10,0.0045175928365494,0.9954824071634506
11694,2020-05-10,0.008059556543149493,0.9919404434568505
11695,2020-05-10,0.004590336972484899,0.9954096630275151
11696,2020-05-10,0.023271023179811667,0.9767289768201883
11697,2020-05-10,0.0030822765224423065,0.9969177234775577
11698,2020-05-10,0.03927209892057537,0.9607279010794246
11700,2020-05-10,0.0027952180597554666,0.9972047819402445
11701,2020-05-10,0.011193336699022227,0.9888066633009778
11702,2020-05-10,0.00988261385139777,0.9901173861486022
11704,2020-05-10,0.0007885289545545016,0.9992114710454455
11705,2020-05-10,0.040877304844471385,0.9591226951555286
11707,2020-05-10,0.010755238746347318,0.9892447612536527
11708,2020-05-10,0.008993071512060191,0.9910069284879398
11709,2020-05-10,0.022139051655209463,0.9778609483447905
11710,2020-05-10,0.007051644553251135,0.9929483554467489
11711,2020-05-10,0.030820714771243818,0.9691792852287562
11712,2020-05-10,0.01192425354477944,0.9880757464552206
11713,2020-05-10,0.040975626123247455,0.9590243738767525
11714,2020-05-10,0.017234560892066098,0.9827654391079339
11715,2020-05-10,0.013473669892424378,0.9865263301075756
11716,2020-05-10,0.017645569673264805,0.9823544303267352
11717,2020-05-10,0.006591374749123413,0.9934086252508766
11718,2020-05-10,0.005064380223505194,0.9949356197764948
11719,2020-05-10,0.004354538242804407,0.9956454617571956
11720,2020-05-10,0.01879247160665143,0.9812075283933486
11721,2020-05-10,0.005742694860980668,0.9942573051390193
11722,2020-05-10,0.022754199529526176,0.9772458004704738
11723,2020-05-10,0.001190801245386286,0.9988091987546137
11724,2020-05-10,0.011674866610763335,0.9883251333892367
11725,2020-05-10,0.02615908751987528,0.9738409124801247
11726,2020-05-10,0.00783353994877245,0.9921664600512276
11727,2020-05-10,0.009564107883065387,0.9904358921169346
11728,2020-05-10,0.022264485918283006,0.977735514081717
11730,2020-05-10,0.005713397219980876,0.9942866027800191
11731,2020-05-10,0.02486954361057314,0.9751304563894269
11732,2020-05-10,0.02398025238545931,0.9760197476145407
11733,2020-05-10,0.015771757788803353,0.9842282422111966
11734,2020-05-10,0.003956546834867347,0.9960434531651327
11735,2020-05-10,0.03407640052981609,0.9659235994701839
11736,2020-05-10,0.01907622200435488,0.9809237779956451
11737,2020-05-10,0.042787993092012644,0.9572120069079874
11738,2020-05-10,0.01865677273239985,0.9813432272676001
11739,2020-05-10,0.005829737696939841,0.9941702623030602
11740,2020-05-10,0.006253812988591845,0.9937461870114082
11741,2020-05-10,0.018357626725024723,0.9816423732749753
11742,2020-05-10,0.01123816097780228,0.9887618390221977
11743,2020-05-10,0.010738437916223864,0.9892615620837761
11744,2020-05-10,0.015725918355338542,0.9842740816446615
11745,2020-05-10,0.014279185442306441,0.9857208145576936
11746,2020-05-10,0.034637878470229144,0.9653621215297709
11747,2020-05-10,0.005589120416879756,0.9944108795831202
11748,2020-05-10,0.0014306168510349604,0.998569383148965
11749,2020-05-10,0.009284414414653441,0.9907155855853466
11750,2020-05-10,0.013773684742307113,0.9862263152576929
11751,2020-05-10,0.003007011508455615,0.9969929884915444
11752,2020-05-10,0.01462377081651478,0.9853762291834852
11753,2020-05-10,0.009408474934816002,0.990591525065184
11754,2020-05-10,0.023033871703437514,0.9769661282965625
11756,2020-05-10,0.0159156658215307,0.9840843341784693
11757,2020-05-10,0.018288454201828563,0.9817115457981714
11758,2020-05-10,0.01691415414134345,0.9830858458586565
11759,2020-05-10,0.046114315005331696,0.9538856849946683
11760,2020-05-10,0.037095838205255194,0.9629041617947448
11761,2020-05-10,0.03570993715297288,0.9642900628470271
11762,2020-05-10,0.03565476566843384,0.9643452343315662
11763,2020-05-10,0.00429209461354596,0.995707905386454
11764,2020-05-10,0.010666005864613415,0.9893339941353866
11765,2020-05-10,0.01958087159860733,0.9804191284013927
11766,2020-05-10,0.006361200536173173,0.9936387994638268
11767,2020-05-10,0.006546776776825247,0.9934532232231748
11768,2020-05-10,0.010891695111784783,0.9891083048882152
11769,2020-05-10,0.017323877009114197,0.9826761229908858
11770,2020-05-10,0.0036813257405153843,0.9963186742594846
11771,2020-05-10,0.00709260386560584,0.9929073961343942
11772,2020-05-10,0.020074221578072815,0.9799257784219272
11773,2020-05-10,0.03152706828376295,0.968472931716237
11774,2020-05-10,0.0020937779603087403,0.9979062220396913
11775,2020-05-10,0.0059818775185046524,0.9940181224814953
11776,2020-05-10,0.013070811213263367,0.9869291887867366
11777,2020-05-10,0.008629109833301452,0.9913708901666985
11778,2020-05-10,0.029703175182835717,0.9702968248171643
11779,2020-05-10,0.007954102881411962,0.992045897118588
11780,2020-05-10,0.012155711816855264,0.9878442881831447
11781,2020-05-10,0.004380476992384641,0.9956195230076154
11782,2020-05-10,0.017566074521794817,0.9824339254782052
11783,2020-05-10,0.04609065565705284,0.9539093443429472
11784,2020-05-10,0.006479712155664563,0.9935202878443354
11785,2020-05-10,0.01512349535903268,0.9848765046409673
11786,2020-05-10,0.038006579989082745,0.9619934200109173
11787,2020-05-10,0.0143140909287085,0.9856859090712915
11788,2020-05-10,0.05807980440077287,0.9419201955992271
11789,2020-05-10,0.07684336902582645,0.9231566309741736
11790,2020-05-10,0.009523453184382857,0.9904765468156171
11791,2020-05-10,0.0071033491175038765,0.9928966508824961
11792,2020-05-10,0.011655810456524307,0.9883441895434757
11793,2020-05-10,0.015977867662385625,0.9840221323376144
11794,2020-05-10,0.04279215612709508,0.9572078438729049
11795,2020-05-10,0.008066671097858746,0.9919333289021413
11796,2020-05-10,0.011613809756688909,0.9883861902433111
11797,2020-05-10,0.007834112844618324,0.9921658871553817
11798,2020-05-10,0.035288287529227746,0.9647117124707723
11799,2020-05-10,0.009617496040293827,0.9903825039597062
11800,2020-05-10,0.02907197223715774,0.9709280277628423
11801,2020-05-10,0.012519376900198664,0.9874806230998013
11802,2020-05-10,0.03589055623217585,0.9641094437678241
11803,2020-05-10,0.010106404810274805,0.9898935951897252
11804,2020-05-10,0.004092493089551952,0.995907506910448
11806,2020-05-10,0.024946872835023948,0.975053127164976
11807,2020-05-10,0.005290047657459773,0.9947099523425402
11808,2020-05-10,0.003464146604302276,0.9965358533956977
11809,2020-05-10,0.005214197108662,0.994785802891338
11810,2020-05-10,0.015501911411312963,0.984498088588687
11811,2020-05-10,0.028928821419528683,0.9710711785804713
11812,2020-05-10,0.02034717640897654,0.9796528235910235
11813,2020-05-10,0.031873043477277596,0.9681269565227224
11814,2020-05-10,0.010791156324696183,0.9892088436753038
11815,2020-05-10,0.03568210215724976,0.9643178978427502
11816,2020-05-10,0.00829469818395101,0.991705301816049
11817,2020-05-10,0.030920051913500668,0.9690799480864993
11818,2020-05-10,0.02323447771438958,0.9767655222856104
11819,2020-05-10,0.007995895248069207,0.9920041047519308
11820,2020-05-10,0.004016992004732711,0.9959830079952673
11821,2020-05-10,0.10364504608865854,0.8963549539113415
11822,2020-05-10,0.03400137343331522,0.9659986265666848
11823,2020-05-10,0.05863269144607641,0.9413673085539236
11824,2020-05-10,0.013266305272913614,0.9867336947270864
11825,2020-05-10,0.009709228814616,0.990290771185384
11826,2020-05-10,0.05462918742091838,0.9453708125790816
11827,2020-05-10,0.035422894667156646,0.9645771053328434
11828,2020-05-10,0.023384869285280052,0.97661513071472
11829,2020-05-10,0.01998123708748123,0.9800187629125188
11830,2020-05-10,0.02581900353003308,0.9741809964699669
11831,2020-05-10,0.03652339339276478,0.9634766066072352
11832,2020-05-10,0.015686504095652865,0.9843134959043471
11833,2020-05-10,0.018040417767011374,0.9819595822329886
11834,2020-05-10,0.003905086298987337,0.9960949137010127
11836,2020-05-10,0.01787776002056507,0.9821222399794349
11837,2020-05-10,0.006007705826815868,0.9939922941731841
11838,2020-05-10,0.028253189962128444,0.9717468100378716
11839,2020-05-10,0.022787687661339984,0.97721231233866
11840,2020-05-10,0.0009233171056385325,0.9990766828943615
11841,2020-05-10,0.028337146911399547,0.9716628530886005
11845,2020-05-10,0.004541959964654341,0.9954580400353457
11846,2020-05-10,0.01073824068792939,0.9892617593120706
11847,2020-05-10,0.017234585032820937,0.9827654149671791
11848,2020-05-10,0.017763423749204255,0.9822365762507957
11849,2020-05-10,0.06463576872882548,0.9353642312711745
11850,2020-05-10,0.005803670818297135,0.9941963291817029
11851,2020-05-10,0.0068012822851337695,0.9931987177148662
11852,2020-05-10,0.0032802270827222424,0.9967197729172778
11853,2020-05-10,0.00929694664823566,0.9907030533517643
11854,2020-05-10,0.029962139662972898,0.9700378603370271
11856,2020-05-10,0.17020243745437158,0.8297975625456284
11857,2020-05-10,0.0021015889895655837,0.9978984110104344
11858,2020-05-10,0.013876183902083672,0.9861238160979163
11859,2020-05-10,0.008074466075807862,0.9919255339241921
11860,2020-05-10,0.041730252209428054,0.958269747790572
11861,2020-05-10,0.010379914914634858,0.9896200850853651
11862,2020-05-10,0.006303631863596504,0.9936963681364035
11863,2020-05-10,0.0053598042564177995,0.9946401957435822
11864,2020-05-10,0.03541564987638668,0.9645843501236133
11865,2020-05-10,0.030285756645994755,0.9697142433540052
11866,2020-05-10,0.01913647203810176,0.9808635279618982
11867,2020-05-10,0.0022756001561758943,0.9977243998438241
11868,2020-05-10,0.01550332229837037,0.9844966777016296
11869,2020-05-10,0.00395103058475943,0.9960489694152406
11870,2020-05-10,0.005398715346538907,0.9946012846534611
11871,2020-05-10,0.0029910658047664906,0.9970089341952335
11872,2020-05-10,0.03206982570197503,0.967930174298025
11873,2020-05-10,0.012453950945326642,0.9875460490546734
11874,2020-05-10,0.053622840228042756,0.9463771597719572
11875,2020-05-10,0.002231459469346553,0.9977685405306534
11876,2020-05-10,0.005590939866110256,0.9944090601338897
11877,2020-05-10,0.002483984458584221,0.9975160155414158
11878,2020-05-10,0.0038884519681882113,0.9961115480318118
11879,2020-05-10,0.008714559228200525,0.9912854407717995
11880,2020-05-10,0.05712807111112539,0.9428719288888746
11881,2020-05-10,0.002378107222886894,0.9976218927771131
11882,2020-05-10,0.06042394065821499,0.939576059341785
11883,2020-05-10,0.007565658829761901,0.9924343411702381
11884,2020-05-10,0.030081562706763876,0.9699184372932361
11885,2020-05-10,0.0493603868919581,0.9506396131080419
11886,2020-05-10,0.0048791380179354915,0.9951208619820645
11887,2020-05-10,0.03312860314268862,0.9668713968573114
11889,2020-05-10,0.029856001369336194,0.9701439986306638
11890,2020-05-10,0.007704168595285332,0.9922958314047147
11891,2020-05-10,0.026075719317357193,0.9739242806826428
11892,2020-05-10,0.006250340175084634,0.9937496598249154
11893,2020-05-10,0.030480022846765098,0.9695199771532349
11894,2020-05-10,0.002557891140258728,0.9974421088597413
11895,2020-05-10,0.02280865397750209,0.9771913460224979
11896,2020-05-10,0.002611905325757835,0.9973880946742422
11897,2020-05-10,0.02074006618368618,0.9792599338163138
11899,2020-05-10,0.012958992166706707,0.9870410078332933
11900,2020-05-10,0.002872316758232074,0.9971276832417679
11901,2020-05-10,0.01903783058107611,0.9809621694189239
11903,2020-05-10,0.023767828016202586,0.9762321719837974
11904,2020-05-10,0.03164240822269515,0.9683575917773048
11905,2020-05-10,0.0173563313406363,0.9826436686593637
11906,2020-05-10,0.0005547173750084511,0.9994452826249915
11908,2020-05-10,0.033951256650915806,0.9660487433490842
11909,2020-05-10,0.012022317166197172,0.9879776828338028
11910,2020-05-10,0.01590078239817494,0.9840992176018251
11911,2020-05-10,0.01898298514045249,0.9810170148595475
11912,2020-05-10,0.004016975279028112,0.9959830247209719
11914,2020-05-10,0.001072940971859726,0.9989270590281403
11915,2020-05-10,0.004931299100012221,0.9950687008999878
11916,2020-05-10,0.014577698230470948,0.985422301769529
11918,2020-05-10,0.024749002005572285,0.9752509979944277
11919,2020-05-10,0.0963460665220639,0.9036539334779361
11920,2020-05-10,0.031127068999033503,0.9688729310009665
11921,2020-05-10,0.004242761308459575,0.9957572386915404
11922,2020-05-10,0.007726598792357153,0.9922734012076428
11924,2020-05-10,0.02200688605963952,0.9779931139403605
11925,2020-05-10,0.005188888775742528,0.9948111112242575
11926,2020-05-10,0.017335878365745128,0.9826641216342549
11927,2020-05-10,0.04629468597463926,0.9537053140253607
11928,2020-05-10,0.02875728438343772,0.9712427156165623
11929,2020-05-10,0.020959587997255835,0.9790404120027442
11930,2020-05-10,0.006889470489047866,0.9931105295109521
11931,2020-05-10,0.016660255996475914,0.9833397440035241
11932,2020-05-10,0.02311613309177285,0.9768838669082271
11933,2020-05-10,0.004996494736743573,0.9950035052632564
11934,2020-05-10,0.004343032046235651,0.9956569679537643
11935,2020-05-10,0.014814352590088897,0.9851856474099111
11936,2020-05-10,0.022066802873843883,0.9779331971261561
11937,2020-05-10,0.002887414998877902,0.9971125850011221
11938,2020-05-10,0.017623635664156367,0.9823763643358436
11939,2020-05-10,0.02435776802605727,0.9756422319739427
11940,2020-05-10,0.03229590426632534,0.9677040957336747
11941,2020-05-10,0.07581018414498586,0.9241898158550141
11942,2020-05-10,0.008207047377743915,0.9917929526222561
11943,2020-05-10,0.014940658444123844,0.9850593415558762
11944,2020-05-10,0.00627729357206408,0.9937227064279359
11945,2020-05-10,0.003931550840476805,0.9960684491595232
11946,2020-05-10,0.06117474621887231,0.9388252537811277
11947,2020-05-10,0.01932465242466319,0.9806753475753368
11948,2020-05-10,0.009116054049879474,0.9908839459501205
11949,2020-05-10,0.010862307465862142,0.9891376925341379
11950,2020-05-10,0.007975502208242169,0.9920244977917578
11951,2020-05-10,0.028105594031897163,0.9718944059681028
11952,2020-05-10,0.03639478940827001,0.96360521059173
11953,2020-05-10,0.03680499069051457,0.9631950093094854
11955,2020-05-10,0.001830655329324804,0.9981693446706752
11956,2020-05-10,0.0125615798921066,0.9874384201078934
11957,2020-05-10,0.02189415710981335,0.9781058428901866
11958,2020-05-10,0.010218319392978459,0.9897816806070215
11959,2020-05-10,0.008286623617813849,0.9917133763821862
11960,2020-05-10,0.030937997362096792,0.9690620026379032
11961,2020-05-10,0.005556253582959414,0.9944437464170406
11962,2020-05-10,0.03841569865025907,0.9615843013497409
11963,2020-05-10,0.01598056871082698,0.984019431289173
11964,2020-05-10,0.022011352889484637,0.9779886471105154
11965,2020-05-10,0.011157744882179244,0.9888422551178208
11966,2020-05-10,0.014058158407371235,0.9859418415926288
11967,2020-05-10,0.008873038583397719,0.9911269614166023
11968,2020-05-10,0.0037582397420368174,0.9962417602579632
11969,2020-05-10,0.008452538066614834,0.9915474619333852
11970,2020-05-10,0.013963470749887463,0.9860365292501125
11971,2020-05-10,0.034300220096665446,0.9656997799033346
11974,2020-05-10,0.004458749202940315,0.9955412507970597
11975,2020-05-10,0.046793761300653824,0.9532062386993462
11976,2020-05-10,0.008872725777186341,0.9911272742228137
11977,2020-05-10,0.010439121835661314,0.9895608781643387
11978,2020-05-10,0.00317781721053334,0.9968221827894667
11980,2020-05-10,0.0035583404796957208,0.9964416595203043
11981,2020-05-10,0.05280371398957695,0.947196286010423
11982,2020-05-10,0.004659281645151725,0.9953407183548483
11983,2020-05-10,0.020838223795304422,0.9791617762046956
11984,2020-05-10,0.004029932642524381,0.9959700673574756
11985,2020-05-10,0.004535889356190981,0.995464110643809
11986,2020-05-10,0.016155615461077022,0.983844384538923
11987,2020-05-10,0.03828326179876562,0.9617167382012344
11988,2020-05-10,0.009804637852897757,0.9901953621471022
11989,2020-05-10,0.025719410247732055,0.974280589752268
11990,2020-05-10,0.006552521971326608,0.9934474780286734
11991,2020-05-10,0.012932146916525111,0.9870678530834749
11992,2020-05-10,0.01688614863603366,0.9831138513639663
11993,2020-05-10,0.010847882750362858,0.9891521172496371
11994,2020-05-10,0.03548832661138801,0.964511673388612
11995,2020-05-10,0.016853535345688897,0.9831464646543111
11996,2020-05-10,0.005022353428690063,0.9949776465713099
11997,2020-05-10,0.005249425156664267,0.9947505748433357
11998,2020-05-10,0.0372870899470128,0.9627129100529872
11999,2020-05-10,0.010585206702846683,0.9894147932971533
12000,2020-05-10,0.0027202950033071716,0.9972797049966928
12001,2020-05-10,0.008797871730508833,0.9912021282694912
12002,2020-05-10,0.01733484505956906,0.9826651549404309
12003,2020-05-10,0.006636915819409506,0.9933630841805905
12005,2020-05-10,0.06247973838800769,0.9375202616119923
12006,2020-05-10,0.014735589277020456,0.9852644107229795
12007,2020-05-10,0.010192190932394207,0.9898078090676058
12008,2020-05-10,0.04851356690423847,0.9514864330957615
12009,2020-05-10,0.0073479030688687885,0.9926520969311312
12010,2020-05-10,0.042667627597110847,0.9573323724028892
12011,2020-05-10,0.02209344009146985,0.9779065599085301
12012,2020-05-10,0.03431721469263449,0.9656827853073655
12013,2020-05-10,0.025409942054068768,0.9745900579459312
12014,2020-05-10,0.020928301396062055,0.979071698603938
12015,2020-05-10,0.0075543504325035205,0.9924456495674965
12016,2020-05-10,0.008071929350662588,0.9919280706493374
12017,2020-05-10,0.049570657382151606,0.9504293426178484
12018,2020-05-10,0.01959427835466221,0.9804057216453378
12019,2020-05-10,0.015061020499067657,0.9849389795009323
12020,2020-05-10,0.008883464751592407,0.9911165352484076
12021,2020-05-10,0.010447548067122114,0.9895524519328779
12022,2020-05-10,0.011585558490047831,0.9884144415099522
12023,2020-05-10,0.007668076848590832,0.9923319231514092
12024,2020-05-10,0.028085630978680887,0.9719143690213191
12025,2020-05-10,0.02927560758512393,0.9707243924148761
12026,2020-05-10,0.008821176284580345,0.9911788237154197
12027,2020-05-10,0.003017914303421798,0.9969820856965782
12028,2020-05-10,0.005623211280189833,0.9943767887198102
12029,2020-05-10,0.05263512519234237,0.9473648748076576
12030,2020-05-10,0.09273889260554957,0.9072611073944504
12032,2020-05-10,0.0025651763251035575,0.9974348236748964
12033,2020-05-10,0.005924332541515365,0.9940756674584846
12034,2020-05-10,0.008865717217429903,0.9911342827825701
12035,2020-05-10,0.004268262126522093,0.9957317378734779
12036,2020-05-10,0.01689627516758241,0.9831037248324176
12037,2020-05-10,0.009431476792666205,0.9905685232073338
12038,2020-05-10,0.0036730128721738087,0.9963269871278262
12039,2020-05-10,0.02337453510853338,0.9766254648914666
12040,2020-05-10,0.007417932410265893,0.9925820675897341
12041,2020-05-10,0.018265577322349458,0.9817344226776505
12042,2020-05-10,0.026380342820693237,0.9736196571793068
12043,2020-05-10,0.014726712717523904,0.9852732872824761
12044,2020-05-10,0.01139631428547061,0.9886036857145294
12046,2020-05-10,0.010373566982440519,0.9896264330175595
12047,2020-05-10,0.014628010536609892,0.9853719894633901
12048,2020-05-10,0.04238626683903768,0.9576137331609623
12049,2020-05-10,0.016152308514728597,0.9838476914852714
12050,2020-05-10,0.002351106366906497,0.9976488936330935
12051,2020-05-10,0.017378894475978734,0.9826211055240213
12052,2020-05-10,0.024987007565273833,0.9750129924347262
12053,2020-05-10,0.010478236466733515,0.9895217635332665
12054,2020-05-10,0.00881508171847667,0.9911849182815233
12055,2020-05-10,0.012812796280255778,0.9871872037197442
12056,2020-05-10,0.01973220250686436,0.9802677974931356
12057,2020-05-10,0.01037836816945703,0.989621631830543
12058,2020-05-10,0.016204441300635808,0.9837955586993642
12059,2020-05-10,0.004318865264376415,0.9956811347356236
12060,2020-05-10,0.06264568422628414,0.9373543157737159
12061,2020-05-10,0.005445166158699166,0.9945548338413008
12062,2020-05-10,0.011066725105675523,0.9889332748943245
12063,2020-05-10,0.06668002538629203,0.933319974613708
12064,2020-05-10,0.043654875060220366,0.9563451249397796
12065,2020-05-10,0.02294886619033598,0.977051133809664
12066,2020-05-10,0.01499478806057375,0.9850052119394263
12067,2020-05-10,0.01609971203746785,0.9839002879625321
12068,2020-05-10,0.02387456979095759,0.9761254302090424
12069,2020-05-10,0.025982013425820294,0.9740179865741797
12070,2020-05-10,0.022382483564751587,0.9776175164352484
12071,2020-05-10,0.023517420982887005,0.976482579017113
12072,2020-05-10,0.023183805511925226,0.9768161944880748
12073,2020-05-10,0.06595802589329347,0.9340419741067065
12074,2020-05-10,0.14598748463391287,0.8540125153660871
12075,2020-05-10,0.014712381714289458,0.9852876182857105
12076,2020-05-10,0.04652820621356479,0.9534717937864352
12077,2020-05-10,0.09902047127094649,0.9009795287290535
12078,2020-05-10,0.014194026129254467,0.9858059738707455
12079,2020-05-10,0.0020128230444584894,0.9979871769555415
12080,2020-05-10,0.007396295694987232,0.9926037043050128
12081,2020-05-10,0.012101507285930624,0.9878984927140694
12082,2020-05-10,0.010428814819802068,0.9895711851801979
12083,2020-05-10,0.045927307953968155,0.9540726920460318
12084,2020-05-10,0.017774412577185372,0.9822255874228146
12085,2020-05-10,0.006805505439587245,0.9931944945604128
12086,2020-05-10,0.0017012667027006545,0.9982987332972993
12087,2020-05-10,0.007972254744664564,0.9920277452553354
12089,2020-05-10,0.016373373871611308,0.9836266261283887
12091,2020-05-10,0.007851890872881073,0.9921481091271189
12092,2020-05-10,0.013591010701387463,0.9864089892986125
12093,2020-05-10,0.023938691238486798,0.9760613087615132
12094,2020-05-10,0.005205484845446029,0.994794515154554
12095,2020-05-10,0.0212938463352359,0.9787061536647641
12096,2020-05-10,0.0065320279146267035,0.9934679720853733
12097,2020-05-10,0.015816000068841096,0.9841839999311589
12098,2020-05-10,0.023235009712213817,0.9767649902877862
12099,2020-05-10,0.007266620767381937,0.9927333792326181
12100,2020-05-10,0.007901647148235158,0.9920983528517648
12103,2020-05-10,0.005684077095248874,0.9943159229047511
12104,2020-05-10,0.010418621337892064,0.9895813786621079
12105,2020-05-10,0.04426472039608942,0.9557352796039106
12106,2020-05-10,0.002536623514945102,0.9974633764850549
12107,2020-05-10,0.01744310035117491,0.9825568996488251
12108,2020-05-10,0.008505913750363692,0.9914940862496363
12110,2020-05-10,0.001960961424420926,0.9980390385755791
12111,2020-05-10,0.006390719764459707,0.9936092802355403
12112,2020-05-10,0.019109546806569955,0.98089045319343
12113,2020-05-10,0.022070884462071172,0.9779291155379288
12114,2020-05-10,0.04465942536183176,0.9553405746381682
12115,2020-05-10,0.09858456796240589,0.9014154320375941
12116,2020-05-10,0.041526876113831546,0.9584731238861685
12117,2020-05-10,0.05431815652256855,0.9456818434774314
12118,2020-05-10,0.012890577994098762,0.9871094220059012
12119,2020-05-10,0.0062699428002864765,0.9937300571997135
12120,2020-05-10,0.02438851814369647,0.9756114818563035
12121,2020-05-10,0.06911346343807367,0.9308865365619263
12122,2020-05-10,0.0764193422711199,0.9235806577288801
12123,2020-05-10,0.12541574973790415,0.8745842502620959
12124,2020-05-10,0.02847448243694284,0.9715255175630572
12126,2020-05-10,0.0033583448647700465,0.99664165513523
12127,2020-05-10,0.01389062405769348,0.9861093759423065
12128,2020-05-10,0.03861097112701806,0.9613890288729819
12129,2020-05-10,0.02405821529126495,0.975941784708735
12130,2020-05-10,0.008992554114029883,0.9910074458859701
12131,2020-05-10,0.015803869154247696,0.9841961308457523
12133,2020-05-10,0.012122697448187614,0.9878773025518124
12134,2020-05-10,0.0684798981782555,0.9315201018217445
12135,2020-05-10,0.007056092905060929,0.9929439070949391
12136,2020-05-10,0.039384280876804345,0.9606157191231957
12138,2020-05-10,0.003108725423031311,0.9968912745769687
12139,2020-05-10,0.015014544507384042,0.984985455492616
12140,2020-05-10,0.009645758252002978,0.990354241747997
12141,2020-05-10,0.014378445276497898,0.9856215547235021
12142,2020-05-10,0.3659418630884794,0.6340581369115206
12143,2020-05-10,0.02476124248025724,0.9752387575197428
12144,2020-05-10,0.018994902674100533,0.9810050973258995
12145,2020-05-10,0.1269126251225685,0.8730873748774315
12146,2020-05-10,0.004649044755711151,0.9953509552442888
12147,2020-05-10,0.02460285172346599,0.975397148276534
12148,2020-05-10,0.06349299166987488,0.9365070083301251
12149,2020-05-10,0.0048596935544042985,0.9951403064455957
12150,2020-05-10,0.042419555238575324,0.9575804447614247
12151,2020-05-10,0.015970245764120428,0.9840297542358796
12152,2020-05-10,0.0008737122438374767,0.9991262877561625
12154,2020-05-10,0.010502909295760365,0.9894970907042396
12155,2020-05-10,0.03570373559150852,0.9642962644084915
12158,2020-05-10,0.010100715981151254,0.9898992840188487
12159,2020-05-10,0.01292918588731884,0.9870708141126812
12160,2020-05-10,0.006855191175232922,0.9931448088247671
12161,2020-05-10,0.06358709892310588,0.9364129010768941
12163,2020-05-10,0.01239095270134316,0.9876090472986568
12164,2020-05-10,0.01930514302093811,0.9806948569790619
12166,2020-05-10,0.0019487296340655602,0.9980512703659344
12167,2020-05-10,0.0013468657855727484,0.9986531342144273
12168,2020-05-10,0.025466217935346203,0.9745337820646538
12169,2020-05-10,0.008616561644416487,0.9913834383555835
12170,2020-05-10,0.014663112504495923,0.9853368874955041
12171,2020-05-10,0.019670065903184986,0.980329934096815
12172,2020-05-10,0.008614481606655233,0.9913855183933448
12173,2020-05-10,0.02026468308391216,0.9797353169160878
12174,2020-05-10,0.005571319224550453,0.9944286807754495
12175,2020-05-10,0.01816067838315194,0.9818393216168481
12176,2020-05-10,0.015037261061802032,0.984962738938198
12177,2020-05-10,0.025136905359099404,0.9748630946409006
12178,2020-05-10,0.02816564655530307,0.9718343534446969
12179,2020-05-10,0.0042579044624934115,0.9957420955375066
12180,2020-05-10,0.01417609631689476,0.9858239036831052
12181,2020-05-10,0.027156954925430576,0.9728430450745694
12184,2020-05-10,0.008493685188207034,0.991506314811793
12185,2020-05-10,0.012505659723591522,0.9874943402764085
12186,2020-05-10,0.046071584824334044,0.953928415175666
12187,2020-05-10,0.008803124271658747,0.9911968757283413
12188,2020-05-10,0.006289139125028709,0.9937108608749713
12189,2020-05-10,0.02744116104344574,0.9725588389565543
12190,2020-05-10,0.21592684871366652,0.7840731512863335
12191,2020-05-10,0.017374608801479452,0.9826253911985205
12192,2020-05-10,0.011208650558331201,0.9887913494416688
12193,2020-05-10,0.00600233458616406,0.9939976654138359
12194,2020-05-10,0.014386655422083283,0.9856133445779167
12197,2020-05-10,0.023795503715813404,0.9762044962841866
12198,2020-05-10,0.018019751415247254,0.9819802485847527
12199,2020-05-10,0.014439437798428933,0.9855605622015711
12200,2020-05-10,0.018017916000761747,0.9819820839992383
12201,2020-05-10,0.009958665851415693,0.9900413341485843
12202,2020-05-10,0.037734287477032,0.962265712522968
12203,2020-05-10,0.0387362960501475,0.9612637039498525
12204,2020-05-10,0.003875838566636425,0.9961241614333636
12205,2020-05-10,0.025725312678769874,0.9742746873212301
12206,2020-05-10,0.0407822570272004,0.9592177429727996
12208,2020-05-10,0.009881815026329677,0.9901181849736703
12209,2020-05-10,0.003519967955962544,0.9964800320440375
12210,2020-05-10,0.008895673984346875,0.9911043260156531
12211,2020-05-10,0.0019967769565296667,0.9980032230434703
12214,2020-05-10,0.014296352042927118,0.9857036479570729
12215,2020-05-10,0.002318560918304291,0.9976814390816957
12216,2020-05-10,0.22469889701537704,0.775301102984623
12217,2020-05-10,0.07657586968687657,0.9234241303131234
12218,2020-05-10,0.07273273379789824,0.9272672662021018
12219,2020-05-10,0.011306984228729555,0.9886930157712704
12220,2020-05-10,0.007788545918754997,0.992211454081245
12221,2020-05-10,0.011213880882167238,0.9887861191178328
12222,2020-05-10,0.02807611171464175,0.9719238882853583
12223,2020-05-10,0.021369610825001883,0.9786303891749981
12224,2020-05-10,0.0007707603696223142,0.9992292396303777
12225,2020-05-10,0.22039087482992725,0.7796091251700727
12226,2020-05-10,0.0016596433476460115,0.998340356652354
12228,2020-05-10,0.015852553186802343,0.9841474468131977
12229,2020-05-10,0.02915204323196796,0.970847956768032
12230,2020-05-10,0.007970260799724516,0.9920297392002755
12231,2020-05-10,0.008718161398736157,0.9912818386012638
12232,2020-05-10,0.024152613793048006,0.975847386206952
12233,2020-05-10,0.004128040315022896,0.9958719596849771
12234,2020-05-10,0.013874563572979892,0.9861254364270201
12235,2020-05-10,0.15143658900300394,0.8485634109969961
12236,2020-05-10,0.025801008950484094,0.9741989910495159
12237,2020-05-10,0.021153147673424022,0.978846852326576
12238,2020-05-10,0.035488289647353954,0.964511710352646
12239,2020-05-10,0.009334566363034424,0.9906654336369656
12240,2020-05-10,0.07613489731823497,0.923865102681765
12241,2020-05-10,0.007060679099984424,0.9929393209000156
12243,2020-05-10,0.010581837115691717,0.9894181628843083
12244,2020-05-10,0.014316842421010278,0.9856831575789897
12245,2020-05-10,0.021403837004501547,0.9785961629954985
12246,2020-05-10,0.009161643981262624,0.9908383560187374
12247,2020-05-10,0.015083949490343418,0.9849160505096566
12248,2020-05-10,0.03172746636347823,0.9682725336365218
12250,2020-05-10,0.048004756846542596,0.9519952431534574
12252,2020-05-10,0.11241829843851625,0.8875817015614837
12254,2020-05-10,0.005031514640078227,0.9949684853599218
12255,2020-05-10,0.0009562974597449037,0.9990437025402551
12256,2020-05-10,0.028010992457670136,0.9719890075423299
12257,2020-05-10,0.02493621501762533,0.9750637849823747
12259,2020-05-10,0.03254023941482076,0.9674597605851792
12260,2020-05-10,0.0091204146311189,0.9908795853688811
12261,2020-05-10,0.02208709228607697,0.977912907713923
12262,2020-05-10,0.014617113568791806,0.9853828864312082
12264,2020-05-10,0.06456665697270114,0.9354333430272989
12265,2020-05-10,0.038396428490975465,0.9616035715090245
12266,2020-05-10,0.02256418045085362,0.9774358195491464
12268,2020-05-10,0.02774274477619354,0.9722572552238065
12269,2020-05-10,0.028629448999843987,0.971370551000156
12270,2020-05-10,0.01071344188486445,0.9892865581151356
12272,2020-05-10,0.011748239593483478,0.9882517604065165
12275,2020-05-10,0.023736190387034006,0.976263809612966
12276,2020-05-10,0.012318678269355843,0.9876813217306442
12277,2020-05-10,0.005115148712291906,0.9948848512877081
12278,2020-05-10,0.010023910254801316,0.9899760897451987
12279,2020-05-10,0.016422522277419582,0.9835774777225804
12281,2020-05-10,0.023818824193988508,0.9761811758060115
12282,2020-05-10,0.0076323631625609956,0.992367636837439
12283,2020-05-10,0.04271715586964675,0.9572828441303532
12284,2020-05-10,0.031079333431704326,0.9689206665682957
12285,2020-05-10,0.008104133303838523,0.9918958666961615
12286,2020-05-10,0.014393319980400943,0.9856066800195991
12287,2020-05-10,0.02602644528487197,0.973973554715128
12288,2020-05-10,0.019043917613828953,0.980956082386171
12289,2020-05-10,0.011303921791285365,0.9886960782087146
12290,2020-05-10,0.01441764094732656,0.9855823590526734
12291,2020-05-10,0.10068119796628916,0.8993188020337108
12294,2020-05-10,0.016618947417486263,0.9833810525825137
12296,2020-05-10,0.04798465150362741,0.9520153484963726
12297,2020-05-10,0.02966422936810209,0.9703357706318979
12298,2020-05-10,0.01282616789520763,0.9871738321047924
12299,2020-05-10,0.029077293256859926,0.9709227067431401
12300,2020-05-10,0.022420635670478695,0.9775793643295213
12301,2020-05-10,0.0026500690234739777,0.997349930976526
12302,2020-05-10,0.010317071272056944,0.9896829287279431
12304,2020-05-10,0.05600766664080281,0.9439923333591972
12305,2020-05-10,0.004800400545996952,0.995199599454003
12306,2020-05-10,0.034466364285410944,0.9655336357145891
12307,2020-05-10,0.041743185266044924,0.9582568147339551
12308,2020-05-10,0.0736881375085604,0.9263118624914396
12309,2020-05-10,0.03581688149589379,0.9641831185041062
12310,2020-05-10,0.1654309560906534,0.8345690439093466
12311,2020-05-10,0.04335165203538405,0.956648347964616
12312,2020-05-10,0.012617562200280541,0.9873824377997195
12313,2020-05-10,0.016573083679092715,0.9834269163209073
12315,2020-05-10,0.04226882946654675,0.9577311705334532
12316,2020-05-10,0.01562171187911554,0.9843782881208845
12317,2020-05-10,0.04266470357383578,0.9573352964261642
12318,2020-05-10,0.08157771094311117,0.9184222890568888
12319,2020-05-10,0.030301141947966515,0.9696988580520335
12321,2020-05-10,0.05760900079222364,0.9423909992077764
12322,2020-05-10,0.012281907584478446,0.9877180924155216
12325,2020-05-10,0.008483948704203215,0.9915160512957968
12327,2020-05-10,0.02796918973564333,0.9720308102643567
12328,2020-05-10,0.11136711099490693,0.8886328890050931
12330,2020-05-10,0.025444441404713247,0.9745555585952868
12331,2020-05-10,0.013181629282328022,0.986818370717672
12332,2020-05-10,0.012067300050487284,0.9879326999495127
12333,2020-05-10,0.044818946767750334,0.9551810532322497
12334,2020-05-10,0.009631503826149412,0.9903684961738506
12335,2020-05-10,0.03732213192382494,0.9626778680761751
12337,2020-05-10,0.00498775091541126,0.9950122490845887
12338,2020-05-10,0.004633893029371117,0.9953661069706289
12340,2020-05-10,0.011833296204160626,0.9881667037958394
12341,2020-05-10,0.04613748118441385,0.9538625188155861
12342,2020-05-10,0.0530499897891622,0.9469500102108378
12343,2020-05-10,0.04636195268075116,0.9536380473192488
12344,2020-05-10,0.02532462319158202,0.974675376808418
12346,2020-05-10,0.001779898295918847,0.9982201017040812
12347,2020-05-10,0.03207019669505218,0.9679298033049478
12349,2020-05-10,0.004652951787733728,0.9953470482122663
12351,2020-05-10,0.07965143455248624,0.9203485654475138
12353,2020-05-10,0.07707990117706531,0.9229200988229347
12354,2020-05-10,0.010637460643634578,0.9893625393563654
12355,2020-05-10,0.00821428142260272,0.9917857185773973
12356,2020-05-10,0.07133791124299549,0.9286620887570045
12357,2020-05-10,0.06349522768020621,0.9365047723197938
12358,2020-05-10,0.02411119570322462,0.9758888042967754
12359,2020-05-10,0.03289674677285659,0.9671032532271434
12360,2020-05-10,0.02370365188193191,0.9762963481180681
12361,2020-05-10,0.011360292314226306,0.9886397076857737
12363,2020-05-10,0.017852917125595558,0.9821470828744044
12364,2020-05-10,0.05990610069854463,0.9400938993014554
12365,2020-05-10,0.0064122989857617885,0.9935877010142382
12366,2020-05-10,0.007724955663501953,0.992275044336498
12367,2020-05-10,0.005947344198251603,0.9940526558017484
12369,2020-05-10,0.02359231345347368,0.9764076865465263
12371,2020-05-10,0.007576766265565138,0.9924232337344349
12372,2020-05-10,0.017029466835228657,0.9829705331647713
12373,2020-05-10,0.008189054645830862,0.9918109453541691
12374,2020-05-10,0.003049857876140316,0.9969501421238597
12375,2020-05-10,0.00439469608823273,0.9956053039117673
12377,2020-05-10,0.021677661857267827,0.9783223381427322
12378,2020-05-10,0.00715864720931525,0.9928413527906848
12379,2020-05-10,0.003834825210126014,0.996165174789874
12380,2020-05-10,0.012694433278075512,0.9873055667219245
12382,2020-05-10,0.005622808024951853,0.9943771919750481
12383,2020-05-10,0.012725248802046618,0.9872747511979534
12384,2020-05-10,0.04385271429462445,0.9561472857053755
12385,2020-05-10,0.017957921298165203,0.9820420787018348
12387,2020-05-10,0.018623810285330222,0.9813761897146698
12388,2020-05-10,0.008316219430092309,0.9916837805699077
12391,2020-05-10,0.011510129277041092,0.9884898707229589
12393,2020-05-10,0.0925526540310666,0.9074473459689334
12394,2020-05-10,0.030444161693392258,0.9695558383066077
12395,2020-05-10,0.021089671739304428,0.9789103282606956
12396,2020-05-10,0.02342086697367962,0.9765791330263204
12397,2020-05-10,0.03663056896628003,0.96336943103372
12398,2020-05-10,0.012898519794608987,0.987101480205391
12399,2020-05-10,0.005340621228586473,0.9946593787714135
12400,2020-05-10,0.023725589625990917,0.9762744103740091
12401,2020-05-10,0.018450503619001024,0.981549496380999
12402,2020-05-10,0.018756773420894435,0.9812432265791056
12403,2020-05-10,0.037388366956630836,0.9626116330433692
12405,2020-05-10,0.029394688218101317,0.9706053117818987
12407,2020-05-10,0.013683175273476511,0.9863168247265235
12408,2020-05-10,0.004358477459998289,0.9956415225400017
12410,2020-05-10,0.030076038225361312,0.9699239617746387
12411,2020-05-10,0.01427269717375812,0.9857273028262419
12412,2020-05-10,0.012799242649848996,0.987200757350151
12415,2020-05-10,0.03720740711323922,0.9627925928867608
12416,2020-05-10,0.00655815573642915,0.9934418442635709
12417,2020-05-10,0.05584998524351259,0.9441500147564874
12418,2020-05-10,0.023443380426980243,0.9765566195730198
12420,2020-05-10,0.006936937828502798,0.9930630621714972
12422,2020-05-10,0.00319144644524727,0.9968085535547527
12423,2020-05-10,0.013761212587469318,0.9862387874125307
12424,2020-05-10,0.023904636493297327,0.9760953635067027
12427,2020-05-10,0.021268072841009955,0.97873192715899
12428,2020-05-10,0.030015867388698103,0.9699841326113019
12429,2020-05-10,0.005439808040083038,0.994560191959917
12430,2020-05-10,0.009164059398508506,0.9908359406014915
12431,2020-05-10,0.012642442648246544,0.9873575573517535
12432,2020-05-10,0.0187030891807195,0.9812969108192805
12433,2020-05-10,0.013697025659381024,0.986302974340619
12434,2020-05-10,0.012554861386150362,0.9874451386138496
12435,2020-05-10,0.08356781851050588,0.9164321814894941
12436,2020-05-10,0.05511705876026474,0.9448829412397353
12437,2020-05-10,0.003373619795144167,0.9966263802048558
12438,2020-05-10,0.04936244540585377,0.9506375545941462
12439,2020-05-10,0.018822276435053742,0.9811777235649463
12441,2020-05-10,0.04929947470986662,0.9507005252901334
12442,2020-05-10,0.011587818591718757,0.9884121814082812
12443,2020-05-10,0.029085066718606778,0.9709149332813932
12444,2020-05-10,0.011783000133812727,0.9882169998661873
12445,2020-05-10,0.017545728130764604,0.9824542718692354
12446,2020-05-10,0.035105281117115084,0.9648947188828849
12447,2020-05-10,0.01317058097953372,0.9868294190204663
12448,2020-05-10,0.027182852423752735,0.9728171475762473
12449,2020-05-10,0.011916252130598326,0.9880837478694017
12450,2020-05-10,0.025297219455572395,0.9747027805444276
12451,2020-05-10,0.01829580487924498,0.981704195120755
12452,2020-05-10,0.01989440431334588,0.9801055956866541
12453,2020-05-10,0.013934928558981596,0.9860650714410184
12454,2020-05-10,0.06081209350326211,0.9391879064967379
12455,2020-05-10,0.07537132201558638,0.9246286779844136
12457,2020-05-10,0.14163980012031918,0.8583601998796808
12458,2020-05-10,0.039403409647735255,0.9605965903522647
12459,2020-05-10,0.0742376839399791,0.9257623160600209
12460,2020-05-10,0.019897429730957428,0.9801025702690426
12462,2020-05-10,0.006081940446908796,0.9939180595530912
12463,2020-05-10,0.10219008262019558,0.8978099173798044
12464,2020-05-10,0.0054189291748745205,0.9945810708251255
12465,2020-05-10,0.023558679999993615,0.9764413200000064
12466,2020-05-10,0.01442696872640592,0.9855730312735941
12467,2020-05-10,0.018651689328112786,0.9813483106718872
12468,2020-05-10,0.027466526102538746,0.9725334738974613
12469,2020-05-10,0.018849734878560898,0.9811502651214391
12470,2020-05-10,0.0027744262003558395,0.9972255737996442
12472,2020-05-10,0.033606303918870206,0.9663936960811298
12473,2020-05-10,0.029096067682791715,0.9709039323172083
12474,2020-05-10,0.03125483866620404,0.968745161333796
12476,2020-05-10,0.075621413157969,0.924378586842031
12477,2020-05-10,0.013234813012971691,0.9867651869870283
12478,2020-05-10,0.005590440601870861,0.9944095593981291
12479,2020-05-10,0.0009508457237175083,0.9990491542762825
12481,2020-05-10,0.024120349323191626,0.9758796506768084
12482,2020-05-10,0.011912951219059442,0.9880870487809406
12484,2020-05-10,0.05350311084634485,0.9464968891536552
12485,2020-05-10,0.015581634686640644,0.9844183653133594
12486,2020-05-10,0.07167397583411861,0.9283260241658814
12487,2020-05-10,0.1183050849064532,0.8816949150935468
12488,2020-05-10,0.004743874347439947,0.99525612565256
12489,2020-05-10,0.01363087520723727,0.9863691247927627
12490,2020-05-10,0.03482539682649399,0.965174603173506
12491,2020-05-10,0.09533478643492255,0.9046652135650775
12492,2020-05-10,0.04506985376259909,0.9549301462374009
12493,2020-05-10,0.09959785713513125,0.9004021428648687
12494,2020-05-10,0.034926735075918924,0.9650732649240811
12495,2020-05-10,0.008724133406803225,0.9912758665931968
12496,2020-05-10,0.013763552089263498,0.9862364479107365
12497,2020-05-10,0.16387120526759336,0.8361287947324066
12498,2020-05-10,0.01263401844210299,0.987365981557897
12499,2020-05-10,0.011448621730891673,0.9885513782691083
12500,2020-05-10,0.006148346272497607,0.9938516537275024
12501,2020-05-10,0.01251690619362733,0.9874830938063727
12502,2020-05-10,0.014426944806431252,0.9855730551935687
12505,2020-05-10,0.05276762663286749,0.9472323733671325
12506,2020-05-10,0.0018625529958748999,0.9981374470041251
12507,2020-05-10,0.011340600049190686,0.9886593999508093
12508,2020-05-10,0.011561974564983757,0.9884380254350162
12509,2020-05-10,0.009278436082814423,0.9907215639171856
12510,2020-05-10,0.011156755504608595,0.9888432444953914
12511,2020-05-10,0.054072311468126744,0.9459276885318733
12512,2020-05-10,0.043681649714349624,0.9563183502856504
12514,2020-05-10,0.004096186014874603,0.9959038139851254
12515,2020-05-10,0.031217923417622306,0.9687820765823777
12516,2020-05-10,0.005959908369167599,0.9940400916308324
12518,2020-05-10,0.04735554370636064,0.9526444562936394
12519,2020-05-10,0.02872873826281097,0.971271261737189
12520,2020-05-10,0.20010532972077266,0.7998946702792273
12521,2020-05-10,0.006893269163267601,0.9931067308367324
12522,2020-05-10,0.016351003573591094,0.9836489964264089
12523,2020-05-10,0.01566711702936363,0.9843328829706364
12524,2020-05-10,0.0032084857006624556,0.9967915142993375
12525,2020-05-10,0.007241242417551419,0.9927587575824486
12526,2020-05-10,0.0057442024935466796,0.9942557975064533
12528,2020-05-10,0.018985072803065273,0.9810149271969347
12529,2020-05-10,0.007725471048141586,0.9922745289518584
12530,2020-05-10,0.022004029222403187,0.9779959707775968
12531,2020-05-10,0.0017906318499769647,0.998209368150023
12532,2020-05-10,0.011387223334397456,0.9886127766656025
12533,2020-05-10,0.00977278074043153,0.9902272192595685
12534,2020-05-10,0.014467180892653864,0.9855328191073461
12535,2020-05-10,0.13495368661381335,0.8650463133861866
12536,2020-05-10,0.008613429453154353,0.9913865705468456
12537,2020-05-10,0.04486657335556665,0.9551334266444333
12538,2020-05-10,0.005156378866706057,0.9948436211332939
12539,2020-05-10,0.04846476865628835,0.9515352313437117
12540,2020-05-10,0.002310703468846431,0.9976892965311536
12541,2020-05-10,0.0213515354153484,0.9786484645846516
12542,2020-05-10,0.02759141340789073,0.9724085865921093
12543,2020-05-10,0.013006157784396621,0.9869938422156034
12544,2020-05-10,0.007249740625413836,0.9927502593745862
12545,2020-05-10,0.024720453858666946,0.975279546141333
12546,2020-05-10,0.027182323601841807,0.9728176763981582
12547,2020-05-10,0.011395982585354458,0.9886040174146455
12548,2020-05-10,0.0011025150567620656,0.9988974849432379
12550,2020-05-10,0.005029586418367038,0.994970413581633
12551,2020-05-10,0.01749898961984797,0.982501010380152
12552,2020-05-10,0.16878565122822464,0.8312143487717754
12553,2020-05-10,0.03650273426489803,0.963497265735102
12554,2020-05-10,0.10113266986167302,0.898867330138327
12555,2020-05-10,0.02869921579514778,0.9713007842048522
12557,2020-05-10,0.02604872965553906,0.9739512703444609
12558,2020-05-10,0.048719457113570064,0.9512805428864299
12559,2020-05-10,0.00416683532131068,0.9958331646786893
12560,2020-05-10,0.012535136586332762,0.9874648634136672
12561,2020-05-10,0.08042204840847555,0.9195779515915244
12562,2020-05-10,0.041067297476905296,0.9589327025230947
12563,2020-05-10,0.006459339268950037,0.99354066073105
12564,2020-05-10,0.0076073370849562005,0.9923926629150438
12565,2020-05-10,0.004021573785621957,0.995978426214378
12566,2020-05-10,0.020989601264761903,0.9790103987352381
12567,2020-05-10,0.005134994936734416,0.9948650050632656
12568,2020-05-10,0.028345126748228977,0.971654873251771
12570,2020-05-10,0.0032867608287991956,0.9967132391712008
12571,2020-05-10,0.08289091734296383,0.9171090826570362
12573,2020-05-10,0.009865924508046242,0.9901340754919538
12574,2020-05-10,0.01631372182841595,0.983686278171584
12575,2020-05-10,0.061096898850491965,0.938903101149508
12577,2020-05-10,0.04415873809022319,0.9558412619097768
12578,2020-05-10,0.02281677018544548,0.9771832298145545
12579,2020-05-10,0.031268282666563674,0.9687317173334363
12581,2020-05-10,0.010190433732532478,0.9898095662674675
12582,2020-05-10,0.01918939710993961,0.9808106028900604
12583,2020-05-10,0.008572740164792925,0.9914272598352071
12584,2020-05-10,0.0017968762007581907,0.9982031237992418
12585,2020-05-10,0.01109749997835241,0.9889025000216476
12586,2020-05-10,0.061552645409317375,0.9384473545906826
12587,2020-05-10,0.04050850807320283,0.9594914919267972
12588,2020-05-10,0.040826651927730606,0.9591733480722694
12589,2020-05-10,0.019614743522495592,0.9803852564775044
12591,2020-05-10,0.04167734024672254,0.9583226597532775
12592,2020-05-10,0.01760504376806038,0.9823949562319396
12593,2020-05-10,0.02026790379605803,0.979732096203942
12594,2020-05-10,0.010251182142617665,0.9897488178573823
12595,2020-05-10,0.0058666029370044726,0.9941333970629955
12596,2020-05-10,0.028078995320867217,0.9719210046791328
12597,2020-05-10,0.01730549917223001,0.98269450082777
12598,2020-05-10,0.03786225284631972,0.9621377471536803
12599,2020-05-10,0.011657107377980203,0.9883428926220198
12600,2020-05-10,0.0042963678503141756,0.9957036321496858
12601,2020-05-10,0.012871174333114244,0.9871288256668858
12602,2020-05-10,0.04625978610189263,0.9537402138981074
12604,2020-05-10,0.04730540390445204,0.952694596095548
12605,2020-05-10,0.004089814595403918,0.9959101854045961
12606,2020-05-10,0.05762108770746699,0.942378912292533
12607,2020-05-10,0.026483137947664992,0.973516862052335
12608,2020-05-10,0.047486066271771876,0.9525139337282281
12609,2020-05-10,0.04329438946778341,0.9567056105322166
12612,2020-05-10,0.01707545451809167,0.9829245454819083
12613,2020-05-10,0.025336874422530964,0.974663125577469
12614,2020-05-10,0.11275709254973121,0.8872429074502688
12615,2020-05-10,0.00749493602805984,0.9925050639719402
12616,2020-05-10,0.011070523934222254,0.9889294760657777
12618,2020-05-10,0.024005504653149323,0.9759944953468507
12620,2020-05-10,0.0052393760983543425,0.9947606239016457
12621,2020-05-10,0.03300863826562295,0.966991361734377
12622,2020-05-10,0.007644804805982508,0.9923551951940175
12623,2020-05-10,0.00288598985463151,0.9971140101453685
12624,2020-05-10,0.013164890518727601,0.9868351094812724
12625,2020-05-10,0.04537474694182453,0.9546252530581755
12627,2020-05-10,0.004945364378989514,0.9950546356210105
12629,2020-05-10,0.007003654075612431,0.9929963459243876
12630,2020-05-10,0.07114389526401232,0.9288561047359877
12631,2020-05-10,0.004723378246449972,0.99527662175355
12632,2020-05-10,0.033143847061669285,0.9668561529383307
12633,2020-05-10,0.004171490606698747,0.9958285093933013
12634,2020-05-10,0.04659532432852531,0.9534046756714747
12635,2020-05-10,0.006333028150237396,0.9936669718497626
12637,2020-05-10,0.020136666663742697,0.9798633333362573
12638,2020-05-10,0.08003461086130825,0.9199653891386917
12639,2020-05-10,0.0593730422853489,0.9406269577146511
12641,2020-05-10,0.01798354630187826,0.9820164536981217
12642,2020-05-10,0.012809783801739805,0.9871902161982602
12643,2020-05-10,0.012525224337150087,0.9874747756628499
12644,2020-05-10,0.06528834147909379,0.9347116585209062
12645,2020-05-10,0.005369675212390512,0.9946303247876095
12646,2020-05-10,0.0026469154978773224,0.9973530845021227
12647,2020-05-10,0.010699012183777667,0.9893009878162223
12648,2020-05-10,0.02050788990175101,0.979492110098249
12649,2020-05-10,0.01047807562156311,0.9895219243784369
12650,2020-05-10,0.14081665107573427,0.8591833489242657
12651,2020-05-10,0.025845340262287353,0.9741546597377126
12652,2020-05-10,0.03328364511709514,0.9667163548829049
12653,2020-05-10,0.028051480232956116,0.9719485197670439
12654,2020-05-10,0.024231143280032064,0.9757688567199679
12655,2020-05-10,0.0814799528211334,0.9185200471788666
12656,2020-05-10,0.008097695140917183,0.9919023048590828
12657,2020-05-10,0.07468161789360561,0.9253183821063944
12658,2020-05-10,0.0048821690959475195,0.9951178309040525
12660,2020-05-10,0.037422867981149466,0.9625771320188505
12661,2020-05-10,0.006388542848835499,0.9936114571511645
12662,2020-05-10,0.003112337203333815,0.9968876627966662
12663,2020-05-10,0.004773615971232048,0.995226384028768
12664,2020-05-10,0.011628194916061707,0.9883718050839383
12666,2020-05-10,0.015893194000811017,0.984106805999189
12667,2020-05-10,0.0748855498636476,0.9251144501363524
12668,2020-05-10,0.09651238957288566,0.9034876104271143
12669,2020-05-10,0.010007031988150894,0.9899929680118491
12670,2020-05-10,0.006036063240470013,0.99396393675953
12671,2020-05-10,0.019812917194945823,0.9801870828050542
12672,2020-05-10,0.008437940430114699,0.9915620595698853
12673,2020-05-10,0.022857388137728196,0.9771426118622718
12675,2020-05-10,0.02001979772545004,0.97998020227455
12676,2020-05-10,0.02277113345746551,0.9772288665425345
12677,2020-05-10,0.014449370490223101,0.9855506295097769
12680,2020-05-10,0.014925942734324682,0.9850740572656753
12681,2020-05-10,0.001597580192379655,0.9984024198076203
12682,2020-05-10,0.01763128415200088,0.9823687158479991
12683,2020-05-10,0.09010466859037713,0.9098953314096229
12686,2020-05-10,0.014194595699475787,0.9858054043005242
12688,2020-05-10,0.028142329060192983,0.971857670939807
12689,2020-05-10,0.006699615201312348,0.9933003847986877
12690,2020-05-10,0.04779102171092431,0.9522089782890757
12691,2020-05-10,0.058133606271652316,0.9418663937283477
12692,2020-05-10,0.02547234226917272,0.9745276577308273
12693,2020-05-10,0.005283500240530259,0.9947164997594697
12694,2020-05-10,0.13217162976439,0.86782837023561
12697,2020-05-10,0.011480811363151266,0.9885191886368487
12698,2020-05-10,0.05038106713633128,0.9496189328636687
12699,2020-05-10,0.05122591321289516,0.9487740867871048
12700,2020-05-10,0.04726323817152145,0.9527367618284786
12701,2020-05-10,0.006451781975964854,0.9935482180240351
12702,2020-05-10,0.10624799229392912,0.8937520077060709
12703,2020-05-10,0.017805355032423198,0.9821946449675768
12704,2020-05-10,0.049454880043392824,0.9505451199566072
12705,2020-05-10,0.060057266258533026,0.939942733741467
12706,2020-05-10,0.01966191085419433,0.9803380891458057
12707,2020-05-10,0.019293766538911128,0.9807062334610889
12708,2020-05-10,0.03373539232194378,0.9662646076780562
12709,2020-05-10,0.028724072657901223,0.9712759273420988
12710,2020-05-10,0.07195350351597751,0.9280464964840225
12711,2020-05-10,0.014778861321504078,0.9852211386784959
12713,2020-05-10,0.023296080392351093,0.9767039196076489
12714,2020-05-10,0.02263080969281661,0.9773691903071834
12715,2020-05-10,0.005295534443689021,0.994704465556311
12716,2020-05-10,0.0380955384155226,0.9619044615844774
12720,2020-05-10,0.04870917132582875,0.9512908286741713
12721,2020-05-10,0.002499577323933022,0.997500422676067
12722,2020-05-10,0.006593097406118353,0.9934069025938816
12723,2020-05-10,0.01028663533619778,0.9897133646638022
12724,2020-05-10,0.03160881055647291,0.9683911894435271
12725,2020-05-10,0.008705201535356255,0.9912947984646437
12727,2020-05-10,0.014916724624900679,0.9850832753750993
12728,2020-05-10,0.045182122731547536,0.9548178772684525
12729,2020-05-10,0.03881792886183366,0.9611820711381663
12730,2020-05-10,0.022787971137401386,0.9772120288625986
12731,2020-05-10,0.017381726564909883,0.9826182734350901
12732,2020-05-10,0.007205177314545619,0.9927948226854544
12733,2020-05-10,0.006781725146897566,0.9932182748531024
12734,2020-05-10,0.00419417031310565,0.9958058296868944
12736,2020-05-10,0.027982022971231424,0.9720179770287686
12737,2020-05-10,0.02402087337030423,0.9759791266296958
12738,2020-05-10,0.018002867317873927,0.9819971326821261
12739,2020-05-10,0.00815799792293359,0.9918420020770664
12742,2020-05-10,0.0517409117919706,0.9482590882080294
12743,2020-05-10,0.04805746903962116,0.9519425309603788
12744,2020-05-10,0.03424568446295839,0.9657543155370416
12745,2020-05-10,0.014112955502093572,0.9858870444979064
12746,2020-05-10,0.037479615096633556,0.9625203849033664
12747,2020-05-10,0.03136507933513111,0.9686349206648689
12748,2020-05-10,0.00755983732765364,0.9924401626723464
12749,2020-05-10,0.012363336717716389,0.9876366632822836
12750,2020-05-10,0.007593343965887289,0.9924066560341127
12752,2020-05-10,0.005783096537794186,0.9942169034622058
12753,2020-05-10,0.015566603577661708,0.9844333964223383
12754,2020-05-10,0.02606156137042115,0.9739384386295789
12755,2020-05-10,0.12120156082712685,0.8787984391728731
12756,2020-05-10,0.004074654379892184,0.9959253456201078
12757,2020-05-10,0.0051620145524488015,0.9948379854475512
12758,2020-05-10,0.05037942973664422,0.9496205702633558
12759,2020-05-10,0.003954900999500244,0.9960450990004998
12760,2020-05-10,0.029783885733539406,0.9702161142664606
12761,2020-05-10,0.06751959442215927,0.9324804055778407
12762,2020-05-10,0.0029580601847774,0.9970419398152226
12763,2020-05-10,0.014774800776795827,0.9852251992232042
12764,2020-05-10,0.022461141289498165,0.9775388587105018
12766,2020-05-10,0.02136097285815186,0.9786390271418481
12767,2020-05-10,0.04009108682827511,0.9599089131717249
12768,2020-05-10,0.022928736921324355,0.9770712630786756
12769,2020-05-10,0.014723836204330487,0.9852761637956695
12770,2020-05-10,0.022917027443569382,0.9770829725564306
12772,2020-05-10,0.014610610741390473,0.9853893892586095
12773,2020-05-10,0.01859444169753799,0.981405558302462
12774,2020-05-10,0.00318773193861166,0.9968122680613883
12775,2020-05-10,0.0024030755769699486,0.99759692442303
12776,2020-05-10,0.023314064285393732,0.9766859357146063
12777,2020-05-10,0.03697478520321418,0.9630252147967858
12778,2020-05-10,0.006639297008989131,0.9933607029910109
12779,2020-05-10,0.021380982698454343,0.9786190173015457
12780,2020-05-10,0.00987303976327325,0.9901269602367267
12781,2020-05-10,0.01307854148704879,0.9869214585129512
12782,2020-05-10,0.009156134267799154,0.9908438657322008
12784,2020-05-10,0.026196126986839263,0.9738038730131607
12785,2020-05-10,0.003589019838816987,0.996410980161183
12786,2020-05-10,0.021675770220648594,0.9783242297793514
12787,2020-05-10,0.031904257695088534,0.9680957423049115
12788,2020-05-10,0.07736181923752417,0.9226381807624758
12789,2020-05-10,0.012402509649921512,0.9875974903500785
12790,2020-05-10,0.03378575593315403,0.966214244066846
12791,2020-05-10,0.030099640829738927,0.9699003591702611
12793,2020-05-10,0.06302621893798221,0.9369737810620178
12795,2020-05-10,0.027295547404972642,0.9727044525950274
12796,2020-05-10,0.033856522601801164,0.9661434773981988
12797,2020-05-10,0.006663059886338307,0.9933369401136617
12799,2020-05-10,0.007988870707864915,0.9920111292921351
12800,2020-05-10,0.14176291932088014,0.8582370806791199
12801,2020-05-10,0.017272452674756633,0.9827275473252434
12803,2020-05-10,0.018058109918470677,0.9819418900815293
12804,2020-05-10,0.024679300822956662,0.9753206991770433
12805,2020-05-10,0.016042017564074196,0.9839579824359258
12807,2020-05-10,0.005423973486626599,0.9945760265133734
12808,2020-05-10,0.005798827962221309,0.9942011720377787
12809,2020-05-10,0.016783078055236045,0.983216921944764
12811,2020-05-10,0.004993054796430085,0.9950069452035699
12813,2020-05-10,0.00742455145220966,0.9925754485477903
12814,2020-05-10,0.021573456962315385,0.9784265430376846
12815,2020-05-10,0.039998943221085326,0.9600010567789147
12816,2020-05-10,0.08287463342357337,0.9171253665764266
12817,2020-05-10,0.021290442968178946,0.978709557031821
12818,2020-05-10,0.0035742884709671907,0.9964257115290328
12819,2020-05-10,0.013155484588340038,0.98684451541166
12821,2020-05-10,0.03943731553443597,0.960562684465564
12822,2020-05-10,0.009435167726934868,0.9905648322730651
12823,2020-05-10,0.02774144777133858,0.9722585522286614
12825,2020-05-10,0.01937530580370639,0.9806246941962936
12826,2020-05-10,0.08465491118523616,0.9153450888147638
12827,2020-05-10,0.0020594579925226064,0.9979405420074774
12828,2020-05-10,0.01066063026126396,0.989339369738736
12829,2020-05-10,0.021614200686093765,0.9783857993139062
12830,2020-05-10,0.03424337756219109,0.9657566224378089
12832,2020-05-10,0.004949166957079587,0.9950508330429204
12833,2020-05-10,0.11308540089410635,0.8869145991058937
12835,2020-05-10,0.009446987574048715,0.9905530124259513
12838,2020-05-10,0.05393616952732827,0.9460638304726717
12839,2020-05-10,0.02964101907976191,0.9703589809202381
12840,2020-05-10,0.028693140503991965,0.971306859496008
12841,2020-05-10,0.018429402688100338,0.9815705973118997
12842,2020-05-10,0.015051594298387538,0.9849484057016125
12844,2020-05-10,0.008136594119736551,0.9918634058802634
12845,2020-05-10,0.02146509165146926,0.9785349083485307
12846,2020-05-10,0.012028702964619886,0.9879712970353801
12847,2020-05-10,0.023435243387547655,0.9765647566124523
12848,2020-05-10,0.002237990328470718,0.9977620096715293
12849,2020-05-10,0.029237635702038967,0.970762364297961
12850,2020-05-10,0.016587522066215055,0.983412477933785
12851,2020-05-10,0.002610739249131022,0.997389260750869
12852,2020-05-10,0.009347221516910365,0.9906527784830896
12853,2020-05-10,0.044210695778789,0.955789304221211
12854,2020-05-10,0.06257736792885527,0.9374226320711447
12855,2020-05-10,0.004693121607389661,0.9953068783926103
12856,2020-05-10,0.09284395165059267,0.9071560483494073
12857,2020-05-10,0.1717399139554907,0.8282600860445093
12859,2020-05-10,0.013685362505642895,0.9863146374943571
12860,2020-05-10,0.013923160565248338,0.9860768394347517
12861,2020-05-10,0.026514624792672192,0.9734853752073278
12862,2020-05-10,0.0204951481642216,0.9795048518357784
12863,2020-05-10,0.016789240229770797,0.9832107597702292
12864,2020-05-10,0.03944682757836204,0.960553172421638
12865,2020-05-10,0.004201578319396604,0.9957984216806034
12866,2020-05-10,0.017167815487230342,0.9828321845127697
12867,2020-05-10,0.0569047145796342,0.9430952854203658
12869,2020-05-10,0.017135745623790277,0.9828642543762097
12870,2020-05-10,0.0019598864089074297,0.9980401135910926
12871,2020-05-10,0.03880686269968858,0.9611931373003114
12873,2020-05-10,0.004565797965007445,0.9954342020349926
12874,2020-05-10,0.01924603037049466,0.9807539696295053
12876,2020-05-10,0.05476615676646446,0.9452338432335355
12877,2020-05-10,0.1739692336478269,0.8260307663521731
12878,2020-05-10,0.030054224765150406,0.9699457752348496
12879,2020-05-10,0.03305807396483795,0.966941926035162
12880,2020-05-10,0.010028653297562862,0.9899713467024371
12881,2020-05-10,0.0816629626298242,0.9183370373701758
12882,2020-05-10,0.007493492387633638,0.9925065076123664
12884,2020-05-10,0.04440775471542413,0.9555922452845759
12885,2020-05-10,0.039400742922822585,0.9605992570771774
12886,2020-05-10,0.005093119241684763,0.9949068807583152
12887,2020-05-10,0.002930257238731415,0.9970697427612686
12888,2020-05-10,0.036014867792741545,0.9639851322072585
12889,2020-05-10,0.022808737631008436,0.9771912623689916
12890,2020-05-10,0.014186721075957975,0.985813278924042
12891,2020-05-10,0.016482413327970957,0.983517586672029
12893,2020-05-10,0.01411482818028087,0.9858851718197191
12894,2020-05-10,0.08422646133274314,0.9157735386672569
12895,2020-05-10,0.0063905593361069934,0.993609440663893
12896,2020-05-10,0.05478673767930775,0.9452132623206922
12897,2020-05-10,0.015226946855853796,0.9847730531441462
12898,2020-05-10,0.04392909155289282,0.9560709084471072
12899,2020-05-10,0.019137171428775024,0.980862828571225
12901,2020-05-10,0.029666540510144834,0.9703334594898552
12902,2020-05-10,0.004699697995377949,0.995300302004622
12903,2020-05-10,0.004972107496706735,0.9950278925032933
12904,2020-05-10,0.010900509354476284,0.9890994906455237
12905,2020-05-10,0.07738596314988355,0.9226140368501164
12906,2020-05-10,0.14588606610969979,0.8541139338903002
12907,2020-05-10,0.023437745023567547,0.9765622549764325
12908,2020-05-10,0.009519828894734239,0.9904801711052658
12910,2020-05-10,0.0031667452675053775,0.9968332547324946
12912,2020-05-10,0.0017762725278642755,0.9982237274721357
12913,2020-05-10,0.010834950267437415,0.9891650497325626
12914,2020-05-10,0.02397397668317014,0.9760260233168299
12915,2020-05-10,0.005023022644767283,0.9949769773552327
12916,2020-05-10,0.017646031479851554,0.9823539685201484
12917,2020-05-10,0.028539683755522738,0.9714603162444773
12918,2020-05-10,0.014279698716485267,0.9857203012835147
12919,2020-05-10,0.04203534298762701,0.957964657012373
12920,2020-05-10,0.024746842724271745,0.9752531572757283
12921,2020-05-10,0.02037415075648974,0.9796258492435103
12923,2020-05-10,0.03379910484276605,0.966200895157234
12924,2020-05-10,0.11038719785157769,0.8896128021484223
12925,2020-05-10,0.024016123866851924,0.9759838761331481
12926,2020-05-10,0.009103524717396172,0.9908964752826038
12927,2020-05-10,0.011797348752452308,0.9882026512475477
12929,2020-05-10,0.0056463135780988605,0.9943536864219011
12930,2020-05-10,0.015850143592566757,0.9841498564074332
12933,2020-05-10,0.013452515710670632,0.9865474842893294
12934,2020-05-10,0.011162579858361554,0.9888374201416384
12935,2020-05-10,0.015357842975207814,0.9846421570247922
12936,2020-05-10,0.011628011996062892,0.9883719880039371
12937,2020-05-10,0.028200039235519725,0.9717999607644803
12938,2020-05-10,0.01811973314179105,0.981880266858209
12939,2020-05-10,0.022636205989489122,0.9773637940105109
12940,2020-05-10,0.11572947406977085,0.8842705259302291
12941,2020-05-10,0.03418494171958997,0.96581505828041
12942,2020-05-10,0.0068412728214476415,0.9931587271785524
12943,2020-05-10,0.07183660075593357,0.9281633992440664
12945,2020-05-10,0.01753824180576624,0.9824617581942338
12947,2020-05-10,0.013859818979568228,0.9861401810204318
12948,2020-05-10,0.004435622283090135,0.9955643777169099
12949,2020-05-10,0.005959178777711127,0.9940408212222889
12951,2020-05-10,0.006183393812205007,0.993816606187795
12952,2020-05-10,0.0036053116364260784,0.9963946883635739
12953,2020-05-10,0.00394620461558659,0.9960537953844134
12955,2020-05-10,0.005512554086126387,0.9944874459138736
12956,2020-05-10,0.0741672649133206,0.9258327350866794
12957,2020-05-10,0.00962821592545915,0.9903717840745409
12958,2020-05-10,0.028234292203849765,0.9717657077961502
12959,2020-05-10,0.0029626994311239274,0.9970373005688761
12960,2020-05-10,0.015072129248461907,0.9849278707515381
12963,2020-05-10,0.022332351366445624,0.9776676486335544
12964,2020-05-10,0.018695263130989792,0.9813047368690102
12965,2020-05-10,0.03532577295248973,0.9646742270475103
12968,2020-05-10,0.003080653775227371,0.9969193462247726
12969,2020-05-10,0.015474753978378275,0.9845252460216217
12970,2020-05-10,0.003693696190728013,0.996306303809272
12971,2020-05-10,0.010064496697802738,0.9899355033021973
12972,2020-05-10,0.028156897573820228,0.9718431024261798
12973,2020-05-10,0.0015823697718896357,0.9984176302281104
12974,2020-05-10,0.013838529968420166,0.9861614700315798
12976,2020-05-10,0.009294430197214432,0.9907055698027856
12977,2020-05-10,0.008442684676120193,0.9915573153238798
12978,2020-05-10,0.030331232663905583,0.9696687673360944
12979,2020-05-10,0.044577962098300006,0.9554220379017
12980,2020-05-10,0.014717048262621768,0.9852829517373782
12981,2020-05-10,0.008418985545241564,0.9915810144547584
12983,2020-05-10,0.0047700073465182236,0.9952299926534818
12984,2020-05-10,0.0036500838855175743,0.9963499161144824
12985,2020-05-10,0.0539743462014578,0.9460256537985422
12986,2020-05-10,0.04965227428223473,0.9503477257177653
12987,2020-05-10,0.014879823259488778,0.9851201767405112
12988,2020-05-10,0.02043829195996183,0.9795617080400382
12989,2020-05-10,0.03025972721312631,0.9697402727868737
12990,2020-05-10,0.012218462009668363,0.9877815379903316
12991,2020-05-10,0.015616622017717852,0.9843833779822821
12992,2020-05-10,0.05628658266588227,0.9437134173341177
12993,2020-05-10,0.023087065090852676,0.9769129349091473
12997,2020-05-10,0.012367882912037609,0.9876321170879624
12998,2020-05-10,0.02735771829035971,0.9726422817096403
12999,2020-05-10,0.07211582370643332,0.9278841762935667
13000,2020-05-10,0.14381492369114734,0.8561850763088527
13001,2020-05-10,0.04468473396384032,0.9553152660361597
13002,2020-05-10,0.03700831853263775,0.9629916814673622
13003,2020-05-10,0.009856951284270554,0.9901430487157294
13004,2020-05-10,0.01173519408029422,0.9882648059197058
13005,2020-05-10,0.010195407212945096,0.9898045927870549
13007,2020-05-10,0.001155276952730211,0.9988447230472698
13008,2020-05-10,0.010794984350154802,0.9892050156498452
13009,2020-05-10,0.009490598473867018,0.990509401526133
13010,2020-05-10,0.016360251986437424,0.9836397480135626
13011,2020-05-10,0.008397433691665124,0.9916025663083349
13012,2020-05-10,0.04565494007649318,0.9543450599235068
13013,2020-05-10,0.01225591856956132,0.9877440814304387
13014,2020-05-10,0.12949186779872313,0.8705081322012769
13017,2020-05-10,0.006275402622841986,0.993724597377158
13018,2020-05-10,0.0032328810740256397,0.9967671189259744
13020,2020-05-10,0.01784204551674895,0.982157954483251
13021,2020-05-10,0.012234361174283115,0.9877656388257169
13022,2020-05-10,0.04069175503539213,0.9593082449646079
13024,2020-05-10,0.027768442281624228,0.9722315577183758
13025,2020-05-10,0.012113494723312468,0.9878865052766875
13027,2020-05-10,0.0013385130984133742,0.9986614869015866
13028,2020-05-10,0.029161508866671237,0.9708384911333288
13029,2020-05-10,0.058003524012479546,0.9419964759875205
13030,2020-05-10,0.0008234308583068284,0.9991765691416932
13031,2020-05-10,0.009436642239717963,0.990563357760282
13032,2020-05-10,0.023153319409347395,0.9768466805906526
13033,2020-05-10,0.09116600195094471,0.9088339980490553
13034,2020-05-10,0.021500102674724797,0.9784998973252752
13035,2020-05-10,0.00294454760856544,0.9970554523914346
13037,2020-05-10,0.00909257371857064,0.9909074262814294
13038,2020-05-10,0.011590484513948063,0.9884095154860519
13039,2020-05-10,0.003467863178047037,0.996532136821953
13040,2020-05-10,0.01694256586800391,0.9830574341319961
13041,2020-05-10,0.041529093323059874,0.9584709066769401
13042,2020-05-10,0.02399982145949764,0.9760001785405024
13043,2020-05-10,0.007486516138084598,0.9925134838619154
13044,2020-05-10,0.005979192706112357,0.9940208072938876
13045,2020-05-10,0.013166744555594079,0.9868332554444059
13046,2020-05-10,0.01925154965168363,0.9807484503483164
13047,2020-05-10,0.051310983188998294,0.9486890168110017
13050,2020-05-10,0.043085828130341675,0.9569141718696583
13051,2020-05-10,0.025042137614581184,0.9749578623854188
13052,2020-05-10,0.0022342822631997716,0.9977657177368002
13053,2020-05-10,0.032225457405711255,0.9677745425942887
13054,2020-05-10,0.01756681862129361,0.9824331813787064
13057,2020-05-10,0.05554079149643454,0.9444592085035655
13058,2020-05-10,0.004352773190642201,0.9956472268093578
13060,2020-05-10,0.023626401635997274,0.9763735983640027
13061,2020-05-10,0.007428079353696493,0.9925719206463035
13062,2020-05-10,0.0033572362116333077,0.9966427637883667
13063,2020-05-10,0.015555879201107792,0.9844441207988922
13064,2020-05-10,0.0023352021505212983,0.9976647978494787
13065,2020-05-10,0.048504267562714753,0.9514957324372852
13067,2020-05-10,0.0020310035612355337,0.9979689964387645
13069,2020-05-10,0.012376105468583032,0.987623894531417
13070,2020-05-10,0.008620860381281625,0.9913791396187184
13071,2020-05-10,0.0397409701437752,0.9602590298562248
13072,2020-05-10,0.04653565304838514,0.9534643469516149
13073,2020-05-10,0.004735227962610722,0.9952647720373893
13074,2020-05-10,0.0029527204883678104,0.9970472795116322
13075,2020-05-10,0.03529603785004776,0.9647039621499522
13076,2020-05-10,0.025580879675726975,0.974419120324273
13077,2020-05-10,0.021899837855851256,0.9781001621441487
13078,2020-05-10,0.003372005732505068,0.9966279942674949
13079,2020-05-10,0.0190294985718934,0.9809705014281066
13080,2020-05-10,0.007691927891386396,0.9923080721086136
13081,2020-05-10,0.023536922761423162,0.9764630772385768
13083,2020-05-10,0.005623699251518177,0.9943763007484818
13084,2020-05-10,0.008167587936211085,0.9918324120637889
13085,2020-05-10,0.15306662999576104,0.846933370004239
13087,2020-05-10,0.02857812198867904,0.971421878011321
13088,2020-05-10,0.01411407934447173,0.9858859206555283
13090,2020-05-10,0.0770856369607752,0.9229143630392248
13091,2020-05-10,0.05287959352316529,0.9471204064768347
13093,2020-05-10,0.012785270495889844,0.9872147295041102
13094,2020-05-10,0.020526604463559472,0.9794733955364405
13095,2020-05-10,0.013746750419443066,0.9862532495805569
13096,2020-05-10,0.021949903740020704,0.9780500962599793
13097,2020-05-10,0.008215656300655683,0.9917843436993443
13099,2020-05-10,0.07958860433102266,0.9204113956689773
13100,2020-05-10,0.07177597183453577,0.9282240281654642
13102,2020-05-10,0.00455334710601929,0.9954466528939807
13103,2020-05-10,0.014770556395109935,0.9852294436048901
13104,2020-05-10,0.04254108134707868,0.9574589186529213
13105,2020-05-10,0.020204177660027023,0.979795822339973
13106,2020-05-10,0.044616663427471615,0.9553833365725284
13107,2020-05-10,0.11871137519561936,0.8812886248043806
13108,2020-05-10,0.02734063150611088,0.9726593684938891
13109,2020-05-10,0.022600303908343222,0.9773996960916568
13110,2020-05-10,0.031325221669239345,0.9686747783307607
13111,2020-05-10,0.011536611213014414,0.9884633887869856
13112,2020-05-10,0.018549628653143246,0.9814503713468568
13113,2020-05-10,0.0027222440540062287,0.9972777559459938
13114,2020-05-10,0.10457025723468338,0.8954297427653166
13115,2020-05-10,0.0026032376027111948,0.9973967623972888
13116,2020-05-10,0.02006613837350968,0.9799338616264903
13117,2020-05-10,0.0027614924069083724,0.9972385075930916
13118,2020-05-10,0.006347085534181618,0.9936529144658184
13119,2020-05-10,0.0027686606772264755,0.9972313393227735
13121,2020-05-10,0.023073023850549323,0.9769269761494507
13122,2020-05-10,0.02838270323830583,0.9716172967616942
13123,2020-05-10,0.027454030810495578,0.9725459691895044
13124,2020-05-10,0.018778613044266312,0.9812213869557337
13125,2020-05-10,0.1094160705044499,0.8905839294955501
13126,2020-05-10,0.022141608896333098,0.9778583911036669
13129,2020-05-10,0.012690049569124673,0.9873099504308753
13130,2020-05-10,0.034636253162068864,0.9653637468379311
13131,2020-05-10,0.024456713017630638,0.9755432869823694
13132,2020-05-10,0.02548262959951819,0.9745173704004818
13133,2020-05-10,0.03801422339953009,0.9619857766004699
13134,2020-05-10,0.01081775012138464,0.9891822498786154
13135,2020-05-10,0.018255916811798945,0.981744083188201
13136,2020-05-10,0.008835890349767284,0.9911641096502327
13137,2020-05-10,0.015777571162877257,0.9842224288371227
13139,2020-05-10,0.038562841954338234,0.9614371580456618
13140,2020-05-10,0.017722126632294777,0.9822778733677052
13141,2020-05-10,0.02482586983367563,0.9751741301663244
13142,2020-05-10,0.002779975632942744,0.9972200243670573
13145,2020-05-10,0.11453123212052674,0.8854687678794733
13146,2020-05-10,0.008355873532787439,0.9916441264672126
13147,2020-05-10,0.07437282173416637,0.9256271782658336
13148,2020-05-10,0.05579132692791411,0.9442086730720859
13149,2020-05-10,0.04139491339308288,0.9586050866069171
13150,2020-05-10,0.02143414405465771,0.9785658559453423
13152,2020-05-10,0.004418671696839516,0.9955813283031605
13153,2020-05-10,0.023509419692636202,0.9764905803073638
13154,2020-05-10,0.03512523182181193,0.9648747681781881
13155,2020-05-10,0.03398803244434889,0.9660119675556511
13158,2020-05-10,0.0297106755550246,0.9702893244449754
13159,2020-05-10,0.030906642528213957,0.969093357471786
13160,2020-05-10,0.004506308977823781,0.9954936910221762
13161,2020-05-10,0.0360131682222522,0.9639868317777478
13162,2020-05-10,0.03358381940441302,0.966416180595587
13164,2020-05-10,0.0569065977587937,0.9430934022412063
13165,2020-05-10,0.009420710117271414,0.9905792898827286
13166,2020-05-10,0.009816324981456126,0.9901836750185439
13167,2020-05-10,0.05420155802583537,0.9457984419741646
13168,2020-05-10,0.03307972516870128,0.9669202748312987
13169,2020-05-10,0.07871466580644437,0.9212853341935556
13170,2020-05-10,0.02850901901046099,0.971490980989539
13171,2020-05-10,0.0150276476076312,0.9849723523923688
13172,2020-05-10,0.0015074468859662682,0.9984925531140337
13173,2020-05-10,0.017132044823274795,0.9828679551767252
13174,2020-05-10,0.03573583148704529,0.9642641685129547
13175,2020-05-10,0.006761791981145238,0.9932382080188548
13177,2020-05-10,0.0015222813138872082,0.9984777186861128
13178,2020-05-10,0.040765450310679574,0.9592345496893204
13180,2020-05-10,0.010471692008326317,0.9895283079916737
13181,2020-05-10,0.013662544497473728,0.9863374555025263
13183,2020-05-10,0.028109561637069236,0.9718904383629308
13184,2020-05-10,0.007608097636234157,0.9923919023637658
13185,2020-05-10,0.01205440479037223,0.9879455952096278
13186,2020-05-10,0.05436397476147414,0.9456360252385259
13187,2020-05-10,0.010837772870264994,0.989162227129735
13188,2020-05-10,0.011518114920941902,0.9884818850790581
13189,2020-05-10,0.024932972190606084,0.9750670278093939
13190,2020-05-10,0.003938164412629286,0.9960618355873707
13191,2020-05-10,0.02382092171152561,0.9761790782884744
13192,2020-05-10,0.04759573241759529,0.9524042675824047
13194,2020-05-10,0.03628684283305128,0.9637131571669487
13195,2020-05-10,0.003773547847573888,0.9962264521524261
13196,2020-05-10,0.0043836819433608065,0.9956163180566392
13197,2020-05-10,0.033879669651737054,0.966120330348263
13198,2020-05-10,0.012765787369710235,0.9872342126302898
13199,2020-05-10,0.004537526407806691,0.9954624735921933
13200,2020-05-10,0.006046695633877386,0.9939533043661226
13201,2020-05-10,0.009724384826574117,0.9902756151734259
13202,2020-05-10,0.00886878682228609,0.9911312131777139
13204,2020-05-10,0.018861288211221128,0.9811387117887789
13205,2020-05-10,0.06453268319390315,0.9354673168060968
13206,2020-05-10,0.12626768055631354,0.8737323194436865
13207,2020-05-10,0.08249862603277913,0.9175013739672209
13208,2020-05-10,0.014943873211780923,0.9850561267882191
13209,2020-05-10,0.01217966617433186,0.9878203338256681
13211,2020-05-10,0.0025564704442265773,0.9974435295557734
13212,2020-05-10,0.020344145452715234,0.9796558545472848
13213,2020-05-10,0.08532810292404569,0.9146718970759543
13214,2020-05-10,0.0073683167369335,0.9926316832630665
13215,2020-05-10,0.005669198228248518,0.9943308017717515
13217,2020-05-10,0.010960157069333731,0.9890398429306663
13218,2020-05-10,0.059548340458199456,0.9404516595418005
13220,2020-05-10,0.01956404292747682,0.9804359570725232
13223,2020-05-10,0.0022295877366398376,0.9977704122633602
13224,2020-05-10,0.009776673934579594,0.9902233260654204
13225,2020-05-10,0.006640064217014019,0.993359935782986
13226,2020-05-10,0.0026616215807721,0.9973383784192279
13227,2020-05-10,0.005903626126673611,0.9940963738733264
13230,2020-05-10,0.029881240222234373,0.9701187597777656
13231,2020-05-10,0.0030397846186001054,0.9969602153813999
13233,2020-05-10,0.12995994460388127,0.8700400553961187
13234,2020-05-10,0.0039188467159158025,0.9960811532840842
13235,2020-05-10,0.004676270717929976,0.99532372928207
13236,2020-05-10,0.04600049787644611,0.9539995021235539
13237,2020-05-10,0.005240584472721577,0.9947594155272784
13238,2020-05-10,0.0019248098310531425,0.9980751901689469
13240,2020-05-10,0.0064204474850479976,0.993579552514952
13241,2020-05-10,0.03738702751756451,0.9626129724824355
13242,2020-05-10,0.060489361372741524,0.9395106386272585
13243,2020-05-10,0.03998593778360238,0.9600140622163976
13244,2020-05-10,0.02506089940059064,0.9749391005994094
13245,2020-05-10,0.008062395563485647,0.9919376044365144
13246,2020-05-10,0.009105499316600318,0.9908945006833997
13247,2020-05-10,0.010182545272668708,0.9898174547273313
13248,2020-05-10,0.0017751502188945167,0.9982248497811055
13249,2020-05-10,0.004986982978339438,0.9950130170216606
13251,2020-05-10,0.006256668168157509,0.9937433318318425
13252,2020-05-10,0.01845236650101212,0.9815476334989879
13255,2020-05-10,0.028586113679692327,0.9714138863203077
13256,2020-05-10,0.053517203668289826,0.9464827963317102
13257,2020-05-10,0.012116907282016975,0.987883092717983
13258,2020-05-10,0.050133368750701734,0.9498666312492983
13260,2020-05-10,0.018805576945934432,0.9811944230540656
13261,2020-05-10,0.005043019532101289,0.9949569804678987
13262,2020-05-10,0.006031454983188356,0.9939685450168116
13265,2020-05-10,0.02942034497579904,0.970579655024201
13266,2020-05-10,0.006205591718294823,0.9937944082817052
13267,2020-05-10,0.0013696843714612328,0.9986303156285388
13268,2020-05-10,0.011273208514026911,0.9887267914859731
13269,2020-05-10,0.002365972718623155,0.9976340272813768
13270,2020-05-10,0.07233404126825727,0.9276659587317427
13272,2020-05-10,0.009003308080685946,0.990996691919314
13273,2020-05-10,0.0070616472928192175,0.9929383527071808
13274,2020-05-10,0.007660973638499269,0.9923390263615007
13280,2020-05-10,0.04008649259790997,0.95991350740209
13281,2020-05-10,0.036564593553621294,0.9634354064463787
13282,2020-05-10,0.00501971265411838,0.9949802873458816
13283,2020-05-10,0.0020844648700947266,0.9979155351299053
13284,2020-05-10,0.004303794792471227,0.9956962052075288
13285,2020-05-10,0.01826802312689557,0.9817319768731044
13286,2020-05-10,0.05144290487636216,0.9485570951236378
13287,2020-05-10,0.007887891499749888,0.9921121085002501
13288,2020-05-10,0.009321442815257708,0.9906785571847423
13290,2020-05-10,0.00247705381582064,0.9975229461841794
13291,2020-05-10,0.008689802686768666,0.9913101973132313
13292,2020-05-10,0.00338448937206004,0.99661551062794
13293,2020-05-10,0.016191455660087173,0.9838085443399128
13294,2020-05-10,0.03932155929282721,0.9606784407071728
13295,2020-05-10,0.054942332696541585,0.9450576673034584
13296,2020-05-10,0.08188143219217647,0.9181185678078235
13298,2020-05-10,0.03906637126394652,0.9609336287360535
13299,2020-05-10,0.010578083020115758,0.9894219169798842
13300,2020-05-10,0.004682284357185318,0.9953177156428147
13301,2020-05-10,0.024451461848940648,0.9755485381510594
13304,2020-05-10,0.04419007299658351,0.9558099270034165
13305,2020-05-10,0.0033527769872230273,0.996647223012777
13306,2020-05-10,0.05843643745461624,0.9415635625453838
13307,2020-05-10,0.01971630568186733,0.9802836943181327
13308,2020-05-10,0.03608490612211157,0.9639150938778884
13309,2020-05-10,0.004415228187629072,0.9955847718123709
