account_id,last_metric_time,churn_prob,retention_prob
0,2020-05-10,0.010201483669441846,0.9897985163305582
1,2020-05-10,0.0183244667307515,0.9816755332692485
2,2020-05-10,0.012350486458920562,0.9876495135410794
4,2020-05-10,0.005142247471919159,0.9948577525280808
6,2020-05-10,0.033391598972100645,0.9666084010278994
7,2020-05-10,0.025891387269892596,0.9741086127301074
9,2020-05-10,0.030315831120327763,0.9696841688796722
10,2020-05-10,0.014017041769905036,0.985982958230095
12,2020-05-10,0.027963190047044395,0.9720368099529556
13,2020-05-10,0.016075386062331387,0.9839246139376686
14,2020-05-10,0.02952981574404201,0.970470184255958
15,2020-05-10,0.013606437339777067,0.9863935626602229
16,2020-05-10,0.03677355692412798,0.963226443075872
17,2020-05-10,0.033519433846293745,0.9664805661537063
18,2020-05-10,0.006881562963439114,0.9931184370365609
19,2020-05-10,0.009565522986368924,0.9904344770136311
20,2020-05-10,0.051675055969496175,0.9483249440305038
21,2020-05-10,0.022135576701960757,0.9778644232980392
22,2020-05-10,0.007186491876874479,0.9928135081231255
23,2020-05-10,0.09196138059217251,0.9080386194078275
25,2020-05-10,0.06727469555786336,0.9327253044421366
26,2020-05-10,0.0195607904455386,0.9804392095544614
27,2020-05-10,0.06939390517366506,0.9306060948263349
28,2020-05-10,0.023517424661380626,0.9764825753386194
29,2020-05-10,0.04025828863860936,0.9597417113613906
30,2020-05-10,0.019063062934287278,0.9809369370657127
31,2020-05-10,0.016333388154071593,0.9836666118459284
32,2020-05-10,0.0513889881913665,0.9486110118086335
33,2020-05-10,0.005625885748881787,0.9943741142511182
34,2020-05-10,0.02457358352071548,0.9754264164792845
35,2020-05-10,0.00753301793333494,0.9924669820666651
37,2020-05-10,0.005999837825443999,0.994000162174556
38,2020-05-10,0.014306550960167863,0.9856934490398321
39,2020-05-10,0.004866777942024281,0.9951332220579757
40,2020-05-10,0.0044358230063623605,0.9955641769936376
41,2020-05-10,0.006648043896368527,0.9933519561036315
42,2020-05-10,0.020200046716066677,0.9797999532839333
43,2020-05-10,0.013656058226305778,0.9863439417736942
45,2020-05-10,0.0032415578679234613,0.9967584421320765
46,2020-05-10,0.01228570901980608,0.9877142909801939
47,2020-05-10,0.006784576946794019,0.993215423053206
48,2020-05-10,0.02803448162409583,0.9719655183759042
49,2020-05-10,0.03432754171593111,0.9656724582840689
51,2020-05-10,0.007465665145516276,0.9925343348544837
52,2020-05-10,0.03506376480358331,0.9649362351964167
54,2020-05-10,0.020378729697953957,0.979621270302046
55,2020-05-10,0.015022278571920844,0.9849777214280792
56,2020-05-10,0.006181885699865219,0.9938181143001348
57,2020-05-10,0.044280178559358174,0.9557198214406418
59,2020-05-10,0.041285455432262363,0.9587145445677376
60,2020-05-10,0.003366076661195927,0.9966339233388041
61,2020-05-10,0.017351672460816925,0.9826483275391831
62,2020-05-10,0.0803750125256284,0.9196249874743716
63,2020-05-10,0.02755393287641761,0.9724460671235824
64,2020-05-10,0.02588784382070397,0.974112156179296
65,2020-05-10,0.023850205688738857,0.9761497943112611
66,2020-05-10,0.017747096605983725,0.9822529033940163
67,2020-05-10,0.005937618168136649,0.9940623818318634
68,2020-05-10,0.011323580253896348,0.9886764197461037
70,2020-05-10,0.0404940862867772,0.9595059137132228
71,2020-05-10,0.024298658553236097,0.9757013414467639
72,2020-05-10,0.0034658280827877253,0.9965341719172123
73,2020-05-10,0.011528044141280946,0.988471955858719
74,2020-05-10,0.02209077177501184,0.9779092282249882
75,2020-05-10,0.01347719844827111,0.9865228015517289
77,2020-05-10,0.005099729621518279,0.9949002703784817
78,2020-05-10,0.025698870162818244,0.9743011298371818
79,2020-05-10,0.015422821757023253,0.9845771782429767
80,2020-05-10,0.01546154536196831,0.9845384546380317
81,2020-05-10,0.0074061841522762295,0.9925938158477238
82,2020-05-10,0.008205402866783618,0.9917945971332164
83,2020-05-10,0.0375156426983263,0.9624843573016737
84,2020-05-10,0.019449238701832128,0.9805507612981679
85,2020-05-10,0.029854736887616973,0.970145263112383
86,2020-05-10,0.04646432857791549,0.9535356714220845
87,2020-05-10,0.02640710994147788,0.9735928900585221
88,2020-05-10,0.022884050425683533,0.9771159495743165
89,2020-05-10,0.029607862872284563,0.9703921371277154
90,2020-05-10,0.009437403566200042,0.9905625964338
91,2020-05-10,0.014402163105297183,0.9855978368947028
92,2020-05-10,0.019399570132229593,0.9806004298677704
93,2020-05-10,0.0018256096191979765,0.998174390380802
94,2020-05-10,0.0178781454463397,0.9821218545536603
95,2020-05-10,0.01362564154562651,0.9863743584543735
96,2020-05-10,0.048925427745836525,0.9510745722541635
97,2020-05-10,0.004829182978511093,0.9951708170214889
98,2020-05-10,0.041756768914915865,0.9582432310850841
99,2020-05-10,0.0021974432721054704,0.9978025567278945
100,2020-05-10,0.04639875781688241,0.9536012421831176
101,2020-05-10,0.016514296580116716,0.9834857034198833
102,2020-05-10,0.004908197989959673,0.9950918020100403
103,2020-05-10,0.009876135630122684,0.9901238643698773
104,2020-05-10,0.03728205989996247,0.9627179401000375
105,2020-05-10,0.014563656818509685,0.9854363431814903
106,2020-05-10,0.030374374131044712,0.9696256258689553
107,2020-05-10,0.0247441063541618,0.9752558936458382
108,2020-05-10,0.0006683335952299974,0.99933166640477
109,2020-05-10,0.02030850970500664,0.9796914902949934
111,2020-05-10,0.033562456054553214,0.9664375439454468
112,2020-05-10,0.00405074591080945,0.9959492540891905
113,2020-05-10,0.0034585601405594524,0.9965414398594405
114,2020-05-10,0.015230180282044703,0.9847698197179553
115,2020-05-10,0.010276630341214177,0.9897233696587858
116,2020-05-10,0.06107164060354364,0.9389283593964564
117,2020-05-10,0.029213326410486906,0.9707866735895131
118,2020-05-10,0.0030209186189913417,0.9969790813810087
119,2020-05-10,0.007768050364256651,0.9922319496357433
120,2020-05-10,0.007754534733220408,0.9922454652667796
121,2020-05-10,0.0035983785109485744,0.9964016214890514
122,2020-05-10,0.027435859679004082,0.9725641403209959
123,2020-05-10,0.04194896441822271,0.9580510355817773
124,2020-05-10,0.019422915264680984,0.980577084735319
126,2020-05-10,0.04509179651663742,0.9549082034833626
127,2020-05-10,0.01680881502429199,0.983191184975708
128,2020-05-10,0.005054724371032715,0.9949452756289673
129,2020-05-10,0.01123780593543,0.98876219406457
130,2020-05-10,0.007082656407346732,0.9929173435926533
131,2020-05-10,0.00944717186594679,0.9905528281340532
132,2020-05-10,0.03307832470598693,0.9669216752940131
133,2020-05-10,0.026138345995305623,0.9738616540046944
135,2020-05-10,0.013187737913693875,0.9868122620863061
136,2020-05-10,0.01431557514765569,0.9856844248523443
137,2020-05-10,0.021204566730001484,0.9787954332699985
138,2020-05-10,0.018307843816482317,0.9816921561835177
139,2020-05-10,0.013594290218675309,0.9864057097813247
140,2020-05-10,0.006233465792082171,0.9937665342079178
141,2020-05-10,0.002402776495379011,0.997597223504621
143,2020-05-10,0.006826865843189589,0.9931731341568104
144,2020-05-10,0.05247390212178249,0.9475260978782175
145,2020-05-10,0.01818600355919897,0.981813996440801
146,2020-05-10,0.05455111213261077,0.9454488878673892
147,2020-05-10,0.00640914954024252,0.9935908504597575
148,2020-05-10,0.008981074347085172,0.9910189256529148
149,2020-05-10,0.015403952695755563,0.9845960473042444
150,2020-05-10,0.09080175247455557,0.9091982475254444
151,2020-05-10,0.013919803746159976,0.98608019625384
152,2020-05-10,0.004653893102991691,0.9953461068970083
153,2020-05-10,0.04282391635937388,0.9571760836406261
155,2020-05-10,0.006815977503237036,0.993184022496763
156,2020-05-10,0.023931862419834582,0.9760681375801654
157,2020-05-10,0.008197325240697939,0.9918026747593021
158,2020-05-10,0.039618340123093176,0.9603816598769068
159,2020-05-10,0.03545118989423257,0.9645488101057674
160,2020-05-10,0.011641859489488149,0.9883581405105119
161,2020-05-10,0.009653877282005285,0.9903461227179947
162,2020-05-10,0.021357566409266893,0.9786424335907331
163,2020-05-10,0.012428269434379469,0.9875717305656205
164,2020-05-10,0.005379437444173463,0.9946205625558265
165,2020-05-10,0.003134544554920793,0.9968654554450792
166,2020-05-10,0.008889060969614504,0.9911109390303855
167,2020-05-10,0.006469260293661572,0.9935307397063384
169,2020-05-10,0.008628098528114414,0.9913719014718856
170,2020-05-10,0.02065688876702476,0.9793431112329752
171,2020-05-10,0.009298094242498944,0.9907019057575011
172,2020-05-10,0.010245215967543575,0.9897547840324564
174,2020-05-10,0.009390649444253607,0.9906093505557464
175,2020-05-10,0.004673077784557056,0.9953269222154429
176,2020-05-10,0.0017948600752504262,0.9982051399247496
177,2020-05-10,0.0075192099359771,0.9924807900640229
178,2020-05-10,0.017916080161160308,0.9820839198388397
179,2020-05-10,0.02285806730610007,0.9771419326938999
181,2020-05-10,0.03248114613823616,0.9675188538617638
182,2020-05-10,0.02230741591143104,0.977692584088569
183,2020-05-10,0.05187057670096551,0.9481294232990345
184,2020-05-10,0.011715126892126837,0.9882848731078732
186,2020-05-10,0.002523132094917502,0.9974768679050825
187,2020-05-10,0.04302028669385072,0.9569797133061493
188,2020-05-10,0.00805314387452305,0.991946856125477
190,2020-05-10,0.004358205234560764,0.9956417947654392
191,2020-05-10,0.004365176007251725,0.9956348239927483
192,2020-05-10,0.01733857905399261,0.9826614209460074
193,2020-05-10,0.0032667861418618216,0.9967332138581382
194,2020-05-10,0.024778704858088085,0.9752212951419119
195,2020-05-10,0.021854462935782193,0.9781455370642178
196,2020-05-10,0.01776316436605463,0.9822368356339454
197,2020-05-10,0.012573571556323104,0.9874264284436769
199,2020-05-10,0.035052114046765226,0.9649478859532348
200,2020-05-10,0.019525579615824573,0.9804744203841754
201,2020-05-10,0.02412398611184563,0.9758760138881544
202,2020-05-10,0.0515014899430305,0.9484985100569695
203,2020-05-10,0.011962891488391025,0.988037108511609
204,2020-05-10,0.015592463372067766,0.9844075366279322
205,2020-05-10,0.02263113847725695,0.977368861522743
206,2020-05-10,0.0319358580247584,0.9680641419752416
207,2020-05-10,0.005895278658472947,0.994104721341527
208,2020-05-10,0.03303155233129196,0.966968447668708
209,2020-05-10,0.012464373916011184,0.9875356260839888
211,2020-05-10,0.0068055804781883555,0.9931944195218116
212,2020-05-10,0.015425415549629062,0.9845745844503709
213,2020-05-10,0.015373389710140128,0.9846266102898599
214,2020-05-10,0.005226250074074845,0.9947737499259252
215,2020-05-10,0.013032313998595058,0.9869676860014049
216,2020-05-10,0.0193277611557926,0.9806722388442074
217,2020-05-10,0.07046247202146916,0.9295375279785308
218,2020-05-10,0.0014252439130236771,0.9985747560869763
220,2020-05-10,0.013151359431689436,0.9868486405683106
221,2020-05-10,0.08712824678825293,0.9128717532117471
222,2020-05-10,0.013044134710172961,0.986955865289827
223,2020-05-10,0.06025489944666018,0.9397451005533398
224,2020-05-10,0.05899879177101064,0.9410012082289894
225,2020-05-10,0.007757401054444557,0.9922425989455554
226,2020-05-10,0.006781028834704661,0.9932189711652953
227,2020-05-10,0.016843069903526353,0.9831569300964736
228,2020-05-10,0.008147322247374689,0.9918526777526253
229,2020-05-10,0.026094908011602858,0.9739050919883971
230,2020-05-10,0.020378815195753908,0.9796211848042461
231,2020-05-10,0.002595933968638664,0.9974040660313613
232,2020-05-10,0.14379078003980927,0.8562092199601907
235,2020-05-10,0.019035685869516983,0.980964314130483
236,2020-05-10,0.011946104504432009,0.988053895495568
237,2020-05-10,0.01077969512665422,0.9892203048733458
241,2020-05-10,0.0009935971318929537,0.999006402868107
242,2020-05-10,0.01216385081278848,0.9878361491872115
243,2020-05-10,0.0213346419924777,0.9786653580075223
244,2020-05-10,0.01722654387250311,0.9827734561274969
245,2020-05-10,0.024677783737848014,0.975322216262152
246,2020-05-10,0.027505557943480752,0.9724944420565192
247,2020-05-10,0.005120562120734751,0.9948794378792652
248,2020-05-10,0.024908866396527007,0.975091133603473
249,2020-05-10,0.01134358421826942,0.9886564157817306
250,2020-05-10,0.020395901137605033,0.979604098862395
252,2020-05-10,0.00910882350762765,0.9908911764923723
253,2020-05-10,0.05424941642486447,0.9457505835751355
254,2020-05-10,0.18608306147014697,0.813916938529853
255,2020-05-10,0.007549161239597146,0.9924508387604029
257,2020-05-10,0.038393098348225796,0.9616069016517742
258,2020-05-10,0.010201236135098268,0.9897987638649017
259,2020-05-10,0.006834861442041706,0.9931651385579583
260,2020-05-10,0.00979361039902582,0.9902063896009742
261,2020-05-10,0.024505499951722798,0.9754945000482772
262,2020-05-10,0.0045280146040184155,0.9954719853959816
263,2020-05-10,0.020485521998365508,0.9795144780016345
264,2020-05-10,0.017151522014579923,0.9828484779854201
265,2020-05-10,0.02489288311766591,0.9751071168823341
266,2020-05-10,0.006485158791794343,0.9935148412082057
267,2020-05-10,0.020270919674303833,0.9797290803256962
268,2020-05-10,0.013108087762951914,0.9868919122370481
269,2020-05-10,0.000640673692872018,0.999359326307128
270,2020-05-10,0.018974644643379057,0.9810253553566209
271,2020-05-10,0.0011669260942569482,0.998833073905743
272,2020-05-10,0.0068936507777378475,0.9931063492222622
273,2020-05-10,0.0036625626233214303,0.9963374373766786
275,2020-05-10,0.05191421166581367,0.9480857883341863
276,2020-05-10,0.022462138396468267,0.9775378616035317
277,2020-05-10,0.006838888253010156,0.9931611117469898
278,2020-05-10,0.010221683894445222,0.9897783161055548
279,2020-05-10,0.00861994969677038,0.9913800503032296
280,2020-05-10,0.01808603528874131,0.9819139647112587
281,2020-05-10,0.014540960843703266,0.9854590391562967
282,2020-05-10,0.014148723085214088,0.9858512769147859
283,2020-05-10,0.0017868753022708406,0.9982131246977292
284,2020-05-10,0.020660595869884113,0.9793394041301159
285,2020-05-10,0.058173819972765384,0.9418261800272346
286,2020-05-10,0.020754825873756766,0.9792451741262432
287,2020-05-10,0.030409567940607896,0.9695904320593921
288,2020-05-10,0.026932403290710227,0.9730675967092898
289,2020-05-10,0.0132942904004818,0.9867057095995182
290,2020-05-10,0.026567637199777394,0.9734323628002226
291,2020-05-10,0.0166057026557217,0.9833942973442783
292,2020-05-10,0.01946097489354215,0.9805390251064579
293,2020-05-10,0.002736843007581591,0.9972631569924184
294,2020-05-10,0.02648135353289849,0.9735186464671015
295,2020-05-10,0.06693466980008167,0.9330653301999183
296,2020-05-10,0.007480923171053422,0.9925190768289466
297,2020-05-10,0.022780250798959845,0.9772197492010402
298,2020-05-10,0.009554176740088294,0.9904458232599117
300,2020-05-10,0.004646945449309325,0.9953530545506907
301,2020-05-10,0.007313905000792209,0.9926860949992078
302,2020-05-10,0.017029086072113286,0.9829709139278867
303,2020-05-10,0.02495698590236195,0.975043014097638
304,2020-05-10,0.004757274554868407,0.9952427254451316
305,2020-05-10,0.00873454784422023,0.9912654521557798
306,2020-05-10,0.004649186490659041,0.995350813509341
307,2020-05-10,0.0237042404400446,0.9762957595599554
308,2020-05-10,0.01552856861094809,0.9844714313890519
309,2020-05-10,0.025208159829245735,0.9747918401707543
310,2020-05-10,0.0027630467512996804,0.9972369532487003
311,2020-05-10,0.0416629608269079,0.9583370391730921
312,2020-05-10,0.04933456067212816,0.9506654393278718
313,2020-05-10,0.01972296043148647,0.9802770395685135
315,2020-05-10,0.0158525743399085,0.9841474256600915
317,2020-05-10,0.007803876476071503,0.9921961235239285
319,2020-05-10,0.04571374433137321,0.9542862556686268
320,2020-05-10,0.005647522579491415,0.9943524774205086
321,2020-05-10,0.01070271241356735,0.9892972875864326
322,2020-05-10,0.013799234584607967,0.986200765415392
323,2020-05-10,0.011043742761554287,0.9889562572384457
324,2020-05-10,0.014499096849177606,0.9855009031508224
325,2020-05-10,0.021047104263750782,0.9789528957362492
326,2020-05-10,0.012385280789139252,0.9876147192108607
327,2020-05-10,0.014221801190752004,0.985778198809248
328,2020-05-10,0.005401263924919242,0.9945987360750808
329,2020-05-10,0.025983424952914058,0.9740165750470859
330,2020-05-10,0.027449486342055573,0.9725505136579444
331,2020-05-10,0.014847292624956099,0.9851527073750439
333,2020-05-10,0.00942226751491304,0.990577732485087
334,2020-05-10,0.05259107567782728,0.9474089243221727
335,2020-05-10,0.012409485723616664,0.9875905142763833
337,2020-05-10,0.029532706944340514,0.9704672930556595
338,2020-05-10,0.03054033546064716,0.9694596645393528
340,2020-05-10,0.006444667874901611,0.9935553321250984
341,2020-05-10,0.02879223825986421,0.9712077617401358
342,2020-05-10,0.01453040592574284,0.9854695940742572
343,2020-05-10,0.007490636282684426,0.9925093637173156
344,2020-05-10,0.007395827696290991,0.992604172303709
345,2020-05-10,0.004696405050427899,0.9953035949495721
346,2020-05-10,0.006783324654046963,0.993216675345953
347,2020-05-10,0.03328821950419181,0.9667117804958082
348,2020-05-10,0.008687632351725982,0.991312367648274
349,2020-05-10,0.06194972261095155,0.9380502773890484
350,2020-05-10,0.0035145791605791787,0.9964854208394208
351,2020-05-10,0.025592167272669664,0.9744078327273303
352,2020-05-10,0.07379617418425344,0.9262038258157466
354,2020-05-10,0.015768461871334294,0.9842315381286657
355,2020-05-10,0.007704730073424759,0.9922952699265752
356,2020-05-10,0.0013217153517585123,0.9986782846482415
357,2020-05-10,0.018767771872942096,0.9812322281270579
358,2020-05-10,0.011562657869167992,0.988437342130832
359,2020-05-10,0.028765073836171995,0.971234926163828
360,2020-05-10,0.03161392489021553,0.9683860751097845
361,2020-05-10,0.014286775286400433,0.9857132247135996
362,2020-05-10,0.017893429440307695,0.9821065705596923
363,2020-05-10,0.011473836690477746,0.9885261633095223
365,2020-05-10,0.013250834104634568,0.9867491658953654
366,2020-05-10,0.037661600442509324,0.9623383995574907
367,2020-05-10,0.007704978432268028,0.992295021567732
368,2020-05-10,0.007884227891964302,0.9921157721080357
369,2020-05-10,0.013803025458804519,0.9861969745411955
370,2020-05-10,0.037766833708085756,0.9622331662919142
371,2020-05-10,0.006395212512020687,0.9936047874879793
372,2020-05-10,0.014265468279899274,0.9857345317201007
373,2020-05-10,0.00665623840910079,0.9933437615908992
374,2020-05-10,0.003942483974988309,0.9960575160250117
375,2020-05-10,0.0022794766670205524,0.9977205233329794
376,2020-05-10,0.0012359959149965682,0.9987640040850034
377,2020-05-10,0.046640799404938926,0.9533592005950611
378,2020-05-10,0.017728322015014175,0.9822716779849858
379,2020-05-10,0.0115470365769621,0.9884529634230379
380,2020-05-10,0.01692059065622853,0.9830794093437715
381,2020-05-10,0.03202105657570398,0.967978943424296
382,2020-05-10,0.005623813458131344,0.9943761865418687
383,2020-05-10,0.009402440216315422,0.9905975597836846
385,2020-05-10,0.02877194713796194,0.9712280528620381
386,2020-05-10,0.022461414102945887,0.9775385858970541
387,2020-05-10,0.02154171601184518,0.9784582839881548
389,2020-05-10,0.00736202405673525,0.9926379759432647
390,2020-05-10,0.007427597220580617,0.9925724027794194
394,2020-05-10,0.033923444825607496,0.9660765551743925
395,2020-05-10,0.010286376027586086,0.9897136239724139
396,2020-05-10,0.009749300693595364,0.9902506993064046
397,2020-05-10,0.009336932986570345,0.9906630670134297
398,2020-05-10,0.007200955967428757,0.9927990440325712
399,2020-05-10,0.015674351036065515,0.9843256489639345
400,2020-05-10,0.04221023791684719,0.9577897620831528
401,2020-05-10,0.012089741103116003,0.987910258896884
402,2020-05-10,0.011484655960746881,0.9885153440392531
403,2020-05-10,0.018733255031009755,0.9812667449689902
404,2020-05-10,0.008348693804558716,0.9916513061954413
405,2020-05-10,0.03003796736723985,0.9699620326327602
407,2020-05-10,0.016217054991519375,0.9837829450084806
408,2020-05-10,0.009536216260592645,0.9904637837394074
409,2020-05-10,0.00613548388313967,0.9938645161168603
410,2020-05-10,0.0054510048652609555,0.994548995134739
411,2020-05-10,0.03060950484635805,0.969390495153642
412,2020-05-10,0.033389564123669335,0.9666104358763307
413,2020-05-10,0.006345305576810567,0.9936546944231894
414,2020-05-10,0.023617092141946183,0.9763829078580538
415,2020-05-10,0.00655448480978349,0.9934455151902165
417,2020-05-10,0.029526598881406074,0.9704734011185939
418,2020-05-10,0.00823118271124712,0.9917688172887529
419,2020-05-10,0.01788298847846337,0.9821170115215366
420,2020-05-10,0.010540840192050038,0.98945915980795
421,2020-05-10,0.009597269499462935,0.9904027305005371
422,2020-05-10,0.013519209282566003,0.986480790717434
423,2020-05-10,0.014654285233662412,0.9853457147663376
424,2020-05-10,0.024330061711507645,0.9756699382884924
425,2020-05-10,0.037687086157034644,0.9623129138429654
426,2020-05-10,0.06333121510392292,0.9366687848960771
427,2020-05-10,0.011421860505076431,0.9885781394949236
428,2020-05-10,0.014645265344330527,0.9853547346556695
430,2020-05-10,0.007815810009464297,0.9921841899905357
432,2020-05-10,0.06152510517598364,0.9384748948240164
433,2020-05-10,0.015001824164843858,0.9849981758351561
434,2020-05-10,0.003714823406521961,0.996285176593478
435,2020-05-10,0.009656353372495818,0.9903436466275042
436,2020-05-10,0.030273997119447005,0.969726002880553
437,2020-05-10,0.036250454288810685,0.9637495457111893
438,2020-05-10,0.024890530203920513,0.9751094697960795
439,2020-05-10,0.005318818718356488,0.9946811812816435
440,2020-05-10,0.074329456248168,0.925670543751832
441,2020-05-10,0.012378956788964612,0.9876210432110354
442,2020-05-10,0.0055737209040311875,0.9944262790959688
443,2020-05-10,0.01807987690936763,0.9819201230906324
445,2020-05-10,0.0008358639463416084,0.9991641360536584
446,2020-05-10,0.0033651677222298337,0.9966348322777702
447,2020-05-10,0.015643032091263387,0.9843569679087366
449,2020-05-10,0.03353000793382832,0.9664699920661717
450,2020-05-10,0.00676266374307144,0.9932373362569286
451,2020-05-10,0.015085577971357678,0.9849144220286423
452,2020-05-10,0.008641891822857128,0.9913581081771429
454,2020-05-10,0.05898386982831405,0.941016130171686
455,2020-05-10,0.09659630389203211,0.9034036961079679
456,2020-05-10,0.002835910525388008,0.997164089474612
457,2020-05-10,0.011376746447404273,0.9886232535525957
458,2020-05-10,0.013608714771663033,0.986391285228337
459,2020-05-10,0.028047111183989393,0.9719528888160106
460,2020-05-10,0.006619287352093384,0.9933807126479066
461,2020-05-10,0.010861427427420578,0.9891385725725794
462,2020-05-10,0.008249160006830736,0.9917508399931693
463,2020-05-10,0.017758832173714878,0.9822411678262851
464,2020-05-10,0.03501895382430764,0.9649810461756924
465,2020-05-10,0.01936080676689811,0.9806391932331019
466,2020-05-10,0.03641626089531724,0.9635837391046828
467,2020-05-10,0.018429366809994296,0.9815706331900057
468,2020-05-10,0.016645643934504184,0.9833543560654958
469,2020-05-10,0.007982283188353256,0.9920177168116467
470,2020-05-10,0.008189690772156588,0.9918103092278434
471,2020-05-10,0.012329703250680613,0.9876702967493194
472,2020-05-10,0.028806838113871414,0.9711931618861286
473,2020-05-10,0.08807057317739242,0.9119294268226076
475,2020-05-10,0.03483595932673189,0.9651640406732681
476,2020-05-10,0.0028654962815771734,0.9971345037184228
477,2020-05-10,0.010422538220869582,0.9895774617791304
478,2020-05-10,0.01763462775194191,0.9823653722480581
479,2020-05-10,0.0012790512290854483,0.9987209487709146
480,2020-05-10,0.01951203286568659,0.9804879671343134
481,2020-05-10,0.00770448858331485,0.9922955114166851
482,2020-05-10,0.0076551337707218,0.9923448662292782
483,2020-05-10,0.01459972536536669,0.9854002746346333
484,2020-05-10,0.01715707060631022,0.9828429293936898
485,2020-05-10,0.012301433933709416,0.9876985660662906
486,2020-05-10,0.04382514249559544,0.9561748575044046
487,2020-05-10,0.02274762818180065,0.9772523718181994
488,2020-05-10,0.049515720893407944,0.9504842791065921
489,2020-05-10,0.015511900714417659,0.9844880992855823
490,2020-05-10,0.007049000428752672,0.9929509995712473
491,2020-05-10,0.007490479202669542,0.9925095207973305
492,2020-05-10,0.005662801371317139,0.9943371986286829
493,2020-05-10,0.024528979906484727,0.9754710200935153
494,2020-05-10,0.027187287783181247,0.9728127122168188
495,2020-05-10,0.021390530228588944,0.9786094697714111
496,2020-05-10,0.02272207275809568,0.9772779272419043
497,2020-05-10,0.04032001201230506,0.9596799879876949
498,2020-05-10,0.04274200757981972,0.9572579924201803
499,2020-05-10,0.014286457400129127,0.9857135425998709
500,2020-05-10,0.012333778674207263,0.9876662213257927
501,2020-05-10,0.016830737869014678,0.9831692621309853
502,2020-05-10,0.011058991546604502,0.9889410084533955
503,2020-05-10,0.03577473488168226,0.9642252651183177
504,2020-05-10,0.0020780241764145613,0.9979219758235854
505,2020-05-10,0.013479453198919078,0.9865205468010809
506,2020-05-10,0.06574698177210547,0.9342530182278945
508,2020-05-10,0.0062300554666597785,0.9937699445333402
509,2020-05-10,0.015325470100829186,0.9846745298991708
510,2020-05-10,0.025330061340127386,0.9746699386598726
511,2020-05-10,0.0037725771754061332,0.9962274228245939
512,2020-05-10,0.0037060397420766167,0.9962939602579234
513,2020-05-10,0.004935030779535499,0.9950649692204645
514,2020-05-10,0.029433632186120606,0.9705663678138794
515,2020-05-10,0.029170190364695037,0.970829809635305
516,2020-05-10,0.010433799623650986,0.989566200376349
517,2020-05-10,0.021051920028913318,0.9789480799710867
518,2020-05-10,0.02263026159484971,0.9773697384051503
519,2020-05-10,0.007650580002814933,0.9923494199971851
520,2020-05-10,0.0038631962217759996,0.996136803778224
521,2020-05-10,0.039362371513734784,0.9606376284862652
522,2020-05-10,0.011226828934020494,0.9887731710659795
523,2020-05-10,0.018457126385673317,0.9815428736143267
524,2020-05-10,0.02024435670486313,0.9797556432951369
525,2020-05-10,0.025625115952399358,0.9743748840476006
526,2020-05-10,0.020808107401860454,0.9791918925981395
527,2020-05-10,0.07087365788999356,0.9291263421100064
528,2020-05-10,0.035120792024458725,0.9648792079755413
529,2020-05-10,0.021493735514508172,0.9785062644854918
530,2020-05-10,0.24747528876627634,0.7525247112337237
531,2020-05-10,0.044978107549302204,0.9550218924506978
533,2020-05-10,0.02860134923294566,0.9713986507670543
535,2020-05-10,0.008569905285097601,0.9914300947149024
537,2020-05-10,0.004348172436112296,0.9956518275638877
538,2020-05-10,0.0029962061735823164,0.9970037938264177
539,2020-05-10,0.008987620222842496,0.9910123797771575
540,2020-05-10,0.0024757496642666688,0.9975242503357333
541,2020-05-10,0.026179726220460164,0.9738202737795398
542,2020-05-10,0.0171374186498785,0.9828625813501215
543,2020-05-10,0.005739294994405397,0.9942607050055946
544,2020-05-10,0.017376892543731204,0.9826231074562688
545,2020-05-10,0.061822107050379826,0.9381778929496202
546,2020-05-10,0.025124894979852708,0.9748751050201473
547,2020-05-10,0.01341790046044411,0.9865820995395559
548,2020-05-10,0.046202401406267635,0.9537975985937324
549,2020-05-10,0.02281887153477835,0.9771811284652216
551,2020-05-10,0.05454127505342732,0.9454587249465727
552,2020-05-10,0.005074766563256117,0.9949252334367439
553,2020-05-10,0.02204222219144991,0.9779577778085501
555,2020-05-10,0.005281879615390395,0.9947181203846096
556,2020-05-10,0.019058205337214584,0.9809417946627854
557,2020-05-10,0.01518277962717618,0.9848172203728238
558,2020-05-10,0.004227872649931186,0.9957721273500688
559,2020-05-10,0.006233614151300526,0.9937663858486995
560,2020-05-10,0.019178523608932685,0.9808214763910673
561,2020-05-10,0.026901154663925175,0.9730988453360748
562,2020-05-10,0.02322076608689605,0.976779233913104
564,2020-05-10,0.09166893458767822,0.9083310654123218
565,2020-05-10,0.03918487419060823,0.9608151258093918
568,2020-05-10,0.0046879729226094735,0.9953120270773905
569,2020-05-10,0.016671826760761177,0.9833281732392388
570,2020-05-10,0.0096833758724707,0.9903166241275293
571,2020-05-10,0.028029667296574412,0.9719703327034256
572,2020-05-10,0.004450194459249102,0.9955498055407509
573,2020-05-10,0.0331878208023626,0.9668121791976374
574,2020-05-10,0.011172115078789902,0.9888278849212101
575,2020-05-10,0.005515590220646627,0.9944844097793534
578,2020-05-10,0.007972466295969594,0.9920275337040304
579,2020-05-10,0.009205096102508525,0.9907949038974915
580,2020-05-10,0.010042900688700285,0.9899570993112997
581,2020-05-10,0.009741689545436305,0.9902583104545637
582,2020-05-10,0.025723574091135015,0.974276425908865
584,2020-05-10,0.016070367933489038,0.983929632066511
585,2020-05-10,0.01712773033785908,0.9828722696621409
586,2020-05-10,0.006055199494720331,0.9939448005052797
587,2020-05-10,0.012737478054952844,0.9872625219450472
590,2020-05-10,0.03023753391994577,0.9697624660800542
591,2020-05-10,0.05977028843732701,0.940229711562673
592,2020-05-10,0.01106213359721353,0.9889378664027865
593,2020-05-10,0.0016345434272321269,0.9983654565727679
594,2020-05-10,0.011878710548662741,0.9881212894513373
595,2020-05-10,0.009772062420151273,0.9902279375798487
596,2020-05-10,0.009926917470204688,0.9900730825297953
597,2020-05-10,0.022882054072758007,0.977117945927242
598,2020-05-10,0.010891743771528128,0.9891082562284719
599,2020-05-10,0.023655829010380547,0.9763441709896195
600,2020-05-10,0.030379528275694567,0.9696204717243054
601,2020-05-10,0.012452904326866632,0.9875470956731334
602,2020-05-10,0.1023822855519616,0.8976177144480384
603,2020-05-10,0.009120042305172271,0.9908799576948277
605,2020-05-10,0.013826788613089613,0.9861732113869104
607,2020-05-10,0.02585606477654878,0.9741439352234512
608,2020-05-10,0.017545744355567217,0.9824542556444328
609,2020-05-10,0.0019098316208442379,0.9980901683791558
610,2020-05-10,0.005958794585100846,0.9940412054148992
611,2020-05-10,0.016211185663896233,0.9837888143361038
612,2020-05-10,0.0012810834793599568,0.99871891652064
614,2020-05-10,0.044541763279407176,0.9554582367205928
615,2020-05-10,0.002664416117711288,0.9973355838822887
616,2020-05-10,0.008701943463487849,0.9912980565365122
617,2020-05-10,0.01778670159535478,0.9822132984046452
618,2020-05-10,0.06048209202719801,0.939517907972802
619,2020-05-10,0.0038557176494419254,0.9961442823505581
620,2020-05-10,0.012727920545353877,0.9872720794546461
621,2020-05-10,0.02229480648729476,0.9777051935127052
622,2020-05-10,0.024284538421997293,0.9757154615780027
623,2020-05-10,0.013777791851464105,0.9862222081485359
624,2020-05-10,0.005497919538979934,0.9945020804610201
625,2020-05-10,0.0029358572538766836,0.9970641427461233
627,2020-05-10,0.015044546121650515,0.9849554538783495
628,2020-05-10,0.04117254866547093,0.9588274513345291
629,2020-05-10,0.04745383386124402,0.952546166138756
630,2020-05-10,0.017927774522791262,0.9820722254772087
633,2020-05-10,0.01703346163876507,0.9829665383612349
634,2020-05-10,0.010349498388348866,0.9896505016116511
636,2020-05-10,0.06182618971365206,0.9381738102863479
637,2020-05-10,0.0434425531551621,0.9565574468448379
638,2020-05-10,0.078559558299937,0.921440441700063
639,2020-05-10,0.013619886356166622,0.9863801136438334
640,2020-05-10,0.027844332336681932,0.9721556676633181
641,2020-05-10,0.005878204799344089,0.9941217952006559
642,2020-05-10,0.008238479497673201,0.9917615205023268
643,2020-05-10,0.01485802217362342,0.9851419778263766
644,2020-05-10,0.010529165896176473,0.9894708341038235
645,2020-05-10,0.026002579431271378,0.9739974205687286
646,2020-05-10,0.010748416542446071,0.9892515834575539
647,2020-05-10,0.022449165176621544,0.9775508348233785
648,2020-05-10,0.009580373599937353,0.9904196264000626
649,2020-05-10,0.016994777420169083,0.9830052225798309
650,2020-05-10,0.001618175711554759,0.9983818242884452
651,2020-05-10,0.01380685009035132,0.9861931499096487
652,2020-05-10,0.007841912787376337,0.9921580872126237
653,2020-05-10,0.011895296794748211,0.9881047032052518
654,2020-05-10,0.04197563491438783,0.9580243650856122
655,2020-05-10,0.019284527649782057,0.9807154723502179
656,2020-05-10,0.007047865798782249,0.9929521342012178
658,2020-05-10,0.014637851872503216,0.9853621481274968
660,2020-05-10,0.012944198842736787,0.9870558011572632
661,2020-05-10,0.01919384499629273,0.9808061550037073
662,2020-05-10,0.00567867325230631,0.9943213267476937
663,2020-05-10,0.00478035441905722,0.9952196455809428
664,2020-05-10,0.006756815951350692,0.9932431840486493
665,2020-05-10,0.049725667401733786,0.9502743325982662
666,2020-05-10,0.024625081524056847,0.9753749184759432
667,2020-05-10,0.009055947234589579,0.9909440527654104
668,2020-05-10,0.00814385539418161,0.9918561446058184
669,2020-05-10,0.020538260433513478,0.9794617395664865
670,2020-05-10,0.003306439613671164,0.9966935603863288
671,2020-05-10,0.00850538660820388,0.9914946133917961
673,2020-05-10,0.004441914152166548,0.9955580858478335
674,2020-05-10,0.00445845898268471,0.9955415410173153
675,2020-05-10,0.06841932290127462,0.9315806770987254
676,2020-05-10,0.007068178658419577,0.9929318213415804
677,2020-05-10,0.008130315489962903,0.9918696845100371
678,2020-05-10,0.002280872587010263,0.9977191274129897
679,2020-05-10,0.012732065072330934,0.9872679349276691
680,2020-05-10,0.02233909889886776,0.9776609011011322
681,2020-05-10,0.008519228825212943,0.9914807711747871
682,2020-05-10,0.0034433732056401434,0.9965566267943599
683,2020-05-10,0.03212434016012233,0.9678756598398777
684,2020-05-10,0.020431472008883178,0.9795685279911168
685,2020-05-10,0.010904424819111469,0.9890955751808885
687,2020-05-10,0.016963847807016097,0.9830361521929839
688,2020-05-10,0.016267421778015323,0.9837325782219847
689,2020-05-10,0.029047950774245046,0.970952049225755
690,2020-05-10,0.00446636779244991,0.9955336322075501
691,2020-05-10,0.0049585647904965,0.9950414352095035
692,2020-05-10,0.0059919768154881314,0.9940080231845119
693,2020-05-10,0.006838755009542119,0.9931612449904579
694,2020-05-10,0.014469780881547156,0.9855302191184528
695,2020-05-10,0.007973890652416382,0.9920261093475836
696,2020-05-10,0.023141457065508297,0.9768585429344917
697,2020-05-10,0.012594532968239647,0.9874054670317604
698,2020-05-10,0.007534134839597528,0.9924658651604025
699,2020-05-10,0.042081682683214994,0.957918317316785
700,2020-05-10,0.04775128862216349,0.9522487113778365
701,2020-05-10,0.020322341982189296,0.9796776580178107
703,2020-05-10,0.00561774267819104,0.994382257321809
704,2020-05-10,0.0014140889829247216,0.9985859110170753
705,2020-05-10,0.03521681197987503,0.964783188020125
706,2020-05-10,0.062497404655759925,0.9375025953442401
707,2020-05-10,0.00531696330111342,0.9946830366988866
708,2020-05-10,0.01426324960805625,0.9857367503919438
709,2020-05-10,0.029180110935347225,0.9708198890646528
710,2020-05-10,0.0675765452335988,0.9324234547664012
711,2020-05-10,0.002987645451677068,0.9970123545483229
712,2020-05-10,0.003325757409794905,0.9966742425902051
713,2020-05-10,0.03965968013574106,0.9603403198642589
714,2020-05-10,0.014426530647144387,0.9855734693528556
715,2020-05-10,0.0032196437734930416,0.996780356226507
716,2020-05-10,0.006981169092483586,0.9930188309075164
717,2020-05-10,0.022860284985151025,0.977139715014849
718,2020-05-10,0.05521511178680283,0.9447848882131972
719,2020-05-10,0.0036198176105275426,0.9963801823894725
720,2020-05-10,0.007212413009302199,0.9927875869906978
721,2020-05-10,0.019195082613401637,0.9808049173865984
722,2020-05-10,0.005787956240312586,0.9942120437596874
723,2020-05-10,0.0322120833579298,0.9677879166420702
724,2020-05-10,0.08399001753454083,0.9160099824654592
725,2020-05-10,0.07223436626269186,0.9277656337373081
726,2020-05-10,0.02067801537732228,0.9793219846226777
727,2020-05-10,0.008507962574361594,0.9914920374256384
728,2020-05-10,0.002519669017102766,0.9974803309828972
729,2020-05-10,0.009362055119064405,0.9906379448809356
730,2020-05-10,0.0033901020756897937,0.9966098979243102
731,2020-05-10,0.008739176607665655,0.9912608233923343
732,2020-05-10,0.01446092419460654,0.9855390758053935
733,2020-05-10,0.03956379630767415,0.9604362036923259
734,2020-05-10,0.020979475985107854,0.9790205240148921
735,2020-05-10,0.029419700761456502,0.9705802992385435
736,2020-05-10,0.0076928252796522045,0.9923071747203478
737,2020-05-10,0.006960284275495443,0.9930397157245046
738,2020-05-10,0.026875293802216094,0.9731247061977839
739,2020-05-10,0.06317935543375763,0.9368206445662424
740,2020-05-10,0.006356232136502382,0.9936437678634976
741,2020-05-10,0.05302078506191377,0.9469792149380862
742,2020-05-10,0.02929762881107345,0.9707023711889265
744,2020-05-10,0.002998465043126175,0.9970015349568738
745,2020-05-10,0.015614975180039625,0.9843850248199604
746,2020-05-10,0.01947667152493726,0.9805233284750627
747,2020-05-10,0.021590204386082834,0.9784097956139172
748,2020-05-10,0.010246708542523963,0.989753291457476
749,2020-05-10,0.0029138793041761923,0.9970861206958238
750,2020-05-10,0.02485870655476108,0.9751412934452389
751,2020-05-10,0.019816576575725664,0.9801834234242743
752,2020-05-10,0.08414496584296904,0.915855034157031
753,2020-05-10,0.01261353443038804,0.987386465569612
754,2020-05-10,0.003605173679060991,0.996394826320939
755,2020-05-10,0.003583483994746395,0.9964165160052536
756,2020-05-10,0.04088933377563875,0.9591106662243613
757,2020-05-10,0.008714101651869477,0.9912858983481305
760,2020-05-10,0.0037621817089728005,0.9962378182910272
761,2020-05-10,0.026364747082908924,0.9736352529170911
762,2020-05-10,0.02074827217367592,0.9792517278263241
763,2020-05-10,0.06412689835130525,0.9358731016486947
764,2020-05-10,0.013771248753082221,0.9862287512469178
765,2020-05-10,0.008225361128507136,0.9917746388714929
766,2020-05-10,0.00826530154316174,0.9917346984568383
767,2020-05-10,0.035505243592066305,0.9644947564079337
768,2020-05-10,0.1407446881204828,0.8592553118795172
769,2020-05-10,0.0026990953252991057,0.9973009046747009
770,2020-05-10,0.024931858487837633,0.9750681415121624
771,2020-05-10,0.012931234345381348,0.9870687656546187
772,2020-05-10,0.023294611341498572,0.9767053886585014
773,2020-05-10,0.009907337062484034,0.990092662937516
774,2020-05-10,0.006624193758821395,0.9933758062411786
775,2020-05-10,0.004713581292615676,0.9952864187073843
777,2020-05-10,0.014969956584650168,0.9850300434153498
778,2020-05-10,0.033866447694853696,0.9661335523051463
779,2020-05-10,0.003821843799031388,0.9961781562009686
780,2020-05-10,0.007189198950252718,0.9928108010497473
781,2020-05-10,0.010591335559255843,0.9894086644407442
782,2020-05-10,0.05141716781875272,0.9485828321812473
783,2020-05-10,0.010935902226129168,0.9890640977738708
784,2020-05-10,0.010159460789110564,0.9898405392108894
785,2020-05-10,0.012083346221182567,0.9879166537788174
786,2020-05-10,0.008303384557229898,0.9916966154427701
787,2020-05-10,0.04359253033434274,0.9564074696656573
788,2020-05-10,0.003574493747660612,0.9964255062523394
789,2020-05-10,0.012491211855214956,0.987508788144785
790,2020-05-10,0.007917645035322995,0.992082354964677
793,2020-05-10,0.03364230745152952,0.9663576925484705
794,2020-05-10,0.011003041036254158,0.9889969589637458
795,2020-05-10,0.00934324405443876,0.9906567559455612
796,2020-05-10,0.016518009432115677,0.9834819905678843
797,2020-05-10,0.05146372256275411,0.9485362774372459
798,2020-05-10,0.018206627235471173,0.9817933727645288
799,2020-05-10,0.007315841357285691,0.9926841586427143
800,2020-05-10,0.01646148447045237,0.9835385155295476
801,2020-05-10,0.05859119953173175,0.9414088004682682
802,2020-05-10,0.006187751609031511,0.9938122483909685
803,2020-05-10,0.013374920485251907,0.9866250795147481
804,2020-05-10,0.014725679786435353,0.9852743202135646
805,2020-05-10,0.012371165128563844,0.9876288348714362
806,2020-05-10,0.06081201927431934,0.9391879807256807
807,2020-05-10,0.007346144448110659,0.9926538555518893
808,2020-05-10,0.01400434085405633,0.9859956591459437
809,2020-05-10,0.01381881478909952,0.9861811852109005
810,2020-05-10,0.0376872441596533,0.9623127558403467
811,2020-05-10,0.0031086225244340016,0.996891377475566
812,2020-05-10,0.01888905005351804,0.981110949946482
814,2020-05-10,0.003075043841645586,0.9969249561583544
816,2020-05-10,0.013665634034050522,0.9863343659659495
817,2020-05-10,0.00986330786124845,0.9901366921387516
818,2020-05-10,0.005130387827359861,0.9948696121726401
819,2020-05-10,0.03135592598514014,0.9686440740148599
820,2020-05-10,0.021269560534087018,0.978730439465913
822,2020-05-10,0.016241650591152013,0.983758349408848
823,2020-05-10,0.04537812892445248,0.9546218710755475
824,2020-05-10,0.09520278050356257,0.9047972194964374
825,2020-05-10,0.026602703907906866,0.9733972960920931
826,2020-05-10,0.009614581403894928,0.9903854185961051
827,2020-05-10,0.005484761073513589,0.9945152389264864
828,2020-05-10,0.003917348438027823,0.9960826515619722
829,2020-05-10,0.01833702026942363,0.9816629797305764
830,2020-05-10,0.005413165424682953,0.994586834575317
831,2020-05-10,0.0018890227369711132,0.9981109772630289
832,2020-05-10,0.003899378819829047,0.996100621180171
833,2020-05-10,0.01224007918940817,0.9877599208105918
834,2020-05-10,0.022670965012821287,0.9773290349871787
835,2020-05-10,0.006305167959417046,0.993694832040583
836,2020-05-10,0.03556126631752221,0.9644387336824778
837,2020-05-10,0.006532075294740425,0.9934679247052596
838,2020-05-10,0.03355494942167214,0.9664450505783279
839,2020-05-10,0.0034980554090975335,0.9965019445909025
840,2020-05-10,0.02199649326209352,0.9780035067379065
841,2020-05-10,0.008214669817824705,0.9917853301821753
842,2020-05-10,0.01201895303431788,0.9879810469656821
843,2020-05-10,0.03806103209397471,0.9619389679060253
844,2020-05-10,0.009248489819757455,0.9907515101802425
845,2020-05-10,0.03699359054165419,0.9630064094583458
846,2020-05-10,0.003845675914140534,0.9961543240858595
847,2020-05-10,0.038933922685285394,0.9610660773147146
848,2020-05-10,0.018412107116571264,0.9815878928834287
849,2020-05-10,0.021028811402382552,0.9789711885976174
851,2020-05-10,0.005858542432981784,0.9941414575670182
852,2020-05-10,0.018381821723832736,0.9816181782761673
853,2020-05-10,0.002974382339194004,0.997025617660806
854,2020-05-10,0.007613166937273874,0.9923868330627261
855,2020-05-10,0.008920524097861704,0.9910794759021383
856,2020-05-10,0.012780577213605926,0.9872194227863941
857,2020-05-10,0.0005723690621244337,0.9994276309378756
858,2020-05-10,0.02212340468168361,0.9778765953183164
859,2020-05-10,0.041391980565427366,0.9586080194345726
860,2020-05-10,0.018733943538315923,0.9812660564616841
861,2020-05-10,0.016769938798381068,0.9832300612016189
862,2020-05-10,0.040535017297725906,0.9594649827022741
863,2020-05-10,0.012564124249448083,0.9874358757505519
864,2020-05-10,0.009017829994900084,0.9909821700050999
866,2020-05-10,0.028988665020667215,0.9710113349793328
867,2020-05-10,0.011675655149216313,0.9883243448507837
868,2020-05-10,0.02015468631963946,0.9798453136803605
869,2020-05-10,0.016516289236935155,0.9834837107630648
870,2020-05-10,0.06649341433469558,0.9335065856653044
871,2020-05-10,0.005796819164020528,0.9942031808359795
872,2020-05-10,0.01670435540688453,0.9832956445931155
873,2020-05-10,0.007907819884477307,0.9920921801155227
874,2020-05-10,0.012120212038940537,0.9878797879610595
875,2020-05-10,0.008785759862124265,0.9912142401378757
876,2020-05-10,0.024645350341263694,0.9753546496587363
877,2020-05-10,0.018488801668572807,0.9815111983314272
878,2020-05-10,0.025232503771435155,0.9747674962285648
879,2020-05-10,0.006400755263045066,0.9935992447369549
880,2020-05-10,0.004950182240755496,0.9950498177592445
881,2020-05-10,0.010944575597902517,0.9890554244020975
882,2020-05-10,0.009214681977239403,0.9907853180227606
883,2020-05-10,0.023999338170145212,0.9760006618298548
884,2020-05-10,0.042975643582091494,0.9570243564179085
885,2020-05-10,0.010063551221286215,0.9899364487787138
886,2020-05-10,0.0150297994344607,0.9849702005655393
887,2020-05-10,0.010465677635215553,0.9895343223647844
888,2020-05-10,0.03930773018613176,0.9606922698138682
889,2020-05-10,0.027201064835052247,0.9727989351649478
890,2020-05-10,0.010891694495679616,0.9891083055043204
891,2020-05-10,0.004879032246637549,0.9951209677533625
892,2020-05-10,0.017112721002322417,0.9828872789976776
893,2020-05-10,0.018074910891774598,0.9819250891082254
894,2020-05-10,0.00895672161018879,0.9910432783898112
895,2020-05-10,0.011359168406085418,0.9886408315939146
896,2020-05-10,0.004539809389440985,0.995460190610559
898,2020-05-10,0.02509779366222431,0.9749022063377757
899,2020-05-10,0.023299579769462064,0.9767004202305379
900,2020-05-10,0.011430997866708204,0.9885690021332918
901,2020-05-10,0.02447051289339297,0.975529487106607
902,2020-05-10,0.005977934532435891,0.9940220654675641
904,2020-05-10,0.01315113780490662,0.9868488621950934
905,2020-05-10,0.006668749355648651,0.9933312506443513
906,2020-05-10,0.07386509559953014,0.9261349044004699
907,2020-05-10,0.038068370043015554,0.9619316299569844
908,2020-05-10,0.0120339481684133,0.9879660518315867
909,2020-05-10,0.006301554083940175,0.9936984459160598
910,2020-05-10,0.0011849623864712555,0.9988150376135287
911,2020-05-10,0.010133350473898961,0.989866649526101
912,2020-05-10,0.008290694375236995,0.991709305624763
913,2020-05-10,0.04015603386075817,0.9598439661392418
914,2020-05-10,0.019019939835557276,0.9809800601644427
915,2020-05-10,0.00496112076258437,0.9950388792374156
916,2020-05-10,0.01273846135725698,0.987261538642743
917,2020-05-10,0.00192970220165245,0.9980702977983475
918,2020-05-10,0.004547723580479279,0.9954522764195207
920,2020-05-10,0.028108977210124064,0.9718910227898759
921,2020-05-10,0.025118525234745892,0.9748814747652541
922,2020-05-10,0.009951020815692102,0.9900489791843079
923,2020-05-10,0.0691928354480843,0.9308071645519157
924,2020-05-10,0.010213692304853028,0.989786307695147
925,2020-05-10,0.0342419239037699,0.9657580760962301
926,2020-05-10,0.01046567231037765,0.9895343276896224
928,2020-05-10,0.005593276999448227,0.9944067230005518
929,2020-05-10,0.0413193454828934,0.9586806545171066
930,2020-05-10,0.01205122588320895,0.987948774116791
931,2020-05-10,0.03045230026590473,0.9695476997340953
932,2020-05-10,0.028081774556706796,0.9719182254432932
933,2020-05-10,0.001286547683790884,0.9987134523162091
935,2020-05-10,0.00958434977039302,0.990415650229607
936,2020-05-10,0.009360105246562056,0.9906398947534379
937,2020-05-10,0.005285049314718071,0.9947149506852819
938,2020-05-10,0.0021981147424458003,0.9978018852575542
939,2020-05-10,0.012370611238605722,0.9876293887613943
940,2020-05-10,0.04450883846112874,0.9554911615388713
941,2020-05-10,0.028450324178361575,0.9715496758216384
942,2020-05-10,0.007426985806262554,0.9925730141937374
943,2020-05-10,0.003481615247535319,0.9965183847524647
944,2020-05-10,0.022427163325145272,0.9775728366748547
945,2020-05-10,0.011856152194720804,0.9881438478052792
946,2020-05-10,0.006952194147698321,0.9930478058523017
947,2020-05-10,0.014275751198455366,0.9857242488015446
948,2020-05-10,0.013175498948812203,0.9868245010511878
949,2020-05-10,0.01038842944452889,0.9896115705554711
950,2020-05-10,0.009259827618889882,0.9907401723811101
951,2020-05-10,0.007107241835593525,0.9928927581644065
952,2020-05-10,0.004788961332549468,0.9952110386674505
953,2020-05-10,0.019940002907532284,0.9800599970924677
955,2020-05-10,0.0052091246539665015,0.9947908753460335
956,2020-05-10,0.02847567434439524,0.9715243256556048
957,2020-05-10,0.022206955227334513,0.9777930447726655
958,2020-05-10,0.0011878379412494366,0.9988121620587506
959,2020-05-10,0.041426347498941696,0.9585736525010583
961,2020-05-10,0.008186892089289244,0.9918131079107108
962,2020-05-10,0.0021046299428354454,0.9978953700571646
963,2020-05-10,0.03244841460618064,0.9675515853938194
964,2020-05-10,0.002024335381615394,0.9979756646183846
965,2020-05-10,0.013165825907697326,0.9868341740923027
966,2020-05-10,0.019747673015231948,0.980252326984768
967,2020-05-10,0.025352324424262607,0.9746476755757374
968,2020-05-10,0.008262659551537155,0.9917373404484628
969,2020-05-10,0.00983822888905217,0.9901617711109478
970,2020-05-10,0.004715319070840551,0.9952846809291594
971,2020-05-10,0.019139438408300347,0.9808605615916997
972,2020-05-10,0.00241998946071853,0.9975800105392815
973,2020-05-10,0.0385594388525653,0.9614405611474347
975,2020-05-10,0.002649125588771062,0.9973508744112289
976,2020-05-10,0.011078052641925185,0.9889219473580748
977,2020-05-10,0.008713430328537997,0.991286569671462
978,2020-05-10,0.004436816964806467,0.9955631830351935
979,2020-05-10,0.024073662003718743,0.9759263379962813
980,2020-05-10,0.041595009414351236,0.9584049905856488
981,2020-05-10,0.01828843097171995,0.98171156902828
982,2020-05-10,0.009146057458026213,0.9908539425419738
983,2020-05-10,0.01697507573883772,0.9830249242611623
984,2020-05-10,0.0031922450809807046,0.9968077549190193
986,2020-05-10,0.010441492949755382,0.9895585070502446
987,2020-05-10,0.036556411372939523,0.9634435886270605
988,2020-05-10,0.025762769762226467,0.9742372302377735
989,2020-05-10,0.013485070197219784,0.9865149298027802
990,2020-05-10,0.005773478255746478,0.9942265217442535
991,2020-05-10,0.0039042962814954674,0.9960957037185045
992,2020-05-10,0.0017870412201025365,0.9982129587798975
993,2020-05-10,0.003378773032373217,0.9966212269676268
994,2020-05-10,0.012855342820174642,0.9871446571798254
995,2020-05-10,0.015203829320766804,0.9847961706792332
996,2020-05-10,0.01638621434693266,0.9836137856530673
997,2020-05-10,0.020402339676794723,0.9795976603232053
1000,2020-05-10,0.010969858055388082,0.9890301419446119
1001,2020-05-10,0.01730951808643233,0.9826904819135677
1002,2020-05-10,0.0150250711918537,0.9849749288081463
1003,2020-05-10,0.006971273865886141,0.9930287261341139
1004,2020-05-10,0.007473418518284536,0.9925265814817155
1005,2020-05-10,0.019752944898498326,0.9802470551015017
1006,2020-05-10,0.01301371690800468,0.9869862830919953
1008,2020-05-10,0.033104668940665105,0.9668953310593349
1009,2020-05-10,0.029101023564628403,0.9708989764353716
1011,2020-05-10,0.04632751451088679,0.9536724854891132
1012,2020-05-10,0.04182619806706356,0.9581738019329364
1013,2020-05-10,0.01698432605089939,0.9830156739491006
1014,2020-05-10,0.00810442819461299,0.991895571805387
1015,2020-05-10,0.08061104985432044,0.9193889501456796
1017,2020-05-10,0.0022488605161985475,0.9977511394838015
1018,2020-05-10,0.02434448243632592,0.9756555175636741
1019,2020-05-10,0.013001114624505039,0.986998885375495
1020,2020-05-10,0.013711950694387687,0.9862880493056123
1021,2020-05-10,0.04589107462977016,0.9541089253702298
1022,2020-05-10,0.017259911652302007,0.982740088347698
1023,2020-05-10,0.009630570927765758,0.9903694290722342
1024,2020-05-10,0.0070664729761229506,0.992933527023877
1025,2020-05-10,0.04143490114674664,0.9585650988532534
1026,2020-05-10,0.0264505737568419,0.9735494262431581
1027,2020-05-10,0.004831589914179091,0.9951684100858209
1028,2020-05-10,0.010502984716368458,0.9894970152836315
1029,2020-05-10,0.015278697012389042,0.984721302987611
1030,2020-05-10,0.03034656654325174,0.9696534334567483
1032,2020-05-10,0.018556638725699126,0.9814433612743009
1034,2020-05-10,0.00607653705839728,0.9939234629416027
1035,2020-05-10,0.0629899970042187,0.9370100029957813
1036,2020-05-10,0.013757180842967509,0.9862428191570325
1037,2020-05-10,0.01429301170727204,0.985706988292728
1038,2020-05-10,0.024620586718914983,0.975379413281085
1039,2020-05-10,0.04713213802747063,0.9528678619725294
1042,2020-05-10,0.07752067581543398,0.922479324184566
1043,2020-05-10,0.016048782773222303,0.9839512172267777
1044,2020-05-10,0.013368859509547248,0.9866311404904528
1045,2020-05-10,0.008822527330312524,0.9911774726696875
1046,2020-05-10,0.004568917103383918,0.9954310828966161
1047,2020-05-10,0.013362664581851091,0.9866373354181489
1048,2020-05-10,0.00600317160440933,0.9939968283955907
1049,2020-05-10,0.004194818193326233,0.9958051818066738
1050,2020-05-10,0.003055581183796785,0.9969444188162032
1051,2020-05-10,0.12412391863323713,0.8758760813667629
1052,2020-05-10,0.01784034884068464,0.9821596511593154
1053,2020-05-10,0.025689095589490285,0.9743109044105097
1054,2020-05-10,0.046555778574100204,0.9534442214258998
1056,2020-05-10,0.0040393085584042865,0.9959606914415957
1057,2020-05-10,0.022786338528794525,0.9772136614712055
1058,2020-05-10,0.014330345659590793,0.9856696543404092
1059,2020-05-10,0.024812157988751027,0.975187842011249
1060,2020-05-10,0.010942968524319974,0.98905703147568
1061,2020-05-10,0.0069401499165171465,0.9930598500834829
1062,2020-05-10,0.005868956638407807,0.9941310433615922
1063,2020-05-10,0.002092204262773123,0.9979077957372269
1064,2020-05-10,0.010623843715138026,0.989376156284862
1065,2020-05-10,0.014552737753456557,0.9854472622465434
1066,2020-05-10,0.014794241532806507,0.9852057584671935
1067,2020-05-10,0.01356574879252559,0.9864342512074744
1068,2020-05-10,0.011689195778147643,0.9883108042218524
1069,2020-05-10,0.05617777618439346,0.9438222238156065
1070,2020-05-10,0.01965369630886693,0.9803463036911331
1071,2020-05-10,0.019823925056957292,0.9801760749430427
1072,2020-05-10,0.011746141592784198,0.9882538584072158
1073,2020-05-10,0.05242745599685128,0.9475725440031487
1074,2020-05-10,0.04381018349797383,0.9561898165020262
1075,2020-05-10,0.012636724576976066,0.9873632754230239
1076,2020-05-10,0.04626475967950616,0.9537352403204938
1077,2020-05-10,0.003778467906001448,0.9962215320939986
1078,2020-05-10,0.012601853185196576,0.9873981468148034
1079,2020-05-10,0.024873871097219058,0.9751261289027809
1081,2020-05-10,0.011447970334105939,0.9885520296658941
1082,2020-05-10,0.006746138729060824,0.9932538612709392
1083,2020-05-10,0.014942151213822585,0.9850578487861774
1085,2020-05-10,0.005306367267198797,0.9946936327328012
1086,2020-05-10,0.020270029009832435,0.9797299709901676
1087,2020-05-10,0.012528215459901682,0.9874717845400983
1088,2020-05-10,0.041790365019289566,0.9582096349807104
1089,2020-05-10,0.0034159973299701107,0.9965840026700299
1090,2020-05-10,0.09514019404467344,0.9048598059553266
1091,2020-05-10,0.0043623641201000485,0.9956376358799
1094,2020-05-10,0.0064442089512697365,0.9935557910487303
1095,2020-05-10,0.011071965987478838,0.9889280340125212
1096,2020-05-10,0.005090192253695669,0.9949098077463043
1097,2020-05-10,0.01149219471424412,0.9885078052857559
1098,2020-05-10,0.026652250291973933,0.9733477497080261
1099,2020-05-10,0.012517675004021456,0.9874823249959785
1100,2020-05-10,0.003910988853358388,0.9960890111466416
1101,2020-05-10,0.024439069724615736,0.9755609302753843
1102,2020-05-10,0.00701202390455391,0.9929879760954461
1103,2020-05-10,0.019036137097633965,0.980963862902366
1104,2020-05-10,0.013525466158894384,0.9864745338411056
1105,2020-05-10,0.007967777024860845,0.9920322229751392
1106,2020-05-10,0.015257892273234375,0.9847421077267656
1107,2020-05-10,0.005417822631799907,0.9945821773682001
1108,2020-05-10,0.014127644864813438,0.9858723551351866
1109,2020-05-10,0.035394001754865734,0.9646059982451343
1110,2020-05-10,0.016610009322376107,0.9833899906776239
1111,2020-05-10,0.010192495334508944,0.9898075046654911
1112,2020-05-10,0.012655422795680105,0.9873445772043199
1113,2020-05-10,0.010073167245497783,0.9899268327545022
1114,2020-05-10,0.020669222315548352,0.9793307776844516
1115,2020-05-10,0.026755055050868948,0.973244944949131
1116,2020-05-10,0.005783316781228787,0.9942166832187712
1117,2020-05-10,0.005521480403428702,0.9944785195965713
1119,2020-05-10,0.06348139084007776,0.9365186091599222
1120,2020-05-10,0.024318392399286903,0.9756816076007131
1121,2020-05-10,0.02796288650140122,0.9720371134985988
1122,2020-05-10,0.020476032019777324,0.9795239679802227
1123,2020-05-10,0.01974859019151265,0.9802514098084874
1124,2020-05-10,0.007383972446609155,0.9926160275533908
1125,2020-05-10,0.04273862435418674,0.9572613756458133
1126,2020-05-10,0.0026413575984221005,0.9973586424015779
1127,2020-05-10,0.010250026642541599,0.9897499733574584
1128,2020-05-10,0.021475440988978467,0.9785245590110215
1129,2020-05-10,0.017713019102767458,0.9822869808972325
1130,2020-05-10,0.008481717136873512,0.9915182828631265
1131,2020-05-10,0.007510424861986165,0.9924895751380138
1132,2020-05-10,0.037492890323581385,0.9625071096764186
1133,2020-05-10,0.006816721840777862,0.9931832781592221
1134,2020-05-10,0.02037115247652377,0.9796288475234762
1135,2020-05-10,0.002719018722775468,0.9972809812772245
1136,2020-05-10,0.009292429624314535,0.9907075703756855
1137,2020-05-10,0.03406235529861301,0.965937644701387
1138,2020-05-10,0.029652620655962636,0.9703473793440374
1139,2020-05-10,0.009439184446405569,0.9905608155535944
1140,2020-05-10,0.021232236988307673,0.9787677630116923
1141,2020-05-10,0.002708208200702833,0.9972917917992972
1142,2020-05-10,0.05009223353141534,0.9499077664685847
1144,2020-05-10,0.004533875143600374,0.9954661248563996
1145,2020-05-10,0.06854964401778973,0.9314503559822103
1146,2020-05-10,0.024823874016948078,0.9751761259830519
1147,2020-05-10,0.00897954458029171,0.9910204554197083
1148,2020-05-10,0.006855857820689537,0.9931441421793105
1149,2020-05-10,0.004152860541511094,0.9958471394584889
1150,2020-05-10,0.03804344868365361,0.9619565513163464
1151,2020-05-10,0.00884591351442765,0.9911540864855723
1152,2020-05-10,0.021479308995679958,0.97852069100432
1153,2020-05-10,0.03959424451361304,0.960405755486387
1154,2020-05-10,0.003798699164902608,0.9962013008350974
1155,2020-05-10,0.007092047439222093,0.9929079525607779
1156,2020-05-10,0.02396994786100981,0.9760300521389902
1157,2020-05-10,0.056461922707909395,0.9435380772920906
1158,2020-05-10,0.004478292458906297,0.9955217075410937
1159,2020-05-10,0.015163794085464088,0.9848362059145359
1160,2020-05-10,0.03216640449075692,0.9678335955092431
1161,2020-05-10,0.037962308050132454,0.9620376919498675
1162,2020-05-10,0.007410661146076247,0.9925893388539238
1163,2020-05-10,0.013152951636542176,0.9868470483634578
1164,2020-05-10,0.012894529665115062,0.9871054703348849
1165,2020-05-10,0.032098925271308976,0.967901074728691
1166,2020-05-10,0.01857242239568002,0.98142757760432
1167,2020-05-10,0.011261314117784527,0.9887386858822155
1168,2020-05-10,0.00327405120911739,0.9967259487908826
1169,2020-05-10,0.008728509315069855,0.9912714906849301
1170,2020-05-10,0.03483976903354746,0.9651602309664525
1171,2020-05-10,0.0063123286377740895,0.9936876713622259
1172,2020-05-10,0.009500187197826304,0.9904998128021737
1173,2020-05-10,0.03706936193078614,0.9629306380692139
1174,2020-05-10,0.019387624653231184,0.9806123753467688
1175,2020-05-10,0.003903034346751877,0.9960969656532481
1177,2020-05-10,0.006292747614449867,0.9937072523855501
1178,2020-05-10,0.0205259308467044,0.9794740691532956
1179,2020-05-10,0.008123094586344526,0.9918769054136555
1180,2020-05-10,0.009077104375618261,0.9909228956243817
1181,2020-05-10,0.02338132028053863,0.9766186797194614
1182,2020-05-10,0.05327480299828902,0.946725197001711
1183,2020-05-10,0.020692347484651985,0.979307652515348
1184,2020-05-10,0.002441067675603592,0.9975589323243964
1185,2020-05-10,0.0395538088945373,0.9604461911054627
1186,2020-05-10,0.02288621865381324,0.9771137813461868
1188,2020-05-10,0.030067542574790163,0.9699324574252098
1189,2020-05-10,0.05410458830830356,0.9458954116916964
1190,2020-05-10,0.03972802084945792,0.9602719791505421
1191,2020-05-10,0.012847857400914875,0.9871521425990851
1193,2020-05-10,0.012599997856334588,0.9874000021436654
1195,2020-05-10,0.02118743112507726,0.9788125688749227
1196,2020-05-10,0.004876381871969371,0.9951236181280306
1197,2020-05-10,0.01361001657329619,0.9863899834267038
1198,2020-05-10,0.05613425776809444,0.9438657422319056
1199,2020-05-10,0.020212067779845855,0.9797879322201541
1200,2020-05-10,0.008758409024168357,0.9912415909758316
1201,2020-05-10,0.03725629931320229,0.9627437006867977
1202,2020-05-10,0.009507794629272204,0.9904922053707278
1203,2020-05-10,0.009344388931852854,0.9906556110681471
1204,2020-05-10,0.029050891474342033,0.970949108525658
1205,2020-05-10,0.02648313844653194,0.9735168615534681
1206,2020-05-10,0.08098626978677814,0.9190137302132219
1207,2020-05-10,0.02046420415621608,0.9795357958437839
1208,2020-05-10,0.022121804496678443,0.9778781955033216
1209,2020-05-10,0.011109965127606425,0.9888900348723936
1210,2020-05-10,0.0020822879378737946,0.9979177120621262
1211,2020-05-10,0.013921183013536398,0.9860788169864636
1214,2020-05-10,0.015000171048322186,0.9849998289516778
1215,2020-05-10,0.0007362418444307739,0.9992637581555692
1216,2020-05-10,0.040867663121249564,0.9591323368787504
1217,2020-05-10,0.007304712318900397,0.9926952876810996
1218,2020-05-10,0.005357205812928534,0.9946427941870715
1219,2020-05-10,0.02210595928884662,0.9778940407111534
1220,2020-05-10,0.021866775938334748,0.9781332240616653
1221,2020-05-10,0.0028284608739481687,0.9971715391260518
1222,2020-05-10,0.01862801665184144,0.9813719833481586
1223,2020-05-10,0.05168625557502704,0.948313744424973
1225,2020-05-10,0.016993122611446032,0.983006877388554
1226,2020-05-10,0.016093516551243914,0.9839064834487561
1227,2020-05-10,0.0010933098525024443,0.9989066901474976
1228,2020-05-10,0.014177549738742301,0.9858224502612577
1229,2020-05-10,0.017979169441751486,0.9820208305582485
1230,2020-05-10,0.011852862082352478,0.9881471379176475
1231,2020-05-10,0.025428992532138706,0.9745710074678613
1232,2020-05-10,0.025996334709259106,0.9740036652907409
1234,2020-05-10,0.004334793322682828,0.9956652066773172
1235,2020-05-10,0.007519573615986763,0.9924804263840132
1236,2020-05-10,0.009069951243239283,0.9909300487567607
1237,2020-05-10,0.03631390801067935,0.9636860919893206
1238,2020-05-10,0.052859804656412046,0.947140195343588
1239,2020-05-10,0.01772442553782294,0.9822755744621771
1240,2020-05-10,0.012174020827282361,0.9878259791727176
1241,2020-05-10,0.012600636720038971,0.987399363279961
1242,2020-05-10,0.03271647501373687,0.9672835249862631
1243,2020-05-10,0.017063327945065154,0.9829366720549348
1244,2020-05-10,0.07942802357617884,0.9205719764238212
1245,2020-05-10,0.0161725765307289,0.9838274234692711
1246,2020-05-10,0.020059248173382338,0.9799407518266177
1247,2020-05-10,0.041358329802010374,0.9586416701979896
1248,2020-05-10,0.007315235447476032,0.992684764552524
1249,2020-05-10,0.023368757624434577,0.9766312423755654
1250,2020-05-10,0.02512460734725086,0.9748753926527491
1251,2020-05-10,0.01602740172301831,0.9839725982769817
1252,2020-05-10,0.009595403298314098,0.9904045967016859
1253,2020-05-10,0.010230099727377318,0.9897699002726227
1254,2020-05-10,0.021689686634580707,0.9783103133654193
1255,2020-05-10,0.010235954739562958,0.989764045260437
1256,2020-05-10,0.026924812257500097,0.9730751877424999
1257,2020-05-10,0.008711536870856906,0.9912884631291431
1258,2020-05-10,0.026067900730300186,0.9739320992696998
1259,2020-05-10,0.012722487884334499,0.9872775121156655
1260,2020-05-10,0.018032266322681845,0.9819677336773182
1261,2020-05-10,0.01872622607536234,0.9812737739246377
1262,2020-05-10,0.008375225834890698,0.9916247741651093
1263,2020-05-10,0.013519070931223953,0.986480929068776
1264,2020-05-10,0.016234466879333498,0.9837655331206665
1265,2020-05-10,0.028088547249491724,0.9719114527505083
1268,2020-05-10,0.024280305281211056,0.9757196947187889
1269,2020-05-10,0.022801304517259036,0.977198695482741
1270,2020-05-10,0.013074157969534261,0.9869258420304657
1271,2020-05-10,0.02361580557122034,0.9763841944287797
1272,2020-05-10,0.024716560994982317,0.9752834390050177
1273,2020-05-10,0.035174835041866914,0.9648251649581331
1274,2020-05-10,0.006005159556419559,0.9939948404435804
1275,2020-05-10,0.013350489663683462,0.9866495103363165
1276,2020-05-10,0.016953992098959314,0.9830460079010407
1278,2020-05-10,0.017107784804950676,0.9828922151950493
1279,2020-05-10,0.01705852257960838,0.9829414774203916
1281,2020-05-10,0.013697983236063083,0.9863020167639369
1283,2020-05-10,0.0007310684953655278,0.9992689315046345
1284,2020-05-10,0.006608238221505358,0.9933917617784946
1285,2020-05-10,0.014453326576048031,0.985546673423952
1287,2020-05-10,0.008390257496169728,0.9916097425038303
1288,2020-05-10,0.0016990411548661877,0.9983009588451338
1289,2020-05-10,0.007420945619784791,0.9925790543802152
1290,2020-05-10,0.026095269919115593,0.9739047300808844
1292,2020-05-10,0.009954092664171021,0.990045907335829
1293,2020-05-10,0.014500772486159885,0.9854992275138401
1294,2020-05-10,0.0029065948194252345,0.9970934051805748
1295,2020-05-10,0.03637262576591549,0.9636273742340845
1296,2020-05-10,0.0271860109714821,0.9728139890285179
1297,2020-05-10,0.004578247660410151,0.9954217523395898
1298,2020-05-10,0.019590337429153504,0.9804096625708465
1299,2020-05-10,0.010263127351197276,0.9897368726488027
1300,2020-05-10,0.0330335888617056,0.9669664111382944
1301,2020-05-10,0.012941801085426308,0.9870581989145737
1302,2020-05-10,0.012018159277514817,0.9879818407224852
1303,2020-05-10,0.026405605052216008,0.973594394947784
1304,2020-05-10,0.02967372753696973,0.9703262724630303
1305,2020-05-10,0.06744471982119904,0.932555280178801
1306,2020-05-10,0.003953395824325523,0.9960466041756745
1307,2020-05-10,0.019981721719993684,0.9800182782800063
1308,2020-05-10,0.010054237015682754,0.9899457629843172
1309,2020-05-10,0.0037528815792698955,0.9962471184207301
1312,2020-05-10,0.025397846485979425,0.9746021535140206
1313,2020-05-10,0.008140309083106367,0.9918596909168936
1314,2020-05-10,0.011416337182237224,0.9885836628177628
1315,2020-05-10,0.0315355162099521,0.9684644837900479
1316,2020-05-10,0.07306921927387111,0.9269307807261289
1317,2020-05-10,0.008527754989835379,0.9914722450101646
1318,2020-05-10,0.012656042442415583,0.9873439575575844
1319,2020-05-10,0.018726987308410825,0.9812730126915892
1320,2020-05-10,0.004969345534326264,0.9950306544656737
1321,2020-05-10,0.021363323709987614,0.9786366762900124
1322,2020-05-10,0.035751382077242266,0.9642486179227577
1323,2020-05-10,0.00572834211061779,0.9942716578893822
1326,2020-05-10,0.015064357650210636,0.9849356423497894
1327,2020-05-10,0.01316978906129962,0.9868302109387004
1328,2020-05-10,0.040062158952321014,0.959937841047679
1329,2020-05-10,0.045838032257096484,0.9541619677429035
1330,2020-05-10,0.02522931126820427,0.9747706887317957
1331,2020-05-10,0.006446226173662195,0.9935537738263378
1333,2020-05-10,0.01558283262970428,0.9844171673702957
1334,2020-05-10,0.00919614761361598,0.990803852386384
1335,2020-05-10,0.008101919397860535,0.9918980806021395
1336,2020-05-10,0.022200395166495412,0.9777996048335046
1337,2020-05-10,0.029809732877033257,0.9701902671229667
1338,2020-05-10,0.004972223556163113,0.9950277764438369
1339,2020-05-10,0.012640478553304746,0.9873595214466953
1340,2020-05-10,0.013662173471112982,0.986337826528887
1341,2020-05-10,0.012051937212985031,0.987948062787015
1342,2020-05-10,0.02672494522127411,0.9732750547787259
1343,2020-05-10,0.017066508595532492,0.9829334914044675
1344,2020-05-10,0.014457142799136347,0.9855428572008637
1345,2020-05-10,0.03482199975700562,0.9651780002429944
1346,2020-05-10,0.008519710794482327,0.9914802892055177
1347,2020-05-10,0.05294152810401287,0.9470584718959871
1348,2020-05-10,0.04371884906605217,0.9562811509339478
1351,2020-05-10,0.03634692985730925,0.9636530701426907
1352,2020-05-10,0.062237835947919984,0.93776216405208
1353,2020-05-10,0.020632437869920084,0.9793675621300799
1354,2020-05-10,0.009231653805904738,0.9907683461940953
1355,2020-05-10,0.026558409491179824,0.9734415905088202
1356,2020-05-10,0.028638167800771996,0.971361832199228
1357,2020-05-10,0.04487645034395571,0.9551235496560443
1358,2020-05-10,0.015611619232708596,0.9843883807672914
1359,2020-05-10,0.10933260203365869,0.8906673979663413
1360,2020-05-10,0.006499382267651566,0.9935006177323484
1361,2020-05-10,0.002910861939246945,0.997089138060753
1362,2020-05-10,0.016873599354535807,0.9831264006454642
1363,2020-05-10,0.008485772239537837,0.9915142277604622
1364,2020-05-10,0.008053085725822307,0.9919469142741777
1365,2020-05-10,0.015688703693526485,0.9843112963064735
1366,2020-05-10,0.009326176273902642,0.9906738237260974
1367,2020-05-10,0.009745532321709716,0.9902544676782903
1368,2020-05-10,0.011465409179415964,0.988534590820584
1369,2020-05-10,0.009411695830012667,0.9905883041699873
1370,2020-05-10,0.07631409657229093,0.9236859034277091
1371,2020-05-10,0.01554298764250761,0.9844570123574924
1372,2020-05-10,0.01785320894444986,0.9821467910555501
1373,2020-05-10,0.008181948282850349,0.9918180517171497
1374,2020-05-10,0.016329737181313364,0.9836702628186866
1375,2020-05-10,0.02482177613809966,0.9751782238619003
1376,2020-05-10,0.033643935644716794,0.9663560643552832
1377,2020-05-10,0.0052261780257599755,0.99477382197424
1378,2020-05-10,0.010365463224357163,0.9896345367756428
1379,2020-05-10,0.004033418921354004,0.995966581078646
1380,2020-05-10,0.01752149454848939,0.9824785054515106
1381,2020-05-10,0.023329907146881768,0.9766700928531182
1382,2020-05-10,0.01451394754098867,0.9854860524590113
1383,2020-05-10,0.007939656601128275,0.9920603433988717
1384,2020-05-10,0.008124774491615194,0.9918752255083848
1386,2020-05-10,0.015506320137545382,0.9844936798624546
1387,2020-05-10,0.00498239038450754,0.9950176096154925
1388,2020-05-10,0.0038178354495045363,0.9961821645504955
1389,2020-05-10,0.004299121579934506,0.9957008784200655
1390,2020-05-10,0.03371001610507107,0.9662899838949289
1391,2020-05-10,0.006005248061308421,0.9939947519386916
1393,2020-05-10,0.03436969973491566,0.9656303002650843
1394,2020-05-10,0.00578356598409735,0.9942164340159027
1395,2020-05-10,0.004565423801913604,0.9954345761980864
1396,2020-05-10,0.014012493605322529,0.9859875063946775
1397,2020-05-10,0.01357501377060466,0.9864249862293953
1398,2020-05-10,0.02077028729931496,0.979229712700685
1399,2020-05-10,0.007139453051801303,0.9928605469481987
1400,2020-05-10,0.01612126334566788,0.9838787366543321
1401,2020-05-10,0.006379611693862031,0.993620388306138
1402,2020-05-10,0.014898498541619065,0.9851015014583809
1403,2020-05-10,0.0025269217151370205,0.997473078284863
1404,2020-05-10,0.0021816578392883645,0.9978183421607116
1405,2020-05-10,0.021642641370590354,0.9783573586294096
1406,2020-05-10,0.01064447829434445,0.9893555217056555
1407,2020-05-10,0.0055915673361985885,0.9944084326638014
1408,2020-05-10,0.008588555273909004,0.991411444726091
1409,2020-05-10,0.012140555790128515,0.9878594442098715
1410,2020-05-10,0.010177569064496295,0.9898224309355037
1411,2020-05-10,0.006211931289661687,0.9937880687103383
1412,2020-05-10,0.02383656550500557,0.9761634344949944
1413,2020-05-10,0.031834605520455694,0.9681653944795443
1414,2020-05-10,0.14981908273797673,0.8501809172620233
1415,2020-05-10,0.010353575282140537,0.9896464247178595
1416,2020-05-10,0.015560582939242007,0.984439417060758
1417,2020-05-10,0.0355092043271833,0.9644907956728167
1418,2020-05-10,0.004484802713183855,0.9955151972868161
1419,2020-05-10,0.026402221369115964,0.973597778630884
1420,2020-05-10,0.0042139281458442035,0.9957860718541558
1421,2020-05-10,0.005620005600669109,0.9943799943993309
1422,2020-05-10,0.0076083763697544216,0.9923916236302456
1423,2020-05-10,0.017989000518143894,0.9820109994818561
1424,2020-05-10,0.045981443702639235,0.9540185562973608
1425,2020-05-10,0.01267833716244271,0.9873216628375573
1426,2020-05-10,0.007250154488852467,0.9927498455111475
1427,2020-05-10,0.04049878044269706,0.9595012195573029
1428,2020-05-10,0.015472970357615856,0.9845270296423841
1429,2020-05-10,0.022631748960889153,0.9773682510391108
1430,2020-05-10,0.08565404762840201,0.914345952371598
1431,2020-05-10,0.019521804621263295,0.9804781953787367
1432,2020-05-10,0.0011050190232611001,0.9988949809767389
1433,2020-05-10,0.00571253125461979,0.9942874687453802
1434,2020-05-10,0.007486604355362969,0.992513395644637
1435,2020-05-10,0.013293601963705992,0.986706398036294
1436,2020-05-10,0.003299424463157341,0.9967005755368427
1437,2020-05-10,0.03180650360684878,0.9681934963931512
1438,2020-05-10,0.03225009004415713,0.9677499099558429
1439,2020-05-10,0.023635926444172783,0.9763640735558272
1440,2020-05-10,0.0162468372432516,0.9837531627567484
1441,2020-05-10,0.0171955926757682,0.9828044073242318
1442,2020-05-10,0.034482937570146754,0.9655170624298532
1443,2020-05-10,0.22259305769147453,0.7774069423085255
1444,2020-05-10,0.03161073322087571,0.9683892667791243
1445,2020-05-10,0.015954184297144902,0.9840458157028551
1446,2020-05-10,0.05194147428177209,0.9480585257182279
1447,2020-05-10,0.02013383017490611,0.9798661698250939
1448,2020-05-10,0.0026967418353298633,0.9973032581646701
1449,2020-05-10,0.0196384232704927,0.9803615767295073
1450,2020-05-10,0.0101591186839326,0.9898408813160674
1451,2020-05-10,0.005290219536557728,0.9947097804634423
1452,2020-05-10,0.030503944850263642,0.9694960551497364
1453,2020-05-10,0.00860227507304101,0.991397724926959
1454,2020-05-10,0.0020449274075552415,0.9979550725924448
1455,2020-05-10,0.017126957707672585,0.9828730422923274
1456,2020-05-10,0.007971454274643741,0.9920285457253563
1457,2020-05-10,0.032385804204622115,0.9676141957953779
1458,2020-05-10,0.03428316558766242,0.9657168344123376
1459,2020-05-10,0.008993358430842036,0.991006641569158
1460,2020-05-10,0.005219994536615258,0.9947800054633847
1461,2020-05-10,0.02572772223095321,0.9742722777690468
1462,2020-05-10,0.0084086818961423,0.9915913181038577
1463,2020-05-10,0.012861783754906653,0.9871382162450933
1464,2020-05-10,0.0085132553231978,0.9914867446768022
1465,2020-05-10,0.02052984852404205,0.979470151475958
1466,2020-05-10,0.016851668393058294,0.9831483316069417
1467,2020-05-10,0.03698379182331879,0.9630162081766812
1468,2020-05-10,0.06347075342704067,0.9365292465729593
1469,2020-05-10,0.026736067137610342,0.9732639328623897
1470,2020-05-10,0.011207996069666826,0.9887920039303332
1471,2020-05-10,0.0017953792634762822,0.9982046207365237
1472,2020-05-10,0.005484106374267217,0.9945158936257328
1473,2020-05-10,0.014600770263185403,0.9853992297368146
1474,2020-05-10,0.050532260864411205,0.9494677391355888
1475,2020-05-10,0.046138862517604795,0.9538611374823952
1476,2020-05-10,0.007464870770016119,0.9925351292299839
1477,2020-05-10,0.009082471901174505,0.9909175280988255
1478,2020-05-10,0.03923521875913005,0.96076478124087
1479,2020-05-10,0.017361262832588986,0.982638737167411
1480,2020-05-10,0.007202746318247799,0.9927972536817522
1481,2020-05-10,0.009144144572026947,0.990855855427973
1482,2020-05-10,0.006355664404211869,0.9936443355957881
1483,2020-05-10,0.0197560322940058,0.9802439677059942
1484,2020-05-10,0.0336735008945771,0.9663264991054229
1486,2020-05-10,0.052656273727370584,0.9473437262726294
1487,2020-05-10,0.01692002324181774,0.9830799767581823
1488,2020-05-10,0.027801839221082703,0.9721981607789173
1490,2020-05-10,0.010668678669290221,0.9893313213307098
1491,2020-05-10,0.005906307511113096,0.9940936924888869
1492,2020-05-10,0.01165194605540898,0.988348053944591
1493,2020-05-10,0.0258486101952613,0.9741513898047387
1494,2020-05-10,0.015923234853854384,0.9840767651461456
1495,2020-05-10,0.009241269865248203,0.9907587301347518
1496,2020-05-10,0.06329341058325211,0.9367065894167479
1497,2020-05-10,0.009992027247711421,0.9900079727522886
1498,2020-05-10,0.002482924684848342,0.9975170753151517
1499,2020-05-10,0.05969892675185062,0.9403010732481494
1500,2020-05-10,0.009384511992900468,0.9906154880070995
1501,2020-05-10,0.0035527344290202656,0.9964472655709797
1502,2020-05-10,0.00349574478653758,0.9965042552134624
1503,2020-05-10,0.002904657699436264,0.9970953423005637
1504,2020-05-10,0.029349136908680462,0.9706508630913195
1505,2020-05-10,0.009869542261608522,0.9901304577383915
1506,2020-05-10,0.006640147928201889,0.9933598520717981
1507,2020-05-10,0.02117228351230016,0.9788277164876998
1508,2020-05-10,0.040483809810077376,0.9595161901899226
1509,2020-05-10,0.007602413755636306,0.9923975862443637
1511,2020-05-10,0.00938378672997675,0.9906162132700232
1512,2020-05-10,0.0046083585426993645,0.9953916414573006
1513,2020-05-10,0.0011592136599982705,0.9988407863400017
1514,2020-05-10,0.0058134523455165565,0.9941865476544834
1515,2020-05-10,0.005864411480252962,0.994135588519747
1516,2020-05-10,0.007745719632805348,0.9922542803671947
1517,2020-05-10,0.014445310485056817,0.9855546895149432
1518,2020-05-10,0.017521507349441356,0.9824784926505586
1520,2020-05-10,0.01831973288580324,0.9816802671141968
1522,2020-05-10,0.06106934621621951,0.9389306537837805
1523,2020-05-10,0.03002524317067845,0.9699747568293215
1524,2020-05-10,0.008227662997047913,0.9917723370029521
1525,2020-05-10,0.019635080729400234,0.9803649192705998
1526,2020-05-10,0.03038146703839606,0.9696185329616039
1527,2020-05-10,0.002183203971467762,0.9978167960285322
1528,2020-05-10,0.00828845220173624,0.9917115477982638
1529,2020-05-10,0.014357120208298269,0.9856428797917017
1530,2020-05-10,0.009289503530143572,0.9907104964698564
1531,2020-05-10,0.012187287151128268,0.9878127128488717
1532,2020-05-10,0.011698357567875295,0.9883016424321247
1533,2020-05-10,0.0185039560366268,0.9814960439633732
1534,2020-05-10,0.00980699944347807,0.9901930005565219
1535,2020-05-10,0.003285170017023553,0.9967148299829764
1536,2020-05-10,0.019519104849689772,0.9804808951503102
1537,2020-05-10,0.016273625133116143,0.9837263748668839
1538,2020-05-10,0.026827322597918535,0.9731726774020815
1539,2020-05-10,0.003315150871217698,0.9966848491287823
1540,2020-05-10,0.006133966809918845,0.9938660331900812
1541,2020-05-10,0.013833019797227841,0.9861669802027722
1544,2020-05-10,0.01029067541683959,0.9897093245831604
1545,2020-05-10,0.023378790836646512,0.9766212091633535
1546,2020-05-10,0.011056697121483605,0.9889433028785164
1547,2020-05-10,0.007469971918909746,0.9925300280810903
1548,2020-05-10,0.004482127547603909,0.9955178724523961
1549,2020-05-10,0.00956487084201485,0.9904351291579852
1550,2020-05-10,0.009881023382039111,0.9901189766179609
1551,2020-05-10,0.01629282680233546,0.9837071731976645
1552,2020-05-10,0.020545678879995255,0.9794543211200047
1553,2020-05-10,0.014603420540581391,0.9853965794594186
1554,2020-05-10,0.013273891939127203,0.9867261080608728
1556,2020-05-10,0.02121284071685503,0.978787159283145
1557,2020-05-10,0.011515135352341943,0.9884848646476581
1558,2020-05-10,0.029150943865969947,0.97084905613403
1559,2020-05-10,0.015790908576540086,0.9842090914234599
1560,2020-05-10,0.027027277840475428,0.9729727221595246
1561,2020-05-10,0.07408991858885994,0.9259100814111401
1562,2020-05-10,0.04314161268218353,0.9568583873178165
1563,2020-05-10,0.0052900416060699396,0.9947099583939301
1564,2020-05-10,0.04976641411623883,0.9502335858837612
1565,2020-05-10,0.008606992993253293,0.9913930070067467
1566,2020-05-10,0.02415133249950341,0.9758486675004966
1567,2020-05-10,0.006568704022184235,0.9934312959778158
1569,2020-05-10,0.016062768668079208,0.9839372313319208
1570,2020-05-10,0.004502660874941777,0.9954973391250582
1571,2020-05-10,0.007460594758672223,0.9925394052413278
1572,2020-05-10,0.020887530110623942,0.9791124698893761
1573,2020-05-10,0.038586395914658844,0.9614136040853412
1574,2020-05-10,0.04008023084647916,0.9599197691535208
1575,2020-05-10,0.04169474615120505,0.958305253848795
1576,2020-05-10,0.02043923176310669,0.9795607682368933
1577,2020-05-10,0.02006292538656196,0.979937074613438
1578,2020-05-10,0.007530409842798291,0.9924695901572017
1579,2020-05-10,0.025236104150765493,0.9747638958492345
1580,2020-05-10,0.008550113338622323,0.9914498866613777
1581,2020-05-10,0.007540548392719004,0.992459451607281
1582,2020-05-10,0.03075397294104021,0.9692460270589598
1583,2020-05-10,0.00945134586968932,0.9905486541303107
1584,2020-05-10,0.07207333208776767,0.9279266679122323
1585,2020-05-10,0.0090092945350434,0.9909907054649566
1586,2020-05-10,0.05308471735765519,0.9469152826423448
1588,2020-05-10,0.0043874256949583135,0.9956125743050417
1589,2020-05-10,0.002024976232621767,0.9979750237673782
1590,2020-05-10,0.01656183697043012,0.9834381630295699
1591,2020-05-10,0.03297065954379508,0.9670293404562049
1592,2020-05-10,0.07158295384502988,0.9284170461549701
1593,2020-05-10,0.02797351143096083,0.9720264885690392
1594,2020-05-10,0.0121532892996854,0.9878467107003146
1595,2020-05-10,0.06689278972726342,0.9331072102727366
1596,2020-05-10,0.005885414635417363,0.9941145853645826
1599,2020-05-10,0.01071723481687803,0.989282765183122
1601,2020-05-10,0.008577599256235247,0.9914224007437648
1602,2020-05-10,0.00862195757495543,0.9913780424250446
1603,2020-05-10,0.06663401369468824,0.9333659863053118
1604,2020-05-10,0.004744185995884331,0.9952558140041157
1605,2020-05-10,0.018757726625299398,0.9812422733747006
1606,2020-05-10,0.010631453858466644,0.9893685461415334
1607,2020-05-10,0.014342276064582049,0.985657723935418
1608,2020-05-10,0.002119197451664112,0.9978808025483359
1609,2020-05-10,0.01834419898547457,0.9816558010145254
1610,2020-05-10,0.003569643677014067,0.9964303563229859
1611,2020-05-10,0.022788616121069527,0.9772113838789305
1612,2020-05-10,0.017385039428299054,0.982614960571701
1613,2020-05-10,0.03015951107778292,0.9698404889222171
1614,2020-05-10,0.01140905161279726,0.9885909483872027
1615,2020-05-10,0.00952177353451178,0.9904782264654882
1616,2020-05-10,0.012492537683913452,0.9875074623160865
1617,2020-05-10,0.014243704117271161,0.9857562958827288
1619,2020-05-10,0.0063833532549768535,0.9936166467450231
1620,2020-05-10,0.0037459485782421753,0.9962540514217578
1621,2020-05-10,0.02578448534169897,0.974215514658301
1622,2020-05-10,0.024979617790999664,0.9750203822090003
1623,2020-05-10,0.008684895694108907,0.9913151043058911
1624,2020-05-10,0.013243171230588935,0.9867568287694111
1625,2020-05-10,0.010550860594441214,0.9894491394055588
1627,2020-05-10,0.014884471601146254,0.9851155283988537
1628,2020-05-10,0.014280930470433217,0.9857190695295668
1630,2020-05-10,0.024222863848882725,0.9757771361511173
1631,2020-05-10,0.024965792782430052,0.97503420721757
1634,2020-05-10,0.03816140409813196,0.961838595901868
1635,2020-05-10,0.021212230734836135,0.9787877692651639
1636,2020-05-10,0.012898578391588589,0.9871014216084114
1637,2020-05-10,0.04968179249411264,0.9503182075058874
1638,2020-05-10,0.007151804640245563,0.9928481953597544
1639,2020-05-10,0.06063263482401193,0.9393673651759881
1640,2020-05-10,0.005797160116460476,0.9942028398835395
1641,2020-05-10,0.0021375013681116384,0.9978624986318884
1642,2020-05-10,0.05634193559708811,0.9436580644029119
1643,2020-05-10,0.02073779373120055,0.9792622062687995
1644,2020-05-10,0.027792602152048262,0.9722073978479517
1645,2020-05-10,0.023113656004524308,0.9768863439954757
1646,2020-05-10,0.016536506818571883,0.9834634931814281
1647,2020-05-10,0.0030077692834137304,0.9969922307165863
1648,2020-05-10,0.006534020319851841,0.9934659796801482
1649,2020-05-10,0.016788885161791556,0.9832111148382084
1651,2020-05-10,0.025020811204050197,0.9749791887959498
1652,2020-05-10,0.005316232665208864,0.9946837673347911
1654,2020-05-10,0.006993028872775864,0.9930069711272241
1655,2020-05-10,0.0697780322852356,0.9302219677147644
1656,2020-05-10,0.02260742613389044,0.9773925738661096
1657,2020-05-10,0.0392976658395342,0.9607023341604658
1659,2020-05-10,0.0153924207554893,0.9846075792445107
1660,2020-05-10,0.008626453315214833,0.9913735466847852
1661,2020-05-10,0.00827206900220323,0.9917279309977968
1662,2020-05-10,0.007325473254529036,0.992674526745471
1663,2020-05-10,0.009561366279224215,0.9904386337207758
1664,2020-05-10,0.02858813125784443,0.9714118687421556
1665,2020-05-10,0.005821537095408114,0.9941784629045919
1666,2020-05-10,0.023146493050810735,0.9768535069491893
1667,2020-05-10,0.08857683282469775,0.9114231671753023
1669,2020-05-10,0.08111982546783147,0.9188801745321685
1670,2020-05-10,0.004022863602168525,0.9959771363978315
1671,2020-05-10,0.010835161923925085,0.9891648380760749
1672,2020-05-10,0.04040801149784967,0.9595919885021503
1673,2020-05-10,0.04544121424414105,0.954558785755859
1674,2020-05-10,0.009221740831990566,0.9907782591680094
1677,2020-05-10,0.020938493184379237,0.9790615068156208
1678,2020-05-10,0.005009645639292071,0.9949903543607079
1679,2020-05-10,0.011628844804298821,0.9883711551957012
1680,2020-05-10,0.035833168745333044,0.964166831254667
1681,2020-05-10,0.019011160955911488,0.9809888390440885
1682,2020-05-10,0.002827158144032671,0.9971728418559673
1683,2020-05-10,0.04295903610636009,0.9570409638936399
1684,2020-05-10,0.009687895179937733,0.9903121048200623
1685,2020-05-10,0.015924396853212786,0.9840756031467872
1687,2020-05-10,0.012378087490141021,0.987621912509859
1688,2020-05-10,0.023986427623665096,0.9760135723763349
1689,2020-05-10,0.01550145753100951,0.9844985424689905
1690,2020-05-10,0.008247075271062942,0.9917529247289371
1691,2020-05-10,0.019049884855012134,0.9809501151449879
1692,2020-05-10,0.0054644330613179415,0.9945355669386821
1693,2020-05-10,0.01441463662168474,0.9855853633783153
1694,2020-05-10,0.016519462044842448,0.9834805379551576
1695,2020-05-10,0.013253257179967948,0.986746742820032
1696,2020-05-10,0.004088700970665382,0.9959112990293346
1697,2020-05-10,0.027104204698951806,0.9728957953010482
1698,2020-05-10,0.007897625960658128,0.9921023740393419
1699,2020-05-10,0.04199414266171775,0.9580058573382823
1700,2020-05-10,0.015222666238082327,0.9847773337619177
1702,2020-05-10,0.005676180988545276,0.9943238190114547
1703,2020-05-10,0.009228557638932378,0.9907714423610676
1704,2020-05-10,0.00917771975249937,0.9908222802475006
1705,2020-05-10,0.004375097245531978,0.995624902754468
1706,2020-05-10,0.009478399300412721,0.9905216006995873
1707,2020-05-10,0.009214230571017445,0.9907857694289826
1709,2020-05-10,0.022215644642874177,0.9777843553571258
1710,2020-05-10,0.00639216279161714,0.9936078372083829
1711,2020-05-10,0.014250945399943649,0.9857490546000564
1712,2020-05-10,0.07261014304166824,0.9273898569583318
1713,2020-05-10,0.059085347603733185,0.9409146523962668
1714,2020-05-10,0.013784355902480061,0.9862156440975199
1715,2020-05-10,0.03303729856096005,0.96696270143904
1716,2020-05-10,0.0017762143327054725,0.9982237856672945
1717,2020-05-10,0.03157270150311742,0.9684272984968826
1718,2020-05-10,0.01027272971155635,0.9897272702884437
1719,2020-05-10,0.024917044521490905,0.9750829554785091
1720,2020-05-10,0.018540986490661493,0.9814590135093385
1721,2020-05-10,0.0050657497657715655,0.9949342502342284
1722,2020-05-10,0.004057177335407669,0.9959428226645923
1723,2020-05-10,0.012176710833853965,0.987823289166146
1724,2020-05-10,0.006163814133017587,0.9938361858669824
1726,2020-05-10,0.007283750394669886,0.9927162496053301
1727,2020-05-10,0.0013063368773421624,0.9986936631226578
1728,2020-05-10,0.0026109452294982294,0.9973890547705018
1729,2020-05-10,0.008381305403876604,0.9916186945961234
1730,2020-05-10,0.029995876442529545,0.9700041235574705
1731,2020-05-10,0.0019317934425411298,0.9980682065574589
1732,2020-05-10,0.007632638486244736,0.9923673615137553
1733,2020-05-10,0.0017009882941205756,0.9982990117058794
1734,2020-05-10,0.014679724546943773,0.9853202754530562
1735,2020-05-10,0.029505129613673575,0.9704948703863264
1736,2020-05-10,0.017758671324125785,0.9822413286758742
1737,2020-05-10,0.03272938675404524,0.9672706132459548
1738,2020-05-10,0.05415823281382215,0.9458417671861779
1739,2020-05-10,0.01843334716425915,0.9815666528357408
1740,2020-05-10,0.0009118867840631761,0.9990881132159368
1741,2020-05-10,0.006660858517030022,0.99333914148297
1743,2020-05-10,0.041308959018910074,0.9586910409810899
1744,2020-05-10,0.009205657033735548,0.9907943429662645
1745,2020-05-10,0.031746815370014,0.968253184629986
1746,2020-05-10,0.001981965178363132,0.9980180348216369
1747,2020-05-10,0.014129209326713354,0.9858707906732866
1748,2020-05-10,0.013434938812208697,0.9865650611877913
1749,2020-05-10,0.023361954362254744,0.9766380456377453
1750,2020-05-10,0.008951111220270147,0.9910488887797299
1751,2020-05-10,0.01666755303756806,0.9833324469624319
1752,2020-05-10,0.0042828934720891,0.9957171065279109
1754,2020-05-10,0.004685581008495587,0.9953144189915044
1755,2020-05-10,0.03161546142511851,0.9683845385748815
1756,2020-05-10,0.019514912786834704,0.9804850872131653
1757,2020-05-10,0.002550549951229497,0.9974494500487705
1759,2020-05-10,0.006823289635945584,0.9931767103640544
1760,2020-05-10,0.004040381794223946,0.995959618205776
1761,2020-05-10,0.010943440149715378,0.9890565598502846
1762,2020-05-10,0.010068116946110983,0.989931883053889
1763,2020-05-10,0.0036808699522226096,0.9963191300477774
1764,2020-05-10,0.015759802196628647,0.9842401978033714
1765,2020-05-10,0.00936013156136406,0.9906398684386359
1766,2020-05-10,0.06883701807702591,0.9311629819229741
1767,2020-05-10,0.010143250229364797,0.9898567497706352
1768,2020-05-10,0.010274353904658584,0.9897256460953414
1769,2020-05-10,0.0209765081615495,0.9790234918384505
1771,2020-05-10,0.012906343842636891,0.9870936561573631
1772,2020-05-10,0.01783176233955197,0.982168237660448
1773,2020-05-10,0.005890250463761015,0.994109749536239
1774,2020-05-10,0.005943776714139037,0.994056223285861
1775,2020-05-10,0.01734183325731209,0.9826581667426879
1776,2020-05-10,0.0026631643813773698,0.9973368356186226
1777,2020-05-10,0.003525017753814419,0.9964749822461856
1779,2020-05-10,0.007102463456107655,0.9928975365438923
1780,2020-05-10,0.034185087831023586,0.9658149121689764
1781,2020-05-10,0.014489117304865129,0.9855108826951349
1782,2020-05-10,0.013539109747864764,0.9864608902521352
1783,2020-05-10,0.045826523797958485,0.9541734762020415
1784,2020-05-10,0.06771362219708521,0.9322863778029148
1785,2020-05-10,0.028640983328203307,0.9713590166717967
1786,2020-05-10,0.03442460743000586,0.9655753925699941
1787,2020-05-10,0.00334014752381262,0.9966598524761874
1788,2020-05-10,0.023410135514382535,0.9765898644856175
1789,2020-05-10,0.004703139133065304,0.9952968608669347
1790,2020-05-10,0.011406795703812755,0.9885932042961872
1791,2020-05-10,0.03028638841180309,0.9697136115881969
1792,2020-05-10,0.01513542337969842,0.9848645766203016
1793,2020-05-10,0.0026967129542802004,0.9973032870457198
1794,2020-05-10,0.0258993825661612,0.9741006174338388
1795,2020-05-10,0.019790341711994452,0.9802096582880055
1796,2020-05-10,0.005913470295692336,0.9940865297043077
1797,2020-05-10,0.007872942187758802,0.9921270578122412
1798,2020-05-10,0.017046469157197652,0.9829535308428023
1799,2020-05-10,0.04369757704809618,0.9563024229519038
1800,2020-05-10,0.02932350750762991,0.9706764924923701
1801,2020-05-10,0.018440692365994327,0.9815593076340057
1802,2020-05-10,0.005901624425270535,0.9940983755747295
1803,2020-05-10,0.010967730267299913,0.9890322697327001
1804,2020-05-10,0.010711657191856738,0.9892883428081433
1805,2020-05-10,0.01334850721861125,0.9866514927813888
1806,2020-05-10,0.005732323649208948,0.994267676350791
1807,2020-05-10,0.012275400468691244,0.9877245995313088
1808,2020-05-10,0.016486566952371384,0.9835134330476286
1809,2020-05-10,0.008341845654294855,0.9916581543457051
1810,2020-05-10,0.013622419355776572,0.9863775806442234
1811,2020-05-10,0.00920949730149867,0.9907905026985013
1812,2020-05-10,0.011130844638080117,0.9888691553619199
1813,2020-05-10,0.013298115482527573,0.9867018845174724
1814,2020-05-10,0.016691918629474944,0.9833080813705251
1815,2020-05-10,0.009118778928226545,0.9908812210717735
1816,2020-05-10,0.005697868583978805,0.9943021314160212
1817,2020-05-10,0.01580500086349723,0.9841949991365028
1818,2020-05-10,0.042793099297067316,0.9572069007029327
1819,2020-05-10,0.0014016409724223466,0.9985983590275777
1820,2020-05-10,0.04101629228776593,0.9589837077122341
1821,2020-05-10,0.02098356281556346,0.9790164371844365
1822,2020-05-10,0.0033312030578334095,0.9966687969421666
1823,2020-05-10,0.03567983351518422,0.9643201664848158
1824,2020-05-10,0.014830697222322997,0.985169302777677
1826,2020-05-10,0.00399575960292442,0.9960042403970756
1827,2020-05-10,0.044574621253744895,0.9554253787462551
1828,2020-05-10,0.03288419604921833,0.9671158039507817
1829,2020-05-10,0.0036459717211546616,0.9963540282788453
1831,2020-05-10,0.015095543967189817,0.9849044560328102
1832,2020-05-10,0.009270688200634813,0.9907293117993652
1833,2020-05-10,0.036648371418286585,0.9633516285817134
1835,2020-05-10,0.014903538671177885,0.9850964613288221
1836,2020-05-10,0.024278842642071696,0.9757211573579283
1837,2020-05-10,0.01722558177252509,0.9827744182274749
1838,2020-05-10,0.0048978756974219495,0.995102124302578
1839,2020-05-10,0.009509599169523208,0.9904904008304768
1841,2020-05-10,0.013608354680184176,0.9863916453198158
1842,2020-05-10,0.008076513473840308,0.9919234865261597
1843,2020-05-10,0.06461874111406973,0.9353812588859303
1844,2020-05-10,0.004609200953284098,0.9953907990467159
1845,2020-05-10,0.00294895723069577,0.9970510427693042
1846,2020-05-10,0.0430316633847847,0.9569683366152153
1847,2020-05-10,0.02419814637651263,0.9758018536234874
1848,2020-05-10,0.00964836506806066,0.9903516349319393
1849,2020-05-10,0.0658717304408929,0.9341282695591071
1850,2020-05-10,0.012217255027165974,0.987782744972834
1851,2020-05-10,0.002459294235119369,0.9975407057648806
1852,2020-05-10,0.01459572508602136,0.9854042749139786
1853,2020-05-10,0.025086258062441358,0.9749137419375586
1854,2020-05-10,0.004412713093222997,0.995587286906777
1855,2020-05-10,0.017173496896939144,0.9828265031030609
1857,2020-05-10,0.01186449475818574,0.9881355052418143
1858,2020-05-10,0.001300671551244914,0.9986993284487551
1859,2020-05-10,0.014774505250476744,0.9852254947495233
1860,2020-05-10,0.013912663950357618,0.9860873360496424
1861,2020-05-10,0.01089902897405337,0.9891009710259466
1862,2020-05-10,0.006051155623532423,0.9939488443764676
1863,2020-05-10,0.012966956972764065,0.9870330430272359
1864,2020-05-10,0.00939931351509582,0.9906006864849042
1865,2020-05-10,0.01031853177761366,0.9896814682223863
1866,2020-05-10,0.004442859704509083,0.9955571402954909
1867,2020-05-10,0.007866032999375938,0.9921339670006241
1868,2020-05-10,0.01907084195755948,0.9809291580424405
1869,2020-05-10,0.013240820371024586,0.9867591796289754
1870,2020-05-10,0.01384490977811581,0.9861550902218842
1871,2020-05-10,0.01473695063502689,0.9852630493649731
1872,2020-05-10,0.006361405721202695,0.9936385942787973
1873,2020-05-10,0.00326833264657711,0.9967316673534229
1874,2020-05-10,0.006298344842979531,0.9937016551570205
1875,2020-05-10,0.011576761461177365,0.9884232385388226
1876,2020-05-10,0.04016313336365063,0.9598368666363494
1878,2020-05-10,0.05054901487327812,0.9494509851267219
1880,2020-05-10,0.014112639680563088,0.9858873603194369
1882,2020-05-10,0.0026265280504521593,0.9973734719495478
1883,2020-05-10,0.018467795289829336,0.9815322047101707
1884,2020-05-10,0.025138410142480416,0.9748615898575196
1885,2020-05-10,0.058101766549622846,0.9418982334503772
1886,2020-05-10,0.05994138697987361,0.9400586130201264
1887,2020-05-10,0.025206836571909474,0.9747931634280905
1888,2020-05-10,0.03581268791584713,0.9641873120841529
1889,2020-05-10,0.046974990291584584,0.9530250097084154
1890,2020-05-10,0.04599123359569679,0.9540087664043032
1891,2020-05-10,0.006532969951588363,0.9934670300484116
1892,2020-05-10,0.014687704496935128,0.9853122955030649
1893,2020-05-10,0.048977116837835455,0.9510228831621645
1894,2020-05-10,0.003500460189545418,0.9964995398104546
1896,2020-05-10,0.017474517335499873,0.9825254826645001
1897,2020-05-10,0.0030092287096642467,0.9969907712903358
1898,2020-05-10,0.005832869501053772,0.9941671304989462
1899,2020-05-10,0.031311914943378816,0.9686880850566212
1900,2020-05-10,0.03216382445436505,0.967836175545635
1901,2020-05-10,0.019762799721629865,0.9802372002783701
1902,2020-05-10,0.006240705488887555,0.9937592945111124
1903,2020-05-10,0.009745424697933935,0.9902545753020661
1904,2020-05-10,0.005299040702202551,0.9947009592977974
1905,2020-05-10,0.011076047543572387,0.9889239524564276
1906,2020-05-10,0.011433700702893623,0.9885662992971064
1907,2020-05-10,0.008143290739770603,0.9918567092602294
1908,2020-05-10,0.006637646777649886,0.9933623532223501
1909,2020-05-10,0.025189786278385085,0.9748102137216149
1910,2020-05-10,0.01141584739279733,0.9885841526072027
1911,2020-05-10,0.01216804899108459,0.9878319510089154
1912,2020-05-10,0.008453449251870082,0.9915465507481299
1913,2020-05-10,0.06904432312214637,0.9309556768778536
1914,2020-05-10,0.001178676842513049,0.998821323157487
1915,2020-05-10,0.008764906028389086,0.9912350939716109
1916,2020-05-10,0.014717264889901216,0.9852827351100988
1917,2020-05-10,0.05402446839641939,0.9459755316035806
1918,2020-05-10,0.024842076627208276,0.9751579233727917
1920,2020-05-10,0.03284290041310567,0.9671570995868943
1921,2020-05-10,0.008989918408214836,0.9910100815917852
1922,2020-05-10,0.005667978475230817,0.9943320215247692
1924,2020-05-10,0.0033068390814960935,0.9966931609185039
1925,2020-05-10,0.03901237584514461,0.9609876241548554
1926,2020-05-10,0.03867303402753541,0.9613269659724646
1927,2020-05-10,0.01224908407798142,0.9877509159220186
1928,2020-05-10,0.010826027757023793,0.9891739722429762
1929,2020-05-10,0.027691286123393,0.972308713876607
1930,2020-05-10,0.007285448884593371,0.9927145511154066
1931,2020-05-10,0.010311596757000663,0.9896884032429993
1932,2020-05-10,0.014460730455955084,0.9855392695440449
1933,2020-05-10,0.0026653343878685343,0.9973346656121315
1934,2020-05-10,0.014070996162017124,0.9859290038379829
1935,2020-05-10,0.024905324929213823,0.9750946750707862
1936,2020-05-10,0.028908199123500955,0.971091800876499
1937,2020-05-10,0.00412029239933509,0.9958797076006649
1938,2020-05-10,0.023456882666592183,0.9765431173334078
1939,2020-05-10,0.018170331191179834,0.9818296688088202
1940,2020-05-10,0.004907911547841981,0.995092088452158
1941,2020-05-10,0.05543268842562643,0.9445673115743736
1942,2020-05-10,0.031131756278278022,0.968868243721722
1943,2020-05-10,0.006603839078951346,0.9933961609210487
1944,2020-05-10,0.0025148150476979048,0.9974851849523021
1945,2020-05-10,0.01148045545228249,0.9885195445477175
1946,2020-05-10,0.016789416166409388,0.9832105838335906
1947,2020-05-10,0.012733771900062418,0.9872662280999376
1948,2020-05-10,0.035813971718694604,0.9641860282813054
1949,2020-05-10,0.0013756006447386282,0.9986243993552614
1950,2020-05-10,0.008841231377634151,0.9911587686223658
1951,2020-05-10,0.004129567896348441,0.9958704321036516
1952,2020-05-10,0.05379642108532923,0.9462035789146708
1953,2020-05-10,0.028009710966522716,0.9719902890334773
1954,2020-05-10,0.023080128555807433,0.9769198714441926
1955,2020-05-10,0.003581135152366799,0.9964188648476332
1956,2020-05-10,0.016718370042619224,0.9832816299573808
1957,2020-05-10,0.01083929525755889,0.9891607047424411
1958,2020-05-10,0.007282444672798372,0.9927175553272016
1959,2020-05-10,0.0076532295486827495,0.9923467704513173
1960,2020-05-10,0.007298667172686457,0.9927013328273135
1961,2020-05-10,0.02789455425194498,0.972105445748055
1962,2020-05-10,0.019832586171911415,0.9801674138280886
1963,2020-05-10,0.01281964606338759,0.9871803539366124
1965,2020-05-10,0.015025462578275195,0.9849745374217248
1966,2020-05-10,0.047289254476503784,0.9527107455234962
1967,2020-05-10,0.01598282034145193,0.9840171796585481
1968,2020-05-10,0.01545758042105605,0.984542419578944
1969,2020-05-10,0.06661983061738952,0.9333801693826105
1970,2020-05-10,0.009662025400776209,0.9903379745992238
1971,2020-05-10,0.0721077411346085,0.9278922588653915
1972,2020-05-10,0.004700849215482528,0.9952991507845175
1973,2020-05-10,0.02053631617301388,0.9794636838269861
1975,2020-05-10,0.01007459357768814,0.9899254064223119
1976,2020-05-10,0.0393840733877352,0.9606159266122648
1977,2020-05-10,0.02238066548804518,0.9776193345119548
1978,2020-05-10,0.023596520677494626,0.9764034793225054
1979,2020-05-10,0.00882131233699135,0.9911786876630087
1980,2020-05-10,0.01791880260191092,0.9820811973980891
1981,2020-05-10,0.019111035364392404,0.9808889646356076
1982,2020-05-10,0.007247472401931021,0.992752527598069
1983,2020-05-10,0.014919581927578585,0.9850804180724214
1984,2020-05-10,0.006363355039860186,0.9936366449601398
1985,2020-05-10,0.05929737758095499,0.940702622419045
1986,2020-05-10,0.011319429961611394,0.9886805700383886
1988,2020-05-10,0.036237174346581136,0.9637628256534189
1989,2020-05-10,0.019308210791216363,0.9806917892087836
1990,2020-05-10,0.020035195927464944,0.9799648040725351
1991,2020-05-10,0.03873371507865386,0.9612662849213461
1992,2020-05-10,0.005531700898960157,0.9944682991010398
1993,2020-05-10,0.04492019772662237,0.9550798022733776
1994,2020-05-10,0.0014337929406923466,0.9985662070593077
1996,2020-05-10,0.020302237955858837,0.9796977620441412
1997,2020-05-10,0.012535309148144935,0.9874646908518551
1998,2020-05-10,0.0479999041781749,0.9520000958218251
1999,2020-05-10,0.02015639621896137,0.9798436037810386
2000,2020-05-10,0.01153481214979879,0.9884651878502012
2001,2020-05-10,0.0060571431641052165,0.9939428568358948
2002,2020-05-10,0.0029109015117810833,0.9970890984882189
2003,2020-05-10,0.008394274828758319,0.9916057251712417
2004,2020-05-10,0.004771645013796122,0.9952283549862039
2005,2020-05-10,0.036832764894999426,0.9631672351050006
2006,2020-05-10,0.009654497873063606,0.9903455021269364
2007,2020-05-10,0.0014147711187074696,0.9985852288812925
2008,2020-05-10,0.026132825064905885,0.9738671749350941
2009,2020-05-10,0.007933124165197869,0.9920668758348021
2010,2020-05-10,0.005309955532478927,0.9946900444675211
2011,2020-05-10,0.005227145609978612,0.9947728543900214
2012,2020-05-10,0.04445273652873627,0.9555472634712637
2014,2020-05-10,0.03628413613124837,0.9637158638687516
2016,2020-05-10,0.008788551178171344,0.9912114488218287
2018,2020-05-10,0.07243930391925335,0.9275606960807466
2019,2020-05-10,0.007803310643555106,0.9921966893564449
2020,2020-05-10,0.01890211370220163,0.9810978862977984
2021,2020-05-10,0.04660893226289553,0.9533910677371045
2022,2020-05-10,0.020421945589366386,0.9795780544106336
2023,2020-05-10,0.012359953254780787,0.9876400467452192
2024,2020-05-10,0.010444981387789709,0.9895550186122103
2025,2020-05-10,0.03944580711234269,0.9605541928876573
2026,2020-05-10,0.008462257140378182,0.9915377428596218
2027,2020-05-10,0.016928897066888715,0.9830711029331113
2028,2020-05-10,0.009486450726432505,0.9905135492735675
2029,2020-05-10,0.028861020478243016,0.971138979521757
2030,2020-05-10,0.007132364947641356,0.9928676350523586
2031,2020-05-10,0.015580456185301905,0.9844195438146981
2032,2020-05-10,0.0697950133067694,0.9302049866932306
2033,2020-05-10,0.030903870085387752,0.9690961299146122
2034,2020-05-10,0.009596489064656044,0.990403510935344
2035,2020-05-10,0.007166982560867341,0.9928330174391327
2036,2020-05-10,0.039934774630279835,0.9600652253697202
2037,2020-05-10,0.0136172715025078,0.9863827284974922
2038,2020-05-10,0.008119934384172467,0.9918800656158275
2039,2020-05-10,0.0033668407790997668,0.9966331592209002
2040,2020-05-10,0.010834196692764975,0.989165803307235
2041,2020-05-10,0.011419591926142392,0.9885804080738576
2042,2020-05-10,0.009988059280819916,0.9900119407191801
2043,2020-05-10,0.01764280674808616,0.9823571932519138
2044,2020-05-10,0.04762609218382907,0.9523739078161709
2045,2020-05-10,0.008826178424419129,0.9911738215755809
2046,2020-05-10,0.03635449796985657,0.9636455020301434
2047,2020-05-10,0.005421217083138585,0.9945787829168614
2048,2020-05-10,0.00816604419312228,0.9918339558068777
2049,2020-05-10,0.014953411257994986,0.985046588742005
2052,2020-05-10,0.010571069006498068,0.9894289309935019
2053,2020-05-10,0.001977182641134223,0.9980228173588658
2054,2020-05-10,0.01421109759597916,0.9857889024040208
2055,2020-05-10,0.01395600448594636,0.9860439955140536
2056,2020-05-10,0.05704826547854014,0.9429517345214599
2059,2020-05-10,0.0438523115965983,0.9561476884034017
2060,2020-05-10,0.036469356702581335,0.9635306432974187
2061,2020-05-10,0.015834133101883863,0.9841658668981161
2062,2020-05-10,0.010993990679920573,0.9890060093200794
2063,2020-05-10,0.0074474116213602,0.9925525883786398
2064,2020-05-10,0.015815355007698817,0.9841846449923012
2065,2020-05-10,0.021200174447624787,0.9787998255523752
2066,2020-05-10,0.008377571017124663,0.9916224289828753
2067,2020-05-10,0.019462760536895996,0.980537239463104
2068,2020-05-10,0.012311559652386395,0.9876884403476136
2069,2020-05-10,0.005122873816252094,0.9948771261837479
2070,2020-05-10,0.011669517177953725,0.9883304828220463
2072,2020-05-10,0.020639410316510842,0.9793605896834892
2073,2020-05-10,0.023412899980090218,0.9765871000199098
2074,2020-05-10,0.016334372509929973,0.98366562749007
2075,2020-05-10,0.01946488355965048,0.9805351164403495
2076,2020-05-10,0.02071945870909908,0.9792805412909009
2077,2020-05-10,0.0096854146127473,0.9903145853872527
2078,2020-05-10,0.0039209108147204574,0.9960790891852795
2079,2020-05-10,0.02957989863911037,0.9704201013608896
2080,2020-05-10,0.004825999157390126,0.9951740008426099
2081,2020-05-10,0.03296655665141335,0.9670334433485867
2082,2020-05-10,0.00823614328923683,0.9917638567107632
2083,2020-05-10,0.010451775945406028,0.989548224054594
2084,2020-05-10,0.007038329291250589,0.9929616707087494
2085,2020-05-10,0.007626399283845231,0.9923736007161548
2086,2020-05-10,0.012915976878865143,0.9870840231211349
2087,2020-05-10,0.031867479832491497,0.9681325201675085
2088,2020-05-10,0.0036131848345901663,0.9963868151654098
2089,2020-05-10,0.031504186121169564,0.9684958138788304
2090,2020-05-10,0.05579061480860692,0.9442093851913931
2091,2020-05-10,0.016645954349477243,0.9833540456505228
2092,2020-05-10,0.0725769744807152,0.9274230255192848
2094,2020-05-10,0.008852883686045199,0.9911471163139548
2095,2020-05-10,0.006386386234355057,0.9936136137656449
2096,2020-05-10,0.010090949105260316,0.9899090508947397
2097,2020-05-10,0.010785665334111405,0.9892143346658886
2098,2020-05-10,0.024410662698745367,0.9755893373012546
2099,2020-05-10,0.01739340370573572,0.9826065962942643
2100,2020-05-10,0.02638104541375208,0.9736189545862479
2101,2020-05-10,0.002387975522919139,0.9976120244770809
2102,2020-05-10,0.004839300101067812,0.9951606998989322
2103,2020-05-10,0.0258902371956522,0.9741097628043478
2104,2020-05-10,0.010680466085103313,0.9893195339148967
2105,2020-05-10,0.0063106397837969785,0.993689360216203
2106,2020-05-10,0.029609347566584066,0.9703906524334159
2107,2020-05-10,0.023471740701178856,0.9765282592988211
2108,2020-05-10,0.02085900187659484,0.9791409981234052
2110,2020-05-10,0.012401673408738656,0.9875983265912613
2111,2020-05-10,0.03160747202855185,0.9683925279714481
2113,2020-05-10,0.010211626593172873,0.9897883734068271
2114,2020-05-10,0.019464512162509995,0.98053548783749
2115,2020-05-10,0.005722170143087513,0.9942778298569125
2116,2020-05-10,0.020525717074127425,0.9794742829258726
2117,2020-05-10,0.023411559827692607,0.9765884401723074
2120,2020-05-10,0.013346439665779308,0.9866535603342207
2121,2020-05-10,0.023081278721671317,0.9769187212783287
2122,2020-05-10,0.01558946934815686,0.9844105306518431
2123,2020-05-10,0.07510409649319938,0.9248959035068006
2124,2020-05-10,0.014455970471633606,0.9855440295283664
2126,2020-05-10,0.012453132564947289,0.9875468674350527
2127,2020-05-10,0.008325901012529058,0.9916740989874709
2128,2020-05-10,0.0021350618256125165,0.9978649381743875
2129,2020-05-10,0.01663641392263171,0.9833635860773683
2130,2020-05-10,0.01947118705728168,0.9805288129427183
2131,2020-05-10,0.01974614196057589,0.9802538580394241
2132,2020-05-10,0.004997352676744948,0.995002647323255
2133,2020-05-10,0.010076975805777266,0.9899230241942227
2134,2020-05-10,0.04733772923582813,0.9526622707641719
2135,2020-05-10,0.01065875817475248,0.9893412418252475
2136,2020-05-10,0.015232879065590788,0.9847671209344092
2137,2020-05-10,0.023715437724299626,0.9762845622757004
2138,2020-05-10,0.006672361502080948,0.993327638497919
2139,2020-05-10,0.02010579051867656,0.9798942094813234
2140,2020-05-10,0.027700605525881494,0.9722993944741185
2141,2020-05-10,0.007968833852561974,0.992031166147438
2142,2020-05-10,0.021192501856043044,0.978807498143957
2143,2020-05-10,0.0923967299063857,0.9076032700936143
2144,2020-05-10,0.004137862526720104,0.9958621374732799
2146,2020-05-10,0.01673909221721226,0.9832609077827877
2147,2020-05-10,0.01715114370247728,0.9828488562975227
2149,2020-05-10,0.005309302352703216,0.9946906976472968
2151,2020-05-10,0.031471909812099796,0.9685280901879002
2153,2020-05-10,0.00952169767186728,0.9904783023281327
2154,2020-05-10,0.013078159145287649,0.9869218408547124
2155,2020-05-10,0.022817706752641498,0.9771822932473585
2156,2020-05-10,0.021634118511809186,0.9783658814881908
2157,2020-05-10,0.005543524613555673,0.9944564753864443
2158,2020-05-10,0.0031699602051664666,0.9968300397948335
2159,2020-05-10,0.06466122342091618,0.9353387765790838
2160,2020-05-10,0.029650670701765525,0.9703493292982345
2161,2020-05-10,0.011879415655547731,0.9881205843444523
2162,2020-05-10,0.015997239986117906,0.9840027600138821
2163,2020-05-10,0.018835260629084805,0.9811647393709152
2165,2020-05-10,0.004747134657130059,0.9952528653428699
2166,2020-05-10,0.016687510010053197,0.9833124899899468
2168,2020-05-10,0.02868959669001203,0.971310403309988
2169,2020-05-10,0.024734846517125098,0.9752651534828749
2170,2020-05-10,0.008011109193936106,0.9919888908060639
2171,2020-05-10,0.03051324883147144,0.9694867511685286
2172,2020-05-10,0.023199899232187238,0.9768001007678128
2173,2020-05-10,0.026491821532229065,0.9735081784677709
2174,2020-05-10,0.009039882153220824,0.9909601178467792
2175,2020-05-10,0.009390568497814167,0.9906094315021858
2176,2020-05-10,0.0020931490143311082,0.9979068509856689
2177,2020-05-10,0.02208795630635485,0.9779120436936451
2178,2020-05-10,0.04057736028148162,0.9594226397185184
2179,2020-05-10,0.007413079505659281,0.9925869204943407
2180,2020-05-10,0.017432329872030694,0.9825676701279693
2181,2020-05-10,0.01827380787389743,0.9817261921261026
2182,2020-05-10,0.005832105544750332,0.9941678944552497
2183,2020-05-10,0.037628202003058386,0.9623717979969416
2184,2020-05-10,0.06371987813930169,0.9362801218606983
2185,2020-05-10,0.008246032018337401,0.9917539679816626
2186,2020-05-10,0.009445836185118184,0.9905541638148818
2187,2020-05-10,0.006182911620415288,0.9938170883795847
2188,2020-05-10,0.024715162500309584,0.9752848374996904
2189,2020-05-10,0.010829945202210478,0.9891700547977895
2190,2020-05-10,0.022779284109262554,0.9772207158907374
2191,2020-05-10,0.04537532195442817,0.9546246780455718
2192,2020-05-10,0.010053408372673878,0.9899465916273261
2193,2020-05-10,0.01765552180303742,0.9823444781969626
2194,2020-05-10,0.021833592338933894,0.9781664076610661
2196,2020-05-10,0.002308433540662569,0.9976915664593374
2197,2020-05-10,0.007382801281248019,0.992617198718752
2198,2020-05-10,0.023733590280031747,0.9762664097199683
2199,2020-05-10,0.05716824151571054,0.9428317584842895
2200,2020-05-10,0.014026205436895922,0.9859737945631041
2201,2020-05-10,0.004305340961374915,0.9956946590386251
2203,2020-05-10,0.0028188327398014357,0.9971811672601986
2205,2020-05-10,0.0019197988267268817,0.9980802011732731
2206,2020-05-10,0.019519368406522686,0.9804806315934773
2207,2020-05-10,0.06935292377473568,0.9306470762252643
2208,2020-05-10,0.009117229093578594,0.9908827709064214
2209,2020-05-10,0.010965080764410717,0.9890349192355893
2210,2020-05-10,0.014600547648053075,0.9853994523519469
2211,2020-05-10,0.030030472672674002,0.969969527327326
2212,2020-05-10,0.007493831348764468,0.9925061686512355
2213,2020-05-10,0.04530666233666236,0.9546933376633376
2214,2020-05-10,0.033611141048862425,0.9663888589511376
2215,2020-05-10,0.02272814276865187,0.9772718572313481
2216,2020-05-10,0.018561812207906758,0.9814381877920932
2218,2020-05-10,0.011062031448054621,0.9889379685519454
2219,2020-05-10,0.01197143741652329,0.9880285625834767
2220,2020-05-10,0.0055584722335145775,0.9944415277664854
2221,2020-05-10,0.02415175180786211,0.9758482481921379
2222,2020-05-10,0.0036207893391729806,0.996379210660827
2224,2020-05-10,0.019698881612194907,0.9803011183878051
2225,2020-05-10,0.008515591055650917,0.9914844089443491
2226,2020-05-10,0.01821111342346704,0.981788886576533
2227,2020-05-10,0.012567401937789713,0.9874325980622103
2228,2020-05-10,0.011640535501014293,0.9883594644989857
2229,2020-05-10,0.005859078595012002,0.994140921404988
2230,2020-05-10,0.011455390956891187,0.9885446090431088
2231,2020-05-10,0.011310270258341082,0.9886897297416589
2232,2020-05-10,0.01602238213157181,0.9839776178684282
2233,2020-05-10,0.008174337490591599,0.9918256625094084
2234,2020-05-10,0.005713521725028148,0.9942864782749719
2236,2020-05-10,0.029239635567382183,0.9707603644326178
2237,2020-05-10,0.0333899712487955,0.9666100287512045
2238,2020-05-10,0.014704761994864923,0.9852952380051351
2239,2020-05-10,0.009264734740251468,0.9907352652597485
2240,2020-05-10,0.01970010216954321,0.9802998978304568
2241,2020-05-10,0.012971593019717287,0.9870284069802827
2242,2020-05-10,0.003920079252675901,0.9960799207473241
2243,2020-05-10,0.010823840459545875,0.9891761595404541
2244,2020-05-10,0.0041833458034437054,0.9958166541965563
2245,2020-05-10,0.025165103717166182,0.9748348962828338
2246,2020-05-10,0.021851896910274338,0.9781481030897257
2247,2020-05-10,0.010618093082822133,0.9893819069171779
2248,2020-05-10,0.028756183401818625,0.9712438165981814
2249,2020-05-10,0.010655413451074458,0.9893445865489255
2250,2020-05-10,0.03588605461585581,0.9641139453841442
2251,2020-05-10,0.0073276159613270275,0.992672384038673
2252,2020-05-10,0.01577480995326197,0.984225190046738
2253,2020-05-10,0.007468362967498532,0.9925316370325015
2254,2020-05-10,0.01116328523708321,0.9888367147629168
2255,2020-05-10,0.0063657193815213065,0.9936342806184787
2256,2020-05-10,0.051729240957607336,0.9482707590423927
2257,2020-05-10,0.0056717436201586535,0.9943282563798413
2258,2020-05-10,0.04421260978827468,0.9557873902117253
2259,2020-05-10,0.010946978984735845,0.9890530210152642
2260,2020-05-10,0.024554623537088482,0.9754453764629115
2261,2020-05-10,0.03892816036433866,0.9610718396356613
2262,2020-05-10,0.027185440494813196,0.9728145595051868
2263,2020-05-10,0.019164153630264913,0.9808358463697351
2264,2020-05-10,0.0071375457825265665,0.9928624542174734
2265,2020-05-10,0.0236108581244594,0.9763891418755406
2266,2020-05-10,0.01193883456585898,0.988061165434141
2268,2020-05-10,0.0181156024975635,0.9818843975024365
2269,2020-05-10,0.019298266934197783,0.9807017330658022
2270,2020-05-10,0.010771882774870845,0.9892281172251292
2271,2020-05-10,0.013327522378381196,0.9866724776216188
2272,2020-05-10,0.00505360727631754,0.9949463927236825
2273,2020-05-10,0.01205951414699924,0.9879404858530008
2274,2020-05-10,0.05067119067329573,0.9493288093267043
2275,2020-05-10,0.04516874934917925,0.9548312506508208
2276,2020-05-10,0.021699089805908622,0.9783009101940914
2277,2020-05-10,0.015696911090277377,0.9843030889097226
2278,2020-05-10,0.013781812390953108,0.9862181876090469
2279,2020-05-10,0.007527192637608371,0.9924728073623916
2280,2020-05-10,0.025840038505089757,0.9741599614949102
2281,2020-05-10,0.015731026524315683,0.9842689734756843
2282,2020-05-10,0.014454981645596887,0.9855450183544031
2284,2020-05-10,0.03360431983461587,0.9663956801653841
2285,2020-05-10,0.004049174631210017,0.99595082536879
2287,2020-05-10,0.016091423968109253,0.9839085760318907
2288,2020-05-10,0.005096100613274368,0.9949038993867256
2289,2020-05-10,0.0068950818788477974,0.9931049181211522
2290,2020-05-10,0.011719586769570078,0.9882804132304299
2291,2020-05-10,0.00896832882240195,0.991031671177598
2292,2020-05-10,0.0035450352131545237,0.9964549647868455
2293,2020-05-10,0.008090068977442244,0.9919099310225578
2294,2020-05-10,0.003607860127292639,0.9963921398727074
2295,2020-05-10,0.007168764561796492,0.9928312354382035
2296,2020-05-10,0.05393049263469307,0.9460695073653069
2297,2020-05-10,0.005153210764288985,0.994846789235711
2298,2020-05-10,0.03341662656659683,0.9665833734334032
2299,2020-05-10,0.022755281892468893,0.9772447181075311
2300,2020-05-10,0.006184860006594017,0.993815139993406
2301,2020-05-10,0.010202222424069207,0.9897977775759308
2302,2020-05-10,0.005652749292242909,0.9943472507077571
2303,2020-05-10,0.004045669750706193,0.9959543302492938
2304,2020-05-10,0.03235278562706079,0.9676472143729392
2305,2020-05-10,0.005535642814505137,0.9944643571854949
2306,2020-05-10,0.0025402151569292597,0.9974597848430707
2307,2020-05-10,0.007618199184332597,0.9923818008156674
2308,2020-05-10,0.004499519966011611,0.9955004800339884
2310,2020-05-10,0.005329448746069554,0.9946705512539304
2312,2020-05-10,0.02510200757152281,0.9748979924284772
2313,2020-05-10,0.031227304353806162,0.9687726956461938
2314,2020-05-10,0.004773897453859033,0.995226102546141
2315,2020-05-10,0.026447806168804933,0.9735521938311951
2316,2020-05-10,0.03049858977201414,0.9695014102279859
2317,2020-05-10,0.02185691048034588,0.9781430895196541
2319,2020-05-10,0.004854142028362762,0.9951458579716372
2320,2020-05-10,0.027672806346285994,0.972327193653714
2321,2020-05-10,0.024878760361891072,0.9751212396381089
2322,2020-05-10,0.0037391863963246452,0.9962608136036754
2323,2020-05-10,0.0018584697327933553,0.9981415302672066
2324,2020-05-10,0.05412563160666928,0.9458743683933307
2325,2020-05-10,0.022756135013178302,0.9772438649868217
2326,2020-05-10,0.018596600486126214,0.9814033995138738
2328,2020-05-10,0.029175356827690124,0.9708246431723099
2329,2020-05-10,0.030245020125280853,0.9697549798747191
2331,2020-05-10,0.028760575929047016,0.971239424070953
2332,2020-05-10,0.010178051124182574,0.9898219488758174
2333,2020-05-10,0.0034217380625647387,0.9965782619374353
2334,2020-05-10,0.021359257418863797,0.9786407425811362
2335,2020-05-10,0.032770571566779094,0.9672294284332209
2336,2020-05-10,0.02615944472031939,0.9738405552796806
2337,2020-05-10,0.03908676408457956,0.9609132359154204
2338,2020-05-10,0.013441226381054383,0.9865587736189456
2339,2020-05-10,0.05018734154322113,0.9498126584567789
2340,2020-05-10,0.0014933832295542793,0.9985066167704457
2342,2020-05-10,0.008181418553806163,0.9918185814461938
2343,2020-05-10,0.032836357982935604,0.9671636420170644
2344,2020-05-10,0.04143271432271356,0.9585672856772864
2345,2020-05-10,0.009926339764530168,0.9900736602354698
2346,2020-05-10,0.009612382193207925,0.9903876178067921
2347,2020-05-10,0.03177251788239355,0.9682274821176065
2348,2020-05-10,0.025102811587308094,0.9748971884126919
2349,2020-05-10,0.012666839969247445,0.9873331600307526
2350,2020-05-10,0.0036081071937312803,0.9963918928062687
2352,2020-05-10,0.018840932879391037,0.981159067120609
2355,2020-05-10,0.02244363311280284,0.9775563668871972
2356,2020-05-10,0.002201012215980458,0.9977989877840195
2357,2020-05-10,0.012988455908335528,0.9870115440916645
2358,2020-05-10,0.014172706737007323,0.9858272932629927
2359,2020-05-10,0.014218513396220489,0.9857814866037795
2361,2020-05-10,0.030377927381776804,0.9696220726182232
2362,2020-05-10,0.013740171203765583,0.9862598287962344
2363,2020-05-10,0.007138741218729483,0.9928612587812705
2364,2020-05-10,0.023663107742187717,0.9763368922578123
2365,2020-05-10,0.0028172265243175953,0.9971827734756824
2366,2020-05-10,0.027885079443155325,0.9721149205568447
2367,2020-05-10,0.004292501870635901,0.9957074981293641
2368,2020-05-10,0.0245025610060553,0.9754974389939447
2369,2020-05-10,0.0058604155456306595,0.9941395844543693
2370,2020-05-10,0.005943178592568765,0.9940568214074312
2371,2020-05-10,0.012986002008852138,0.9870139979911479
2372,2020-05-10,0.007623726452509083,0.9923762735474909
2373,2020-05-10,0.013401398143219612,0.9865986018567804
2374,2020-05-10,0.022378972113427653,0.9776210278865723
2375,2020-05-10,0.013254096681147298,0.9867459033188527
2376,2020-05-10,0.021133592212540853,0.9788664077874591
2378,2020-05-10,0.006733157494495101,0.9932668425055049
2379,2020-05-10,0.0021010604675200106,0.99789893953248
2380,2020-05-10,0.031079765991863906,0.9689202340081361
2381,2020-05-10,0.01865760752251,0.98134239247749
2382,2020-05-10,0.004316656771339855,0.9956833432286601
2383,2020-05-10,0.03270882420874088,0.9672911757912591
2384,2020-05-10,0.06761583487395395,0.932384165126046
2385,2020-05-10,0.006015871030039199,0.9939841289699608
2386,2020-05-10,0.00679648091359597,0.993203519086404
2387,2020-05-10,0.005468202342037709,0.9945317976579623
2388,2020-05-10,0.01811334364265249,0.9818866563573475
2389,2020-05-10,0.010308138990037463,0.9896918610099625
2390,2020-05-10,0.005910136580724257,0.9940898634192757
2391,2020-05-10,0.021527471538493215,0.9784725284615068
2393,2020-05-10,0.017082736208956728,0.9829172637910433
2394,2020-05-10,0.009669294835826792,0.9903307051641732
2395,2020-05-10,0.02779909096216382,0.9722009090378362
2396,2020-05-10,0.00835963002217599,0.991640369977824
2397,2020-05-10,0.024595874495832226,0.9754041255041678
2398,2020-05-10,0.0051337319165509765,0.994866268083449
2399,2020-05-10,0.04101320257461727,0.9589867974253827
2401,2020-05-10,0.006314134478876965,0.993685865521123
2402,2020-05-10,0.021759225525194714,0.9782407744748053
2404,2020-05-10,0.011793262007567251,0.9882067379924327
2405,2020-05-10,0.015841114551287006,0.984158885448713
2406,2020-05-10,0.014975890598145525,0.9850241094018545
2407,2020-05-10,0.02966124672890691,0.9703387532710931
2409,2020-05-10,0.008719673329187883,0.9912803266708121
2410,2020-05-10,0.006727427457324797,0.9932725725426752
2411,2020-05-10,0.0260678654031693,0.9739321345968307
2412,2020-05-10,0.0013575704906401143,0.9986424295093599
2413,2020-05-10,0.003895361460461988,0.996104638539538
2414,2020-05-10,0.01675060050892463,0.9832493994910754
2415,2020-05-10,0.03998458098863389,0.9600154190113661
2416,2020-05-10,0.00742319311687345,0.9925768068831266
2417,2020-05-10,0.00343769571591257,0.9965623042840874
2418,2020-05-10,0.013211549198926531,0.9867884508010735
2419,2020-05-10,0.002786734277861691,0.9972132657221383
2420,2020-05-10,0.005769935796042236,0.9942300642039578
2421,2020-05-10,0.017336667232731418,0.9826633327672686
2423,2020-05-10,0.011309502485988832,0.9886904975140112
2424,2020-05-10,0.017515350900046522,0.9824846490999535
2425,2020-05-10,0.008588316039721211,0.9914116839602788
2426,2020-05-10,0.00589882596846647,0.9941011740315335
2428,2020-05-10,0.013857686832674077,0.9861423131673259
2429,2020-05-10,0.006386546494421053,0.993613453505579
2430,2020-05-10,0.032227602565298774,0.9677723974347012
2431,2020-05-10,0.02432914687266874,0.9756708531273313
2432,2020-05-10,0.05572985662180252,0.9442701433781975
2433,2020-05-10,0.02192657832038325,0.9780734216796168
2434,2020-05-10,0.03297784321967778,0.9670221567803222
2435,2020-05-10,0.02091027950898061,0.9790897204910194
2436,2020-05-10,0.009432678957572271,0.9905673210424277
2437,2020-05-10,0.002011360795257433,0.9979886392047426
2440,2020-05-10,0.0027825810069241896,0.9972174189930758
2441,2020-05-10,0.0608779259858967,0.9391220740141033
2442,2020-05-10,0.013051624905235482,0.9869483750947645
2443,2020-05-10,0.016799593683875513,0.9832004063161245
2444,2020-05-10,0.03196557647788345,0.9680344235221165
2445,2020-05-10,0.007313850891703111,0.9926861491082969
2446,2020-05-10,0.010887536052568758,0.9891124639474312
2447,2020-05-10,0.015456145552324663,0.9845438544476753
2448,2020-05-10,0.0374358153264982,0.9625641846735018
2449,2020-05-10,0.0034985293537651563,0.9965014706462348
2450,2020-05-10,0.034077285316313044,0.965922714683687
2451,2020-05-10,0.03936375181530549,0.9606362481846945
2452,2020-05-10,0.05680486664410045,0.9431951333558996
2453,2020-05-10,0.03485611433392821,0.9651438856660718
2454,2020-05-10,0.04118450786775807,0.9588154921322419
2455,2020-05-10,0.053824969875101214,0.9461750301248988
2456,2020-05-10,0.009100649564781738,0.9908993504352183
2457,2020-05-10,0.05304900198095297,0.946950998019047
2458,2020-05-10,0.017039754725209688,0.9829602452747903
2459,2020-05-10,0.005298050105374652,0.9947019498946253
2460,2020-05-10,0.03500462134375615,0.9649953786562439
2461,2020-05-10,0.006106448110356988,0.993893551889643
2463,2020-05-10,0.01679870176731535,0.9832012982326847
2464,2020-05-10,0.022825258200754206,0.9771747417992458
2466,2020-05-10,0.021940322708273174,0.9780596772917268
2467,2020-05-10,0.009307556500396275,0.9906924434996037
2468,2020-05-10,0.013683332652459912,0.9863166673475401
2469,2020-05-10,0.0040599332891357864,0.9959400667108642
2472,2020-05-10,0.00846413488143305,0.991535865118567
2473,2020-05-10,0.00752999646271979,0.9924700035372802
2474,2020-05-10,0.003257346482895662,0.9967426535171043
2475,2020-05-10,0.01900588204691267,0.9809941179530873
2476,2020-05-10,0.007427526673481455,0.9925724733265185
2477,2020-05-10,0.017214808434446116,0.9827851915655539
2478,2020-05-10,0.007578928570697863,0.9924210714293021
2479,2020-05-10,0.018648744924934624,0.9813512550750654
2480,2020-05-10,0.020760725182007445,0.9792392748179926
2481,2020-05-10,0.010062345632084857,0.9899376543679151
2483,2020-05-10,0.049160254028509986,0.95083974597149
2484,2020-05-10,0.006733094340510171,0.9932669056594898
2485,2020-05-10,0.011941556907858364,0.9880584430921416
2486,2020-05-10,0.04525780279957037,0.9547421972004296
2487,2020-05-10,0.012764152939685025,0.987235847060315
2488,2020-05-10,0.04104361018735525,0.9589563898126447
2489,2020-05-10,0.006185884501648142,0.9938141154983519
2490,2020-05-10,0.013891027707852444,0.9861089722921476
2491,2020-05-10,0.0032944204698978075,0.9967055795301022
2492,2020-05-10,0.004201917484820572,0.9957980825151794
2493,2020-05-10,0.012173358431101233,0.9878266415688988
2494,2020-05-10,0.03172913846449399,0.968270861535506
2495,2020-05-10,0.017600469804297525,0.9823995301957025
2496,2020-05-10,0.009216350453382427,0.9907836495466176
2497,2020-05-10,0.004374281803477542,0.9956257181965225
2499,2020-05-10,0.01014653893964379,0.9898534610603562
2500,2020-05-10,0.024560123797420563,0.9754398762025794
2501,2020-05-10,0.0038377721287951028,0.9961622278712049
2502,2020-05-10,0.020442873188406097,0.9795571268115939
2503,2020-05-10,0.02116430009904846,0.9788356999009515
2504,2020-05-10,0.014018273513727308,0.9859817264862727
2505,2020-05-10,0.011681682669349991,0.98831831733065
2507,2020-05-10,0.00400501360114125,0.9959949863988588
2509,2020-05-10,0.02061714160808603,0.979382858391914
2510,2020-05-10,0.06799091219847575,0.9320090878015242
2511,2020-05-10,0.01577736525694129,0.9842226347430587
2512,2020-05-10,0.04875666165826009,0.9512433383417399
2513,2020-05-10,0.008278992360329918,0.9917210076396701
2514,2020-05-10,0.0025116279568710986,0.9974883720431289
2515,2020-05-10,0.0014546060339840627,0.9985453939660159
2517,2020-05-10,0.006975707638440021,0.99302429236156
2518,2020-05-10,0.004131097704913933,0.9958689022950861
2519,2020-05-10,0.019068520731750138,0.9809314792682499
2520,2020-05-10,0.02026568971331799,0.979734310286682
2521,2020-05-10,0.02406544189866522,0.9759345581013348
2523,2020-05-10,0.007294715563284537,0.9927052844367155
2524,2020-05-10,0.02530877674037113,0.9746912232596289
2525,2020-05-10,0.001539455683207236,0.9984605443167928
2526,2020-05-10,0.05891086196860296,0.941089138031397
2527,2020-05-10,0.001967742069312828,0.9980322579306872
2528,2020-05-10,0.05218872287781995,0.94781127712218
2529,2020-05-10,0.03194207511545677,0.9680579248845432
2530,2020-05-10,0.03229180551372146,0.9677081944862785
2531,2020-05-10,0.01375600845187197,0.986243991548128
2532,2020-05-10,0.005442635676224494,0.9945573643237755
2533,2020-05-10,0.015357403304982364,0.9846425966950176
2534,2020-05-10,0.019210777078944807,0.9807892229210552
2535,2020-05-10,0.0037426498081113424,0.9962573501918887
2536,2020-05-10,0.02778086246662259,0.9722191375333774
2537,2020-05-10,0.004270157555948506,0.9957298424440515
2538,2020-05-10,0.01601069157568613,0.9839893084243139
2539,2020-05-10,0.01033716872686119,0.9896628312731388
2540,2020-05-10,0.011199375593098027,0.988800624406902
2541,2020-05-10,0.01221157598653333,0.9877884240134667
2542,2020-05-10,0.03565782388708805,0.964342176112912
2543,2020-05-10,0.0059770672560397475,0.9940229327439603
2544,2020-05-10,0.07185849045481196,0.928141509545188
2545,2020-05-10,0.003991271553521858,0.9960087284464781
2546,2020-05-10,0.01149108072459637,0.9885089192754036
2547,2020-05-10,0.014659434969063745,0.9853405650309363
2548,2020-05-10,0.056262992652490684,0.9437370073475093
2549,2020-05-10,0.011926081609120343,0.9880739183908797
2550,2020-05-10,0.0059279454669191045,0.9940720545330809
2551,2020-05-10,0.011454628334828354,0.9885453716651716
2552,2020-05-10,0.011423644779784414,0.9885763552202156
2553,2020-05-10,0.012835415152213092,0.9871645848477869
2555,2020-05-10,0.02372324831052186,0.9762767516894781
2556,2020-05-10,0.04892852565149297,0.951071474348507
2557,2020-05-10,0.013074892637319313,0.9869251073626807
2559,2020-05-10,0.005901542458299214,0.9940984575417008
2560,2020-05-10,0.005080604508974518,0.9949193954910255
2561,2020-05-10,0.035509350844411536,0.9644906491555885
2563,2020-05-10,0.005457557276707492,0.9945424427232925
2564,2020-05-10,0.07312259000075927,0.9268774099992407
2566,2020-05-10,0.04735507364648983,0.9526449263535102
2567,2020-05-10,0.014386404869487834,0.9856135951305122
2568,2020-05-10,0.01196526702927192,0.9880347329707281
2569,2020-05-10,0.012442532380619209,0.9875574676193808
2570,2020-05-10,0.007208478089210879,0.9927915219107891
2571,2020-05-10,0.007627812039689097,0.9923721879603109
2572,2020-05-10,0.0054204082452862234,0.9945795917547138
2573,2020-05-10,0.016025020576881266,0.9839749794231187
2574,2020-05-10,0.007001280296939472,0.9929987197030605
2575,2020-05-10,0.001961366827665789,0.9980386331723342
2576,2020-05-10,0.022686503432220673,0.9773134965677793
2578,2020-05-10,0.03143822161953924,0.9685617783804608
2579,2020-05-10,0.007126212553626998,0.992873787446373
2580,2020-05-10,0.03548457621302936,0.9645154237869706
2581,2020-05-10,0.02275180752723216,0.9772481924727678
2582,2020-05-10,0.014482192738537236,0.9855178072614628
2583,2020-05-10,0.07139874374547084,0.9286012562545292
2584,2020-05-10,0.015818090117234118,0.9841819098827659
2585,2020-05-10,0.044247663416721705,0.9557523365832783
2586,2020-05-10,0.012310328647240576,0.9876896713527594
2587,2020-05-10,0.03390184040078992,0.9660981595992101
2589,2020-05-10,0.07785208182768744,0.9221479181723126
2590,2020-05-10,0.007675833122842035,0.992324166877158
2591,2020-05-10,0.021392862797447454,0.9786071372025525
2592,2020-05-10,0.09442348555717994,0.9055765144428201
2593,2020-05-10,0.025763682969899615,0.9742363170301004
2594,2020-05-10,0.02912081214442852,0.9708791878555715
2595,2020-05-10,0.030137787285445694,0.9698622127145543
2596,2020-05-10,0.03209766179736617,0.9679023382026338
2597,2020-05-10,0.0436453735513016,0.9563546264486984
2598,2020-05-10,0.005255074158221684,0.9947449258417783
2599,2020-05-10,0.0035719577789564694,0.9964280422210435
2600,2020-05-10,0.03313913546988523,0.9668608645301148
2601,2020-05-10,0.02977549287590342,0.9702245071240966
2603,2020-05-10,0.020251323464891002,0.979748676535109
2604,2020-05-10,0.011446273097837412,0.9885537269021626
2605,2020-05-10,0.01570524925666783,0.9842947507433322
2607,2020-05-10,0.029905806467068752,0.9700941935329312
2608,2020-05-10,0.011132890489205738,0.9888671095107943
2609,2020-05-10,0.024811045436878953,0.975188954563121
2610,2020-05-10,0.011316976451973715,0.9886830235480263
2611,2020-05-10,0.04787022900228344,0.9521297709977166
2612,2020-05-10,0.021846475167489388,0.9781535248325106
2613,2020-05-10,0.0012975699163322307,0.9987024300836678
2614,2020-05-10,0.021494615613031787,0.9785053843869682
2615,2020-05-10,0.01429498856626199,0.985705011433738
2616,2020-05-10,0.027147342934273677,0.9728526570657263
2617,2020-05-10,0.0033117402631102077,0.9966882597368898
2619,2020-05-10,0.013350537154583453,0.9866494628454165
2620,2020-05-10,0.021382860105394697,0.9786171398946053
2621,2020-05-10,0.019775058267464285,0.9802249417325357
2622,2020-05-10,0.005901820340052377,0.9940981796599476
2623,2020-05-10,0.006068099403996552,0.9939319005960034
2624,2020-05-10,0.019203692582498766,0.9807963074175012
2625,2020-05-10,0.0034712837341349667,0.996528716265865
2626,2020-05-10,0.013644983506716835,0.9863550164932832
2627,2020-05-10,0.0060623755348658825,0.9939376244651341
2628,2020-05-10,0.023093425281204616,0.9769065747187954
2629,2020-05-10,0.00523297906812803,0.994767020931872
2630,2020-05-10,0.028549966236791846,0.9714500337632082
2631,2020-05-10,0.029131284594932305,0.9708687154050677
2632,2020-05-10,0.00087931725396595,0.999120682746034
2633,2020-05-10,0.0011221111309022147,0.9988778888690978
2634,2020-05-10,0.017980032666443324,0.9820199673335567
2635,2020-05-10,0.010172771043724937,0.9898272289562751
2636,2020-05-10,0.0015017200286214782,0.9984982799713785
2637,2020-05-10,0.006291218617085037,0.993708781382915
2638,2020-05-10,0.005870459676618145,0.9941295403233819
2639,2020-05-10,0.03375464541123141,0.9662453545887686
2640,2020-05-10,0.0027934123952610967,0.9972065876047389
2641,2020-05-10,0.00767821922233769,0.9923217807776623
2642,2020-05-10,0.0016938835223778703,0.9983061164776221
2643,2020-05-10,0.009656773064821822,0.9903432269351782
2645,2020-05-10,0.0031585234470069556,0.996841476552993
2646,2020-05-10,0.00983011062314565,0.9901698893768544
2647,2020-05-10,0.0062795456988749,0.9937204543011251
2648,2020-05-10,0.027941092381848498,0.9720589076181515
2649,2020-05-10,0.025378821874313617,0.9746211781256864
2650,2020-05-10,0.03146947777932274,0.9685305222206773
2651,2020-05-10,0.007267164060576481,0.9927328359394235
2652,2020-05-10,0.013094970457934174,0.9869050295420658
2653,2020-05-10,0.003755423188502527,0.9962445768114975
2654,2020-05-10,0.024274473881566783,0.9757255261184332
2655,2020-05-10,0.025566285202537342,0.9744337147974627
2656,2020-05-10,0.011921128774953105,0.9880788712250469
2657,2020-05-10,0.007906677238985638,0.9920933227610144
2658,2020-05-10,0.005802421654490741,0.9941975783455093
2659,2020-05-10,0.013587245814522309,0.9864127541854777
2661,2020-05-10,0.023666734836650383,0.9763332651633496
2662,2020-05-10,0.015511656740869628,0.9844883432591304
2663,2020-05-10,0.012163630455405139,0.9878363695445949
2664,2020-05-10,0.009497688412944183,0.9905023115870558
2666,2020-05-10,0.008763867372980405,0.9912361326270196
2667,2020-05-10,0.0838628799521196,0.9161371200478804
2669,2020-05-10,0.03432798821562,0.96567201178438
2670,2020-05-10,0.004545061430966668,0.9954549385690333
2671,2020-05-10,0.01844680186477632,0.9815531981352237
2672,2020-05-10,0.006221330430455585,0.9937786695695444
2674,2020-05-10,0.00810904472989471,0.9918909552701053
2675,2020-05-10,0.024358812411785058,0.9756411875882149
2676,2020-05-10,0.003211423105154765,0.9967885768948452
2677,2020-05-10,0.00282672725176214,0.9971732727482379
2678,2020-05-10,0.019859200739013816,0.9801407992609862
2679,2020-05-10,0.06133108051952352,0.9386689194804765
2680,2020-05-10,0.026759588003329338,0.9732404119966707
2681,2020-05-10,0.011179941678620797,0.9888200583213792
2682,2020-05-10,0.02410987312390911,0.9758901268760909
2683,2020-05-10,0.019170766688161867,0.9808292333118381
2684,2020-05-10,0.002925695173841003,0.997074304826159
2685,2020-05-10,0.023135868745360777,0.9768641312546392
2686,2020-05-10,0.006998500263957652,0.9930014997360423
2687,2020-05-10,0.011915482097751617,0.9880845179022484
2688,2020-05-10,0.06218804391847221,0.9378119560815278
2689,2020-05-10,0.05226745098667629,0.9477325490133237
2690,2020-05-10,0.009617367238922925,0.9903826327610771
2691,2020-05-10,0.013132586202818763,0.9868674137971812
2692,2020-05-10,0.010830956404476177,0.9891690435955238
2693,2020-05-10,0.015521241709617328,0.9844787582903827
2695,2020-05-10,0.022765620545707743,0.9772343794542923
2696,2020-05-10,0.005380115365289595,0.9946198846347104
2697,2020-05-10,0.01975903657120215,0.9802409634287979
2698,2020-05-10,0.03423798311721027,0.9657620168827897
2699,2020-05-10,0.008285632427050715,0.9917143675729493
2700,2020-05-10,0.029311116133947546,0.9706888838660525
2701,2020-05-10,0.0386126135736361,0.9613873864263639
2702,2020-05-10,0.06042479814510093,0.9395752018548991
2704,2020-05-10,0.038291319964558146,0.9617086800354419
2705,2020-05-10,0.0047850394878821145,0.9952149605121179
2706,2020-05-10,0.012865579905909308,0.9871344200940907
2708,2020-05-10,0.005727570159490214,0.9942724298405098
2709,2020-05-10,0.0009090407696238367,0.9990909592303762
2710,2020-05-10,0.003298733848642099,0.9967012661513579
2711,2020-05-10,0.006060842578277215,0.9939391574217228
2713,2020-05-10,0.0039045385502086694,0.9960954614497913
2714,2020-05-10,0.01526374092164473,0.9847362590783553
2715,2020-05-10,0.00830842600949433,0.9916915739905057
2716,2020-05-10,0.013480643799008707,0.9865193562009913
2717,2020-05-10,0.007261486974274423,0.9927385130257256
2718,2020-05-10,0.0383110397207187,0.9616889602792813
2719,2020-05-10,0.01243401984967818,0.9875659801503218
2720,2020-05-10,0.011746434766716773,0.9882535652332832
2721,2020-05-10,0.022175027516206813,0.9778249724837932
2722,2020-05-10,0.007012186725515401,0.9929878132744846
2723,2020-05-10,0.04867717554628226,0.9513228244537177
2724,2020-05-10,0.017238000560588773,0.9827619994394112
2725,2020-05-10,0.033516915199176434,0.9664830848008236
2726,2020-05-10,0.0047477146359979905,0.995252285364002
2728,2020-05-10,0.004245702083963798,0.9957542979160362
2729,2020-05-10,0.006201004943293897,0.9937989950567061
2731,2020-05-10,0.01162165624842082,0.9883783437515792
2732,2020-05-10,0.012054570757086158,0.9879454292429138
2733,2020-05-10,0.006732857349487031,0.993267142650513
2734,2020-05-10,0.004275928212803648,0.9957240717871964
2735,2020-05-10,0.003793213613399682,0.9962067863866003
2736,2020-05-10,0.06260665221518746,0.9373933477848125
2737,2020-05-10,0.019491806021864178,0.9805081939781358
2738,2020-05-10,0.0034894447015867414,0.9965105552984133
2739,2020-05-10,0.011198579033987466,0.9888014209660125
2740,2020-05-10,0.02151155190687659,0.9784884480931234
2741,2020-05-10,0.00885577314492958,0.9911442268550704
2742,2020-05-10,0.03730491099177291,0.9626950890082271
2743,2020-05-10,0.0031744673623984587,0.9968255326376015
2744,2020-05-10,0.02100235538020201,0.978997644619798
2745,2020-05-10,0.05905130967278749,0.9409486903272125
2747,2020-05-10,0.03576412897394099,0.964235871026059
2748,2020-05-10,0.009708842512204607,0.9902911574877954
2749,2020-05-10,0.010812641665930434,0.9891873583340696
2750,2020-05-10,0.021747329419021688,0.9782526705809783
2751,2020-05-10,0.062162463362347986,0.937837536637652
2752,2020-05-10,0.16283921589180372,0.8371607841081963
2754,2020-05-10,0.013697449345035473,0.9863025506549645
2755,2020-05-10,0.016734047301141475,0.9832659526988585
2756,2020-05-10,0.019000987567170946,0.980999012432829
2757,2020-05-10,0.00507042648906697,0.994929573510933
2759,2020-05-10,0.02300950143020064,0.9769904985697994
2760,2020-05-10,0.012250755947808445,0.9877492440521916
2762,2020-05-10,0.020011153458805997,0.979988846541194
2763,2020-05-10,0.02942503900343263,0.9705749609965674
2764,2020-05-10,0.0005246912691202477,0.9994753087308798
2765,2020-05-10,0.01151193299123865,0.9884880670087614
2766,2020-05-10,0.07152891672724992,0.9284710832727501
2767,2020-05-10,0.04055888277715225,0.9594411172228478
2768,2020-05-10,0.0025325939829398125,0.9974674060170602
2769,2020-05-10,0.006558728215922072,0.9934412717840779
2771,2020-05-10,0.009798097100765624,0.9902019028992344
2772,2020-05-10,0.008369160585487312,0.9916308394145127
2773,2020-05-10,0.0018907206678036026,0.9981092793321964
2774,2020-05-10,0.05833315981683451,0.9416668401831655
2775,2020-05-10,0.003990075855017761,0.9960099241449822
2776,2020-05-10,0.01055230894983783,0.9894476910501622
2777,2020-05-10,0.025678513083606358,0.9743214869163936
2778,2020-05-10,0.007705652160163945,0.992294347839836
2779,2020-05-10,0.002814045775547225,0.9971859542244528
2780,2020-05-10,0.03726150194793998,0.96273849805206
2781,2020-05-10,0.02810863891388793,0.9718913610861121
2782,2020-05-10,0.03283018649642577,0.9671698135035742
2783,2020-05-10,0.008223773799788447,0.9917762262002116
2784,2020-05-10,0.01178246696466101,0.988217533035339
2785,2020-05-10,0.018873104914908678,0.9811268950850913
2786,2020-05-10,0.006200199754350266,0.9937998002456497
2787,2020-05-10,0.008123554161236002,0.991876445838764
2790,2020-05-10,0.027830073445798686,0.9721699265542013
2791,2020-05-10,0.009465037003717924,0.9905349629962821
2792,2020-05-10,0.018373153287287725,0.9816268467127123
2793,2020-05-10,0.0031449747382615856,0.9968550252617384
2794,2020-05-10,0.021977424743746088,0.9780225752562539
2795,2020-05-10,0.01518407419856449,0.9848159258014355
2796,2020-05-10,0.016547873803917534,0.9834521261960825
2797,2020-05-10,0.015511946684591438,0.9844880533154086
2798,2020-05-10,0.01851267971395132,0.9814873202860487
2799,2020-05-10,0.01660437841177753,0.9833956215882225
2800,2020-05-10,0.02971501170517199,0.970284988294828
2801,2020-05-10,0.010778970879761207,0.9892210291202388
2802,2020-05-10,0.010431758793684964,0.989568241206315
2803,2020-05-10,0.004867269514944761,0.9951327304850552
2804,2020-05-10,0.045590285527612795,0.9544097144723872
2805,2020-05-10,0.014178342525468679,0.9858216574745313
2806,2020-05-10,0.014857345369507668,0.9851426546304923
2807,2020-05-10,0.01681657348863308,0.9831834265113669
2808,2020-05-10,0.0078043915573270395,0.992195608442673
2809,2020-05-10,0.13225096491904642,0.8677490350809536
2810,2020-05-10,0.059629469470917185,0.9403705305290828
2811,2020-05-10,0.02323562670218049,0.9767643732978195
2812,2020-05-10,0.028043967401389147,0.9719560325986109
2813,2020-05-10,0.014334350898592585,0.9856656491014074
2814,2020-05-10,0.01560432601700068,0.9843956739829993
2816,2020-05-10,0.013096045054053373,0.9869039549459466
2817,2020-05-10,0.011994187187649885,0.9880058128123501
2818,2020-05-10,0.02519325169008224,0.9748067483099178
2819,2020-05-10,0.013449727445075998,0.986550272554924
2820,2020-05-10,0.06053484637352635,0.9394651536264736
2821,2020-05-10,0.008773212711120082,0.9912267872888799
2822,2020-05-10,0.009963605942000409,0.9900363940579996
2823,2020-05-10,0.01648965878237918,0.9835103412176208
2824,2020-05-10,0.00930892210497336,0.9906910778950266
2825,2020-05-10,0.00718907042902317,0.9928109295709768
2827,2020-05-10,0.027313816016896975,0.972686183983103
2828,2020-05-10,0.018532843499466378,0.9814671565005336
2829,2020-05-10,0.022891732117462538,0.9771082678825375
2830,2020-05-10,0.033933535687464156,0.9660664643125358
2832,2020-05-10,0.026993725084430875,0.9730062749155691
2833,2020-05-10,0.062064670254688536,0.9379353297453115
2834,2020-05-10,0.05913360622415065,0.9408663937758494
2835,2020-05-10,0.005670790845998974,0.994329209154001
2836,2020-05-10,0.03964117598093975,0.9603588240190603
2837,2020-05-10,0.016828950588604008,0.983171049411396
2838,2020-05-10,0.014952105416530914,0.9850478945834691
2839,2020-05-10,0.01679734936175792,0.9832026506382421
2840,2020-05-10,0.016223859085313208,0.9837761409146868
2842,2020-05-10,0.020023002679307456,0.9799769973206925
2843,2020-05-10,0.02723143689876717,0.9727685631012328
2844,2020-05-10,0.0008256219260183162,0.9991743780739817
2845,2020-05-10,0.011189235656713703,0.9888107643432863
2846,2020-05-10,0.019733784782658303,0.9802662152173417
2847,2020-05-10,0.040317415660545586,0.9596825843394544
2848,2020-05-10,0.013509409141388096,0.9864905908586119
2849,2020-05-10,0.015109988429066079,0.9848900115709339
2850,2020-05-10,0.016187689286934703,0.9838123107130653
2852,2020-05-10,0.007285122804666755,0.9927148771953332
2853,2020-05-10,0.008521745942619341,0.9914782540573807
2854,2020-05-10,0.014989941726575529,0.9850100582734245
2855,2020-05-10,0.029203856263973482,0.9707961437360265
2856,2020-05-10,0.02880193372414941,0.9711980662758506
2857,2020-05-10,0.021871063791946588,0.9781289362080534
2858,2020-05-10,0.016780234963737928,0.9832197650362621
2859,2020-05-10,0.040904115961837295,0.9590958840381627
2860,2020-05-10,0.01958036640745109,0.9804196335925489
2861,2020-05-10,0.007678097331327738,0.9923219026686723
2862,2020-05-10,0.0551786835714132,0.9448213164285868
2863,2020-05-10,0.03884093059148819,0.9611590694085118
2864,2020-05-10,0.004397675643383225,0.9956023243566168
2865,2020-05-10,0.02111051453300905,0.978889485466991
2866,2020-05-10,0.011843538685951227,0.9881564613140488
2867,2020-05-10,0.014504798967997945,0.985495201032002
2868,2020-05-10,0.05791249398227594,0.9420875060177241
2869,2020-05-10,0.0831676855432465,0.9168323144567535
2870,2020-05-10,0.02569927505547165,0.9743007249445284
2871,2020-05-10,0.028631368224026232,0.9713686317759738
2872,2020-05-10,0.007046436545086743,0.9929535634549133
2873,2020-05-10,0.02069647499995575,0.9793035250000443
2874,2020-05-10,0.017082475738136926,0.9829175242618631
2875,2020-05-10,0.04540623698908708,0.9545937630109129
2876,2020-05-10,0.003331737898647158,0.9966682621013528
2877,2020-05-10,0.01672885661365142,0.9832711433863486
2878,2020-05-10,0.015019013612718957,0.984980986387281
2880,2020-05-10,0.020570890778618955,0.979429109221381
2881,2020-05-10,0.005363850457657193,0.9946361495423428
2883,2020-05-10,0.017039435439106243,0.9829605645608938
2884,2020-05-10,0.05010756099026881,0.9498924390097312
2885,2020-05-10,0.004257919132346744,0.9957420808676533
2886,2020-05-10,0.01871756189876872,0.9812824381012313
2887,2020-05-10,0.015812521228387943,0.9841874787716121
2888,2020-05-10,0.01128359045184646,0.9887164095481535
2889,2020-05-10,0.019585594849886756,0.9804144051501132
2890,2020-05-10,0.002286788041130139,0.9977132119588699
2891,2020-05-10,0.05089287937193754,0.9491071206280625
2892,2020-05-10,0.02790094590153147,0.9720990540984685
2893,2020-05-10,0.026229767565481343,0.9737702324345187
2894,2020-05-10,0.01450184861209558,0.9854981513879044
2895,2020-05-10,0.005854948627834311,0.9941450513721657
2896,2020-05-10,0.026044241071247365,0.9739557589287526
2897,2020-05-10,0.06272127506710101,0.937278724932899
2898,2020-05-10,0.018912852400940205,0.9810871475990598
2899,2020-05-10,0.006902208551052502,0.9930977914489475
2900,2020-05-10,0.003779246156329741,0.9962207538436703
2901,2020-05-10,0.0601970183830296,0.9398029816169704
2902,2020-05-10,0.03147963022977063,0.9685203697702294
2903,2020-05-10,0.005697103425592931,0.9943028965744071
2904,2020-05-10,0.003695615712469791,0.9963043842875302
2905,2020-05-10,0.035405375693561614,0.9645946243064384
2906,2020-05-10,0.07148716013250545,0.9285128398674946
2907,2020-05-10,0.004055692975623804,0.9959443070243762
2908,2020-05-10,0.03486191045644149,0.9651380895435585
2909,2020-05-10,0.005410622971185108,0.9945893770288149
2910,2020-05-10,0.02063731551013881,0.9793626844898612
2911,2020-05-10,0.013561428647923868,0.9864385713520761
2913,2020-05-10,0.008889076472448965,0.991110923527551
2914,2020-05-10,0.006377734817709757,0.9936222651822902
2915,2020-05-10,0.014354133487659793,0.9856458665123402
2917,2020-05-10,0.029435156402794704,0.9705648435972053
2918,2020-05-10,0.050521824637626445,0.9494781753623736
2919,2020-05-10,0.0121303786408955,0.9878696213591045
2920,2020-05-10,0.04391075870819472,0.9560892412918053
2921,2020-05-10,0.03726067362910135,0.9627393263708987
2922,2020-05-10,0.015599029442376011,0.984400970557624
2923,2020-05-10,0.00662250361638872,0.9933774963836113
2924,2020-05-10,0.00819895735111742,0.9918010426488826
2925,2020-05-10,0.017371381433130884,0.9826286185668691
2926,2020-05-10,0.020255495145590885,0.9797445048544091
2927,2020-05-10,0.008205552830080953,0.991794447169919
2928,2020-05-10,0.01673978670471965,0.9832602132952803
2929,2020-05-10,0.0008665518721434617,0.9991334481278565
2930,2020-05-10,0.030787587335016187,0.9692124126649838
2931,2020-05-10,0.008787667422870848,0.9912123325771292
2932,2020-05-10,0.005242461109797758,0.9947575388902022
2933,2020-05-10,0.015410576569246603,0.9845894234307534
2935,2020-05-10,0.00931679511702721,0.9906832048829728
2936,2020-05-10,0.004415217558245921,0.9955847824417541
2937,2020-05-10,0.0046014265887663885,0.9953985734112336
2939,2020-05-10,0.017561074267428922,0.9824389257325711
2940,2020-05-10,0.0031116192705185064,0.9968883807294815
2942,2020-05-10,0.08812406089067693,0.9118759391093231
2943,2020-05-10,0.012813854648711431,0.9871861453512886
2944,2020-05-10,0.012587202857480828,0.9874127971425192
2946,2020-05-10,0.055574318363281305,0.9444256816367187
2947,2020-05-10,0.055858290030580626,0.9441417099694194
2948,2020-05-10,0.014653927535209665,0.9853460724647903
2949,2020-05-10,0.015439187967295154,0.9845608120327048
2950,2020-05-10,0.017101825697667383,0.9828981743023326
2951,2020-05-10,0.009395879488064529,0.9906041205119355
2953,2020-05-10,0.02721036300548596,0.972789636994514
2954,2020-05-10,0.0075093441888693935,0.9924906558111306
2955,2020-05-10,0.011960404530343083,0.9880395954696569
2956,2020-05-10,0.058614369649785614,0.9413856303502144
2957,2020-05-10,0.02099777373258449,0.9790022262674155
2958,2020-05-10,0.01105871897076205,0.988941281029238
2959,2020-05-10,0.004232581794183288,0.9957674182058167
2961,2020-05-10,0.008150055757586427,0.9918499442424136
2962,2020-05-10,0.022494378807584314,0.9775056211924157
2964,2020-05-10,0.017692143053381515,0.9823078569466185
2966,2020-05-10,0.010180567096410353,0.9898194329035896
2967,2020-05-10,0.08399262719923983,0.9160073728007602
2968,2020-05-10,0.016073974693715742,0.9839260253062843
2969,2020-05-10,0.03666340610159602,0.963336593898404
2970,2020-05-10,0.005982049166539771,0.9940179508334602
2971,2020-05-10,0.05145690556872706,0.9485430944312729
2972,2020-05-10,0.03553299090544648,0.9644670090945535
2973,2020-05-10,0.016162089987452166,0.9838379100125478
2974,2020-05-10,0.004909103856795771,0.9950908961432042
2975,2020-05-10,0.14698187605949875,0.8530181239405012
2976,2020-05-10,0.009713396728612933,0.9902866032713871
2977,2020-05-10,0.014937173062328668,0.9850628269376713
2978,2020-05-10,0.04931197474958304,0.950688025250417
2979,2020-05-10,0.03674219097136222,0.9632578090286378
2980,2020-05-10,0.03241272644861393,0.9675872735513861
2982,2020-05-10,0.012415392796475522,0.9875846072035245
2983,2020-05-10,0.00521931347124549,0.9947806865287545
2984,2020-05-10,0.010870180933318041,0.989129819066682
2985,2020-05-10,0.004732413538067748,0.9952675864619323
2988,2020-05-10,0.028835753637225237,0.9711642463627748
2990,2020-05-10,0.022964936164824423,0.9770350638351756
2991,2020-05-10,0.03925509179790798,0.960744908202092
2992,2020-05-10,0.03971128461376161,0.9602887153862384
2993,2020-05-10,0.007238682032624455,0.9927613179673755
2994,2020-05-10,0.006156662690380288,0.9938433373096197
2995,2020-05-10,0.0013472553086421035,0.9986527446913579
2996,2020-05-10,0.004069036885451349,0.9959309631145487
2997,2020-05-10,0.021792886643203335,0.9782071133567967
2998,2020-05-10,0.03677102035066615,0.9632289796493338
2999,2020-05-10,0.0053157298949911835,0.9946842701050088
3000,2020-05-10,0.0028249086686031877,0.9971750913313968
3001,2020-05-10,0.02123970423865773,0.9787602957613423
3002,2020-05-10,0.03342091126429203,0.966579088735708
3003,2020-05-10,0.02797991663758903,0.972020083362411
3004,2020-05-10,0.004935586609601805,0.9950644133903982
3005,2020-05-10,0.0012703613581451778,0.9987296386418548
3006,2020-05-10,0.021321389907520194,0.9786786100924798
3007,2020-05-10,0.023436187242878104,0.9765638127571219
3008,2020-05-10,0.01044229985069467,0.9895577001493053
3009,2020-05-10,0.03509076712650416,0.9649092328734958
3010,2020-05-10,0.0204554731581853,0.9795445268418147
3011,2020-05-10,0.009216307592820772,0.9907836924071792
3012,2020-05-10,0.0072220755900933575,0.9927779244099066
3013,2020-05-10,0.0015948559929790385,0.998405144007021
3014,2020-05-10,0.05330472923862295,0.946695270761377
3015,2020-05-10,0.018714529240479005,0.981285470759521
3016,2020-05-10,0.005835934739708337,0.9941640652602917
3017,2020-05-10,0.023004760609897645,0.9769952393901024
3018,2020-05-10,0.044350529062512134,0.9556494709374879
3019,2020-05-10,0.05313825189213339,0.9468617481078666
3020,2020-05-10,0.14321593296040558,0.8567840670395944
3021,2020-05-10,0.014112638124407773,0.9858873618755922
3022,2020-05-10,0.005029925427131099,0.9949700745728689
3023,2020-05-10,0.020286331339969044,0.979713668660031
3024,2020-05-10,0.04452640124377982,0.9554735987562202
3025,2020-05-10,0.009777444549503578,0.9902225554504964
3027,2020-05-10,0.0103064538921539,0.9896935461078461
3030,2020-05-10,0.01198814089335054,0.9880118591066495
3031,2020-05-10,0.028074408971238585,0.9719255910287614
3032,2020-05-10,0.015526349406316475,0.9844736505936835
3034,2020-05-10,0.013736007426386143,0.9862639925736139
3035,2020-05-10,0.013434076296561237,0.9865659237034388
3036,2020-05-10,0.0038867093835034394,0.9961132906164966
3038,2020-05-10,0.019410782017850625,0.9805892179821494
3039,2020-05-10,0.046952771121276715,0.9530472288787233
3040,2020-05-10,0.018932545198956263,0.9810674548010437
3041,2020-05-10,0.03520638493135719,0.9647936150686428
3042,2020-05-10,0.049211443161143675,0.9507885568388563
3043,2020-05-10,0.026110706088148583,0.9738892939118514
3044,2020-05-10,0.004248061239956913,0.9957519387600431
3045,2020-05-10,0.011489133754914449,0.9885108662450856
3046,2020-05-10,0.009634635246728585,0.9903653647532714
3047,2020-05-10,0.02171676035072201,0.978283239649278
3048,2020-05-10,0.0064827376842268025,0.9935172623157732
3049,2020-05-10,0.015760767077502513,0.9842392329224975
3050,2020-05-10,0.011106310876414782,0.9888936891235852
3051,2020-05-10,0.015261333251438969,0.984738666748561
3052,2020-05-10,0.01565460624933057,0.9843453937506694
3053,2020-05-10,0.003821879564566699,0.9961781204354333
3054,2020-05-10,0.029078836978351785,0.9709211630216482
3055,2020-05-10,0.0082718870327535,0.9917281129672465
3056,2020-05-10,0.08758860339104202,0.912411396608958
3057,2020-05-10,0.007294879528977671,0.9927051204710223
3058,2020-05-10,0.002393926837170657,0.9976060731628293
3059,2020-05-10,0.030196795184929126,0.9698032048150709
3060,2020-05-10,0.005942297254204809,0.9940577027457952
3061,2020-05-10,0.004895784247637702,0.9951042157523623
3062,2020-05-10,0.003935611048673682,0.9960643889513263
3063,2020-05-10,0.030102028372007927,0.9698979716279921
3064,2020-05-10,0.035685598577001265,0.9643144014229987
3065,2020-05-10,0.023448992127612533,0.9765510078723875
3066,2020-05-10,0.001356425526384708,0.9986435744736153
3067,2020-05-10,0.0792165820307058,0.9207834179692942
3068,2020-05-10,0.006196854556970499,0.9938031454430295
3069,2020-05-10,0.018527988943298768,0.9814720110567012
3070,2020-05-10,0.030633166249136368,0.9693668337508636
3071,2020-05-10,0.019943022196734272,0.9800569778032657
3072,2020-05-10,0.002904394892575324,0.9970956051074247
3073,2020-05-10,0.02565197080766546,0.9743480291923345
3074,2020-05-10,0.0067524159961033225,0.9932475840038967
3075,2020-05-10,0.04481489605159705,0.955185103948403
3076,2020-05-10,0.008377929637600978,0.991622070362399
3078,2020-05-10,0.010617929163314166,0.9893820708366858
3079,2020-05-10,0.024598856137586944,0.9754011438624131
3080,2020-05-10,0.04170789838279165,0.9582921016172083
3081,2020-05-10,0.013776818202561825,0.9862231817974382
3082,2020-05-10,0.011183845306906637,0.9888161546930934
3083,2020-05-10,0.015395895263896842,0.9846041047361032
3084,2020-05-10,0.005088587455387761,0.9949114125446122
3086,2020-05-10,0.015613648263759106,0.9843863517362409
3087,2020-05-10,0.015250062016379795,0.9847499379836202
3088,2020-05-10,0.004057206658297452,0.9959427933417025
3089,2020-05-10,0.009129859471376456,0.9908701405286235
3090,2020-05-10,0.02545122096623509,0.9745487790337649
3091,2020-05-10,0.01895737726278124,0.9810426227372188
3092,2020-05-10,0.02190798795487081,0.9780920120451292
3093,2020-05-10,0.007796277025043596,0.9922037229749564
3094,2020-05-10,0.01950373166931385,0.9804962683306861
3095,2020-05-10,0.0019041439942945049,0.9980958560057055
3096,2020-05-10,0.028993880777659298,0.9710061192223407
3097,2020-05-10,0.007372972951129153,0.9926270270488708
3098,2020-05-10,0.04085346395838729,0.9591465360416127
3099,2020-05-10,0.017762920842746,0.982237079157254
3100,2020-05-10,0.0021187748733899614,0.99788122512661
3101,2020-05-10,0.030683142537365038,0.969316857462635
3102,2020-05-10,0.04457332703670169,0.9554266729632983
3103,2020-05-10,0.0014831978552484193,0.9985168021447516
3104,2020-05-10,0.030255962073344467,0.9697440379266555
3105,2020-05-10,0.002367499452621602,0.9976325005473784
3106,2020-05-10,0.008098558914907295,0.9919014410850927
3107,2020-05-10,0.03369612958455748,0.9663038704154425
3108,2020-05-10,0.004408440217334664,0.9955915597826653
3109,2020-05-10,0.026604641413393915,0.9733953585866061
3110,2020-05-10,0.0020939249121693093,0.9979060750878307
3111,2020-05-10,0.031091638964573454,0.9689083610354265
3112,2020-05-10,0.004951227497169031,0.995048772502831
3113,2020-05-10,0.009682636423092417,0.9903173635769076
3114,2020-05-10,0.023834074087606072,0.9761659259123939
3115,2020-05-10,0.019453701594076,0.980546298405924
3116,2020-05-10,0.024738121343009234,0.9752618786569908
3117,2020-05-10,0.01381271195890188,0.9861872880410981
3118,2020-05-10,0.01971750462914834,0.9802824953708517
3119,2020-05-10,0.0017876567544921063,0.9982123432455079
3120,2020-05-10,0.01319627482972796,0.986803725170272
3121,2020-05-10,0.04621585356541713,0.9537841464345829
3122,2020-05-10,0.0070271777087561604,0.9929728222912438
3123,2020-05-10,0.027187096698707447,0.9728129033012926
3124,2020-05-10,0.001924034339619518,0.9980759656603805
3125,2020-05-10,0.03184380548933308,0.9681561945106669
3126,2020-05-10,0.01408544431523362,0.9859145556847664
3127,2020-05-10,0.04581481278393473,0.9541851872160653
3128,2020-05-10,0.005855506308925729,0.9941444936910743
3129,2020-05-10,0.03958861212973408,0.9604113878702659
3131,2020-05-10,0.0084937936644085,0.9915062063355915
3132,2020-05-10,0.010842117853582023,0.989157882146418
3133,2020-05-10,0.008885571178799179,0.9911144288212008
3134,2020-05-10,0.0042784972299487745,0.9957215027700512
3135,2020-05-10,0.0026987761188880244,0.997301223881112
3136,2020-05-10,0.033203590000358996,0.966796409999641
3137,2020-05-10,0.01625195281046743,0.9837480471895326
3138,2020-05-10,0.012680259612712796,0.9873197403872872
3140,2020-05-10,0.008125990684106577,0.9918740093158934
3141,2020-05-10,0.012872732197774295,0.9871272678022257
3142,2020-05-10,0.004539530038133344,0.9954604699618667
3143,2020-05-10,0.012371889170467054,0.987628110829533
3144,2020-05-10,0.015775874836034598,0.9842241251639654
3145,2020-05-10,0.016478721561643983,0.983521278438356
3146,2020-05-10,0.012082951576717571,0.9879170484232824
3147,2020-05-10,0.019250490271512155,0.9807495097284878
3148,2020-05-10,0.03636699196188864,0.9636330080381114
3150,2020-05-10,0.017608475604615204,0.9823915243953848
3151,2020-05-10,0.009165761608877943,0.9908342383911221
3152,2020-05-10,0.025463283711204765,0.9745367162887952
3154,2020-05-10,0.0024072023710427493,0.9975927976289573
3155,2020-05-10,0.05472667403320208,0.9452733259667979
3156,2020-05-10,0.005289931635405143,0.9947100683645949
3157,2020-05-10,0.015160590692369857,0.9848394093076301
3158,2020-05-10,0.033489002562151704,0.9665109974378483
3159,2020-05-10,0.0518539848527203,0.9481460151472797
3162,2020-05-10,0.017619876866697415,0.9823801231333026
3163,2020-05-10,0.005313984640940239,0.9946860153590598
3164,2020-05-10,0.047188172880971546,0.9528118271190285
3165,2020-05-10,0.003067243618457449,0.9969327563815426
3166,2020-05-10,0.019060737085346613,0.9809392629146534
3168,2020-05-10,0.0027460839675345072,0.9972539160324655
3169,2020-05-10,0.04434531499172012,0.9556546850082799
3170,2020-05-10,0.059071473459118784,0.9409285265408812
3172,2020-05-10,0.005613391517913069,0.9943866084820869
3173,2020-05-10,0.0187164571733055,0.9812835428266945
3174,2020-05-10,0.015880022770366264,0.9841199772296337
3175,2020-05-10,0.020043722934103614,0.9799562770658964
3176,2020-05-10,0.01782819759450227,0.9821718024054977
3177,2020-05-10,0.030845442722458483,0.9691545572775415
3178,2020-05-10,0.05181569537084474,0.9481843046291553
3179,2020-05-10,0.01882826085698197,0.981171739143018
3180,2020-05-10,0.009052151369450478,0.9909478486305495
3181,2020-05-10,0.010905276046808354,0.9890947239531916
3182,2020-05-10,0.005964593357587367,0.9940354066424126
3183,2020-05-10,0.019603071528816574,0.9803969284711834
3184,2020-05-10,0.02586223542323307,0.9741377645767669
3185,2020-05-10,0.02124050613144901,0.978759493868551
3186,2020-05-10,0.012958193867913192,0.9870418061320868
3187,2020-05-10,0.012188766243206084,0.9878112337567939
3188,2020-05-10,0.013979326398937175,0.9860206736010628
3189,2020-05-10,0.006479772382328108,0.9935202276176719
3190,2020-05-10,0.015325076826118722,0.9846749231738813
3191,2020-05-10,0.018286268812839346,0.9817137311871607
3192,2020-05-10,0.0048820071848267865,0.9951179928151732
3193,2020-05-10,0.012181123749185674,0.9878188762508143
3194,2020-05-10,0.0019491470798017607,0.9980508529201982
3195,2020-05-10,0.01139759698816123,0.9886024030118388
3196,2020-05-10,0.02918141629194526,0.9708185837080547
3197,2020-05-10,0.02949851846789986,0.9705014815321001
3198,2020-05-10,0.005830141624524443,0.9941698583754756
3199,2020-05-10,0.018789326184223465,0.9812106738157765
3200,2020-05-10,0.019905020970619303,0.9800949790293807
3203,2020-05-10,0.002635796159161319,0.9973642038408387
3204,2020-05-10,0.00595733650540764,0.9940426634945924
3206,2020-05-10,0.007809241869933259,0.9921907581300667
3209,2020-05-10,0.027901213716696627,0.9720987862833034
3210,2020-05-10,0.005865350458607699,0.9941346495413923
3211,2020-05-10,0.031802090850203246,0.9681979091497968
3212,2020-05-10,0.023857854727012073,0.9761421452729879
3213,2020-05-10,0.019299800411827217,0.9807001995881728
3214,2020-05-10,0.011475885869819624,0.9885241141301804
3215,2020-05-10,0.006899043392339821,0.9931009566076602
3216,2020-05-10,0.018164855571660365,0.9818351444283396
3217,2020-05-10,0.002507077087858356,0.9974929229121416
3218,2020-05-10,0.002533208139807397,0.9974667918601926
3220,2020-05-10,0.006387128920391172,0.9936128710796088
3221,2020-05-10,0.028066882082334432,0.9719331179176656
3222,2020-05-10,0.012314788222558604,0.9876852117774414
3223,2020-05-10,0.029599610786440578,0.9704003892135594
3224,2020-05-10,0.0032580404705762067,0.9967419595294238
3225,2020-05-10,0.007118831163812733,0.9928811688361873
3226,2020-05-10,0.010465687696830761,0.9895343123031692
3227,2020-05-10,0.009729524274455614,0.9902704757255444
3228,2020-05-10,0.022653532658557962,0.977346467341442
3230,2020-05-10,0.03477420076940274,0.9652257992305973
3231,2020-05-10,0.06479981865081863,0.9352001813491814
3232,2020-05-10,0.014706410476973075,0.9852935895230269
3233,2020-05-10,0.016885990739411105,0.9831140092605889
3234,2020-05-10,0.006637895996870702,0.9933621040031293
3235,2020-05-10,0.006075321224678909,0.9939246787753211
3236,2020-05-10,0.0029051133749813385,0.9970948866250187
3237,2020-05-10,0.004152796413086524,0.9958472035869135
3238,2020-05-10,0.018258943257384308,0.9817410567426157
3239,2020-05-10,0.017469287936743294,0.9825307120632567
3241,2020-05-10,0.007086263605671661,0.9929137363943283
3242,2020-05-10,0.010379985126126035,0.989620014873874
3243,2020-05-10,0.018803402312406403,0.9811965976875936
3244,2020-05-10,0.047345676409144,0.952654323590856
3245,2020-05-10,0.0035337613747130625,0.9964662386252869
3247,2020-05-10,0.005746934648795721,0.9942530653512043
3248,2020-05-10,0.0030315271951737444,0.9969684728048263
3250,2020-05-10,0.019042793152228454,0.9809572068477715
3251,2020-05-10,0.0073778541334735825,0.9926221458665264
3252,2020-05-10,0.04112905241615894,0.9588709475838411
3253,2020-05-10,0.025515867657308844,0.9744841323426912
3254,2020-05-10,0.018775014684875746,0.9812249853151243
3255,2020-05-10,0.022985180235134517,0.9770148197648655
3256,2020-05-10,0.0041564746552672505,0.9958435253447327
3257,2020-05-10,0.05841204047556847,0.9415879595244315
3258,2020-05-10,0.012702578595622072,0.9872974214043779
3259,2020-05-10,0.0034709433029128656,0.9965290566970871
3260,2020-05-10,0.010946071795303491,0.9890539282046965
3261,2020-05-10,0.009008872830920334,0.9909911271690797
3262,2020-05-10,0.005062957664104695,0.9949370423358953
3263,2020-05-10,0.03081980971032927,0.9691801902896707
3264,2020-05-10,0.01697989588879034,0.9830201041112097
3265,2020-05-10,0.08181881634153154,0.9181811836584685
3266,2020-05-10,0.018469985833766467,0.9815300141662335
3267,2020-05-10,0.04689876040767382,0.9531012395923262
3268,2020-05-10,0.011371332224898723,0.9886286677751013
3269,2020-05-10,0.0025070557705085816,0.9974929442294914
3270,2020-05-10,0.04323694451107718,0.9567630554889228
3271,2020-05-10,0.004913903931336172,0.9950860960686638
3272,2020-05-10,0.02197165436345161,0.9780283456365484
3273,2020-05-10,0.002748095488860458,0.9972519045111395
3274,2020-05-10,0.0048867638646252765,0.9951132361353747
3275,2020-05-10,0.0019051031102576,0.9980948968897424
3276,2020-05-10,0.004940235184599517,0.9950597648154005
3277,2020-05-10,0.014848994222091627,0.9851510057779084
3278,2020-05-10,0.007752819997345006,0.992247180002655
3280,2020-05-10,0.006509270773624509,0.9934907292263755
3281,2020-05-10,0.02536963354495836,0.9746303664550416
3283,2020-05-10,0.10664845696262559,0.8933515430373744
3284,2020-05-10,0.008120019318719418,0.9918799806812806
3286,2020-05-10,0.017931184470964978,0.982068815529035
3287,2020-05-10,0.011996731953588857,0.9880032680464111
3288,2020-05-10,0.01791630504095887,0.9820836949590411
3289,2020-05-10,0.0009098624409457079,0.9990901375590543
3290,2020-05-10,0.003006580759792876,0.9969934192402071
3292,2020-05-10,0.011294580270645671,0.9887054197293543
3293,2020-05-10,0.0230870637941053,0.9769129362058947
3294,2020-05-10,0.010531884614776166,0.9894681153852238
3295,2020-05-10,0.02059822920889287,0.9794017707911071
3296,2020-05-10,0.0031694460542283087,0.9968305539457717
3297,2020-05-10,0.007979842599927456,0.9920201574000725
3298,2020-05-10,0.006051419705720207,0.9939485802942798
3299,2020-05-10,0.005429325171639077,0.9945706748283609
3300,2020-05-10,0.01642935886458663,0.9835706411354134
3301,2020-05-10,0.020365308372526925,0.9796346916274731
3302,2020-05-10,0.0020062891041301434,0.9979937108958699
3303,2020-05-10,0.010638797849735093,0.9893612021502649
3305,2020-05-10,0.00923057875333444,0.9907694212466656
3306,2020-05-10,0.006582062680051237,0.9934179373199488
3307,2020-05-10,0.026185616519476262,0.9738143834805237
3308,2020-05-10,0.01481435990519775,0.9851856400948023
3309,2020-05-10,0.021361617383187537,0.9786383826168125
3310,2020-05-10,0.003836644538848244,0.9961633554611518
3311,2020-05-10,0.007707253018517379,0.9922927469814826
3312,2020-05-10,0.01727322692620048,0.9827267730737995
3314,2020-05-10,0.017315153813916018,0.982684846186084
3315,2020-05-10,0.004441988351929771,0.9955580116480702
3316,2020-05-10,0.009388815128856809,0.9906111848711432
3317,2020-05-10,0.013518563315209176,0.9864814366847908
3318,2020-05-10,0.03289352009822788,0.9671064799017721
3319,2020-05-10,0.011097810629969618,0.9889021893700304
3321,2020-05-10,0.05009025915690224,0.9499097408430978
3322,2020-05-10,0.029902297994762184,0.9700977020052378
3323,2020-05-10,0.006277393364869321,0.9937226066351307
3324,2020-05-10,0.014986311567052102,0.9850136884329479
3325,2020-05-10,0.008809622306137688,0.9911903776938623
3326,2020-05-10,0.008966064573581622,0.9910339354264184
3327,2020-05-10,0.0045966407630960715,0.9954033592369039
3328,2020-05-10,0.062123360986765186,0.9378766390132348
3329,2020-05-10,0.00496468089082891,0.9950353191091711
3331,2020-05-10,0.0099843598651439,0.9900156401348561
3332,2020-05-10,0.012004452240431895,0.9879955477595681
3333,2020-05-10,0.02790737709080593,0.9720926229091941
3334,2020-05-10,0.006322770486282159,0.9936772295137178
3336,2020-05-10,0.012116418858912348,0.9878835811410877
3337,2020-05-10,0.008029526546879162,0.9919704734531208
3338,2020-05-10,0.010553985389368803,0.9894460146106312
3339,2020-05-10,0.016659185522295172,0.9833408144777048
3340,2020-05-10,0.0030799143156833297,0.9969200856843167
3341,2020-05-10,0.005666937863559429,0.9943330621364406
3342,2020-05-10,0.00900830167783595,0.990991698322164
3343,2020-05-10,0.042331878752723484,0.9576681212472765
3344,2020-05-10,0.037355834547102784,0.9626441654528972
3345,2020-05-10,0.014834467482660263,0.9851655325173397
3347,2020-05-10,0.020262088099769815,0.9797379119002302
3348,2020-05-10,0.015819141327010344,0.9841808586729897
3349,2020-05-10,0.019315478025574317,0.9806845219744257
3351,2020-05-10,0.008775735318277467,0.9912242646817225
3352,2020-05-10,0.0034343789302992977,0.9965656210697007
3353,2020-05-10,0.0039069206705184545,0.9960930793294815
3354,2020-05-10,0.013428756862177926,0.9865712431378221
3356,2020-05-10,0.06394763499665412,0.9360523650033459
3358,2020-05-10,0.01923982602539165,0.9807601739746084
3359,2020-05-10,0.020286605872378072,0.9797133941276219
3362,2020-05-10,0.019786556123043475,0.9802134438769565
3364,2020-05-10,0.023482178376208473,0.9765178216237915
3365,2020-05-10,0.012167492246370593,0.9878325077536294
3366,2020-05-10,0.0033966098602897787,0.9966033901397102
3367,2020-05-10,0.018300616961059446,0.9816993830389406
3368,2020-05-10,0.005603122441182107,0.9943968775588179
3369,2020-05-10,0.008703659644476502,0.9912963403555235
3370,2020-05-10,0.023520309414644114,0.9764796905853559
3371,2020-05-10,0.013577508950971762,0.9864224910490282
3372,2020-05-10,0.009995437880402469,0.9900045621195975
3373,2020-05-10,0.05040470744502734,0.9495952925549727
3374,2020-05-10,0.004250201874938853,0.9957497981250611
3375,2020-05-10,0.03894585610621515,0.9610541438937849
3376,2020-05-10,0.06934649089163092,0.9306535091083691
3377,2020-05-10,0.013700688543984207,0.9862993114560158
3378,2020-05-10,0.04502764773569079,0.9549723522643092
3379,2020-05-10,0.02209750114614939,0.9779024988538506
3380,2020-05-10,0.007530434325848989,0.992469565674151
3381,2020-05-10,0.012408602842528094,0.9875913971574719
3383,2020-05-10,0.005531806933683159,0.9944681930663168
3384,2020-05-10,0.07918077439407434,0.9208192256059257
3386,2020-05-10,0.014659664429549357,0.9853403355704506
3387,2020-05-10,0.007882551101576318,0.9921174488984237
3388,2020-05-10,0.014406391905799287,0.9855936080942007
3389,2020-05-10,0.02854943803314325,0.9714505619668568
3390,2020-05-10,0.03527557298331485,0.9647244270166851
3391,2020-05-10,0.013562325413381204,0.9864376745866188
3392,2020-05-10,0.006273592318035814,0.9937264076819642
3393,2020-05-10,0.04212316623755097,0.957876833762449
3394,2020-05-10,0.046428370113737905,0.9535716298862621
3395,2020-05-10,0.032007386545885086,0.9679926134541149
3396,2020-05-10,0.050520636111242245,0.9494793638887578
3397,2020-05-10,0.0029697665314442068,0.9970302334685558
3399,2020-05-10,0.05791570970018667,0.9420842902998133
3400,2020-05-10,0.023209601008549186,0.9767903989914508
3401,2020-05-10,0.009977767583920993,0.990022232416079
3402,2020-05-10,0.01492105839439084,0.9850789416056092
3403,2020-05-10,0.010200391268331943,0.9897996087316681
3404,2020-05-10,0.00943188922553273,0.9905681107744673
3405,2020-05-10,0.018148247420396557,0.9818517525796034
3406,2020-05-10,0.007225472524660437,0.9927745274753396
3407,2020-05-10,0.012998405535495583,0.9870015944645044
3408,2020-05-10,0.027684013265947494,0.9723159867340525
3409,2020-05-10,0.008866519807371409,0.9911334801926286
3410,2020-05-10,0.03632469016089335,0.9636753098391067
3411,2020-05-10,0.004531872293399575,0.9954681277066004
3412,2020-05-10,0.021527540978157678,0.9784724590218423
3413,2020-05-10,0.004560988010192668,0.9954390119898073
3414,2020-05-10,0.01980957789548987,0.9801904221045101
3415,2020-05-10,0.020808972128630754,0.9791910278713692
3416,2020-05-10,0.027398653773466397,0.9726013462265336
3417,2020-05-10,0.004660551806847657,0.9953394481931523
3418,2020-05-10,0.0024651326882558777,0.9975348673117441
3419,2020-05-10,0.02796664768019963,0.9720333523198004
3420,2020-05-10,0.04038066923639594,0.9596193307636041
3422,2020-05-10,0.026662991956942772,0.9733370080430572
3423,2020-05-10,0.014513991413681704,0.9854860085863183
3424,2020-05-10,0.06263181849199129,0.9373681815080087
3425,2020-05-10,0.06509256696359722,0.9349074330364028
3426,2020-05-10,0.013396001755622944,0.9866039982443771
3428,2020-05-10,0.031134862092210613,0.9688651379077894
3429,2020-05-10,0.013420575763000042,0.986579424237
3430,2020-05-10,0.005622550865859943,0.9943774491341401
3431,2020-05-10,0.00589009604175883,0.9941099039582412
3432,2020-05-10,0.005897684280944393,0.9941023157190556
3433,2020-05-10,0.02012782735283769,0.9798721726471623
3434,2020-05-10,0.010805807452497374,0.9891941925475026
3436,2020-05-10,0.01449303500482757,0.9855069649951724
3437,2020-05-10,0.004076211175447209,0.9959237888245528
3438,2020-05-10,0.0032658042625269834,0.996734195737473
3439,2020-05-10,0.020788203104542657,0.9792117968954573
3440,2020-05-10,0.002775562846361379,0.9972244371536386
3441,2020-05-10,0.04266287331128471,0.9573371266887153
3442,2020-05-10,0.010668262453543242,0.9893317375464568
3443,2020-05-10,0.0024338202285776322,0.9975661797714224
3444,2020-05-10,0.020531835283557842,0.9794681647164422
3445,2020-05-10,0.01577683008156605,0.984223169918434
3446,2020-05-10,0.0018571737658480414,0.998142826234152
3447,2020-05-10,0.0373374514723005,0.9626625485276995
3449,2020-05-10,0.017088191729859425,0.9829118082701406
3451,2020-05-10,0.03564266535083649,0.9643573346491635
3452,2020-05-10,0.009690760750847627,0.9903092392491524
3453,2020-05-10,0.01828723995061321,0.9817127600493868
3454,2020-05-10,0.006146854224126752,0.9938531457758732
3455,2020-05-10,0.03761050620791473,0.9623894937920853
3456,2020-05-10,0.031311106455588766,0.9686888935444112
3457,2020-05-10,0.05660535300207448,0.9433946469979255
3458,2020-05-10,0.047560319921867045,0.952439680078133
3460,2020-05-10,0.01281145267836492,0.9871885473216351
3461,2020-05-10,0.014674700448658484,0.9853252995513415
3462,2020-05-10,0.011068315590669453,0.9889316844093305
3463,2020-05-10,0.021655832117122964,0.978344167882877
3464,2020-05-10,0.010298673701912842,0.9897013262980872
3465,2020-05-10,0.03541930107632185,0.9645806989236781
3466,2020-05-10,0.014670833932125538,0.9853291660678745
3467,2020-05-10,0.005105877151498239,0.9948941228485018
3468,2020-05-10,0.017185913146473775,0.9828140868535262
3469,2020-05-10,0.004754653948621845,0.9952453460513782
3470,2020-05-10,0.01860842435019494,0.9813915756498051
3471,2020-05-10,0.001748795528799807,0.9982512044712002
3472,2020-05-10,0.005643104830240331,0.9943568951697597
3473,2020-05-10,0.0029341688613819805,0.997065831138618
3474,2020-05-10,0.010956606564072602,0.9890433934359274
3475,2020-05-10,0.015782690539225763,0.9842173094607742
3476,2020-05-10,0.007872662156471977,0.992127337843528
3477,2020-05-10,0.014121104399300255,0.9858788956006997
3478,2020-05-10,0.12447705951581012,0.8755229404841899
3480,2020-05-10,0.02845919187250967,0.9715408081274903
3481,2020-05-10,0.02335036821219416,0.9766496317878058
3483,2020-05-10,0.018836585344477408,0.9811634146555226
3484,2020-05-10,0.014778618859295434,0.9852213811407046
3485,2020-05-10,0.0075541205910216735,0.9924458794089783
3486,2020-05-10,0.016011766629453694,0.9839882333705463
3487,2020-05-10,0.033133678442542114,0.9668663215574579
3488,2020-05-10,0.018704295066513277,0.9812957049334867
3489,2020-05-10,0.0022767393841487404,0.9977232606158513
3490,2020-05-10,0.010688900981924987,0.989311099018075
3491,2020-05-10,0.0018258772207578877,0.9981741227792421
3492,2020-05-10,0.00366025318951102,0.996339746810489
3494,2020-05-10,0.044247215098054404,0.9557527849019456
3495,2020-05-10,0.04189799841360542,0.9581020015863946
3496,2020-05-10,0.005906966599702912,0.9940930334002971
3497,2020-05-10,0.020632274932889882,0.9793677250671101
3498,2020-05-10,0.012870813337875209,0.9871291866621248
3499,2020-05-10,0.0074157512805147485,0.9925842487194853
3500,2020-05-10,0.008740773697834436,0.9912592263021656
3501,2020-05-10,0.00713188297340317,0.9928681170265968
3502,2020-05-10,0.004597650972603562,0.9954023490273964
3503,2020-05-10,0.011746669233643425,0.9882533307663566
3504,2020-05-10,0.014658958152772072,0.9853410418472279
3505,2020-05-10,0.028573380716924612,0.9714266192830754
3506,2020-05-10,0.023349275049256546,0.9766507249507435
3507,2020-05-10,0.01593082549267144,0.9840691745073286
3508,2020-05-10,0.03544301001765837,0.9645569899823416
3509,2020-05-10,0.006673787726591107,0.9933262122734089
3510,2020-05-10,0.009989489159409004,0.990010510840591
3511,2020-05-10,0.01862548673142128,0.9813745132685787
3512,2020-05-10,0.005402512093409806,0.9945974879065902
3513,2020-05-10,0.0068506793997922255,0.9931493206002078
3514,2020-05-10,0.018252496479054137,0.9817475035209459
3515,2020-05-10,0.024067726459684247,0.9759322735403158
3518,2020-05-10,0.013898628742672003,0.986101371257328
3519,2020-05-10,0.0054683144349149115,0.9945316855650851
3520,2020-05-10,0.06929271143047644,0.9307072885695236
3521,2020-05-10,0.01183162169860541,0.9881683783013946
3522,2020-05-10,0.012194098539585974,0.987805901460414
3523,2020-05-10,0.007081849442280519,0.9929181505577195
3524,2020-05-10,0.023787652491538913,0.9762123475084611
3525,2020-05-10,0.028616098713484917,0.9713839012865151
3527,2020-05-10,0.004099373880672164,0.9959006261193278
3528,2020-05-10,0.00549071128472578,0.9945092887152742
3529,2020-05-10,0.01946689463903617,0.9805331053609638
3530,2020-05-10,0.030126416777247922,0.9698735832227521
3531,2020-05-10,0.03123540136957237,0.9687645986304276
3532,2020-05-10,0.033950018851713226,0.9660499811482868
3533,2020-05-10,0.005808913362842838,0.9941910866371572
3534,2020-05-10,0.007350193088283996,0.992649806911716
3536,2020-05-10,0.05437220886211258,0.9456277911378874
3537,2020-05-10,0.010246287143182875,0.9897537128568171
3538,2020-05-10,0.010699885724508418,0.9893001142754916
3539,2020-05-10,0.03428142676477741,0.9657185732352226
3540,2020-05-10,0.011918819616520748,0.9880811803834793
3541,2020-05-10,0.006413260505109819,0.9935867394948902
3542,2020-05-10,0.017389871242382005,0.982610128757618
3544,2020-05-10,0.01156037198668014,0.9884396280133199
3545,2020-05-10,0.030914585405709016,0.969085414594291
3546,2020-05-10,0.01624148678957915,0.9837585132104208
3547,2020-05-10,0.005169307694054215,0.9948306923059458
3548,2020-05-10,0.048694855462642184,0.9513051445373578
3549,2020-05-10,0.0034166473846050094,0.996583352615395
3550,2020-05-10,0.010824895854437133,0.9891751041455629
3551,2020-05-10,0.017858232920708983,0.982141767079291
3552,2020-05-10,0.009496396378987582,0.9905036036210124
3553,2020-05-10,0.0026759844014362377,0.9973240155985638
3554,2020-05-10,0.020545717800474872,0.9794542821995251
3555,2020-05-10,0.02123774321498395,0.978762256785016
3556,2020-05-10,0.007571779924486877,0.9924282200755131
3557,2020-05-10,0.011062453303348763,0.9889375466966512
3558,2020-05-10,0.009082381401750106,0.9909176185982499
3559,2020-05-10,0.007887715456512345,0.9921122845434877
3560,2020-05-10,0.036991353070214394,0.9630086469297856
3561,2020-05-10,0.013624708830344057,0.9863752911696559
3562,2020-05-10,0.015399183059713661,0.9846008169402863
3563,2020-05-10,0.017439547068882177,0.9825604529311178
3564,2020-05-10,0.013029725978276785,0.9869702740217232
3565,2020-05-10,0.0063342745668864,0.9936657254331136
3566,2020-05-10,0.00437492338782175,0.9956250766121783
3568,2020-05-10,0.019658700931848405,0.9803412990681516
3569,2020-05-10,0.03498059123483077,0.9650194087651692
3570,2020-05-10,0.017288605463501527,0.9827113945364985
3572,2020-05-10,0.003901243642134733,0.9960987563578653
3573,2020-05-10,0.0146264251413325,0.9853735748586675
3574,2020-05-10,0.026431325749941337,0.9735686742500587
3576,2020-05-10,0.010865457866322314,0.9891345421336777
3577,2020-05-10,0.03687991284759273,0.9631200871524073
3578,2020-05-10,0.05692403409300062,0.9430759659069994
3579,2020-05-10,0.014442433534521237,0.9855575664654788
3580,2020-05-10,0.008713378221406387,0.9912866217785936
3581,2020-05-10,0.009255153590406184,0.9907448464095938
3582,2020-05-10,0.03561672954260353,0.9643832704573965
3583,2020-05-10,0.015046798832337172,0.9849532011676628
3584,2020-05-10,0.0025918768820951676,0.9974081231179048
3585,2020-05-10,0.01879995890266084,0.9812000410973392
3586,2020-05-10,0.0382806082717152,0.9617193917282848
3587,2020-05-10,0.034368697032460704,0.9656313029675393
3588,2020-05-10,0.010593588047720703,0.9894064119522793
3589,2020-05-10,0.018108332943709615,0.9818916670562904
3590,2020-05-10,0.012967467510048292,0.9870325324899517
3591,2020-05-10,0.020256717952982894,0.9797432820470171
3592,2020-05-10,0.006307277153054569,0.9936927228469454
3593,2020-05-10,0.00657245171965104,0.993427548280349
3594,2020-05-10,0.06395411344035384,0.9360458865596462
3596,2020-05-10,0.0025575229998024973,0.9974424770001975
3597,2020-05-10,0.0036134373614234994,0.9963865626385765
3598,2020-05-10,0.03656217226101377,0.9634378277389862
3599,2020-05-10,0.04563341313306912,0.9543665868669309
3600,2020-05-10,0.0016734004133590608,0.9983265995866409
3601,2020-05-10,0.01550492123527858,0.9844950787647214
3602,2020-05-10,0.050849651070517754,0.9491503489294822
3604,2020-05-10,0.038304174341966646,0.9616958256580334
3605,2020-05-10,0.011107709382115583,0.9888922906178844
3606,2020-05-10,0.02680559187262843,0.9731944081273716
3607,2020-05-10,0.020225610237073477,0.9797743897629265
3608,2020-05-10,0.007612272382627183,0.9923877276173728
3609,2020-05-10,0.0015845463480560484,0.998415453651944
3610,2020-05-10,0.0824038798617166,0.9175961201382834
3611,2020-05-10,0.018609296378078732,0.9813907036219213
3612,2020-05-10,0.004891702377111451,0.9951082976228885
3613,2020-05-10,0.029982138490791455,0.9700178615092085
3614,2020-05-10,0.013394541336962718,0.9866054586630373
3616,2020-05-10,0.016223014202985664,0.9837769857970143
3617,2020-05-10,0.004762735085063641,0.9952372649149364
3618,2020-05-10,0.010304520415546747,0.9896954795844533
3619,2020-05-10,0.02113986722514616,0.9788601327748538
3620,2020-05-10,0.0017586653852139644,0.998241334614786
3622,2020-05-10,0.016830171728666632,0.9831698282713334
3623,2020-05-10,0.010975949088100512,0.9890240509118995
3624,2020-05-10,0.0016303067227935175,0.9983696932772065
3625,2020-05-10,0.01101826214591628,0.9889817378540837
3626,2020-05-10,0.0029729096992695547,0.9970270903007304
3627,2020-05-10,0.023323274811775874,0.9766767251882241
3628,2020-05-10,0.0021171552429462004,0.9978828447570538
3629,2020-05-10,0.0167284693284252,0.9832715306715748
3630,2020-05-10,0.05530033032667592,0.9446996696733241
3632,2020-05-10,0.007012017700331885,0.9929879822996681
3633,2020-05-10,0.01288446644253416,0.9871155335574658
3635,2020-05-10,0.030400710799282638,0.9695992892007174
3636,2020-05-10,0.012221070696874059,0.9877789293031259
3637,2020-05-10,0.002862905895353318,0.9971370941046467
3638,2020-05-10,0.017084101704076482,0.9829158982959235
3639,2020-05-10,0.005611415393730779,0.9943885846062692
3641,2020-05-10,0.007901880288692653,0.9920981197113073
3642,2020-05-10,0.02260079322873676,0.9773992067712632
3643,2020-05-10,0.004832764543245882,0.9951672354567541
3644,2020-05-10,0.01630623372623996,0.98369376627376
3645,2020-05-10,0.0033135088051432504,0.9966864911948567
3646,2020-05-10,0.021973539837497946,0.978026460162502
3647,2020-05-10,0.02087071473316149,0.9791292852668385
3648,2020-05-10,0.027359278309330604,0.9726407216906694
3649,2020-05-10,0.026730892794609606,0.9732691072053904
3651,2020-05-10,0.033746111490634445,0.9662538885093656
3652,2020-05-10,0.009403287022437867,0.9905967129775621
3653,2020-05-10,0.01893915743493857,0.9810608425650614
3654,2020-05-10,0.00887914526442446,0.9911208547355755
3656,2020-05-10,0.02621728814589841,0.9737827118541016
3657,2020-05-10,0.014781266024750495,0.9852187339752495
3658,2020-05-10,0.01234004087307694,0.9876599591269231
3659,2020-05-10,0.006758579419946287,0.9932414205800537
3661,2020-05-10,0.021171674300233367,0.9788283256997666
3663,2020-05-10,0.05573662263386636,0.9442633773661336
3665,2020-05-10,0.015769849216883514,0.9842301507831165
3666,2020-05-10,0.02912489820936437,0.9708751017906356
3667,2020-05-10,0.007936592918493801,0.9920634070815062
3668,2020-05-10,0.014280578533170107,0.9857194214668299
3669,2020-05-10,0.08954930590390209,0.9104506940960979
3670,2020-05-10,0.003969917252648392,0.9960300827473516
3671,2020-05-10,0.007470908137777843,0.9925290918622222
3672,2020-05-10,0.009505375787091541,0.9904946242129085
3674,2020-05-10,0.0139527370605258,0.9860472629394742
3675,2020-05-10,0.02862848086474301,0.971371519135257
3676,2020-05-10,0.008832904257778829,0.9911670957422212
3677,2020-05-10,0.015797271785458533,0.9842027282145415
3678,2020-05-10,0.004274786241454831,0.9957252137585452
3679,2020-05-10,0.010947623788571503,0.9890523762114285
3680,2020-05-10,0.014569695501381985,0.985430304498618
3681,2020-05-10,0.01680265047256413,0.9831973495274359
3683,2020-05-10,0.09785803771833601,0.902141962281664
3684,2020-05-10,0.018570196900054237,0.9814298030999458
3685,2020-05-10,0.02590286391273111,0.9740971360872689
3688,2020-05-10,0.02814278501521028,0.9718572149847897
3689,2020-05-10,0.005491111476814692,0.9945088885231853
3691,2020-05-10,0.01617130610091322,0.9838286938990868
3692,2020-05-10,0.014230285736694492,0.9857697142633055
3693,2020-05-10,0.013007260327334902,0.9869927396726651
3694,2020-05-10,0.03044645712656968,0.9695535428734303
3695,2020-05-10,0.016325774500504098,0.9836742254994959
3696,2020-05-10,0.0053295113607849665,0.994670488639215
3697,2020-05-10,0.030767873746537444,0.9692321262534626
3698,2020-05-10,0.015989293980868347,0.9840107060191317
3699,2020-05-10,0.009058658611114101,0.9909413413888859
3700,2020-05-10,0.01825885164262886,0.9817411483573711
3701,2020-05-10,0.017419204862759274,0.9825807951372407
3702,2020-05-10,0.04923531176009688,0.9507646882399031
3703,2020-05-10,0.01818305596368608,0.9818169440363139
3704,2020-05-10,0.010053095888905239,0.9899469041110948
3706,2020-05-10,0.007541926204740812,0.9924580737952592
3707,2020-05-10,0.011404369926352742,0.9885956300736473
3708,2020-05-10,0.012916005528474717,0.9870839944715253
3709,2020-05-10,0.017354714899404655,0.9826452851005953
3710,2020-05-10,0.014718056407279745,0.9852819435927203
3713,2020-05-10,0.01677246187919823,0.9832275381208018
3714,2020-05-10,0.01931175787472106,0.9806882421252789
3715,2020-05-10,0.005166376601664635,0.9948336233983354
3716,2020-05-10,0.011740087670786159,0.9882599123292138
3717,2020-05-10,0.02462943050834754,0.9753705694916525
3718,2020-05-10,0.029649794018279607,0.9703502059817204
3719,2020-05-10,0.013321776337222091,0.9866782236627779
3720,2020-05-10,0.019753606178084526,0.9802463938219155
3721,2020-05-10,0.009492600609289803,0.9905073993907102
3722,2020-05-10,0.004770163633658009,0.995229836366342
3723,2020-05-10,0.009442679461979853,0.9905573205380201
3725,2020-05-10,0.021584274427886574,0.9784157255721134
3726,2020-05-10,0.0065649063715524925,0.9934350936284475
3727,2020-05-10,0.16793420793406189,0.8320657920659381
3728,2020-05-10,0.022787204065643163,0.9772127959343568
3729,2020-05-10,0.03970842572241606,0.9602915742775839
3731,2020-05-10,0.002599929198299211,0.9974000708017008
3732,2020-05-10,0.014069659027908465,0.9859303409720915
3733,2020-05-10,0.005562657960024309,0.9944373420399757
3734,2020-05-10,0.06212430957444348,0.9378756904255565
3735,2020-05-10,0.03371664994644319,0.9662833500535568
3736,2020-05-10,0.056931794082469844,0.9430682059175302
3737,2020-05-10,0.0013379235351577146,0.9986620764648423
3738,2020-05-10,0.0471535730530126,0.9528464269469874
3739,2020-05-10,0.008214681814378233,0.9917853181856218
3740,2020-05-10,0.013166560335760913,0.9868334396642391
3741,2020-05-10,0.013340633482849196,0.9866593665171508
3742,2020-05-10,0.011176466959188835,0.9888235330408112
3743,2020-05-10,0.0031377637330550767,0.9968622362669449
3744,2020-05-10,0.009266976164108653,0.9907330238358913
3745,2020-05-10,0.02641878229067529,0.9735812177093247
3746,2020-05-10,0.016670227281057937,0.9833297727189421
3747,2020-05-10,0.018156901792076963,0.981843098207923
3748,2020-05-10,0.016112855145973493,0.9838871448540265
3749,2020-05-10,0.05900857338484167,0.9409914266151583
3750,2020-05-10,0.023527444360341154,0.9764725556396588
3751,2020-05-10,0.011122342110393424,0.9888776578896066
3752,2020-05-10,0.008717786099963432,0.9912822139000366
3753,2020-05-10,0.03383065474292812,0.9661693452570719
3754,2020-05-10,0.022413778629203573,0.9775862213707964
3755,2020-05-10,0.013623277478221674,0.9863767225217783
3757,2020-05-10,0.020997639391895473,0.9790023606081045
3758,2020-05-10,0.021081628851373768,0.9789183711486262
3759,2020-05-10,0.04923674870185757,0.9507632512981424
3760,2020-05-10,0.038364534887987745,0.9616354651120123
3761,2020-05-10,0.002245612368152017,0.997754387631848
3762,2020-05-10,0.08505957656276197,0.914940423437238
3763,2020-05-10,0.007914306582589403,0.9920856934174106
3764,2020-05-10,0.004459032010898367,0.9955409679891016
3765,2020-05-10,0.03585911710285883,0.9641408828971412
3766,2020-05-10,0.027372562466870365,0.9726274375331296
3767,2020-05-10,0.0507899106615366,0.9492100893384634
3768,2020-05-10,0.02271731227109708,0.9772826877289029
3770,2020-05-10,0.0026185695338799553,0.99738143046612
3771,2020-05-10,0.016816516761318567,0.9831834832386814
3772,2020-05-10,0.01842383069120035,0.9815761693087997
3774,2020-05-10,0.0033445031081326126,0.9966554968918674
3775,2020-05-10,0.006995914676241166,0.9930040853237588
3776,2020-05-10,0.016465486954182262,0.9835345130458177
3777,2020-05-10,0.012294823071390848,0.9877051769286092
3778,2020-05-10,0.012711570498066815,0.9872884295019332
3779,2020-05-10,0.006686943462070771,0.9933130565379292
3780,2020-05-10,0.0036823577724812706,0.9963176422275187
3781,2020-05-10,0.012022120870169739,0.9879778791298303
3782,2020-05-10,0.01773745833129814,0.9822625416687019
3784,2020-05-10,0.005774895963200466,0.9942251040367995
3785,2020-05-10,0.005403141407295586,0.9945968585927044
3786,2020-05-10,0.007925554810866653,0.9920744451891333
3787,2020-05-10,0.006517128195266952,0.993482871804733
3788,2020-05-10,0.003946463355635643,0.9960535366443644
3789,2020-05-10,0.006697198718068731,0.9933028012819313
3790,2020-05-10,0.004056028943462908,0.9959439710565371
3791,2020-05-10,0.06793664942269373,0.9320633505773063
3792,2020-05-10,0.12516556907442677,0.8748344309255732
3793,2020-05-10,0.0079635808664128,0.9920364191335872
3794,2020-05-10,0.015654322898231987,0.984345677101768
3795,2020-05-10,0.021468333538277706,0.9785316664617223
3796,2020-05-10,0.007115201710971575,0.9928847982890284
3797,2020-05-10,0.03452013163641798,0.965479868363582
3798,2020-05-10,0.04925068383797482,0.9507493161620252
3799,2020-05-10,0.01183123592592128,0.9881687640740787
3800,2020-05-10,0.017167753490544446,0.9828322465094556
3801,2020-05-10,0.0025865934981131877,0.9974134065018868
3802,2020-05-10,0.017149592288513427,0.9828504077114866
3804,2020-05-10,0.00555427579615142,0.9944457242038486
3805,2020-05-10,0.044251984058483074,0.9557480159415169
3806,2020-05-10,0.049575280051268655,0.9504247199487313
3807,2020-05-10,0.009595797199034473,0.9904042028009655
3808,2020-05-10,0.013233968034138344,0.9867660319658617
3809,2020-05-10,0.006979813344211938,0.9930201866557881
3810,2020-05-10,0.015246637272540053,0.98475336272746
3811,2020-05-10,0.046374356731615496,0.9536256432683845
3812,2020-05-10,0.014364141374618722,0.9856358586253813
3814,2020-05-10,0.029613551268007243,0.9703864487319928
3815,2020-05-10,0.011473360860638215,0.9885266391393618
3816,2020-05-10,0.015527310886658374,0.9844726891133416
3817,2020-05-10,0.04188935600751176,0.9581106439924882
3818,2020-05-10,0.04652599787633571,0.9534740021236643
3819,2020-05-10,0.008337258391523328,0.9916627416084767
3820,2020-05-10,0.0022560712193970822,0.9977439287806029
3821,2020-05-10,0.0303045151476794,0.9696954848523206
3822,2020-05-10,0.0224286421129406,0.9775713578870594
3823,2020-05-10,0.0036377304452944736,0.9963622695547055
3824,2020-05-10,0.00678660399674158,0.9932133960032584
3825,2020-05-10,0.02985158981528202,0.970148410184718
3826,2020-05-10,0.011776945007457518,0.9882230549925425
3827,2020-05-10,0.052357379754330524,0.9476426202456695
3828,2020-05-10,0.029886175971100326,0.9701138240288997
3830,2020-05-10,0.00947970194510872,0.9905202980548913
3831,2020-05-10,0.015034414068319624,0.9849655859316804
3832,2020-05-10,0.02194954997169929,0.9780504500283007
3833,2020-05-10,0.022677095554794247,0.9773229044452058
3834,2020-05-10,0.008296933170237053,0.991703066829763
3835,2020-05-10,0.006351261927637131,0.9936487380723629
3836,2020-05-10,0.08096602614587467,0.9190339738541253
3837,2020-05-10,0.008419053520354658,0.9915809464796453
3838,2020-05-10,0.030149134320689774,0.9698508656793102
3839,2020-05-10,0.008144712471532145,0.9918552875284679
3840,2020-05-10,0.042195151368821016,0.957804848631179
3841,2020-05-10,0.004000893739989131,0.9959991062600109
3842,2020-05-10,0.0185996821608585,0.9814003178391415
3843,2020-05-10,0.008878229289607686,0.9911217707103923
3844,2020-05-10,0.016431526102440697,0.9835684738975593
3845,2020-05-10,0.006277996274165143,0.9937220037258349
3846,2020-05-10,0.013575733351673613,0.9864242666483264
3848,2020-05-10,0.006508358392702029,0.993491641607298
3849,2020-05-10,0.011278962227580624,0.9887210377724194
3850,2020-05-10,0.0035974110697398753,0.9964025889302601
3851,2020-05-10,0.001320074789229575,0.9986799252107704
3852,2020-05-10,0.027773342351505637,0.9722266576484944
3853,2020-05-10,0.019108001282311604,0.9808919987176884
3854,2020-05-10,0.025562085357237696,0.9744379146427623
3855,2020-05-10,0.005138909857129281,0.9948610901428707
3856,2020-05-10,0.031218317243538962,0.968781682756461
3857,2020-05-10,0.028914247163374096,0.9710857528366259
3858,2020-05-10,0.003976065814337737,0.9960239341856623
3859,2020-05-10,0.014564462660743294,0.9854355373392567
3861,2020-05-10,0.007474594388765299,0.9925254056112347
3862,2020-05-10,0.0180527320663727,0.9819472679336273
3863,2020-05-10,0.009859843406063162,0.9901401565939368
3864,2020-05-10,0.05382057347878444,0.9461794265212156
3865,2020-05-10,0.011918233839231074,0.9880817661607689
3866,2020-05-10,0.014194475717970834,0.9858055242820292
3868,2020-05-10,0.007871731815391025,0.992128268184609
3869,2020-05-10,0.024497389239293232,0.9755026107607068
3870,2020-05-10,0.0014142372858049201,0.9985857627141951
3871,2020-05-10,0.06374456538941098,0.936255434610589
3872,2020-05-10,0.005210701893938463,0.9947892981060615
3874,2020-05-10,0.00380589877100046,0.9961941012289995
3875,2020-05-10,0.007438289781615426,0.9925617102183846
3876,2020-05-10,0.009393947172875894,0.9906060528271241
3877,2020-05-10,0.0092469540799619,0.9907530459200381
3878,2020-05-10,0.04763978463658136,0.9523602153634186
3880,2020-05-10,0.04618410596758782,0.9538158940324122
3882,2020-05-10,0.010778012351630006,0.98922198764837
3883,2020-05-10,0.0028154343508549617,0.997184565649145
3885,2020-05-10,0.02081775305834166,0.9791822469416583
3886,2020-05-10,0.00873281069284515,0.9912671893071549
3887,2020-05-10,0.009729552774706884,0.9902704472252931
3888,2020-05-10,0.0027427240607044157,0.9972572759392956
3889,2020-05-10,0.03169627730473956,0.9683037226952604
3890,2020-05-10,0.010083750524684243,0.9899162494753158
3891,2020-05-10,0.012074871967536982,0.987925128032463
3892,2020-05-10,0.03547630653202327,0.9645236934679767
3893,2020-05-10,0.005532402410396875,0.9944675975896031
3894,2020-05-10,0.01068928194405483,0.9893107180559452
3895,2020-05-10,0.011681896240230194,0.9883181037597698
3896,2020-05-10,0.022104284767334392,0.9778957152326656
3897,2020-05-10,0.00741822114092161,0.9925817788590784
3898,2020-05-10,0.0034596299555784693,0.9965403700444215
3899,2020-05-10,0.003479426096493099,0.9965205739035069
3900,2020-05-10,0.058473306094140476,0.9415266939058595
3901,2020-05-10,0.03275119795157133,0.9672488020484287
3902,2020-05-10,0.016071535291176664,0.9839284647088233
3903,2020-05-10,0.032318278300963454,0.9676817216990365
3904,2020-05-10,0.007836278351284642,0.9921637216487154
3905,2020-05-10,0.0032329155907951934,0.9967670844092048
3906,2020-05-10,0.03202907185530246,0.9679709281446975
3907,2020-05-10,0.03254921765267538,0.9674507823473246
3908,2020-05-10,0.040054300878327065,0.9599456991216729
3909,2020-05-10,0.028149047781493963,0.971850952218506
3910,2020-05-10,0.020264734672062357,0.9797352653279376
3911,2020-05-10,0.004918871559627558,0.9950811284403724
3912,2020-05-10,0.01441785129376405,0.985582148706236
3913,2020-05-10,0.007687166374644283,0.9923128336253557
3914,2020-05-10,0.008259686391674403,0.9917403136083256
3915,2020-05-10,0.011852653361829835,0.9881473466381702
3916,2020-05-10,0.008342714988696098,0.9916572850113039
3917,2020-05-10,0.052431725759449876,0.9475682742405501
3918,2020-05-10,0.002193279266002879,0.9978067207339971
3919,2020-05-10,0.02770483317542405,0.972295166824576
3920,2020-05-10,0.035762995622790394,0.9642370043772096
3921,2020-05-10,0.018556518448955117,0.9814434815510449
3923,2020-05-10,0.04240514925827965,0.9575948507417203
3924,2020-05-10,0.012845294040596977,0.987154705959403
3925,2020-05-10,0.028946934611242425,0.9710530653887576
3926,2020-05-10,0.07425563499410748,0.9257443650058925
3927,2020-05-10,0.012843620764755204,0.9871563792352448
3928,2020-05-10,0.020864097873277143,0.9791359021267229
3929,2020-05-10,0.007470444622054706,0.9925295553779453
3930,2020-05-10,0.011853664346097803,0.9881463356539022
3931,2020-05-10,0.024306412960459323,0.9756935870395407
3932,2020-05-10,0.015688232431317783,0.9843117675686822
3935,2020-05-10,0.031548978515002934,0.9684510214849971
3936,2020-05-10,0.02403326217641555,0.9759667378235845
3937,2020-05-10,0.015237144417737158,0.9847628555822628
3938,2020-05-10,0.01422762763017249,0.9857723723698275
3940,2020-05-10,0.015054223943734013,0.984945776056266
3941,2020-05-10,0.0028205235031316667,0.9971794764968683
3942,2020-05-10,0.010751726412537188,0.9892482735874628
3943,2020-05-10,0.008245544711003694,0.9917544552889963
3944,2020-05-10,0.013752777021057927,0.9862472229789421
3945,2020-05-10,0.007273062318897128,0.9927269376811029
3946,2020-05-10,0.004648766931728443,0.9953512330682716
3947,2020-05-10,0.01998200460253652,0.9800179953974635
3948,2020-05-10,0.009694721187232136,0.9903052788127679
3949,2020-05-10,0.002376980445901289,0.9976230195540987
3950,2020-05-10,0.03368828361178389,0.9663117163882161
3951,2020-05-10,0.023834677554015693,0.9761653224459843
3952,2020-05-10,0.013690682133178034,0.986309317866822
3953,2020-05-10,0.010467041857166182,0.9895329581428338
3954,2020-05-10,0.04666994909492728,0.9533300509050727
3955,2020-05-10,0.006524359045166905,0.9934756409548331
3956,2020-05-10,0.03490210811366079,0.9650978918863392
3957,2020-05-10,0.02547666843591423,0.9745233315640858
3958,2020-05-10,0.015498899813679912,0.9845011001863201
3959,2020-05-10,0.013900451280451698,0.9860995487195483
3960,2020-05-10,0.05861941625178846,0.9413805837482115
3961,2020-05-10,0.02398207727334223,0.9760179227266578
3962,2020-05-10,0.04202631627102427,0.9579736837289757
3963,2020-05-10,0.016647852589127266,0.9833521474108727
3964,2020-05-10,0.04050008504818248,0.9594999149518175
3965,2020-05-10,0.00913853973190426,0.9908614602680957
3966,2020-05-10,0.009177857563821834,0.9908221424361782
3967,2020-05-10,0.026841896888738837,0.9731581031112612
3968,2020-05-10,0.015047058675375702,0.9849529413246243
3970,2020-05-10,0.010112934203204693,0.9898870657967953
3971,2020-05-10,0.06437630327454946,0.9356236967254505
3972,2020-05-10,0.0046611048543790945,0.9953388951456209
3973,2020-05-10,0.013202769071055553,0.9867972309289444
3974,2020-05-10,0.009374703152464359,0.9906252968475356
3975,2020-05-10,0.017081446060346672,0.9829185539396533
3976,2020-05-10,0.021019597097988174,0.9789804029020118
3977,2020-05-10,0.028187645013695306,0.9718123549863047
3978,2020-05-10,0.01870574874347375,0.9812942512565263
3979,2020-05-10,0.008770116790049132,0.9912298832099509
3980,2020-05-10,0.012006712882175363,0.9879932871178246
3981,2020-05-10,0.02061367428308969,0.9793863257169103
3982,2020-05-10,0.023978417342226943,0.9760215826577731
3983,2020-05-10,0.008241248076962915,0.9917587519230371
3985,2020-05-10,0.013415768515638526,0.9865842314843615
3986,2020-05-10,0.011011675861283043,0.988988324138717
3987,2020-05-10,0.024835077819166274,0.9751649221808337
3988,2020-05-10,0.005364190826168791,0.9946358091738312
3989,2020-05-10,0.018398810314652736,0.9816011896853473
3990,2020-05-10,0.0042963779444024075,0.9957036220555976
3991,2020-05-10,0.02448072820335412,0.9755192717966459
3993,2020-05-10,0.001664982867353837,0.9983350171326462
3994,2020-05-10,0.006073027463915692,0.9939269725360843
3995,2020-05-10,0.04650404099411354,0.9534959590058865
3996,2020-05-10,0.015188633398307672,0.9848113666016923
3997,2020-05-10,0.020653771173548163,0.9793462288264518
3998,2020-05-10,0.020568359667550884,0.9794316403324491
3999,2020-05-10,0.01942170806303134,0.9805782919369687
4000,2020-05-10,0.02315630577653427,0.9768436942234657
4002,2020-05-10,0.009094714705613072,0.9909052852943869
4003,2020-05-10,0.021932868252910076,0.9780671317470899
4004,2020-05-10,0.055954812599481096,0.9440451874005189
4005,2020-05-10,0.027232403083216394,0.9727675969167836
4006,2020-05-10,0.01747585436794674,0.9825241456320533
4007,2020-05-10,0.06887357484142587,0.9311264251585741
4008,2020-05-10,0.01115525061734668,0.9888447493826533
4009,2020-05-10,0.007602738670513864,0.9923972613294861
4010,2020-05-10,0.009207782562703049,0.990792217437297
4011,2020-05-10,0.037406206882091064,0.9625937931179089
4012,2020-05-10,0.0301728436363794,0.9698271563636206
4013,2020-05-10,0.010941059654602792,0.9890589403453972
4014,2020-05-10,0.010309228704045936,0.9896907712959541
4015,2020-05-10,0.0035232502305911906,0.9964767497694088
4016,2020-05-10,0.010621778432190254,0.9893782215678097
4017,2020-05-10,0.019958583895152593,0.9800414161048474
4018,2020-05-10,0.010547641187132695,0.9894523588128673
4019,2020-05-10,0.005428627395107299,0.9945713726048927
4020,2020-05-10,0.007109790948697126,0.9928902090513029
4021,2020-05-10,0.009381087732717619,0.9906189122672824
4023,2020-05-10,0.0049450519924914005,0.9950549480075086
4024,2020-05-10,0.03180821180422788,0.9681917881957721
4025,2020-05-10,0.010902037472769965,0.98909796252723
4027,2020-05-10,0.0020063337196503106,0.9979936662803497
4028,2020-05-10,0.009999235330571343,0.9900007646694287
4029,2020-05-10,0.010764382166850384,0.9892356178331496
4030,2020-05-10,0.0033502656439148293,0.9966497343560852
4032,2020-05-10,0.012685762256482436,0.9873142377435176
4033,2020-05-10,0.00455284123803168,0.9954471587619683
4034,2020-05-10,0.005362872828849841,0.9946371271711502
4035,2020-05-10,0.011033775486386954,0.988966224513613
4036,2020-05-10,0.02832662018750365,0.9716733798124964
4037,2020-05-10,0.04925380416938474,0.9507461958306153
4038,2020-05-10,0.05924807292334522,0.9407519270766548
4039,2020-05-10,0.06971748395379107,0.9302825160462089
4040,2020-05-10,0.0540083441693181,0.9459916558306819
4041,2020-05-10,0.007992012423762018,0.992007987576238
4042,2020-05-10,0.005801937693876935,0.9941980623061231
4043,2020-05-10,0.011351664514165583,0.9886483354858344
4044,2020-05-10,0.06029466827824115,0.9397053317217589
4045,2020-05-10,0.0156472171398766,0.9843527828601234
4047,2020-05-10,0.03309950135606532,0.9669004986439347
4048,2020-05-10,0.046027292736444014,0.953972707263556
4049,2020-05-10,0.012877592029597262,0.9871224079704027
4050,2020-05-10,0.016575102432134337,0.9834248975678657
4051,2020-05-10,0.009516649151555034,0.990483350848445
4052,2020-05-10,0.004513284283698016,0.995486715716302
4053,2020-05-10,0.018531251732795018,0.981468748267205
4054,2020-05-10,0.02271623468342132,0.9772837653165787
4055,2020-05-10,0.008625209019798574,0.9913747909802014
4056,2020-05-10,0.0148015618365116,0.9851984381634884
4057,2020-05-10,0.0049690616644035845,0.9950309383355964
4058,2020-05-10,0.009554699488387386,0.9904453005116126
4059,2020-05-10,0.006250233213414447,0.9937497667865856
4060,2020-05-10,0.004369291922954099,0.9956307080770459
4061,2020-05-10,0.007130460329353605,0.9928695396706464
4064,2020-05-10,0.07198913296220988,0.9280108670377901
4065,2020-05-10,0.0140233164762259,0.9859766835237741
4066,2020-05-10,0.0403104439893186,0.9596895560106814
4067,2020-05-10,0.02066221967920645,0.9793377803207935
4068,2020-05-10,0.01849615331959409,0.9815038466804059
4069,2020-05-10,0.00554200247412362,0.9944579975258764
4071,2020-05-10,0.028927105377900997,0.971072894622099
4072,2020-05-10,0.02256294242739354,0.9774370575726065
4073,2020-05-10,0.008090228772834496,0.9919097712271655
4075,2020-05-10,0.00976646431202799,0.990233535687972
4076,2020-05-10,0.009040962085628657,0.9909590379143713
4077,2020-05-10,0.024433751012668203,0.9755662489873318
4078,2020-05-10,0.008787507321700527,0.9912124926782995
4080,2020-05-10,0.014693108001556765,0.9853068919984432
4081,2020-05-10,0.012609793543982395,0.9873902064560176
4082,2020-05-10,0.0019621396050170103,0.998037860394983
4083,2020-05-10,0.048378843201805855,0.9516211567981941
4084,2020-05-10,0.01306114447516915,0.9869388555248308
4085,2020-05-10,0.022631615094911073,0.9773683849050889
4086,2020-05-10,0.02618113870130956,0.9738188612986904
4087,2020-05-10,0.009729789767382147,0.9902702102326179
4088,2020-05-10,0.0064749974958026035,0.9935250025041974
4089,2020-05-10,0.0048305268215929065,0.9951694731784071
4090,2020-05-10,0.0018494088586500368,0.99815059114135
4091,2020-05-10,0.010260538639027206,0.9897394613609728
4092,2020-05-10,0.01780721012155484,0.9821927898784452
4093,2020-05-10,0.0025581304883899314,0.9974418695116101
4094,2020-05-10,0.011696881008034121,0.9883031189919659
4095,2020-05-10,0.0037364751799900953,0.9962635248200099
4096,2020-05-10,0.039492022147143535,0.9605079778528565
4097,2020-05-10,0.045537414511095387,0.9544625854889046
4098,2020-05-10,0.030240850200590308,0.9697591497994097
4099,2020-05-10,0.017914266256019773,0.9820857337439802
4100,2020-05-10,0.0449825800005732,0.9550174199994268
4102,2020-05-10,0.01651676884838038,0.9834832311516196
4103,2020-05-10,0.09625881125267022,0.9037411887473298
4104,2020-05-10,0.04360172478575286,0.9563982752142471
4105,2020-05-10,0.025330379580281392,0.9746696204197186
4106,2020-05-10,0.017496984347501687,0.9825030156524983
4107,2020-05-10,0.011735476148090784,0.9882645238519092
4108,2020-05-10,0.0060347337051139816,0.993965266294886
4109,2020-05-10,0.04274121584903934,0.9572587841509607
4110,2020-05-10,0.015300560115284356,0.9846994398847156
4111,2020-05-10,0.032110032336655325,0.9678899676633447
4112,2020-05-10,0.02671523499999684,0.9732847650000032
4113,2020-05-10,0.013668898520437622,0.9863311014795624
4114,2020-05-10,0.006553820414700762,0.9934461795852992
4115,2020-05-10,0.03490302450077387,0.9650969754992261
4116,2020-05-10,0.04783176209262863,0.9521682379073714
4117,2020-05-10,0.023033276835339067,0.9769667231646609
4118,2020-05-10,0.005428385552938231,0.9945716144470618
4119,2020-05-10,0.030250617022796078,0.9697493829772039
4120,2020-05-10,0.026668397545864586,0.9733316024541354
4121,2020-05-10,0.0037118312233290762,0.9962881687766709
4122,2020-05-10,0.010095255399882319,0.9899047446001177
4123,2020-05-10,0.01664402634345552,0.9833559736565445
4124,2020-05-10,0.014641395590477613,0.9853586044095224
4126,2020-05-10,0.005440323143408365,0.9945596768565916
4127,2020-05-10,0.0035120517668961737,0.9964879482331038
4128,2020-05-10,0.014845386453776865,0.9851546135462231
4130,2020-05-10,0.021391752792569663,0.9786082472074303
4131,2020-05-10,0.03720900854001685,0.9627909914599831
4132,2020-05-10,0.004442791091057496,0.9955572089089425
4133,2020-05-10,0.050139505082736124,0.9498604949172639
4134,2020-05-10,0.030199290626960806,0.9698007093730392
4135,2020-05-10,0.0054994880704272164,0.9945005119295728
4136,2020-05-10,0.011771939461282854,0.9882280605387171
4137,2020-05-10,0.008502119774279837,0.9914978802257202
4138,2020-05-10,0.02926995663948162,0.9707300433605184
4139,2020-05-10,0.011317246351088883,0.9886827536489111
4140,2020-05-10,0.020137410111128462,0.9798625898888715
4141,2020-05-10,0.029053096597261963,0.970946903402738
4142,2020-05-10,0.016502008153128522,0.9834979918468715
4143,2020-05-10,0.02296298851458911,0.9770370114854109
4144,2020-05-10,0.009805428575046515,0.9901945714249535
4145,2020-05-10,0.06023138568956721,0.9397686143104328
4146,2020-05-10,0.012315017064199463,0.9876849829358005
4147,2020-05-10,0.01434053919279521,0.9856594608072048
4148,2020-05-10,0.020558240545084705,0.9794417594549153
4149,2020-05-10,0.009136888651809949,0.99086311134819
4150,2020-05-10,0.03734435770682909,0.9626556422931709
4151,2020-05-10,0.019276377966027325,0.9807236220339727
4152,2020-05-10,0.010769063189365546,0.9892309368106345
4153,2020-05-10,0.008548524577254635,0.9914514754227454
4154,2020-05-10,0.020460244113924997,0.979539755886075
4155,2020-05-10,0.003930732793858249,0.9960692672061418
4156,2020-05-10,0.01964298787693397,0.980357012123066
4157,2020-05-10,0.019113438772103253,0.9808865612278967
4158,2020-05-10,0.016961258256114387,0.9830387417438856
4159,2020-05-10,0.03074364146254427,0.9692563585374557
4160,2020-05-10,0.0047912450238717375,0.9952087549761283
4162,2020-05-10,0.0465218134873594,0.9534781865126406
4163,2020-05-10,0.005201018555966108,0.9947989814440339
4164,2020-05-10,0.02145287437914034,0.9785471256208597
4165,2020-05-10,0.004484478510737744,0.9955155214892623
4166,2020-05-10,0.007488746200242646,0.9925112537997574
4167,2020-05-10,0.022570104820857417,0.9774298951791426
4169,2020-05-10,0.01717979906903988,0.9828202009309601
4170,2020-05-10,0.015589268616148289,0.9844107313838517
4171,2020-05-10,0.02279989882399669,0.9772001011760033
4172,2020-05-10,0.005426864089853156,0.9945731359101468
4173,2020-05-10,0.01028791061833323,0.9897120893816668
4174,2020-05-10,0.0061475425444952325,0.9938524574555048
4175,2020-05-10,0.03967477451209911,0.9603252254879009
4176,2020-05-10,0.03249426547420986,0.9675057345257901
4177,2020-05-10,0.027382288324144466,0.9726177116758555
4178,2020-05-10,0.009096328625951444,0.9909036713740486
4179,2020-05-10,0.024122503422841945,0.975877496577158
4180,2020-05-10,0.014523092153770012,0.98547690784623
4181,2020-05-10,0.0033769654618039935,0.996623034538196
4182,2020-05-10,0.008401461467273275,0.9915985385327267
4183,2020-05-10,0.03143342138718708,0.9685665786128129
4184,2020-05-10,0.013853197753086244,0.9861468022469138
4185,2020-05-10,0.01639581846919158,0.9836041815308084
4186,2020-05-10,0.007823631567427491,0.9921763684325725
4188,2020-05-10,0.030338580973847784,0.9696614190261522
4189,2020-05-10,0.016769086517312015,0.983230913482688
4190,2020-05-10,0.0071310158707427185,0.9928689841292573
4191,2020-05-10,0.01271839656634055,0.9872816034336594
4192,2020-05-10,0.03498881979290025,0.9650111802070998
4193,2020-05-10,0.013741563997972883,0.9862584360020271
4195,2020-05-10,0.03574548827269852,0.9642545117273015
4196,2020-05-10,0.009295145828720153,0.9907048541712798
4197,2020-05-10,0.03864854966900211,0.9613514503309979
4198,2020-05-10,0.010367698106059309,0.9896323018939407
4199,2020-05-10,0.03301384878749469,0.9669861512125053
4200,2020-05-10,0.020296469243726523,0.9797035307562735
4201,2020-05-10,0.005483316207403943,0.9945166837925961
4202,2020-05-10,0.08703962784628316,0.9129603721537168
4203,2020-05-10,0.009529498609803344,0.9904705013901967
4204,2020-05-10,0.005824984095950891,0.9941750159040491
4205,2020-05-10,0.030229125269652046,0.969770874730348
4207,2020-05-10,0.006403976844308157,0.9935960231556918
4208,2020-05-10,0.0049077149681073795,0.9950922850318926
4209,2020-05-10,0.028867663055493153,0.9711323369445068
4210,2020-05-10,0.004076690424087426,0.9959233095759126
4211,2020-05-10,0.02488002387126853,0.9751199761287315
4212,2020-05-10,0.07554164708498501,0.924458352915015
4213,2020-05-10,0.021650215984845844,0.9783497840151542
4214,2020-05-10,0.04306581089501671,0.9569341891049833
4215,2020-05-10,0.03723471672477141,0.9627652832752286
4217,2020-05-10,0.009539573149206282,0.9904604268507937
4218,2020-05-10,0.008290245731908952,0.991709754268091
4219,2020-05-10,0.00957969176128759,0.9904203082387124
4220,2020-05-10,0.0070351391451166645,0.9929648608548833
4221,2020-05-10,0.012082576746323515,0.9879174232536765
4222,2020-05-10,0.002684679921099331,0.9973153200789007
4223,2020-05-10,0.010068963288869748,0.9899310367111303
4224,2020-05-10,0.038546349466000995,0.961453650533999
4225,2020-05-10,0.04854576017455381,0.9514542398254462
4226,2020-05-10,0.03284519452774648,0.9671548054722535
4227,2020-05-10,0.03257382209459536,0.9674261779054046
4228,2020-05-10,0.010099457581775773,0.9899005424182242
4229,2020-05-10,0.04606733424195808,0.9539326657580419
4230,2020-05-10,0.004252925264488505,0.9957470747355115
4231,2020-05-10,0.009762861581605331,0.9902371384183947
4232,2020-05-10,0.0065100166104216095,0.9934899833895784
4233,2020-05-10,0.010482403397533258,0.9895175966024667
4234,2020-05-10,0.01288911302098894,0.9871108869790111
4235,2020-05-10,0.025265547866342386,0.9747344521336576
4236,2020-05-10,0.016503121589033554,0.9834968784109664
4237,2020-05-10,0.004577364053047983,0.995422635946952
4238,2020-05-10,0.008822882213821104,0.9911771177861789
4239,2020-05-10,0.004940679372415491,0.9950593206275845
4240,2020-05-10,0.03234558267615106,0.9676544173238489
4241,2020-05-10,0.007354326542494238,0.9926456734575058
4242,2020-05-10,0.02122021964927423,0.9787797803507258
4243,2020-05-10,0.010640260168922278,0.9893597398310777
4244,2020-05-10,0.030926288205487373,0.9690737117945126
4245,2020-05-10,0.0030908175833660456,0.996909182416634
4246,2020-05-10,0.06030610621128485,0.9396938937887152
4247,2020-05-10,0.01792216993315654,0.9820778300668435
4248,2020-05-10,0.013315684732591482,0.9866843152674085
4249,2020-05-10,0.00542374179394578,0.9945762582060542
4250,2020-05-10,0.028053241371036708,0.9719467586289633
4251,2020-05-10,0.004830951921696913,0.9951690480783031
4252,2020-05-10,0.03962615935325242,0.9603738406467476
4253,2020-05-10,0.010939181125888986,0.989060818874111
4254,2020-05-10,0.017469280145103405,0.9825307198548966
4255,2020-05-10,0.007808933437203902,0.9921910665627961
4256,2020-05-10,0.028388536454937996,0.971611463545062
4257,2020-05-10,0.0034213161036392714,0.9965786838963607
4258,2020-05-10,0.014126496964493973,0.985873503035506
4259,2020-05-10,0.021766942565661473,0.9782330574343385
4260,2020-05-10,0.004701903496650894,0.9952980965033491
4261,2020-05-10,0.10648886962758053,0.8935111303724195
4262,2020-05-10,0.0308013893751381,0.9691986106248619
4263,2020-05-10,0.02235007922626342,0.9776499207737366
4264,2020-05-10,0.014953792425536516,0.9850462075744635
4265,2020-05-10,0.021911522513497483,0.9780884774865025
4266,2020-05-10,0.05679897169120274,0.9432010283087973
4267,2020-05-10,0.024371478520225254,0.9756285214797747
4269,2020-05-10,0.0006106328486604751,0.9993893671513395
4270,2020-05-10,0.02607308328595026,0.9739269167140497
4271,2020-05-10,0.005126754825666713,0.9948732451743333
4272,2020-05-10,0.02499478161298474,0.9750052183870153
4273,2020-05-10,0.014650586835894375,0.9853494131641056
4274,2020-05-10,0.01972836277739165,0.9802716372226083
4275,2020-05-10,0.020534308358390763,0.9794656916416092
4276,2020-05-10,0.02723862839991187,0.9727613716000881
4279,2020-05-10,0.028824904786680094,0.9711750952133199
4281,2020-05-10,0.033111556758845584,0.9668884432411544
4282,2020-05-10,0.06298173325761625,0.9370182667423838
4283,2020-05-10,0.013669558410413396,0.9863304415895866
4284,2020-05-10,0.01719225985386652,0.9828077401461335
4285,2020-05-10,0.02666052080084147,0.9733394791991585
4286,2020-05-10,0.034116379364554805,0.9658836206354452
4287,2020-05-10,0.05807370671734213,0.9419262932826579
4288,2020-05-10,0.023682975501038928,0.9763170244989611
4289,2020-05-10,0.01083936963603438,0.9891606303639656
4290,2020-05-10,0.0037435052130408986,0.9962564947869591
4291,2020-05-10,0.01823861471472965,0.9817613852852703
4292,2020-05-10,0.0666637400328316,0.9333362599671684
4293,2020-05-10,0.021907518672319215,0.9780924813276808
4294,2020-05-10,0.018869551118922634,0.9811304488810774
4295,2020-05-10,0.010231518742719325,0.9897684812572807
4296,2020-05-10,0.015781634759421403,0.9842183652405786
4297,2020-05-10,0.026365879947737314,0.9736341200522627
4298,2020-05-10,0.011322894144888629,0.9886771058551114
4299,2020-05-10,0.02409801440521786,0.9759019855947821
4300,2020-05-10,0.010342548967201437,0.9896574510327986
4301,2020-05-10,0.013716181904443014,0.986283818095557
4302,2020-05-10,0.0267216355562917,0.9732783644437083
4303,2020-05-10,0.03049618801244125,0.9695038119875588
4304,2020-05-10,0.01230978635687141,0.9876902136431286
4305,2020-05-10,0.04701228763932974,0.9529877123606703
4307,2020-05-10,0.022676293168830575,0.9773237068311694
4308,2020-05-10,0.01666992718759963,0.9833300728124004
4309,2020-05-10,0.03257254531753595,0.967427454682464
4310,2020-05-10,0.01014765869155132,0.9898523413084487
4311,2020-05-10,0.03455783471941676,0.9654421652805832
4312,2020-05-10,0.012510557028546088,0.9874894429714539
4313,2020-05-10,0.006667052500500037,0.9933329474995
4314,2020-05-10,0.03246092002383738,0.9675390799761626
4315,2020-05-10,0.046044972551778196,0.9539550274482218
4317,2020-05-10,0.004189388098267632,0.9958106119017324
4318,2020-05-10,0.013338841772321808,0.9866611582276782
4319,2020-05-10,0.03466026698428337,0.9653397330157166
4320,2020-05-10,0.020624418437104275,0.9793755815628957
4321,2020-05-10,0.02704757422026327,0.9729524257797367
4322,2020-05-10,0.007970761438949592,0.9920292385610504
4323,2020-05-10,0.005640886994543015,0.994359113005457
4324,2020-05-10,0.0084746837879065,0.9915253162120935
4325,2020-05-10,0.025814734065010336,0.9741852659349897
4326,2020-05-10,0.01366589452740341,0.9863341054725966
4327,2020-05-10,0.026507088595978834,0.9734929114040212
4328,2020-05-10,0.007966198189318652,0.9920338018106813
4329,2020-05-10,0.03231573943777932,0.9676842605622207
4330,2020-05-10,0.020388458116920805,0.9796115418830792
4331,2020-05-10,0.015236560350081363,0.9847634396499186
4332,2020-05-10,0.026811842429114385,0.9731881575708856
4334,2020-05-10,0.027292033603111276,0.9727079663968887
4335,2020-05-10,0.06519444613364866,0.9348055538663513
4337,2020-05-10,0.001627243290274194,0.9983727567097258
4338,2020-05-10,0.003700693065196381,0.9962993069348036
4339,2020-05-10,0.017199460563990465,0.9828005394360095
4341,2020-05-10,0.007283609254120416,0.9927163907458796
4342,2020-05-10,0.08324035247078154,0.9167596475292185
4343,2020-05-10,0.015299388141080561,0.9847006118589194
4345,2020-05-10,0.013536498003981823,0.9864635019960182
4346,2020-05-10,0.005191495077237707,0.9948085049227623
4347,2020-05-10,0.013172450170124694,0.9868275498298753
4348,2020-05-10,0.01135772314274297,0.988642276857257
4349,2020-05-10,0.03852016883476905,0.961479831165231
4350,2020-05-10,0.02809930601033772,0.9719006939896623
4351,2020-05-10,0.02827488640960374,0.9717251135903963
4352,2020-05-10,0.011176393671362028,0.988823606328638
4353,2020-05-10,0.01286915615581119,0.9871308438441888
4354,2020-05-10,0.003077959610526926,0.9969220403894731
4355,2020-05-10,0.023476494293283467,0.9765235057067165
4356,2020-05-10,0.01992838626305038,0.9800716137369496
4357,2020-05-10,0.006418441096036398,0.9935815589039636
4359,2020-05-10,0.011320992773599103,0.9886790072264009
4360,2020-05-10,0.003793852240538187,0.9962061477594618
4361,2020-05-10,0.04444848346953156,0.9555515165304684
4362,2020-05-10,0.0060287276107192644,0.9939712723892807
4363,2020-05-10,0.028454895321577856,0.9715451046784221
4364,2020-05-10,0.03857939168280977,0.9614206083171902
4365,2020-05-10,0.025291024061131817,0.9747089759388682
4366,2020-05-10,0.05398610542498328,0.9460138945750167
4368,2020-05-10,0.013982647924349667,0.9860173520756503
4369,2020-05-10,0.04682117261861718,0.9531788273813828
4370,2020-05-10,0.026115124860693784,0.9738848751393062
4371,2020-05-10,0.018250210874894868,0.9817497891251051
4372,2020-05-10,0.003336720806566329,0.9966632791934337
4374,2020-05-10,0.02592747207118906,0.9740725279288109
4375,2020-05-10,0.03345905399454763,0.9665409460054524
4376,2020-05-10,0.0038030817213819956,0.996196918278618
4377,2020-05-10,0.014420618311881794,0.9855793816881182
4378,2020-05-10,0.0035721483338458926,0.9964278516661541
4379,2020-05-10,0.02472273782654355,0.9752772621734564
4380,2020-05-10,0.05833875690516799,0.941661243094832
4381,2020-05-10,0.01899625399007776,0.9810037460099222
4382,2020-05-10,0.011270003557950159,0.9887299964420498
4383,2020-05-10,0.0643852559927709,0.9356147440072291
4384,2020-05-10,0.019335268052351418,0.9806647319476486
4385,2020-05-10,0.026165310632881966,0.973834689367118
4386,2020-05-10,0.02100691638523189,0.9789930836147681
4387,2020-05-10,0.010314270665418679,0.9896857293345813
4388,2020-05-10,0.006964478075270231,0.9930355219247298
4389,2020-05-10,0.0373164465168917,0.9626835534831083
4390,2020-05-10,0.017392179778246253,0.9826078202217537
4391,2020-05-10,0.0035847955144980848,0.9964152044855019
4392,2020-05-10,0.03737095364893017,0.9626290463510698
4393,2020-05-10,0.018584320623493245,0.9814156793765068
4394,2020-05-10,0.030901815223164264,0.9690981847768357
4395,2020-05-10,0.028119893833203125,0.9718801061667969
4396,2020-05-10,0.0026340616202324973,0.9973659383797675
4397,2020-05-10,0.007405476374550579,0.9925945236254494
4398,2020-05-10,0.020326947422379615,0.9796730525776204
4401,2020-05-10,0.014755889405584366,0.9852441105944156
4403,2020-05-10,0.014826451559331932,0.9851735484406681
4404,2020-05-10,0.0156906778935616,0.9843093221064384
4405,2020-05-10,0.08474504551999495,0.915254954480005
4406,2020-05-10,0.01112129983197463,0.9888787001680254
4408,2020-05-10,0.004289719634629763,0.9957102803653702
4409,2020-05-10,0.020785994531499097,0.9792140054685009
4410,2020-05-10,0.016086009002232227,0.9839139909977678
4411,2020-05-10,0.04261954990157957,0.9573804500984204
4413,2020-05-10,0.0050607632322192675,0.9949392367677807
4414,2020-05-10,0.0184657985117872,0.9815342014882128
4415,2020-05-10,0.02094311205617383,0.9790568879438262
4416,2020-05-10,0.0037090072257842666,0.9962909927742157
4417,2020-05-10,0.009877210494927624,0.9901227895050724
4418,2020-05-10,0.0157812515796365,0.9842187484203635
4419,2020-05-10,0.004768693640319288,0.9952313063596807
4420,2020-05-10,0.019162405644565617,0.9808375943554344
4421,2020-05-10,0.025905506808988843,0.9740944931910112
4422,2020-05-10,0.003369299171161022,0.996630700828839
4423,2020-05-10,0.01324219119665293,0.9867578088033471
4424,2020-05-10,0.002993518276682705,0.9970064817233173
4425,2020-05-10,0.004681739357685233,0.9953182606423148
4426,2020-05-10,0.025900942571883134,0.9740990574281169
4427,2020-05-10,0.0015479496138667281,0.9984520503861333
4428,2020-05-10,0.0284995410773492,0.9715004589226508
4429,2020-05-10,0.010454576404634985,0.989545423595365
4430,2020-05-10,0.009818642718152915,0.9901813572818471
4431,2020-05-10,0.03584035912867656,0.9641596408713234
4432,2020-05-10,0.029697518975413173,0.9703024810245868
4433,2020-05-10,0.025407568671745318,0.9745924313282547
4434,2020-05-10,0.019905849523720875,0.9800941504762791
4436,2020-05-10,0.014554793894929419,0.9854452061050706
4437,2020-05-10,0.01259454496202761,0.9874054550379724
4438,2020-05-10,0.0046800630396022225,0.9953199369603978
4439,2020-05-10,0.01232896849528431,0.9876710315047157
4440,2020-05-10,0.022321932884334816,0.9776780671156652
4441,2020-05-10,0.005934642448064298,0.9940653575519357
4442,2020-05-10,0.04572972111220863,0.9542702788877914
4444,2020-05-10,0.00570089855010758,0.9942991014498924
4445,2020-05-10,0.019216005339719344,0.9807839946602807
4446,2020-05-10,0.006289644608240885,0.9937103553917591
4447,2020-05-10,0.012377595705716615,0.9876224042942834
4450,2020-05-10,0.01132268609438869,0.9886773139056113
4451,2020-05-10,0.08016149005016349,0.9198385099498365
4452,2020-05-10,0.0030455662503275915,0.9969544337496724
4453,2020-05-10,0.010617663623443963,0.989382336376556
4454,2020-05-10,0.005024961871505362,0.9949750381284946
4455,2020-05-10,0.037556261750205766,0.9624437382497942
4456,2020-05-10,0.0010957030144671531,0.9989042969855328
4457,2020-05-10,0.01312429846567209,0.9868757015343279
4459,2020-05-10,0.013471230430475933,0.9865287695695241
4461,2020-05-10,0.015586861439716881,0.9844131385602831
4462,2020-05-10,0.01772827546492939,0.9822717245350706
4463,2020-05-10,0.019543824276608834,0.9804561757233912
4464,2020-05-10,0.023020847888321927,0.9769791521116781
4465,2020-05-10,0.006673581860984212,0.9933264181390158
4466,2020-05-10,0.01797751085163868,0.9820224891483613
4467,2020-05-10,0.15687578682012993,0.8431242131798701
4468,2020-05-10,0.00997557967007201,0.990024420329928
4469,2020-05-10,0.03717167156402357,0.9628283284359764
4471,2020-05-10,0.012374822937095131,0.9876251770629049
4472,2020-05-10,0.01818912017176688,0.9818108798282331
4476,2020-05-10,0.0193930323157967,0.9806069676842033
4477,2020-05-10,0.04939877899356793,0.9506012210064321
4479,2020-05-10,0.005076058409295592,0.9949239415907044
4480,2020-05-10,0.0252105238308461,0.9747894761691539
4481,2020-05-10,0.011554055581877165,0.9884459444181228
4482,2020-05-10,0.013177870368129119,0.9868221296318709
4483,2020-05-10,0.008161580789429856,0.9918384192105701
4484,2020-05-10,0.023733164297066844,0.9762668357029332
4485,2020-05-10,0.01795812110796402,0.982041878892036
4486,2020-05-10,0.006877638324099045,0.993122361675901
4487,2020-05-10,0.005622603686900374,0.9943773963130996
4488,2020-05-10,0.026260689693612393,0.9737393103063876
4489,2020-05-10,0.02042348573892272,0.9795765142610773
4491,2020-05-10,0.049610520457238905,0.9503894795427611
4492,2020-05-10,0.02977468747906631,0.9702253125209337
4493,2020-05-10,0.014541036246306427,0.9854589637536936
4495,2020-05-10,0.006338277566855344,0.9936617224331447
4496,2020-05-10,0.003482538206037278,0.9965174617939627
4497,2020-05-10,0.01735901283070762,0.9826409871692924
4498,2020-05-10,0.008821787061013331,0.9911782129389867
4499,2020-05-10,0.060814645246121346,0.9391853547538787
4500,2020-05-10,0.012996015556804963,0.987003984443195
4501,2020-05-10,0.016321844227768834,0.9836781557722312
4502,2020-05-10,0.013234004023944479,0.9867659959760555
4503,2020-05-10,0.05084268457049157,0.9491573154295084
4505,2020-05-10,0.005924291085174005,0.994075708914826
4507,2020-05-10,0.0065182935728299585,0.99348170642717
4508,2020-05-10,0.030579647033754154,0.9694203529662458
4509,2020-05-10,0.04439477263450531,0.9556052273654947
4510,2020-05-10,0.013073362107848596,0.9869266378921514
4511,2020-05-10,0.010470258340593341,0.9895297416594067
4512,2020-05-10,0.008831414543367777,0.9911685854566322
4514,2020-05-10,0.02255362951480422,0.9774463704851958
4515,2020-05-10,0.0068617642531453304,0.9931382357468547
4516,2020-05-10,0.009841708696729956,0.99015829130327
4517,2020-05-10,0.013144798986773787,0.9868552010132262
4518,2020-05-10,0.04963053791253014,0.9503694620874699
4519,2020-05-10,0.004349190704758699,0.9956508092952413
4520,2020-05-10,0.014181194960424026,0.985818805039576
4521,2020-05-10,0.004718485752532531,0.9952815142474675
4522,2020-05-10,0.006509680884624447,0.9934903191153756
4524,2020-05-10,0.03925726954312758,0.9607427304568724
4525,2020-05-10,0.005501370976231157,0.9944986290237688
4526,2020-05-10,0.028774086696247148,0.9712259133037529
4527,2020-05-10,0.02507357336919902,0.974926426630801
4528,2020-05-10,0.009676661769408512,0.9903233382305915
4529,2020-05-10,0.003448475325168676,0.9965515246748313
4530,2020-05-10,0.0040709628610259285,0.9959290371389741
4531,2020-05-10,0.011466971121910197,0.9885330288780898
4532,2020-05-10,0.003265001198085593,0.9967349988019144
4533,2020-05-10,0.0050739596004160115,0.994926040399584
4534,2020-05-10,0.01105192999746285,0.9889480700025371
4535,2020-05-10,0.00833802826976271,0.9916619717302373
4536,2020-05-10,0.011293773570423271,0.9887062264295767
4537,2020-05-10,0.007441005087280517,0.9925589949127195
4539,2020-05-10,0.0015554173765205404,0.9984445826234795
4540,2020-05-10,0.008798440929764229,0.9912015590702358
4541,2020-05-10,0.018954571425266353,0.9810454285747336
4542,2020-05-10,0.025004936077593354,0.9749950639224066
4543,2020-05-10,0.015568821985547987,0.984431178014452
4544,2020-05-10,0.02670883334538643,0.9732911666546136
4545,2020-05-10,0.03738503208825428,0.9626149679117457
4546,2020-05-10,0.02714162062431813,0.9728583793756819
4547,2020-05-10,0.02205566684881355,0.9779443331511865
4548,2020-05-10,0.007496625952986613,0.9925033740470134
4549,2020-05-10,0.03747863012590724,0.9625213698740928
4550,2020-05-10,0.02312406052720095,0.976875939472799
4551,2020-05-10,0.012050254806347027,0.987949745193653
4552,2020-05-10,0.0035620927482418185,0.9964379072517582
4553,2020-05-10,0.018007584437269797,0.9819924155627302
4554,2020-05-10,0.007344068457662001,0.992655931542338
4555,2020-05-10,0.022422289980059684,0.9775777100199403
4557,2020-05-10,0.010391534788639523,0.9896084652113605
4558,2020-05-10,0.0035014524544902947,0.9964985475455097
4559,2020-05-10,0.005516356181535564,0.9944836438184644
4560,2020-05-10,0.008290964130492018,0.991709035869508
4561,2020-05-10,0.02744805206942902,0.972551947930571
4562,2020-05-10,0.006721140889182853,0.9932788591108171
4563,2020-05-10,0.03235545917012961,0.9676445408298704
4564,2020-05-10,0.01035066601491308,0.9896493339850869
4565,2020-05-10,0.007700802483891933,0.9922991975161081
4566,2020-05-10,0.03546072415149648,0.9645392758485035
4567,2020-05-10,0.008657622803756704,0.9913423771962433
4568,2020-05-10,0.008205295465401607,0.9917947045345984
4569,2020-05-10,0.010049966316812986,0.989950033683187
4570,2020-05-10,0.012852930393252526,0.9871470696067475
4571,2020-05-10,0.040271385140889016,0.959728614859111
4573,2020-05-10,0.043554677714076395,0.9564453222859236
4574,2020-05-10,0.04853255411908963,0.9514674458809104
4575,2020-05-10,0.003624252017607632,0.9963757479823924
4576,2020-05-10,0.006614587432693053,0.993385412567307
4577,2020-05-10,0.014092803702256629,0.9859071962977434
4578,2020-05-10,0.006970680908713112,0.9930293190912869
4579,2020-05-10,0.09627973396156975,0.9037202660384303
4580,2020-05-10,0.041088508414654945,0.958911491585345
4581,2020-05-10,0.012486481494035084,0.9875135185059649
4582,2020-05-10,0.04846606910823892,0.9515339308917611
4583,2020-05-10,0.006446028383068736,0.9935539716169313
4584,2020-05-10,0.010987991159616128,0.9890120088403839
4585,2020-05-10,0.018883901500803546,0.9811160984991965
4586,2020-05-10,0.14223974995505073,0.8577602500449493
4587,2020-05-10,0.0030830435427172675,0.9969169564572827
4588,2020-05-10,0.004660717554368254,0.9953392824456317
4589,2020-05-10,0.010230237886283078,0.9897697621137169
4590,2020-05-10,0.004661771956694261,0.9953382280433057
4591,2020-05-10,0.03092575316580437,0.9690742468341956
4592,2020-05-10,0.014296893449712411,0.9857031065502876
4593,2020-05-10,0.013275517318817154,0.9867244826811828
4594,2020-05-10,0.004037322084556649,0.9959626779154434
4595,2020-05-10,0.005223950310105363,0.9947760496898946
4596,2020-05-10,0.011655355654175414,0.9883446443458246
4597,2020-05-10,0.03362203667907537,0.9663779633209246
4598,2020-05-10,0.008493805155049161,0.9915061948449508
4599,2020-05-10,0.0028613569211356493,0.9971386430788644
4600,2020-05-10,0.060428906982730735,0.9395710930172693
4601,2020-05-10,0.010146838213600962,0.989853161786399
4602,2020-05-10,0.02011023123909028,0.9798897687609097
4603,2020-05-10,0.03367107314321138,0.9663289268567886
4604,2020-05-10,0.013232306410003836,0.9867676935899962
4605,2020-05-10,0.031032752332854296,0.9689672476671457
4606,2020-05-10,0.006010570631188039,0.993989429368812
4607,2020-05-10,0.00456604379176162,0.9954339562082384
4608,2020-05-10,0.025311362019697414,0.9746886379803026
4609,2020-05-10,0.029529519829803896,0.9704704801701961
4610,2020-05-10,0.04438213438344896,0.955617865616551
4611,2020-05-10,0.01638229080936593,0.9836177091906341
4612,2020-05-10,0.05114513218686745,0.9488548678131326
4613,2020-05-10,0.007816773458461768,0.9921832265415382
4614,2020-05-10,0.004759006994595194,0.9952409930054048
4615,2020-05-10,0.013832658644598261,0.9861673413554017
4616,2020-05-10,0.04927441154570067,0.9507255884542993
4617,2020-05-10,0.03303931308956998,0.96696068691043
4618,2020-05-10,0.007532430906179943,0.9924675690938201
4619,2020-05-10,0.004147094849003552,0.9958529051509964
4620,2020-05-10,0.00758949221971883,0.9924105077802812
4621,2020-05-10,0.018571703962676822,0.9814282960373232
4622,2020-05-10,0.007736830360669522,0.9922631696393305
4623,2020-05-10,0.008269520338771374,0.9917304796612286
4624,2020-05-10,0.016288729309525074,0.9837112706904749
4625,2020-05-10,0.15309893177301326,0.8469010682269867
4626,2020-05-10,0.03402671010356495,0.965973289896435
4627,2020-05-10,0.006007581429355757,0.9939924185706442
4628,2020-05-10,0.01097841231649932,0.9890215876835007
4630,2020-05-10,0.05254566035071839,0.9474543396492816
4631,2020-05-10,0.0032876771156025164,0.9967123228843975
4633,2020-05-10,0.023996974129950166,0.9760030258700498
4634,2020-05-10,0.008875525514350224,0.9911244744856498
4635,2020-05-10,0.004208370746531465,0.9957916292534685
4636,2020-05-10,0.008255971003059304,0.9917440289969407
4637,2020-05-10,0.0023232068251057836,0.9976767931748942
4639,2020-05-10,0.027321617229032924,0.9726783827709671
4641,2020-05-10,0.012728074908175624,0.9872719250918244
4642,2020-05-10,0.03893519410154023,0.9610648058984598
4643,2020-05-10,0.014211842083672432,0.9857881579163276
4644,2020-05-10,0.004657324864280388,0.9953426751357196
4645,2020-05-10,0.009116083430664057,0.9908839165693359
4646,2020-05-10,0.017078033157542083,0.9829219668424579
4647,2020-05-10,0.005143724102182334,0.9948562758978177
4648,2020-05-10,0.011483039582318666,0.9885169604176813
4649,2020-05-10,0.051384351509359716,0.9486156484906403
4650,2020-05-10,0.010930188488973092,0.9890698115110269
4651,2020-05-10,0.01105574567510248,0.9889442543248975
4653,2020-05-10,0.015271405312977548,0.9847285946870225
4654,2020-05-10,0.06517749725613353,0.9348225027438665
4655,2020-05-10,0.030258299069402805,0.9697417009305972
4656,2020-05-10,0.006023537484578845,0.9939764625154212
4657,2020-05-10,0.028575253557267533,0.9714247464427325
4658,2020-05-10,0.09149433704381715,0.9085056629561828
4659,2020-05-10,0.02799023565212344,0.9720097643478766
4660,2020-05-10,0.09172210999870434,0.9082778900012957
4661,2020-05-10,0.01414546876263445,0.9858545312373656
4662,2020-05-10,0.00574824411080721,0.9942517558891928
4663,2020-05-10,0.013366739916552905,0.9866332600834471
4664,2020-05-10,0.0028025125687974883,0.9971974874312025
4666,2020-05-10,0.009033683775236723,0.9909663162247633
4668,2020-05-10,0.05965816015748204,0.940341839842518
4669,2020-05-10,0.012368248464252551,0.9876317515357474
4670,2020-05-10,0.009422017211670686,0.9905779827883293
4671,2020-05-10,0.026870724636268828,0.9731292753637312
4672,2020-05-10,0.046545787228538416,0.9534542127714616
4673,2020-05-10,0.008715448642371726,0.9912845513576283
4674,2020-05-10,0.012928127487010888,0.9870718725129891
4675,2020-05-10,0.01952334711736381,0.9804766528826362
4676,2020-05-10,0.037727428543570585,0.9622725714564294
4677,2020-05-10,0.003901347268836952,0.996098652731163
4678,2020-05-10,0.03199390018212933,0.9680060998178707
4679,2020-05-10,0.004460463912321799,0.9955395360876782
4680,2020-05-10,0.01473873059857489,0.9852612694014251
4681,2020-05-10,0.0031545396775256584,0.9968454603224743
4682,2020-05-10,0.009213576419100478,0.9907864235808995
4683,2020-05-10,0.0035199068042688353,0.9964800931957312
4685,2020-05-10,0.036452732725335335,0.9635472672746647
4686,2020-05-10,0.006412449384861185,0.9935875506151388
4687,2020-05-10,0.07485997137050504,0.925140028629495
4688,2020-05-10,0.08462435930092771,0.9153756406990723
4689,2020-05-10,0.007684083204361203,0.9923159167956388
4690,2020-05-10,0.003354942397142069,0.9966450576028579
4691,2020-05-10,0.00703706320146269,0.9929629367985373
4692,2020-05-10,0.10698113998220882,0.8930188600177912
4694,2020-05-10,0.023148738870982455,0.9768512611290175
4695,2020-05-10,0.013034455968791936,0.9869655440312081
4696,2020-05-10,0.012051169361728786,0.9879488306382712
4697,2020-05-10,0.037094265462160436,0.9629057345378396
4698,2020-05-10,0.04707173181171276,0.9529282681882872
4700,2020-05-10,0.008352128412169368,0.9916478715878306
4701,2020-05-10,0.01692987551226799,0.983070124487732
4703,2020-05-10,0.007325794197046598,0.9926742058029534
4704,2020-05-10,0.003806042317336167,0.9961939576826638
4705,2020-05-10,0.0052183858519495585,0.9947816141480504
4706,2020-05-10,0.013225900476989239,0.9867740995230108
4707,2020-05-10,0.018189566084067077,0.9818104339159329
4709,2020-05-10,0.021606364728008698,0.9783936352719913
4710,2020-05-10,0.005755180831679807,0.9942448191683202
4711,2020-05-10,0.027273279797026206,0.9727267202029738
4713,2020-05-10,0.037648332557663866,0.9623516674423361
4714,2020-05-10,0.014429677872195623,0.9855703221278044
4715,2020-05-10,0.027232124345582642,0.9727678756544174
4716,2020-05-10,0.0302626589485937,0.9697373410514063
4717,2020-05-10,0.07759357361456021,0.9224064263854398
4718,2020-05-10,0.0019433286991428211,0.9980566713008572
4720,2020-05-10,0.0024213047342006577,0.9975786952657993
4721,2020-05-10,0.0095528827891741,0.9904471172108259
4722,2020-05-10,0.017260252315096536,0.9827397476849035
4723,2020-05-10,0.0780215853931826,0.9219784146068174
4724,2020-05-10,0.012890858618901602,0.9871091413810984
4725,2020-05-10,0.0027653000330080113,0.997234699966992
4726,2020-05-10,0.00699361125684661,0.9930063887431534
4727,2020-05-10,0.009287874338123725,0.9907121256618763
4728,2020-05-10,0.015162046816462271,0.9848379531835377
4729,2020-05-10,0.011330829349543547,0.9886691706504565
4730,2020-05-10,0.020494474734635726,0.9795055252653643
4731,2020-05-10,0.0049858822733435115,0.9950141177266565
4732,2020-05-10,0.033942433100238034,0.966057566899762
4733,2020-05-10,0.015471052079494618,0.9845289479205054
4734,2020-05-10,0.007042106596497288,0.9929578934035027
4735,2020-05-10,0.01315460577480232,0.9868453942251977
4736,2020-05-10,0.007936517295948575,0.9920634827040514
4737,2020-05-10,0.01255210858334077,0.9874478914166592
4738,2020-05-10,0.014742648323025631,0.9852573516769744
4739,2020-05-10,0.02282245366083513,0.9771775463391649
4740,2020-05-10,0.03433933688739699,0.965660663112603
4741,2020-05-10,0.009856900860864992,0.990143099139135
4742,2020-05-10,0.03147217158036897,0.968527828419631
4743,2020-05-10,0.09417772035308514,0.9058222796469149
4744,2020-05-10,0.0527256722228463,0.9472743277771537
4745,2020-05-10,0.015031137051618404,0.9849688629483816
4746,2020-05-10,0.015643958220173948,0.984356041779826
4747,2020-05-10,0.0058785070125777494,0.9941214929874223
4748,2020-05-10,0.044777130739334314,0.9552228692606657
4749,2020-05-10,0.009775134459220403,0.9902248655407796
4750,2020-05-10,0.01366485237720716,0.9863351476227928
4751,2020-05-10,0.02516544735255488,0.9748345526474451
4752,2020-05-10,0.004732223270242586,0.9952677767297574
4753,2020-05-10,0.007188935192494195,0.9928110648075058
4754,2020-05-10,0.027814674763206426,0.9721853252367936
4755,2020-05-10,0.021187215309731777,0.9788127846902682
4756,2020-05-10,0.018435798836863415,0.9815642011631366
4757,2020-05-10,0.043762666199079314,0.9562373338009207
4758,2020-05-10,0.02959629929524843,0.9704037007047516
4759,2020-05-10,0.02207076577137146,0.9779292342286285
4760,2020-05-10,0.032464212115632995,0.967535787884367
4761,2020-05-10,0.01053716248081904,0.989462837519181
4762,2020-05-10,0.007858217599987505,0.9921417824000125
4763,2020-05-10,0.010360073636815459,0.9896399263631845
4764,2020-05-10,0.013836402486082755,0.9861635975139172
4765,2020-05-10,0.03021517951493713,0.9697848204850629
4766,2020-05-10,0.03365017981917762,0.9663498201808224
4767,2020-05-10,0.003610991761612836,0.9963890082383872
4768,2020-05-10,0.08676519194653265,0.9132348080534674
4769,2020-05-10,0.006276545397562838,0.9937234546024372
4770,2020-05-10,0.009855835289536485,0.9901441647104635
4771,2020-05-10,0.012903653922738623,0.9870963460772614
4772,2020-05-10,0.029919563998241583,0.9700804360017584
4773,2020-05-10,0.0046632302963736105,0.9953367697036264
4774,2020-05-10,0.03496242842730013,0.9650375715726999
4775,2020-05-10,0.014235187724288112,0.9857648122757119
4776,2020-05-10,0.006047717042167111,0.9939522829578329
4777,2020-05-10,0.013170353839054627,0.9868296461609454
4778,2020-05-10,0.024024700503800123,0.9759752994961999
4779,2020-05-10,0.0022793842813724208,0.9977206157186276
4780,2020-05-10,0.011191889533411992,0.988808110466588
4781,2020-05-10,0.01318990866402825,0.9868100913359718
4782,2020-05-10,0.006262891407412208,0.9937371085925878
4783,2020-05-10,0.014174382049701895,0.9858256179502981
4784,2020-05-10,0.010046169440050656,0.9899538305599493
4785,2020-05-10,0.01642862598864714,0.9835713740113529
4786,2020-05-10,0.016673968997125255,0.9833260310028747
4787,2020-05-10,0.002547243814123079,0.9974527561858769
4788,2020-05-10,0.0038666622390651773,0.9961333377609348
4789,2020-05-10,0.033913598675923584,0.9660864013240764
4790,2020-05-10,0.07423118535312556,0.9257688146468744
4791,2020-05-10,0.031761974912334234,0.9682380250876658
4792,2020-05-10,0.013103174705432208,0.9868968252945678
4793,2020-05-10,0.014229059300104319,0.9857709406998957
4794,2020-05-10,0.0059071735591010865,0.9940928264408989
4795,2020-05-10,0.05008354790550806,0.9499164520944919
4796,2020-05-10,0.012565671880504059,0.9874343281194959
4797,2020-05-10,0.005260542022336057,0.9947394579776639
4798,2020-05-10,0.017153008595139352,0.9828469914048606
4799,2020-05-10,0.021874654602996424,0.9781253453970036
4800,2020-05-10,0.03377150857289457,0.9662284914271054
4801,2020-05-10,0.005121658252978056,0.9948783417470219
4802,2020-05-10,0.04528916218765877,0.9547108378123412
4803,2020-05-10,0.01635816019529235,0.9836418398047077
4804,2020-05-10,0.032160585998551205,0.9678394140014488
4805,2020-05-10,0.0059972016573683895,0.9940027983426316
4807,2020-05-10,0.03237671630666794,0.9676232836933321
4808,2020-05-10,0.01675365025910658,0.9832463497408934
4809,2020-05-10,0.011514129160592468,0.9884858708394075
4810,2020-05-10,0.03374172474233739,0.9662582752576626
4811,2020-05-10,0.013118669712444464,0.9868813302875555
4812,2020-05-10,0.005658991375050881,0.9943410086249491
4813,2020-05-10,0.009874475619133793,0.9901255243808662
4814,2020-05-10,0.03438405695200775,0.9656159430479923
4815,2020-05-10,0.005986679401353445,0.9940133205986466
4816,2020-05-10,0.007944327612942392,0.9920556723870576
4817,2020-05-10,0.02226732162108902,0.977732678378911
4818,2020-05-10,0.009434435838617694,0.9905655641613823
4820,2020-05-10,0.023379374607141568,0.9766206253928584
4821,2020-05-10,0.002756251205182969,0.997243748794817
4822,2020-05-10,0.006913688382204741,0.9930863116177953
4823,2020-05-10,0.023378718858470315,0.9766212811415297
4824,2020-05-10,0.017112976432106297,0.9828870235678937
4825,2020-05-10,0.01342785284992154,0.9865721471500785
4826,2020-05-10,0.018141161553703045,0.981858838446297
4827,2020-05-10,0.043162801046906396,0.9568371989530936
4828,2020-05-10,0.010116074996769253,0.9898839250032307
4829,2020-05-10,0.02603544415386072,0.9739645558461393
4830,2020-05-10,0.029016269091394986,0.970983730908605
4831,2020-05-10,0.006109034816089598,0.9938909651839104
4832,2020-05-10,0.00727166168287674,0.9927283383171233
4833,2020-05-10,0.017275148274552343,0.9827248517254477
4834,2020-05-10,0.028660810482374677,0.9713391895176253
4835,2020-05-10,0.018963476282903513,0.9810365237170965
4836,2020-05-10,0.005884261861227258,0.9941157381387727
4838,2020-05-10,0.007049913476921299,0.9929500865230787
4839,2020-05-10,0.008044560531113576,0.9919554394688864
4840,2020-05-10,0.03512682451041094,0.9648731754895891
4841,2020-05-10,0.02856771943631664,0.9714322805636834
4842,2020-05-10,0.023667910621422705,0.9763320893785773
4843,2020-05-10,0.0895161091054627,0.9104838908945373
4844,2020-05-10,0.009963418269866131,0.9900365817301339
4845,2020-05-10,0.009523791710452145,0.9904762082895479
4846,2020-05-10,0.003483087879728508,0.9965169121202715
4847,2020-05-10,0.019202519545502006,0.980797480454498
4848,2020-05-10,0.0014388530303546254,0.9985611469696454
4849,2020-05-10,0.010959897651873551,0.9890401023481264
4850,2020-05-10,0.0052630767464395545,0.9947369232535604
4851,2020-05-10,0.0035607048115749995,0.996439295188425
4852,2020-05-10,0.021033191756786418,0.9789668082432136
4853,2020-05-10,0.04776245946244939,0.9522375405375506
4854,2020-05-10,0.006171592093724088,0.9938284079062759
4855,2020-05-10,0.027288484931420776,0.9727115150685792
4856,2020-05-10,0.004998302187277148,0.9950016978127229
4857,2020-05-10,0.0035789258583370787,0.9964210741416629
4858,2020-05-10,0.004599999551786915,0.9954000004482131
4859,2020-05-10,0.028047864721967408,0.9719521352780326
4860,2020-05-10,0.012302599057932295,0.9876974009420677
4861,2020-05-10,0.012126681742055223,0.9878733182579448
4863,2020-05-10,0.006884441746145775,0.9931155582538542
4864,2020-05-10,0.027768379521315167,0.9722316204786848
4866,2020-05-10,0.008119737553524908,0.9918802624464751
4867,2020-05-10,0.008965869303462992,0.991034130696537
4868,2020-05-10,0.0050864522993210315,0.994913547700679
4869,2020-05-10,0.005209543690387064,0.9947904563096129
4870,2020-05-10,0.025344782810454047,0.974655217189546
4871,2020-05-10,0.023062580285335144,0.9769374197146649
4872,2020-05-10,0.029459840724567865,0.9705401592754321
4873,2020-05-10,0.006943351201553871,0.9930566487984461
4874,2020-05-10,0.019748301154473125,0.9802516988455269
4875,2020-05-10,0.02823647813389274,0.9717635218661073
4876,2020-05-10,0.010328832437714208,0.9896711675622858
4877,2020-05-10,0.01365381415275535,0.9863461858472446
4879,2020-05-10,0.009779058862010248,0.9902209411379898
4880,2020-05-10,0.007687305042825554,0.9923126949571744
4881,2020-05-10,0.01135483640606516,0.9886451635939348
4882,2020-05-10,0.027442802152507273,0.9725571978474927
4883,2020-05-10,0.029748788243475377,0.9702512117565246
4885,2020-05-10,0.024061179421227097,0.9759388205787729
4886,2020-05-10,0.023901816249427332,0.9760981837505727
4887,2020-05-10,0.03022716765761624,0.9697728323423838
4888,2020-05-10,0.004082645255746864,0.9959173547442531
4889,2020-05-10,0.011744799090849689,0.9882552009091503
4890,2020-05-10,0.016834560356250527,0.9831654396437495
4891,2020-05-10,0.018947911459164746,0.9810520885408353
4892,2020-05-10,0.017328785488778475,0.9826712145112215
4893,2020-05-10,0.0084208182466734,0.9915791817533266
4894,2020-05-10,0.01087883612919871,0.9891211638708013
4895,2020-05-10,0.005143317917784884,0.9948566820822151
4897,2020-05-10,0.01600357925962903,0.983996420740371
4898,2020-05-10,0.0501395288886477,0.9498604711113523
4899,2020-05-10,0.002908846227773876,0.9970911537722261
4901,2020-05-10,0.0245336958550596,0.9754663041449404
4902,2020-05-10,0.004344682899275698,0.9956553171007243
4903,2020-05-10,0.010385878129394843,0.9896141218706052
4904,2020-05-10,0.0023226710317423294,0.9976773289682577
4906,2020-05-10,0.013016649236501476,0.9869833507634985
4907,2020-05-10,0.008440146643023172,0.9915598533569768
4908,2020-05-10,0.01267209498915478,0.9873279050108452
4909,2020-05-10,0.03340649678088403,0.966593503219116
4910,2020-05-10,0.038741430872777816,0.9612585691272222
4911,2020-05-10,0.05670850784551251,0.9432914921544875
4912,2020-05-10,0.004919934444379215,0.9950800655556208
4914,2020-05-10,0.012013267377644077,0.9879867326223559
4915,2020-05-10,0.014577679882695538,0.9854223201173045
4916,2020-05-10,0.008989403476059588,0.9910105965239404
4917,2020-05-10,0.008168150651473916,0.9918318493485261
4918,2020-05-10,0.012753654728000052,0.987246345272
4919,2020-05-10,0.0010196124141189644,0.998980387585881
4920,2020-05-10,0.004595095937550031,0.99540490406245
4922,2020-05-10,0.00890007306126317,0.9910999269387368
4924,2020-05-10,0.006171156041818726,0.9938288439581813
4926,2020-05-10,0.004088106551240034,0.99591189344876
4927,2020-05-10,0.034629634254513375,0.9653703657454866
4928,2020-05-10,0.00434983484320528,0.9956501651567947
4930,2020-05-10,0.042950131995647345,0.9570498680043527
4931,2020-05-10,0.020827058259320963,0.979172941740679
4932,2020-05-10,0.013360290496933103,0.9866397095030669
4933,2020-05-10,0.011569992296374454,0.9884300077036255
4934,2020-05-10,0.009158648897811594,0.9908413511021884
4935,2020-05-10,0.012128008501128273,0.9878719914988717
4936,2020-05-10,0.013299834061477833,0.9867001659385222
4937,2020-05-10,0.012577056794171537,0.9874229432058285
4938,2020-05-10,0.011168312916802536,0.9888316870831975
4939,2020-05-10,0.02388051560778648,0.9761194843922135
4940,2020-05-10,0.018483199497592362,0.9815168005024076
4941,2020-05-10,0.011072237676008845,0.9889277623239912
4942,2020-05-10,0.027536721788182117,0.9724632782118179
4943,2020-05-10,0.01939562716176313,0.9806043728382369
4945,2020-05-10,0.007015521760925791,0.9929844782390742
4946,2020-05-10,0.01777889279878031,0.9822211072012197
4947,2020-05-10,0.020655014750101452,0.9793449852498985
4948,2020-05-10,0.01727152878839755,0.9827284712116025
4949,2020-05-10,0.03311576384835058,0.9668842361516494
4950,2020-05-10,0.0028289216587977783,0.9971710783412022
4951,2020-05-10,0.03767181429104671,0.9623281857089533
4952,2020-05-10,0.025969393074148805,0.9740306069258512
4953,2020-05-10,0.022350385361857406,0.9776496146381426
4954,2020-05-10,0.011194640372004683,0.9888053596279953
4955,2020-05-10,0.015198907280312146,0.9848010927196879
4956,2020-05-10,0.023800832766655233,0.9761991672333448
4957,2020-05-10,0.023548489302298914,0.9764515106977011
4958,2020-05-10,0.038592272044992604,0.9614077279550074
4959,2020-05-10,0.003273670382884175,0.9967263296171158
4961,2020-05-10,0.02618202420804039,0.9738179757919596
4962,2020-05-10,0.03063898891507677,0.9693610110849232
4963,2020-05-10,0.0031186663546971527,0.9968813336453028
4964,2020-05-10,0.006855892456503199,0.9931441075434968
4965,2020-05-10,0.01916702467525777,0.9808329753247422
4966,2020-05-10,0.018014339042244698,0.9819856609577553
4968,2020-05-10,0.011370118324398715,0.9886298816756013
4970,2020-05-10,0.018138026042039623,0.9818619739579604
4971,2020-05-10,0.01311426241247704,0.986885737587523
4972,2020-05-10,0.0048911816299838096,0.9951088183700162
4973,2020-05-10,0.0059132858404410404,0.994086714159559
4974,2020-05-10,0.004060245633340509,0.9959397543666595
4975,2020-05-10,0.00265464530866244,0.9973453546913376
4976,2020-05-10,0.051895165912131724,0.9481048340878683
4978,2020-05-10,0.04486536237000116,0.9551346376299988
4979,2020-05-10,0.014534960175900058,0.9854650398240999
4980,2020-05-10,0.031109693565848695,0.9688903064341513
4981,2020-05-10,0.003401589032731467,0.9965984109672685
4982,2020-05-10,0.0035840115994885124,0.9964159884005115
4983,2020-05-10,0.009090651211113632,0.9909093487888864
4985,2020-05-10,0.01028421183446071,0.9897157881655393
4986,2020-05-10,0.035089891556566166,0.9649101084434338
4987,2020-05-10,0.005466636257968727,0.9945333637420313
4988,2020-05-10,0.0035535961619231893,0.9964464038380768
4989,2020-05-10,0.0030448688539546076,0.9969551311460454
4990,2020-05-10,0.06577038068895036,0.9342296193110496
4991,2020-05-10,0.026607440788843806,0.9733925592111562
4993,2020-05-10,0.03447771098548236,0.9655222890145176
4994,2020-05-10,0.014811512224751522,0.9851884877752485
4995,2020-05-10,0.06349683127360606,0.9365031687263939
4996,2020-05-10,0.0027297834535556786,0.9972702165464443
4997,2020-05-10,0.027387808914497436,0.9726121910855026
4998,2020-05-10,0.029502863839027005,0.970497136160973
4999,2020-05-10,0.02538096590026362,0.9746190340997364
5001,2020-05-10,0.003639960572550449,0.9963600394274496
5002,2020-05-10,0.01475994867813124,0.9852400513218688
5003,2020-05-10,0.06657697255423722,0.9334230274457628
5005,2020-05-10,0.0048562440288298925,0.9951437559711701
5006,2020-05-10,0.01160570385725146,0.9883942961427485
5007,2020-05-10,0.022274757523668143,0.9777252424763319
5008,2020-05-10,0.011841898855934008,0.988158101144066
5009,2020-05-10,0.008860109589186038,0.991139890410814
5010,2020-05-10,0.02388736169657313,0.9761126383034269
5011,2020-05-10,0.012330474244387712,0.9876695257556123
5012,2020-05-10,0.019223598817961873,0.9807764011820381
5013,2020-05-10,0.0054171572618376684,0.9945828427381623
5014,2020-05-10,0.03078925157460699,0.969210748425393
5015,2020-05-10,0.011683000158105195,0.9883169998418948
5016,2020-05-10,0.0076124887264346075,0.9923875112735654
5017,2020-05-10,0.00403871520267407,0.9959612847973259
5018,2020-05-10,0.002685989140553624,0.9973140108594464
5019,2020-05-10,0.004931995485847995,0.995068004514152
5020,2020-05-10,0.06869820833331097,0.931301791666689
5021,2020-05-10,0.006747200715783941,0.9932527992842161
5022,2020-05-10,0.024798693039141284,0.9752013069608587
5023,2020-05-10,0.010736294307206129,0.9892637056927939
5024,2020-05-10,0.02286801650233805,0.977131983497662
5025,2020-05-10,0.034447375034559524,0.9655526249654405
5026,2020-05-10,0.032520839300226534,0.9674791606997735
5027,2020-05-10,0.026224368673347653,0.9737756313266523
5028,2020-05-10,0.04290932360295241,0.9570906763970476
5029,2020-05-10,0.03633990926864472,0.9636600907313553
5031,2020-05-10,0.03930673158201681,0.9606932684179832
5032,2020-05-10,0.0109235524381055,0.9890764475618945
5033,2020-05-10,0.015411421763646849,0.9845885782363532
5035,2020-05-10,0.0037057840542505938,0.9962942159457494
5036,2020-05-10,0.004841255179115933,0.9951587448208841
5037,2020-05-10,0.0577777545710072,0.9422222454289928
5038,2020-05-10,0.044976567988326055,0.955023432011674
5039,2020-05-10,0.008968179438651358,0.9910318205613486
5040,2020-05-10,0.029844573896160576,0.9701554261038394
5041,2020-05-10,0.010209068178792635,0.9897909318212074
5042,2020-05-10,0.010187585251547393,0.9898124147484526
5043,2020-05-10,0.028438889898467545,0.9715611101015325
5044,2020-05-10,0.01610899428347523,0.9838910057165248
5045,2020-05-10,0.08412386791483106,0.9158761320851689
5046,2020-05-10,0.005833891997434892,0.9941661080025651
5047,2020-05-10,0.03427265191212714,0.9657273480878729
5048,2020-05-10,0.005930766234812479,0.9940692337651875
5049,2020-05-10,0.07791482510629477,0.9220851748937052
5050,2020-05-10,0.022784867019060573,0.9772151329809394
5051,2020-05-10,0.0036931172688048353,0.9963068827311952
5052,2020-05-10,0.05395028359093168,0.9460497164090683
5053,2020-05-10,0.03267940624111543,0.9673205937588846
5054,2020-05-10,0.0326703080473042,0.9673296919526958
5055,2020-05-10,0.008419130841667455,0.9915808691583325
5056,2020-05-10,0.006958825784726841,0.9930411742152732
5057,2020-05-10,0.02293672600760166,0.9770632739923983
5058,2020-05-10,0.008854411731793355,0.9911455882682066
5059,2020-05-10,0.009775974441521673,0.9902240255584783
5061,2020-05-10,0.002905756270757842,0.9970942437292422
5062,2020-05-10,0.024067981352704826,0.9759320186472952
5063,2020-05-10,0.011491473807289654,0.9885085261927103
5064,2020-05-10,0.01847644717307806,0.9815235528269219
5067,2020-05-10,0.004985263505183912,0.9950147364948161
5068,2020-05-10,0.027263173701502996,0.972736826298497
5069,2020-05-10,0.021141333969251552,0.9788586660307484
5070,2020-05-10,0.020039796820740197,0.9799602031792598
5071,2020-05-10,0.016596219534574796,0.9834037804654252
5072,2020-05-10,0.02070640213860786,0.9792935978613921
5073,2020-05-10,0.05188634179367868,0.9481136582063213
5075,2020-05-10,0.008270419273388452,0.9917295807266115
5076,2020-05-10,0.026146236041784787,0.9738537639582152
5077,2020-05-10,0.018683560732836835,0.9813164392671632
5078,2020-05-10,0.09489259808443573,0.9051074019155643
5079,2020-05-10,0.01953107906222784,0.9804689209377722
5080,2020-05-10,0.06366993676098154,0.9363300632390185
5081,2020-05-10,0.029317121897942666,0.9706828781020573
5082,2020-05-10,0.012189048630828814,0.9878109513691712
5083,2020-05-10,0.004538339357872401,0.9954616606421276
5084,2020-05-10,0.011402322525502662,0.9885976774744973
5086,2020-05-10,0.0476149260014358,0.9523850739985642
5087,2020-05-10,0.020225920257110785,0.9797740797428892
5089,2020-05-10,0.0076058363781287275,0.9923941636218713
5090,2020-05-10,0.0071635475061118115,0.9928364524938882
5091,2020-05-10,0.009221488640002495,0.9907785113599975
5092,2020-05-10,0.024695295625747793,0.9753047043742522
5093,2020-05-10,0.00856490651309083,0.9914350934869092
5095,2020-05-10,0.02695226341918744,0.9730477365808126
5096,2020-05-10,0.0038627125470859225,0.9961372874529141
5097,2020-05-10,0.004236638208818255,0.9957633617911817
5098,2020-05-10,0.008303315593758076,0.9916966844062419
5099,2020-05-10,0.018290918680783252,0.9817090813192167
5100,2020-05-10,0.015626234755077628,0.9843737652449224
5101,2020-05-10,0.02165776083565707,0.9783422391643429
5102,2020-05-10,0.002424813686520033,0.99757518631348
5103,2020-05-10,0.010263712062608565,0.9897362879373914
5104,2020-05-10,0.0014248316069334077,0.9985751683930666
5105,2020-05-10,0.008293954038708806,0.9917060459612912
5106,2020-05-10,0.07471219350225666,0.9252878064977433
5107,2020-05-10,0.03341456657431907,0.9665854334256809
5108,2020-05-10,0.0017356091961032716,0.9982643908038967
5109,2020-05-10,0.02948620975362015,0.9705137902463798
5110,2020-05-10,0.02725414928804004,0.97274585071196
5111,2020-05-10,0.012102107913241511,0.9878978920867585
5112,2020-05-10,0.011243604619516678,0.9887563953804833
5113,2020-05-10,0.003572887002417313,0.9964271129975827
5114,2020-05-10,0.10980319578931375,0.8901968042106863
5115,2020-05-10,0.049369592110662275,0.9506304078893377
5116,2020-05-10,0.013215325907726116,0.9867846740922739
5117,2020-05-10,0.029952593259580773,0.9700474067404192
5118,2020-05-10,0.04360570975869804,0.956394290241302
5120,2020-05-10,0.006130107799923734,0.9938698922000763
5121,2020-05-10,0.007745274625328924,0.9922547253746711
5122,2020-05-10,0.013318315529266767,0.9866816844707332
5123,2020-05-10,0.012272259972528343,0.9877277400274717
5124,2020-05-10,0.012615692096227704,0.9873843079037723
5125,2020-05-10,0.07933151485125711,0.9206684851487429
5126,2020-05-10,0.002707860090846559,0.9972921399091534
5127,2020-05-10,0.013544059000521913,0.9864559409994781
5128,2020-05-10,0.007393222578788161,0.9926067774212118
5129,2020-05-10,0.0653219890355553,0.9346780109644447
5130,2020-05-10,0.04365808905601387,0.9563419109439861
5131,2020-05-10,0.00339537992440897,0.996604620075591
5132,2020-05-10,0.016005321196838063,0.9839946788031619
5134,2020-05-10,0.022522915223202045,0.977477084776798
5135,2020-05-10,0.013659539421045475,0.9863404605789545
5136,2020-05-10,0.008532859157246553,0.9914671408427534
5137,2020-05-10,0.031167549464968136,0.9688324505350319
5138,2020-05-10,0.04380920025533841,0.9561907997446616
5140,2020-05-10,0.02498459506111872,0.9750154049388813
5141,2020-05-10,0.005298122809350714,0.9947018771906493
5142,2020-05-10,0.003740401953074013,0.996259598046926
5143,2020-05-10,0.04621668941886081,0.9537833105811392
5144,2020-05-10,0.006606404090769846,0.9933935959092302
5145,2020-05-10,0.00731758756782197,0.992682412432178
5147,2020-05-10,0.05732644326775804,0.942673556732242
5148,2020-05-10,0.022013093439392728,0.9779869065606073
5149,2020-05-10,0.007227453500634362,0.9927725464993656
5150,2020-05-10,0.01398494850336518,0.9860150514966348
5151,2020-05-10,0.0289716782478463,0.9710283217521537
5152,2020-05-10,0.008094273158448129,0.9919057268415519
5153,2020-05-10,0.056274572265497924,0.9437254277345021
5154,2020-05-10,0.001610612237187281,0.9983893877628127
5156,2020-05-10,0.041994499945894326,0.9580055000541057
5158,2020-05-10,0.006228580885393908,0.9937714191146061
5159,2020-05-10,0.0017908698767998832,0.9982091301232001
5160,2020-05-10,0.008331072230451597,0.9916689277695484
5161,2020-05-10,0.008146319618352993,0.991853680381647
5162,2020-05-10,0.010024720210592863,0.9899752797894071
5163,2020-05-10,0.04010289597793182,0.9598971040220682
5164,2020-05-10,0.009435072468407135,0.9905649275315929
5165,2020-05-10,0.029834303730085443,0.9701656962699146
5166,2020-05-10,0.015517160282985554,0.9844828397170144
5168,2020-05-10,0.03195944238855042,0.9680405576114496
5169,2020-05-10,0.0032126334586604077,0.9967873665413396
5170,2020-05-10,0.05393959971367979,0.9460604002863202
5171,2020-05-10,0.025116468808034753,0.9748835311919652
5174,2020-05-10,0.07445250718609053,0.9255474928139095
5175,2020-05-10,0.003946342487869736,0.9960536575121303
5176,2020-05-10,0.006767272996892726,0.9932327270031073
5178,2020-05-10,0.027210042744330365,0.9727899572556696
5179,2020-05-10,0.047282366579372126,0.9527176334206279
5180,2020-05-10,0.004614870363819801,0.9953851296361802
5181,2020-05-10,0.013639143630500672,0.9863608563694993
5182,2020-05-10,0.010740933678627829,0.9892590663213722
5183,2020-05-10,0.03208087347582911,0.9679191265241709
5184,2020-05-10,0.016818296976633174,0.9831817030233668
5185,2020-05-10,0.012679364358373912,0.9873206356416261
5186,2020-05-10,0.005019326435625415,0.9949806735643746
5188,2020-05-10,0.022713594699151685,0.9772864053008483
5189,2020-05-10,0.020278285400834206,0.9797217145991658
5190,2020-05-10,0.03784809494102781,0.9621519050589722
5191,2020-05-10,0.02795055144218317,0.9720494485578168
5193,2020-05-10,0.006282865234589097,0.9937171347654109
5196,2020-05-10,0.05295832329314021,0.9470416767068598
5197,2020-05-10,0.007490668626956021,0.992509331373044
5198,2020-05-10,0.008716958430122879,0.9912830415698771
5199,2020-05-10,0.020352377645549424,0.9796476223544506
5200,2020-05-10,0.011548829926250392,0.9884511700737496
5201,2020-05-10,0.017912456990090142,0.9820875430099099
5202,2020-05-10,0.01826928143985107,0.9817307185601489
5203,2020-05-10,0.017411232942407318,0.9825887670575927
5204,2020-05-10,0.00526606495015014,0.9947339350498499
5205,2020-05-10,0.0024264764346200174,0.99757352356538
5206,2020-05-10,0.011070466682414515,0.9889295333175855
5207,2020-05-10,0.031174245629462694,0.9688257543705373
5208,2020-05-10,0.009946376700612936,0.9900536232993871
5209,2020-05-10,0.0848726875003264,0.9151273124996736
5210,2020-05-10,0.005475848968245489,0.9945241510317545
5211,2020-05-10,0.014371688583299624,0.9856283114167004
5212,2020-05-10,0.009180902623656229,0.9908190973763438
5213,2020-05-10,0.03172759272464887,0.9682724072753511
5214,2020-05-10,0.010652033710330522,0.9893479662896695
5215,2020-05-10,0.0048249345838685676,0.9951750654161314
5216,2020-05-10,0.008746519931614793,0.9912534800683852
5217,2020-05-10,0.003262876202476228,0.9967371237975238
5218,2020-05-10,0.013084205011841932,0.9869157949881581
5219,2020-05-10,0.04330600370315141,0.9566939962968486
5220,2020-05-10,0.03924709551087269,0.9607529044891273
5221,2020-05-10,0.02581481969072541,0.9741851803092746
5222,2020-05-10,0.006112877608133616,0.9938871223918664
5223,2020-05-10,0.015168192615040987,0.984831807384959
5224,2020-05-10,0.012867181308325981,0.987132818691674
5225,2020-05-10,0.03908962885682765,0.9609103711431723
5226,2020-05-10,0.005319027279121369,0.9946809727208786
5227,2020-05-10,0.03734822509162328,0.9626517749083767
5228,2020-05-10,0.011883886637318652,0.9881161133626813
5229,2020-05-10,0.006074329986054505,0.9939256700139455
5230,2020-05-10,0.027866119388034516,0.9721338806119655
5231,2020-05-10,0.005605048703337556,0.9943949512966624
5234,2020-05-10,0.02404368543351243,0.9759563145664876
5235,2020-05-10,0.005763335904829137,0.9942366640951709
5236,2020-05-10,0.004016310185782079,0.9959836898142179
5237,2020-05-10,0.016172322167259612,0.9838276778327404
5239,2020-05-10,0.012983875310812465,0.9870161246891875
5240,2020-05-10,0.017735420104131094,0.9822645798958689
5241,2020-05-10,0.013123902041564883,0.9868760979584351
5242,2020-05-10,0.01714587530275491,0.9828541246972451
5243,2020-05-10,0.007776078423503252,0.9922239215764967
5244,2020-05-10,0.03603450905067895,0.963965490949321
5245,2020-05-10,0.010700533923667543,0.9892994660763325
5246,2020-05-10,0.010715337675790915,0.9892846623242091
5247,2020-05-10,0.03567372638198263,0.9643262736180174
5248,2020-05-10,0.001844237551603678,0.9981557624483963
5249,2020-05-10,0.020566638695016404,0.9794333613049836
5250,2020-05-10,0.04821881264424133,0.9517811873557587
5251,2020-05-10,0.00870371900194733,0.9912962809980527
5252,2020-05-10,0.020453539039182123,0.9795464609608179
5253,2020-05-10,0.01072573542979871,0.9892742645702013
5254,2020-05-10,0.0016312741608158765,0.9983687258391841
5255,2020-05-10,0.02839050249355579,0.9716094975064442
5256,2020-05-10,0.07030747112329438,0.9296925288767056
5257,2020-05-10,0.010560399794587227,0.9894396002054128
5259,2020-05-10,0.019264424554436665,0.9807355754455633
5260,2020-05-10,0.016449251880080062,0.9835507481199199
5261,2020-05-10,0.006089495585210436,0.9939105044147896
5262,2020-05-10,0.007883721799348375,0.9921162782006516
5263,2020-05-10,0.011497348365809068,0.9885026516341909
5264,2020-05-10,0.012966407606433417,0.9870335923935666
5265,2020-05-10,0.035969529925324206,0.9640304700746758
5266,2020-05-10,0.01195546906982592,0.9880445309301741
5267,2020-05-10,0.008508953347287296,0.9914910466527127
5268,2020-05-10,0.011403372387234323,0.9885966276127657
5269,2020-05-10,0.0037611504939094598,0.9962388495060905
5270,2020-05-10,0.00685838610417655,0.9931416138958234
5271,2020-05-10,0.0679533262816906,0.9320466737183094
5272,2020-05-10,0.009368313053656818,0.9906316869463432
5273,2020-05-10,0.0015701686654781,0.9984298313345219
5274,2020-05-10,0.03864526506156807,0.9613547349384319
5275,2020-05-10,0.0009548413107345333,0.9990451586892655
5276,2020-05-10,0.04909722094968638,0.9509027790503136
5277,2020-05-10,0.008150737830826427,0.9918492621691736
5278,2020-05-10,0.00417266178150133,0.9958273382184987
5279,2020-05-10,0.014541146578155417,0.9854588534218446
5281,2020-05-10,0.01703653536780203,0.982963464632198
5282,2020-05-10,0.027819560983573965,0.972180439016426
5283,2020-05-10,0.008166644260617861,0.9918333557393821
5284,2020-05-10,0.007689247453130155,0.9923107525468698
5285,2020-05-10,0.01666035696718504,0.983339643032815
5286,2020-05-10,0.004637775520620169,0.9953622244793798
5287,2020-05-10,0.012739154384857287,0.9872608456151427
5288,2020-05-10,0.018040733046500113,0.9819592669534999
5289,2020-05-10,0.012499533364459303,0.9875004666355407
5290,2020-05-10,0.014584023757472586,0.9854159762425274
5292,2020-05-10,0.021465577079783915,0.9785344229202161
5293,2020-05-10,0.02188494364711213,0.9781150563528879
5295,2020-05-10,0.005590113206405789,0.9944098867935942
5296,2020-05-10,0.00665479928568713,0.9933452007143129
5297,2020-05-10,0.012876525574119557,0.9871234744258804
5298,2020-05-10,0.007865950718705106,0.9921340492812949
5299,2020-05-10,0.0156636208975528,0.9843363791024472
5300,2020-05-10,0.0884236910099454,0.9115763089900546
5301,2020-05-10,0.0309408383030102,0.9690591616969898
5302,2020-05-10,0.018905144530839357,0.9810948554691606
5303,2020-05-10,0.02995714971475416,0.9700428502852458
5304,2020-05-10,0.04404661368733731,0.9559533863126627
5305,2020-05-10,0.00420584873376928,0.9957941512662307
5307,2020-05-10,0.002169006405948748,0.9978309935940513
5308,2020-05-10,0.09130333634312138,0.9086966636568786
5310,2020-05-10,0.016346992461571563,0.9836530075384284
5311,2020-05-10,0.002658330927246877,0.9973416690727531
5312,2020-05-10,0.008509254887248519,0.9914907451127515
5313,2020-05-10,0.026660432766471565,0.9733395672335284
5314,2020-05-10,0.00866859288820332,0.9913314071117967
5315,2020-05-10,0.03353058556666744,0.9664694144333326
5316,2020-05-10,0.013171069418799641,0.9868289305812004
5317,2020-05-10,0.016973811665400018,0.9830261883346
5318,2020-05-10,0.016888609044625524,0.9831113909553745
5319,2020-05-10,0.020858434830755113,0.9791415651692449
5320,2020-05-10,0.024349936228512004,0.975650063771488
5322,2020-05-10,0.025912244651986494,0.9740877553480135
5323,2020-05-10,0.022330445843521063,0.9776695541564789
5324,2020-05-10,0.005952072498015326,0.9940479275019847
5325,2020-05-10,0.02360275238994891,0.9763972476100511
5326,2020-05-10,0.008405023473799345,0.9915949765262007
5327,2020-05-10,0.004067272885833195,0.9959327271141668
5328,2020-05-10,0.017131285665868745,0.9828687143341313
5329,2020-05-10,0.005402836829858426,0.9945971631701416
5330,2020-05-10,0.0024478325031525028,0.9975521674968475
5331,2020-05-10,0.02204495161179465,0.9779550483882054
5332,2020-05-10,0.02221185636560674,0.9777881436343933
5333,2020-05-10,0.009501126427070128,0.9904988735729299
5334,2020-05-10,0.007101996143458966,0.992898003856541
5335,2020-05-10,0.014333275855463068,0.9856667241445369
5336,2020-05-10,0.0072728892461432215,0.9927271107538568
5337,2020-05-10,0.00763092001810417,0.9923690799818958
5339,2020-05-10,0.0356783969150839,0.9643216030849161
5340,2020-05-10,0.0625245921069214,0.9374754078930786
5341,2020-05-10,0.01171463845237486,0.9882853615476251
5342,2020-05-10,0.027554897639034626,0.9724451023609654
5343,2020-05-10,0.009046834099589285,0.9909531659004107
5344,2020-05-10,0.010551948749231932,0.9894480512507681
5345,2020-05-10,0.012623105010443503,0.9873768949895565
5347,2020-05-10,0.0044097759661178015,0.9955902240338822
5348,2020-05-10,0.004049012037741773,0.9959509879622582
5349,2020-05-10,0.04682996246734161,0.9531700375326584
5350,2020-05-10,0.0046615904669357056,0.9953384095330643
5351,2020-05-10,0.0026414545242935406,0.9973585454757065
5352,2020-05-10,0.022881923484023514,0.9771180765159765
5353,2020-05-10,0.03182328588873895,0.968176714111261
5354,2020-05-10,0.012405579580489268,0.9875944204195107
5355,2020-05-10,0.02153461533696599,0.978465384663034
5356,2020-05-10,0.016240716755321016,0.983759283244679
5357,2020-05-10,0.016503175153393057,0.9834968248466069
5358,2020-05-10,0.030618602425832808,0.9693813975741672
5359,2020-05-10,0.06645820931029689,0.9335417906897031
5360,2020-05-10,0.019093461926012578,0.9809065380739874
5361,2020-05-10,0.012063493225603406,0.9879365067743966
5362,2020-05-10,0.0418529598288514,0.9581470401711486
5363,2020-05-10,0.00711870533146719,0.9928812946685328
5365,2020-05-10,0.06140535583996465,0.9385946441600354
5366,2020-05-10,0.009396849039922883,0.9906031509600771
5367,2020-05-10,0.013598387811632917,0.9864016121883671
5369,2020-05-10,0.06673426859887821,0.9332657314011218
5370,2020-05-10,0.009768084147371181,0.9902319158526288
5371,2020-05-10,0.012963460107107139,0.9870365398928929
5372,2020-05-10,0.0013517112513062868,0.9986482887486937
5373,2020-05-10,0.001221130547619187,0.9987788694523808
5374,2020-05-10,0.009303316267429751,0.9906966837325702
5376,2020-05-10,0.07219025692086722,0.9278097430791328
5377,2020-05-10,0.028833190720390256,0.9711668092796097
5378,2020-05-10,0.0025379790481147024,0.9974620209518853
5379,2020-05-10,0.02135582333456687,0.9786441766654331
5380,2020-05-10,0.003806158063431875,0.9961938419365681
5381,2020-05-10,0.007537323994914136,0.9924626760050859
5382,2020-05-10,0.01927963751491979,0.9807203624850802
5383,2020-05-10,0.012910582349565325,0.9870894176504347
5384,2020-05-10,0.005759512800437405,0.9942404871995626
5385,2020-05-10,0.0031528107879056355,0.9968471892120944
5386,2020-05-10,0.00648926002011363,0.9935107399798864
5388,2020-05-10,0.06030305856586149,0.9396969414341385
5389,2020-05-10,0.007339888809702266,0.9926601111902977
5390,2020-05-10,0.002834039563262447,0.9971659604367376
5391,2020-05-10,0.014836719451107538,0.9851632805488925
5392,2020-05-10,0.004192590675756169,0.9958074093242438
5393,2020-05-10,0.009412358074737726,0.9905876419252623
5395,2020-05-10,0.031004287077769477,0.9689957129222305
5396,2020-05-10,0.006638213473113996,0.993361786526886
5397,2020-05-10,0.025059522668977152,0.9749404773310228
5398,2020-05-10,0.013513557908851781,0.9864864420911482
5399,2020-05-10,0.01323222566442428,0.9867677743355757
5400,2020-05-10,0.011865567764309692,0.9881344322356903
5401,2020-05-10,0.024459301287357404,0.9755406987126426
5402,2020-05-10,0.028122348099376637,0.9718776519006234
5403,2020-05-10,0.00975437986419081,0.9902456201358092
5404,2020-05-10,0.009726196887820948,0.990273803112179
5405,2020-05-10,0.015168003177919998,0.98483199682208
5406,2020-05-10,0.007645918490676418,0.9923540815093236
5407,2020-05-10,0.02834265739959818,0.9716573426004018
5408,2020-05-10,0.011397175620945554,0.9886028243790544
5409,2020-05-10,0.01586415837047095,0.984135841629529
5410,2020-05-10,0.015070047789680352,0.9849299522103196
5411,2020-05-10,0.010405970814071575,0.9895940291859284
5412,2020-05-10,0.026152221883667504,0.9738477781163325
5413,2020-05-10,0.007310400083193169,0.9926895999168068
5414,2020-05-10,0.018390742692611206,0.9816092573073888
5415,2020-05-10,0.008086150286997551,0.9919138497130024
5417,2020-05-10,0.01271608906051691,0.9872839109394831
5418,2020-05-10,0.043408146671999215,0.9565918533280008
5419,2020-05-10,0.01273993580203392,0.9872600641979661
5420,2020-05-10,0.002558413141763527,0.9974415868582365
5422,2020-05-10,0.017266083512250563,0.9827339164877494
5423,2020-05-10,0.019611140610641065,0.9803888593893589
5424,2020-05-10,0.006187924184439364,0.9938120758155606
5425,2020-05-10,0.007073814432276615,0.9929261855677234
5428,2020-05-10,0.04681027506459001,0.95318972493541
5429,2020-05-10,0.02357328190611696,0.976426718093883
5430,2020-05-10,0.010126740482822583,0.9898732595171774
5431,2020-05-10,0.022961661467659877,0.9770383385323401
5432,2020-05-10,0.047245721122506024,0.952754278877494
5433,2020-05-10,0.04003995656676351,0.9599600434332365
5434,2020-05-10,0.00795839996899228,0.9920416000310077
5435,2020-05-10,0.01210838083533683,0.9878916191646632
5436,2020-05-10,0.01838121051888464,0.9816187894811154
5437,2020-05-10,0.00655930128291593,0.9934406987170841
5438,2020-05-10,0.012751267437526193,0.9872487325624738
5439,2020-05-10,0.007010521854841412,0.9929894781451586
5440,2020-05-10,0.0060148767650765045,0.9939851232349235
5441,2020-05-10,0.0022307525556937158,0.9977692474443063
5442,2020-05-10,0.02038322511225743,0.9796167748877426
5443,2020-05-10,0.05687891271068102,0.943121087289319
5444,2020-05-10,0.02034127245105255,0.9796587275489475
5445,2020-05-10,0.0010914892067811488,0.9989085107932189
5447,2020-05-10,0.006015574635922172,0.9939844253640778
5448,2020-05-10,0.032775141765357674,0.9672248582346423
5449,2020-05-10,0.08032965221277233,0.9196703477872277
5450,2020-05-10,0.06967610344340469,0.9303238965565953
5451,2020-05-10,0.01922805738818667,0.9807719426118133
5452,2020-05-10,0.012245075167531705,0.9877549248324683
5453,2020-05-10,0.01158823805279996,0.9884117619472
5455,2020-05-10,0.013842502752963837,0.9861574972470362
5456,2020-05-10,0.008533715850054913,0.9914662841499451
5458,2020-05-10,0.020578435018144714,0.9794215649818553
5459,2020-05-10,0.0039971853591267426,0.9960028146408733
5461,2020-05-10,0.050101797860864994,0.949898202139135
5462,2020-05-10,0.009101466405539438,0.9908985335944606
5463,2020-05-10,0.0300927428260942,0.9699072571739058
5464,2020-05-10,0.010587825753831104,0.9894121742461689
5465,2020-05-10,0.04167547864050247,0.9583245213594975
5466,2020-05-10,0.00687980992675552,0.9931201900732445
5468,2020-05-10,0.001634579258004476,0.9983654207419955
5469,2020-05-10,0.01587794204772819,0.9841220579522718
5470,2020-05-10,0.0006690172823236029,0.9993309827176764
5471,2020-05-10,0.012631310585740185,0.9873686894142598
5472,2020-05-10,0.010947854110697874,0.9890521458893021
5474,2020-05-10,0.04298174015601075,0.9570182598439892
5475,2020-05-10,0.03235932382294748,0.9676406761770525
5476,2020-05-10,0.013480433681392734,0.9865195663186073
5477,2020-05-10,0.012445721812498145,0.9875542781875019
5478,2020-05-10,0.026861547747089154,0.9731384522529108
5479,2020-05-10,0.010624148496849117,0.9893758515031509
5480,2020-05-10,0.03255030157136507,0.9674496984286349
5481,2020-05-10,0.0028503185208023085,0.9971496814791977
5482,2020-05-10,0.005025351137483924,0.9949746488625161
5483,2020-05-10,0.013259904613923457,0.9867400953860765
5484,2020-05-10,0.010204036478225542,0.9897959635217745
5485,2020-05-10,0.008122815557090712,0.9918771844429093
5486,2020-05-10,0.008811239142543448,0.9911887608574566
5488,2020-05-10,0.01720976450739642,0.9827902354926036
5489,2020-05-10,0.006568859279146411,0.9934311407208536
5490,2020-05-10,0.005268384487135291,0.9947316155128647
5491,2020-05-10,0.005409207739498267,0.9945907922605017
5492,2020-05-10,0.042271619808100125,0.9577283801918999
5493,2020-05-10,0.025380458600011035,0.974619541399989
5494,2020-05-10,0.01942909444504126,0.9805709055549587
5495,2020-05-10,0.01481724657002259,0.9851827534299774
5497,2020-05-10,0.008673803260086155,0.9913261967399138
5498,2020-05-10,0.0021629984295548077,0.9978370015704452
5500,2020-05-10,0.006168763718216508,0.9938312362817835
5501,2020-05-10,0.06109111314562243,0.9389088868543776
5502,2020-05-10,0.012967992027610453,0.9870320079723895
5503,2020-05-10,0.010298018371732942,0.9897019816282671
5505,2020-05-10,0.012551083952918152,0.9874489160470818
5506,2020-05-10,0.008302305908205021,0.991697694091795
5508,2020-05-10,0.005356527258029931,0.9946434727419701
5509,2020-05-10,0.014447282270889983,0.98555271772911
5511,2020-05-10,0.01854702856466961,0.9814529714353304
5512,2020-05-10,0.0010550806819964453,0.9989449193180036
5514,2020-05-10,0.02921047284914935,0.9707895271508507
5519,2020-05-10,0.00221417348062658,0.9977858265193734
5520,2020-05-10,0.028691689843048263,0.9713083101569517
5521,2020-05-10,0.013717377020682764,0.9862826229793172
5522,2020-05-10,0.003658272873575119,0.9963417271264249
5523,2020-05-10,0.010603347474352764,0.9893966525256472
5524,2020-05-10,0.02592116068366901,0.974078839316331
5525,2020-05-10,0.012453989772213792,0.9875460102277862
5526,2020-05-10,0.008245326349239135,0.9917546736507609
5527,2020-05-10,0.006658929188998464,0.9933410708110015
5528,2020-05-10,0.07930695049372816,0.9206930495062718
5529,2020-05-10,0.006141861057843867,0.9938581389421561
5531,2020-05-10,0.04494184814951452,0.9550581518504855
5532,2020-05-10,0.02870069245422624,0.9712993075457738
5533,2020-05-10,0.01712941244656163,0.9828705875534384
5534,2020-05-10,0.03895332305262067,0.9610466769473793
5535,2020-05-10,0.006774626755311153,0.9932253732446888
5536,2020-05-10,0.0011746127381279114,0.9988253872618721
5537,2020-05-10,0.01710321785925817,0.9828967821407418
5538,2020-05-10,0.01951387373513369,0.9804861262648663
5539,2020-05-10,0.07469264896830141,0.9253073510316986
5540,2020-05-10,0.006115668178633071,0.9938843318213669
5541,2020-05-10,0.004583842321389642,0.9954161576786104
5542,2020-05-10,0.019442042995891917,0.9805579570041081
5543,2020-05-10,0.011357846696458784,0.9886421533035412
5544,2020-05-10,0.01562885636990574,0.9843711436300943
5545,2020-05-10,0.004409039750854604,0.9955909602491454
5546,2020-05-10,0.014179692347375483,0.9858203076526245
5548,2020-05-10,0.00836240315510095,0.991637596844899
5550,2020-05-10,0.02074636018419107,0.9792536398158089
5551,2020-05-10,0.005236818433692503,0.9947631815663075
5552,2020-05-10,0.006149344160032988,0.993850655839967
5553,2020-05-10,0.03386506728713501,0.966134932712865
5554,2020-05-10,0.014483428528836995,0.985516571471163
5555,2020-05-10,0.006714591884937282,0.9932854081150627
5556,2020-05-10,0.011103607941641225,0.9888963920583588
5557,2020-05-10,0.0073504403370142635,0.9926495596629857
5558,2020-05-10,0.009568820788259824,0.9904311792117402
5559,2020-05-10,0.018793335671172362,0.9812066643288276
5560,2020-05-10,0.052190724799340504,0.9478092752006595
5561,2020-05-10,0.015095968114172242,0.9849040318858278
5562,2020-05-10,0.03267809977088154,0.9673219002291185
5563,2020-05-10,0.019592119609921688,0.9804078803900783
5564,2020-05-10,0.03417482915547965,0.9658251708445204
5565,2020-05-10,0.010075450283902665,0.9899245497160973
5566,2020-05-10,0.009322075052424106,0.9906779249475759
5567,2020-05-10,0.007798709425925643,0.9922012905740744
5568,2020-05-10,0.015365196978814666,0.9846348030211853
5569,2020-05-10,0.06120230378791103,0.938797696212089
5570,2020-05-10,0.0051842500379833956,0.9948157499620166
5572,2020-05-10,0.031919655545115444,0.9680803444548846
5573,2020-05-10,0.02459310024512873,0.9754068997548713
5574,2020-05-10,0.0030479097057494187,0.9969520902942506
5575,2020-05-10,0.06693339257993991,0.9330666074200601
5576,2020-05-10,0.003296724259894135,0.9967032757401059
5578,2020-05-10,0.028093912335500737,0.9719060876644993
5580,2020-05-10,0.03892016471703341,0.9610798352829666
5581,2020-05-10,0.007769153552648178,0.9922308464473518
5582,2020-05-10,0.0029766605081915642,0.9970233394918084
5583,2020-05-10,0.009809532344800642,0.9901904676551994
5584,2020-05-10,0.007922241665661134,0.9920777583343389
5585,2020-05-10,0.012551616317030834,0.9874483836829692
5586,2020-05-10,0.00930120083828978,0.9906987991617102
5587,2020-05-10,0.0045708291764239295,0.9954291708235761
5588,2020-05-10,0.0023441056839241803,0.9976558943160758
5589,2020-05-10,0.020700895809588338,0.9792991041904117
5590,2020-05-10,0.01056215417936146,0.9894378458206385
5591,2020-05-10,0.016846740205894162,0.9831532597941058
5592,2020-05-10,0.005970472369025481,0.9940295276309745
5593,2020-05-10,0.08799106572815862,0.9120089342718414
5594,2020-05-10,0.03091256057897429,0.9690874394210257
5595,2020-05-10,0.007551444263209528,0.9924485557367905
5596,2020-05-10,0.04390237957577059,0.9560976204242294
5597,2020-05-10,0.029436152259490367,0.9705638477405096
5598,2020-05-10,0.017495691058460272,0.9825043089415397
5599,2020-05-10,0.021115942265199528,0.9788840577348005
5600,2020-05-10,0.007174211788490981,0.992825788211509
5601,2020-05-10,0.002247662943470785,0.9977523370565292
5602,2020-05-10,0.00176727284992384,0.9982327271500762
5603,2020-05-10,0.03387158956551717,0.9661284104344828
5604,2020-05-10,0.0032083615399141063,0.9967916384600859
5605,2020-05-10,0.0050148426259633005,0.9949851573740367
5606,2020-05-10,0.013251526181600415,0.9867484738183996
5608,2020-05-10,0.01002580068538983,0.9899741993146102
5609,2020-05-10,0.01786389169948832,0.9821361083005117
5610,2020-05-10,0.006077405978121786,0.9939225940218782
5611,2020-05-10,0.03880802473940814,0.9611919752605919
5612,2020-05-10,0.05083859212202235,0.9491614078779776
5613,2020-05-10,0.04781019514241169,0.9521898048575883
5614,2020-05-10,0.014065162652360463,0.9859348373476395
5615,2020-05-10,0.024737767203216188,0.9752622327967838
5616,2020-05-10,0.030306564058649843,0.9696934359413502
5618,2020-05-10,0.003136828238178402,0.9968631717618216
5619,2020-05-10,0.010768441304969123,0.9892315586950309
5620,2020-05-10,0.05443541232540772,0.9455645876745923
5621,2020-05-10,0.06972235839200469,0.9302776416079953
5622,2020-05-10,0.03928791010565391,0.9607120898943461
5623,2020-05-10,0.017971302663928324,0.9820286973360717
5624,2020-05-10,0.05151081925855605,0.948489180741444
5625,2020-05-10,0.004899079809008722,0.9951009201909913
5627,2020-05-10,0.012534869488505795,0.9874651305114942
5628,2020-05-10,0.007912915966651668,0.9920870840333483
5630,2020-05-10,0.01623415231552683,0.9837658476844732
5631,2020-05-10,0.027205230561431093,0.9727947694385689
5632,2020-05-10,0.011660805017423392,0.9883391949825766
5633,2020-05-10,0.004609851986374647,0.9953901480136254
5634,2020-05-10,0.015459848192617476,0.9845401518073825
5635,2020-05-10,0.0028104705214749837,0.997189529478525
5636,2020-05-10,0.015282235142322187,0.9847177648576778
5637,2020-05-10,0.05410141233998711,0.9458985876600129
5638,2020-05-10,0.003061993503065241,0.9969380064969348
5639,2020-05-10,0.008855453294596138,0.9911445467054039
5640,2020-05-10,0.026224379979658763,0.9737756200203412
5641,2020-05-10,0.0925689776397165,0.9074310223602835
5642,2020-05-10,0.0021448061260995743,0.9978551938739004
5643,2020-05-10,0.00331239767703706,0.9966876023229629
5644,2020-05-10,0.024781990729524472,0.9752180092704755
5646,2020-05-10,0.01093305545399259,0.9890669445460074
5647,2020-05-10,0.013476489665361191,0.9865235103346388
5648,2020-05-10,0.0070251401885538245,0.9929748598114462
5649,2020-05-10,0.014931397664167179,0.9850686023358328
5650,2020-05-10,0.014263687409934556,0.9857363125900654
5651,2020-05-10,0.02705777976315482,0.9729422202368452
5652,2020-05-10,0.0028649141876182505,0.9971350858123817
5653,2020-05-10,0.01727837841286206,0.9827216215871379
5654,2020-05-10,0.005586386301228097,0.9944136136987719
5655,2020-05-10,0.011164162569193614,0.9888358374308064
5656,2020-05-10,0.0052159294420366376,0.9947840705579634
5657,2020-05-10,0.01830622145660865,0.9816937785433913
5658,2020-05-10,0.02144047653299741,0.9785595234670026
5659,2020-05-10,0.009511704007566957,0.990488295992433
5660,2020-05-10,0.012210382727927627,0.9877896172720724
5661,2020-05-10,0.006887182148796356,0.9931128178512036
5662,2020-05-10,0.014136659490027403,0.9858633405099726
5663,2020-05-10,0.005885686201681839,0.9941143137983182
5664,2020-05-10,0.13767376679674215,0.8623262332032579
5665,2020-05-10,0.0017110601145078341,0.9982889398854922
5666,2020-05-10,0.0027343817662272007,0.9972656182337728
5667,2020-05-10,0.030145466742852678,0.9698545332571473
5668,2020-05-10,0.02391616434457,0.97608383565543
5669,2020-05-10,0.007930140146856113,0.9920698598531439
5670,2020-05-10,0.008668175660139887,0.9913318243398601
5671,2020-05-10,0.01934381818280817,0.9806561818171918
5672,2020-05-10,0.004104262461532837,0.9958957375384672
5673,2020-05-10,0.009291351243756685,0.9907086487562433
5674,2020-05-10,0.010676816013957646,0.9893231839860424
5675,2020-05-10,0.019152942549129026,0.980847057450871
5676,2020-05-10,0.016577906917442875,0.9834220930825571
5677,2020-05-10,0.009585569026050567,0.9904144309739494
5678,2020-05-10,0.020861760668311913,0.9791382393316881
5679,2020-05-10,0.07428861993062696,0.925711380069373
5680,2020-05-10,0.014129407849681752,0.9858705921503182
5681,2020-05-10,0.00423887771028042,0.9957611222897196
5682,2020-05-10,0.022206688029937638,0.9777933119700624
5683,2020-05-10,0.032999459437656586,0.9670005405623434
5684,2020-05-10,0.009536891957521165,0.9904631080424788
5685,2020-05-10,0.01352751552256426,0.9864724844774357
5686,2020-05-10,0.001984250585223668,0.9980157494147763
5687,2020-05-10,0.021146960613892873,0.9788530393861071
5688,2020-05-10,0.023834173940035175,0.9761658260599648
5689,2020-05-10,0.013483213629281399,0.9865167863707186
5690,2020-05-10,0.0020431000120064713,0.9979568999879935
5691,2020-05-10,0.010951730093757495,0.9890482699062425
5692,2020-05-10,0.020470645293019007,0.979529354706981
5693,2020-05-10,0.012880291571105151,0.9871197084288948
5695,2020-05-10,0.004173501434304838,0.9958264985656952
5696,2020-05-10,0.012037671773496794,0.9879623282265032
5697,2020-05-10,0.02206787239750929,0.9779321276024907
5699,2020-05-10,0.009385919877709314,0.9906140801222907
5700,2020-05-10,0.0717576935307056,0.9282423064692944
5701,2020-05-10,0.020255538748090274,0.9797444612519097
5702,2020-05-10,0.0060324194900122086,0.9939675805099878
5703,2020-05-10,0.006593934767924248,0.9934060652320758
5705,2020-05-10,0.005558683424404465,0.9944413165755955
5706,2020-05-10,0.008773291538486494,0.9912267084615135
5707,2020-05-10,0.006342816721256472,0.9936571832787435
5708,2020-05-10,0.0014417144037131013,0.9985582855962869
5709,2020-05-10,0.008662898801515162,0.9913371011984848
5710,2020-05-10,0.02237417452106294,0.9776258254789371
5711,2020-05-10,0.017321465557194826,0.9826785344428052
5713,2020-05-10,0.007314758057185733,0.9926852419428143
5714,2020-05-10,0.014253857793711022,0.985746142206289
5715,2020-05-10,0.015897416761898264,0.9841025832381017
5716,2020-05-10,0.015738634688865716,0.9842613653111343
5717,2020-05-10,0.03071279480724609,0.9692872051927539
5718,2020-05-10,0.02537791715141502,0.974622082848585
5719,2020-05-10,0.005009604923115862,0.9949903950768841
5721,2020-05-10,0.04243315563653183,0.9575668443634682
5722,2020-05-10,0.011961559246707276,0.9880384407532927
5723,2020-05-10,0.017846555733945557,0.9821534442660544
5724,2020-05-10,0.024601725302790478,0.9753982746972095
5725,2020-05-10,0.020588219785806272,0.9794117802141937
5726,2020-05-10,0.014747989923553306,0.9852520100764467
5727,2020-05-10,0.02897804168304441,0.9710219583169556
5728,2020-05-10,0.014185106860157837,0.9858148931398422
5729,2020-05-10,0.010274759008895407,0.9897252409911046
5730,2020-05-10,0.009977325973312912,0.9900226740266871
5731,2020-05-10,0.0038134441033317312,0.9961865558966683
5732,2020-05-10,0.020105800417965503,0.9798941995820345
5733,2020-05-10,0.019668309411209894,0.9803316905887901
5734,2020-05-10,0.013268278742818329,0.9867317212571817
5735,2020-05-10,0.017808546438091932,0.9821914535619081
5736,2020-05-10,0.0007218621260117741,0.9992781378739882
5737,2020-05-10,0.0182628815803606,0.9817371184196394
5738,2020-05-10,0.004980111537090881,0.9950198884629091
5739,2020-05-10,0.15106863058412567,0.8489313694158743
5740,2020-05-10,0.0346205533173658,0.9653794466826342
5741,2020-05-10,0.00522728452340504,0.994772715476595
5742,2020-05-10,0.012503362746035251,0.9874966372539647
5743,2020-05-10,0.006108003763925618,0.9938919962360744
5744,2020-05-10,0.016297379423757308,0.9837026205762427
5745,2020-05-10,0.035617128248362495,0.9643828717516375
5746,2020-05-10,0.03348340632343294,0.9665165936765671
5747,2020-05-10,0.016448465803774348,0.9835515341962257
5748,2020-05-10,0.002699146556337517,0.9973008534436625
5749,2020-05-10,0.009313872052365224,0.9906861279476348
5750,2020-05-10,0.015411700746972179,0.9845882992530278
5751,2020-05-10,0.02492110939455139,0.9750788906054486
5752,2020-05-10,0.008782828483190563,0.9912171715168094
5753,2020-05-10,0.07953389148619527,0.9204661085138047
5754,2020-05-10,0.009741547809818618,0.9902584521901814
5755,2020-05-10,0.043867289036687684,0.9561327109633123
5756,2020-05-10,0.05916257441881767,0.9408374255811823
5757,2020-05-10,0.0012349683928372102,0.9987650316071628
5758,2020-05-10,0.019235973665059025,0.980764026334941
5759,2020-05-10,0.011986500752537155,0.9880134992474628
5760,2020-05-10,0.006898488781816314,0.9931015112181837
5761,2020-05-10,0.011989856163265089,0.9880101438367349
5762,2020-05-10,0.022599577493686795,0.9774004225063132
5763,2020-05-10,0.020527132869146314,0.9794728671308537
5765,2020-05-10,0.03913050070666235,0.9608694992933376
5766,2020-05-10,0.012040264795504352,0.9879597352044956
5767,2020-05-10,0.00603013094442717,0.9939698690555728
5769,2020-05-10,0.002038548682453456,0.9979614513175465
5770,2020-05-10,0.02754231191430856,0.9724576880856914
5772,2020-05-10,0.03882443865860519,0.9611755613413948
5773,2020-05-10,0.014626597487262694,0.9853734025127373
5774,2020-05-10,0.005503054224569093,0.9944969457754309
5775,2020-05-10,0.011379943686656624,0.9886200563133434
5777,2020-05-10,0.035917883793260774,0.9640821162067392
5778,2020-05-10,0.018045383628794265,0.9819546163712057
5779,2020-05-10,0.009338674358442267,0.9906613256415577
5780,2020-05-10,0.01804029550566122,0.9819597044943388
5781,2020-05-10,0.06949679465223257,0.9305032053477674
5782,2020-05-10,0.016821126219895177,0.9831788737801048
5783,2020-05-10,0.02754216468122095,0.972457835318779
5784,2020-05-10,0.008020996564641392,0.9919790034353586
5786,2020-05-10,0.0080965024179519,0.9919034975820481
5787,2020-05-10,0.029706558088279933,0.9702934419117201
5788,2020-05-10,0.01580180411624954,0.9841981958837505
5789,2020-05-10,0.014644462698715888,0.9853555373012841
5790,2020-05-10,0.007158719196366681,0.9928412808036333
5791,2020-05-10,0.007023948175035488,0.9929760518249645
5792,2020-05-10,0.008780689820663046,0.991219310179337
5793,2020-05-10,0.0392771468218418,0.9607228531781582
5794,2020-05-10,0.011606267645612345,0.9883937323543877
5795,2020-05-10,0.012568431390450385,0.9874315686095496
5797,2020-05-10,0.031672128885101736,0.9683278711148983
5798,2020-05-10,0.008045682684710065,0.9919543173152899
5799,2020-05-10,0.004207158719842452,0.9957928412801575
5800,2020-05-10,0.027342630887905117,0.9726573691120949
5801,2020-05-10,0.04186709720141679,0.9581329027985832
5802,2020-05-10,0.01116900125218312,0.9888309987478169
5803,2020-05-10,0.013606673490316523,0.9863933265096835
5804,2020-05-10,0.021194497330882744,0.9788055026691173
5805,2020-05-10,0.038302983649976974,0.961697016350023
5806,2020-05-10,0.007715513244100469,0.9922844867558995
5807,2020-05-10,0.009789496767838246,0.9902105032321618
5808,2020-05-10,0.035718082609653035,0.964281917390347
5809,2020-05-10,0.018147532904815744,0.9818524670951843
5810,2020-05-10,0.02527970521551015,0.9747202947844898
5811,2020-05-10,0.02684588733389759,0.9731541126661024
5812,2020-05-10,0.00964435915883144,0.9903556408411686
5813,2020-05-10,0.09975211682802054,0.9002478831719795
5814,2020-05-10,0.006949959624200752,0.9930500403757992
5816,2020-05-10,0.01992882909278393,0.9800711709072161
5817,2020-05-10,0.00578367578339356,0.9942163242166064
5818,2020-05-10,0.007345956107153051,0.992654043892847
5820,2020-05-10,0.0264539894476582,0.9735460105523418
5822,2020-05-10,0.020592644641202584,0.9794073553587974
5823,2020-05-10,0.07385360142452024,0.9261463985754798
5824,2020-05-10,0.10080895009314594,0.8991910499068541
5825,2020-05-10,0.004510622207255621,0.9954893777927444
5826,2020-05-10,0.0400824119673695,0.9599175880326305
5827,2020-05-10,0.013187849704169752,0.9868121502958302
5828,2020-05-10,0.008258046361053428,0.9917419536389466
5829,2020-05-10,0.060884023002311216,0.9391159769976888
5830,2020-05-10,0.004951150603900056,0.9950488493960999
5831,2020-05-10,0.0186873009655657,0.9813126990344343
5832,2020-05-10,0.008191774272438002,0.991808225727562
5833,2020-05-10,0.011212877542868815,0.9887871224571312
5834,2020-05-10,0.010039471116792154,0.9899605288832078
5835,2020-05-10,0.03392913304271583,0.9660708669572842
5836,2020-05-10,0.008520943977920914,0.9914790560220791
5839,2020-05-10,0.00664398189729809,0.9933560181027019
5840,2020-05-10,0.012675340560813875,0.9873246594391861
5841,2020-05-10,0.019899387333489615,0.9801006126665104
5842,2020-05-10,0.012216605991810292,0.9877833940081897
5843,2020-05-10,0.0045949964456314385,0.9954050035543686
5844,2020-05-10,0.00720606266359447,0.9927939373364055
5845,2020-05-10,0.012995886571718795,0.9870041134282812
5846,2020-05-10,0.01199438111587281,0.9880056188841272
5847,2020-05-10,0.013864247116866513,0.9861357528831335
5848,2020-05-10,0.030699854683656103,0.9693001453163439
5849,2020-05-10,0.037261881638286365,0.9627381183617136
5851,2020-05-10,0.014977706052317186,0.9850222939476828
5852,2020-05-10,0.01901199040419388,0.9809880095958061
5853,2020-05-10,0.024991248596926585,0.9750087514030734
5854,2020-05-10,0.02283611422509535,0.9771638857749047
5855,2020-05-10,0.00757018469650983,0.9924298153034902
5856,2020-05-10,0.10923993300678758,0.8907600669932124
5857,2020-05-10,0.009725591779598641,0.9902744082204014
5858,2020-05-10,0.013599601592678146,0.9864003984073219
5859,2020-05-10,0.019473591067491025,0.980526408932509
5860,2020-05-10,0.01926154264029234,0.9807384573597077
5861,2020-05-10,0.0010015522672829347,0.9989984477327171
5862,2020-05-10,0.014258335029851965,0.985741664970148
5863,2020-05-10,0.03167212944912978,0.9683278705508702
5864,2020-05-10,0.010126042775061794,0.9898739572249382
5865,2020-05-10,0.031732450496301134,0.9682675495036989
5866,2020-05-10,0.02055158524101708,0.9794484147589829
5867,2020-05-10,0.023088236059182976,0.976911763940817
5868,2020-05-10,0.00801368942881786,0.9919863105711821
5869,2020-05-10,0.02012385577865594,0.9798761442213441
5870,2020-05-10,0.013044098174985641,0.9869559018250144
5871,2020-05-10,0.05720021499606576,0.9427997850039342
5872,2020-05-10,0.020730987122224542,0.9792690128777755
5873,2020-05-10,0.012529824046257243,0.9874701759537428
5874,2020-05-10,0.03424516342523176,0.9657548365747682
5875,2020-05-10,0.0016994400708261193,0.9983005599291739
5876,2020-05-10,0.009892360261153588,0.9901076397388464
5877,2020-05-10,0.004665520292174041,0.995334479707826
5878,2020-05-10,0.0014495401555338905,0.9985504598444661
5880,2020-05-10,0.005633504317125615,0.9943664956828744
5881,2020-05-10,0.0749791849098993,0.9250208150901007
5882,2020-05-10,0.014381954103896644,0.9856180458961034
5883,2020-05-10,0.007021973094344713,0.9929780269056553
5885,2020-05-10,0.07876368943995193,0.9212363105600481
5886,2020-05-10,0.007831618597103795,0.9921683814028962
5887,2020-05-10,0.07541602685928184,0.9245839731407182
5888,2020-05-10,0.010444660387617266,0.9895553396123827
5889,2020-05-10,0.004128343497555309,0.9958716565024447
5890,2020-05-10,0.0019127848907368739,0.9980872151092631
5891,2020-05-10,0.016671621913131096,0.9833283780868689
5892,2020-05-10,0.022469561920470338,0.9775304380795297
5893,2020-05-10,0.0017435642033901688,0.9982564357966098
5894,2020-05-10,0.04179103992064315,0.9582089600793569
5895,2020-05-10,0.010924571951641981,0.989075428048358
5896,2020-05-10,0.01727458473326393,0.9827254152667361
5898,2020-05-10,0.004197627473575993,0.995802372526424
5899,2020-05-10,0.021270734770412636,0.9787292652295874
5900,2020-05-10,0.031065077306211997,0.968934922693788
5901,2020-05-10,0.08221616054910064,0.9177838394508994
5902,2020-05-10,0.004006286131554737,0.9959937138684453
5903,2020-05-10,0.030607233361874875,0.9693927666381251
5904,2020-05-10,0.04430709551034284,0.9556929044896572
5906,2020-05-10,0.002309258193379571,0.9976907418066204
5907,2020-05-10,0.0024373931945239624,0.997562606805476
5908,2020-05-10,0.002490160616883119,0.9975098393831169
5909,2020-05-10,0.02838137889650838,0.9716186211034916
5911,2020-05-10,0.01655689137518046,0.9834431086248195
5912,2020-05-10,0.025733566147373765,0.9742664338526262
5913,2020-05-10,0.01735901739468948,0.9826409826053105
5914,2020-05-10,0.05255382252427143,0.9474461774757286
5915,2020-05-10,0.004912017813526903,0.9950879821864731
5916,2020-05-10,0.03789157328660686,0.9621084267133931
5917,2020-05-10,0.015822796964103714,0.9841772030358963
5918,2020-05-10,0.0054187817005495464,0.9945812182994505
5919,2020-05-10,0.006921570036958258,0.9930784299630417
5920,2020-05-10,0.03901155648814236,0.9609884435118576
5922,2020-05-10,0.011429728656252025,0.988570271343748
5923,2020-05-10,0.010753399287454779,0.9892466007125452
5924,2020-05-10,0.02049684183406586,0.9795031581659341
5926,2020-05-10,0.0018074087291788388,0.9981925912708212
5927,2020-05-10,0.004682996188689725,0.9953170038113103
5928,2020-05-10,0.011096545920384115,0.9889034540796159
5929,2020-05-10,0.022282680725942194,0.9777173192740578
5930,2020-05-10,0.01590929981716782,0.9840907001828322
5931,2020-05-10,0.009716318149348036,0.990283681850652
5932,2020-05-10,0.009474737636404273,0.9905252623635957
5933,2020-05-10,0.004679126064681349,0.9953208739353187
5934,2020-05-10,0.00713153634545971,0.9928684636545403
5936,2020-05-10,0.031742331606731344,0.9682576683932687
5937,2020-05-10,0.03428809238386832,0.9657119076161317
5938,2020-05-10,0.011390559825796287,0.9886094401742037
5940,2020-05-10,0.016367387656615384,0.9836326123433846
5941,2020-05-10,0.04657618677941011,0.9534238132205899
5942,2020-05-10,0.0022210216099917135,0.9977789783900083
5943,2020-05-10,0.00859860262058243,0.9914013973794176
5944,2020-05-10,0.023442649294322382,0.9765573507056776
5945,2020-05-10,0.05368813846478693,0.9463118615352131
5946,2020-05-10,0.0026391853164476897,0.9973608146835523
5948,2020-05-10,0.004301072951930385,0.9956989270480696
5949,2020-05-10,0.0173059097099707,0.9826940902900293
5950,2020-05-10,0.004273364122676204,0.9957266358773238
5951,2020-05-10,0.008369782941582748,0.9916302170584173
5952,2020-05-10,0.01695295450382628,0.9830470454961737
5953,2020-05-10,0.03705974358238273,0.9629402564176173
5954,2020-05-10,0.003913032936555427,0.9960869670634446
5955,2020-05-10,0.07048040401243383,0.9295195959875662
5956,2020-05-10,0.015764122321639484,0.9842358776783605
5957,2020-05-10,0.01136682073519435,0.9886331792648057
5959,2020-05-10,0.0039031693235279663,0.996096830676472
5960,2020-05-10,0.021000445908175736,0.9789995540918243
5961,2020-05-10,0.013187265220597988,0.986812734779402
5962,2020-05-10,0.008295001109994149,0.9917049988900059
5963,2020-05-10,0.0051094695163445,0.9948905304836555
5964,2020-05-10,0.029535311101025696,0.9704646888989743
5965,2020-05-10,0.006807872246666236,0.9931921277533338
5966,2020-05-10,0.00548464906548507,0.9945153509345149
5967,2020-05-10,0.006360763027058236,0.9936392369729418
5968,2020-05-10,0.03747774422517314,0.9625222557748269
5969,2020-05-10,0.026845575130302612,0.9731544248696974
5970,2020-05-10,0.013391158669229353,0.9866088413307706
5971,2020-05-10,0.04421989888194222,0.9557801011180578
5972,2020-05-10,0.014203032776162638,0.9857969672238374
5973,2020-05-10,0.06488501193533014,0.9351149880646699
5975,2020-05-10,0.03297286970705626,0.9670271302929437
5976,2020-05-10,0.006235525096050076,0.9937644749039499
5977,2020-05-10,0.06029340738905531,0.9397065926109447
5978,2020-05-10,0.02018950149956833,0.9798104985004317
5979,2020-05-10,0.018530359330340418,0.9814696406696596
5980,2020-05-10,0.044407693226987344,0.9555923067730127
5981,2020-05-10,0.006998601537613114,0.9930013984623869
5982,2020-05-10,0.02733779182704832,0.9726622081729517
5983,2020-05-10,0.005085282244028155,0.9949147177559718
5984,2020-05-10,0.009107450435454023,0.990892549564546
5988,2020-05-10,0.0061573518111869285,0.9938426481888131
5989,2020-05-10,0.0039512851429232,0.9960487148570768
5990,2020-05-10,0.013552907080668919,0.9864470929193311
5991,2020-05-10,0.029157463711736775,0.9708425362882632
5992,2020-05-10,0.052750084154087995,0.947249915845912
5993,2020-05-10,0.015658695118298094,0.9843413048817019
5994,2020-05-10,0.0049983212127721055,0.9950016787872279
5996,2020-05-10,0.004384396169208826,0.9956156038307912
5997,2020-05-10,0.06917777880744092,0.9308222211925591
5998,2020-05-10,0.030406474210538992,0.969593525789461
5999,2020-05-10,0.010166706044287599,0.9898332939557124
6000,2020-05-10,0.01583317572670162,0.9841668242732984
6001,2020-05-10,0.02024854757511152,0.9797514524248885
6002,2020-05-10,0.005009606179699255,0.9949903938203007
6003,2020-05-10,0.008911482144436156,0.9910885178555638
6004,2020-05-10,0.004354136616059878,0.9956458633839401
6005,2020-05-10,0.01680870491268316,0.9831912950873168
6007,2020-05-10,0.007147336374500046,0.9928526636255
6008,2020-05-10,0.00206533544232268,0.9979346645576773
6009,2020-05-10,0.007351121009153472,0.9926488789908465
6010,2020-05-10,0.008083163519562175,0.9919168364804378
6011,2020-05-10,0.004183087015298792,0.9958169129847012
6012,2020-05-10,0.01869311737802104,0.981306882621979
6013,2020-05-10,0.026903835703819268,0.9730961642961807
6014,2020-05-10,0.011749146794382215,0.9882508532056178
6015,2020-05-10,0.00684937857208523,0.9931506214279148
6016,2020-05-10,0.013198085771910506,0.9868019142280895
6017,2020-05-10,0.004976356460900333,0.9950236435390997
6018,2020-05-10,0.005639283190457034,0.994360716809543
6019,2020-05-10,0.004192811013272957,0.995807188986727
6020,2020-05-10,0.0345575117749054,0.9654424882250946
6021,2020-05-10,0.00864798829014446,0.9913520117098555
6022,2020-05-10,0.011687390845231294,0.9883126091547687
6023,2020-05-10,0.015029722157737346,0.9849702778422627
6024,2020-05-10,0.024125764737823463,0.9758742352621765
6025,2020-05-10,0.007056311299661777,0.9929436887003382
6026,2020-05-10,0.03190648818987074,0.9680935118101293
6027,2020-05-10,0.02429311108079124,0.9757068889192088
6028,2020-05-10,0.022104479306692792,0.9778955206933072
6029,2020-05-10,0.004579562394823711,0.9954204376051763
6030,2020-05-10,0.02672558728016683,0.9732744127198332
6031,2020-05-10,0.001978047095854696,0.9980219529041453
6032,2020-05-10,0.013046630071984033,0.986953369928016
6033,2020-05-10,0.03207033626496425,0.9679296637350358
6034,2020-05-10,0.06980674219304739,0.9301932578069526
6035,2020-05-10,0.00370857431578564,0.9962914256842144
6036,2020-05-10,0.0011175282682290844,0.9988824717317709
6037,2020-05-10,0.02345480565168112,0.9765451943483189
6038,2020-05-10,0.02952583065955705,0.970474169340443
6039,2020-05-10,0.005509964311259052,0.994490035688741
6040,2020-05-10,0.02206569121889501,0.977934308781105
6041,2020-05-10,0.006638112059093704,0.9933618879409063
6042,2020-05-10,0.006082767970382097,0.9939172320296179
6043,2020-05-10,0.0351288199031663,0.9648711800968337
6044,2020-05-10,0.002817045659410322,0.9971829543405897
6045,2020-05-10,0.0037009589800479636,0.996299041019952
6046,2020-05-10,0.016196984367100375,0.9838030156328996
6047,2020-05-10,0.026890198485436945,0.973109801514563
6048,2020-05-10,0.009805632774060546,0.9901943672259395
6049,2020-05-10,0.014352087887355647,0.9856479121126444
6050,2020-05-10,0.021115099746190413,0.9788849002538096
6052,2020-05-10,0.006478480029728617,0.9935215199702714
6053,2020-05-10,0.014029422633882294,0.9859705773661177
6054,2020-05-10,0.002328325812219423,0.9976716741877806
6055,2020-05-10,0.025969967984483144,0.9740300320155169
6056,2020-05-10,0.004055664306346518,0.9959443356936535
6057,2020-05-10,0.01112701456208487,0.9888729854379151
6059,2020-05-10,0.007891375487253494,0.9921086245127465
6060,2020-05-10,0.0041251702532628665,0.9958748297467371
6061,2020-05-10,0.011621344937833733,0.9883786550621663
6062,2020-05-10,0.039349046721898984,0.960650953278101
6063,2020-05-10,0.010666276796448382,0.9893337232035516
6064,2020-05-10,0.02957138370844581,0.9704286162915542
6065,2020-05-10,0.005801682685958487,0.9941983173140415
6066,2020-05-10,0.06262704908787053,0.9373729509121295
6067,2020-05-10,0.03322351172386373,0.9667764882761363
6068,2020-05-10,0.0022995011766883122,0.9977004988233117
6069,2020-05-10,0.008067294728156815,0.9919327052718432
6070,2020-05-10,0.014138974170632479,0.9858610258293675
6071,2020-05-10,0.013809666121499475,0.9861903338785005
6072,2020-05-10,0.015370645231706503,0.9846293547682935
6073,2020-05-10,0.0101229723347811,0.9898770276652189
6074,2020-05-10,0.023679718437117803,0.9763202815628822
6075,2020-05-10,0.012547907360282662,0.9874520926397173
6076,2020-05-10,0.013496919915387151,0.9865030800846128
6077,2020-05-10,0.03821236176804321,0.9617876382319568
6078,2020-05-10,0.006413377396365494,0.9935866226036345
6079,2020-05-10,0.008577234743537998,0.991422765256462
6080,2020-05-10,0.016229672480438495,0.9837703275195615
6081,2020-05-10,0.028096869524319223,0.9719031304756808
6082,2020-05-10,0.007901012169743815,0.9920989878302562
6083,2020-05-10,0.0033666117082410407,0.996633388291759
6084,2020-05-10,0.009181963296503337,0.9908180367034967
6085,2020-05-10,0.0064639428145658595,0.9935360571854341
6086,2020-05-10,0.004594504765900509,0.9954054952340995
6087,2020-05-10,0.0025620776338201035,0.9974379223661799
6088,2020-05-10,0.010163655011688588,0.9898363449883114
6089,2020-05-10,0.01945232242568018,0.9805476775743198
6090,2020-05-10,0.003066784446875026,0.996933215553125
6092,2020-05-10,0.012071335719606169,0.9879286642803938
6093,2020-05-10,0.025678613216723822,0.9743213867832762
6094,2020-05-10,0.017163439484251475,0.9828365605157485
6095,2020-05-10,0.03410282641503459,0.9658971735849654
6096,2020-05-10,0.007424677039103544,0.9925753229608965
6097,2020-05-10,0.002997090832199789,0.9970029091678002
6098,2020-05-10,0.011187785112741322,0.9888122148872587
6099,2020-05-10,0.013553248427559894,0.9864467515724401
6100,2020-05-10,0.030801079286485455,0.9691989207135145
6103,2020-05-10,0.017639392591702885,0.9823606074082971
6104,2020-05-10,0.04697088127988669,0.9530291187201133
6105,2020-05-10,0.06357961325583972,0.9364203867441603
6106,2020-05-10,0.017586172799698763,0.9824138272003012
6107,2020-05-10,0.010630654062383393,0.9893693459376166
6108,2020-05-10,0.016369160030413443,0.9836308399695866
6109,2020-05-10,0.11174089312604929,0.8882591068739507
6110,2020-05-10,0.0020828106941201963,0.9979171893058798
6111,2020-05-10,0.03269812855833498,0.967301871441665
6112,2020-05-10,0.0034005608980282043,0.9965994391019718
6113,2020-05-10,0.007738077119937015,0.992261922880063
6114,2020-05-10,0.07864166327115696,0.921358336728843
6115,2020-05-10,0.04861214623137544,0.9513878537686246
6116,2020-05-10,0.002179183054099365,0.9978208169459006
6117,2020-05-10,0.02588116831949816,0.9741188316805018
6118,2020-05-10,0.017870135495594353,0.9821298645044056
6119,2020-05-10,0.0066242342331751525,0.9933757657668248
6120,2020-05-10,0.018286162424592023,0.981713837575408
6121,2020-05-10,0.004888385253869587,0.9951116147461304
6122,2020-05-10,0.002536527985689263,0.9974634720143107
6123,2020-05-10,0.04029793522607883,0.9597020647739212
6124,2020-05-10,0.01164098663540658,0.9883590133645934
6125,2020-05-10,0.003234354546202467,0.9967656454537975
6126,2020-05-10,0.007415180233521723,0.9925848197664783
6127,2020-05-10,0.014407318572660088,0.9855926814273399
6128,2020-05-10,0.024332433380580776,0.9756675666194192
6129,2020-05-10,0.03625911582826147,0.9637408841717385
6130,2020-05-10,0.0809716819007753,0.9190283180992247
6131,2020-05-10,0.007007947000737258,0.9929920529992627
6132,2020-05-10,0.008865665754088314,0.9911343342459117
6133,2020-05-10,0.009919566567377469,0.9900804334326225
6134,2020-05-10,0.0077440262031263085,0.9922559737968737
6135,2020-05-10,0.027209339239889774,0.9727906607601102
6136,2020-05-10,0.009548824789982757,0.9904511752100172
6138,2020-05-10,0.026682405003896403,0.9733175949961036
6139,2020-05-10,0.0321320823729091,0.9678679176270909
6140,2020-05-10,0.007867671355006767,0.9921323286449932
6141,2020-05-10,0.022110027627895823,0.9778899723721042
6144,2020-05-10,0.007611363213431477,0.9923886367865685
6146,2020-05-10,0.007182284856480314,0.9928177151435197
6147,2020-05-10,0.022999029477597244,0.9770009705224028
6148,2020-05-10,0.004658625918820047,0.99534137408118
6149,2020-05-10,0.09489827089047442,0.9051017291095256
6150,2020-05-10,0.013127401263486438,0.9868725987365136
6151,2020-05-10,0.004529980764080288,0.9954700192359197
6152,2020-05-10,0.01447466378085105,0.985525336219149
6153,2020-05-10,0.009503692293555632,0.9904963077064444
6154,2020-05-10,0.045404545386241946,0.954595454613758
6155,2020-05-10,0.04053171396840427,0.9594682860315957
6156,2020-05-10,0.03396847555372451,0.9660315244462755
6157,2020-05-10,0.04477234935459229,0.9552276506454077
6159,2020-05-10,0.018676773765063492,0.9813232262349365
6160,2020-05-10,0.02452668779428757,0.9754733122057124
6161,2020-05-10,0.0025179488384834414,0.9974820511615166
6162,2020-05-10,0.028551878229619576,0.9714481217703804
6163,2020-05-10,0.021785157491395757,0.9782148425086042
6164,2020-05-10,0.009170285867757477,0.9908297141322425
6165,2020-05-10,0.04275195024377543,0.9572480497562246
6166,2020-05-10,0.020732956006096592,0.9792670439939034
6167,2020-05-10,0.020288436144701105,0.9797115638552989
6168,2020-05-10,0.01007347602164721,0.9899265239783528
6169,2020-05-10,0.003243343657686415,0.9967566563423136
6170,2020-05-10,0.012841027361510604,0.9871589726384894
6171,2020-05-10,0.05476191692537935,0.9452380830746206
6172,2020-05-10,0.03828084041238533,0.9617191595876147
6173,2020-05-10,0.03108210892329888,0.9689178910767011
6174,2020-05-10,0.00931753320091322,0.9906824667990868
6175,2020-05-10,0.024161030445522758,0.9758389695544772
6176,2020-05-10,0.03147699924602487,0.9685230007539751
6177,2020-05-10,0.007817017760153755,0.9921829822398462
6178,2020-05-10,0.009703294469681323,0.9902967055303187
6179,2020-05-10,0.0064185060664841975,0.9935814939335158
6180,2020-05-10,0.050848445086869254,0.9491515549131307
6181,2020-05-10,0.006135430462802294,0.9938645695371977
6182,2020-05-10,0.009043179248119038,0.990956820751881
6184,2020-05-10,0.033306561537227664,0.9666934384627723
6186,2020-05-10,0.02068453830730621,0.9793154616926938
6187,2020-05-10,0.10226512775446484,0.8977348722455352
6188,2020-05-10,0.04067129363793065,0.9593287063620693
6189,2020-05-10,0.014357350282620862,0.9856426497173791
6191,2020-05-10,0.004160095057564983,0.995839904942435
6192,2020-05-10,0.008116032407732399,0.9918839675922676
6193,2020-05-10,0.005530335919838869,0.9944696640801611
6194,2020-05-10,0.18667091558327975,0.8133290844167202
6195,2020-05-10,0.13793550163324553,0.8620644983667545
6196,2020-05-10,0.002475892702263449,0.9975241072977366
6197,2020-05-10,0.008579547961499956,0.9914204520385
6198,2020-05-10,0.07427845317501713,0.9257215468249829
6199,2020-05-10,0.009750356249785153,0.9902496437502148
6200,2020-05-10,0.016916903995506494,0.9830830960044935
6201,2020-05-10,0.024689184587330715,0.9753108154126693
6203,2020-05-10,0.009169592976351892,0.9908304070236481
6204,2020-05-10,0.01929909354143844,0.9807009064585616
6205,2020-05-10,0.018660153632802157,0.9813398463671978
6206,2020-05-10,0.0321944517159789,0.9678055482840211
6207,2020-05-10,0.0267292657968059,0.9732707342031941
6208,2020-05-10,0.0011794147318648918,0.9988205852681351
6209,2020-05-10,0.024983197257464784,0.9750168027425352
6210,2020-05-10,0.015802361942211185,0.9841976380577888
6211,2020-05-10,0.012421531381939799,0.9875784686180602
6212,2020-05-10,0.04698170471371299,0.953018295286287
6213,2020-05-10,0.02912064621276944,0.9708793537872306
6215,2020-05-10,0.00783168354351782,0.9921683164564822
6216,2020-05-10,0.003872336883462668,0.9961276631165373
6217,2020-05-10,0.015426843115522892,0.9845731568844771
6218,2020-05-10,0.025687823311192348,0.9743121766888077
6220,2020-05-10,0.024067191496568108,0.9759328085034319
6221,2020-05-10,0.011840334622892579,0.9881596653771074
6222,2020-05-10,0.015786425051102504,0.9842135749488975
6223,2020-05-10,0.0017993847448365408,0.9982006152551635
6224,2020-05-10,0.0023867425213499605,0.99761325747865
6225,2020-05-10,0.019997543805157725,0.9800024561948423
6226,2020-05-10,0.030198964384577254,0.9698010356154227
6227,2020-05-10,0.012731262273571908,0.9872687377264281
6228,2020-05-10,0.08508247924989254,0.9149175207501075
6229,2020-05-10,0.04609268829093638,0.9539073117090636
6231,2020-05-10,0.0123564293772368,0.9876435706227632
6232,2020-05-10,0.02671868336711114,0.9732813166328889
6233,2020-05-10,0.007592761516351243,0.9924072384836488
6234,2020-05-10,0.0332985297150481,0.9667014702849519
6235,2020-05-10,0.0296159162716364,0.9703840837283636
6236,2020-05-10,0.012119374761375923,0.9878806252386241
6237,2020-05-10,0.012550810822099301,0.9874491891779007
6238,2020-05-10,0.013892852910869724,0.9861071470891303
6239,2020-05-10,0.01952047525673528,0.9804795247432647
6240,2020-05-10,0.016894322287172248,0.9831056777128278
6241,2020-05-10,0.08144773593794341,0.9185522640620566
6243,2020-05-10,0.03468514621984997,0.96531485378015
6244,2020-05-10,0.012524981585988582,0.9874750184140114
6245,2020-05-10,0.018485071636508366,0.9815149283634916
6246,2020-05-10,0.044628581397654465,0.9553714186023455
6247,2020-05-10,0.00411804525654047,0.9958819547434595
6248,2020-05-10,0.0073990485560117,0.9926009514439883
6249,2020-05-10,0.05421007417297807,0.9457899258270219
6250,2020-05-10,0.03411683620921335,0.9658831637907866
6251,2020-05-10,0.00931104095065749,0.9906889590493425
6252,2020-05-10,0.011269540026945246,0.9887304599730548
6253,2020-05-10,0.01055251924025924,0.9894474807597408
6254,2020-05-10,0.04516662589072207,0.9548333741092779
6255,2020-05-10,0.007795798229467188,0.9922042017705328
6256,2020-05-10,0.024586477649102045,0.975413522350898
6257,2020-05-10,0.0030838285766174867,0.9969161714233825
6258,2020-05-10,0.007867957641553236,0.9921320423584468
6259,2020-05-10,0.02289512760451129,0.9771048723954887
6260,2020-05-10,0.0072503314266479935,0.992749668573352
6261,2020-05-10,0.04241794326775228,0.9575820567322477
6262,2020-05-10,0.003162961725518776,0.9968370382744812
6263,2020-05-10,0.0058778719104766175,0.9941221280895234
6264,2020-05-10,0.003636142514178875,0.9963638574858211
6266,2020-05-10,0.0604875969307207,0.9395124030692793
6267,2020-05-10,0.011614782484702602,0.9883852175152974
6268,2020-05-10,0.023877870257000278,0.9761221297429997
6269,2020-05-10,0.027251236854988092,0.9727487631450119
6270,2020-05-10,0.0039123111536431,0.9960876888463569
6271,2020-05-10,0.005418537495535447,0.9945814625044646
6272,2020-05-10,0.010239535211457707,0.9897604647885423
6273,2020-05-10,0.06114802544793463,0.9388519745520654
6274,2020-05-10,0.02003895426450153,0.9799610457354985
6276,2020-05-10,0.011986537298960265,0.9880134627010397
6278,2020-05-10,0.011805842593057836,0.9881941574069422
6279,2020-05-10,0.03250462449204505,0.967495375507955
6281,2020-05-10,0.010976860382104436,0.9890231396178956
6282,2020-05-10,0.004039067811925867,0.9959609321880741
6283,2020-05-10,0.00443374024537091,0.9955662597546291
6284,2020-05-10,0.016838628274115752,0.9831613717258842
6285,2020-05-10,0.006093707913290114,0.9939062920867099
6286,2020-05-10,0.017283465739016513,0.9827165342609835
6287,2020-05-10,0.013486436159343196,0.9865135638406568
6288,2020-05-10,0.026038810570422566,0.9739611894295774
6289,2020-05-10,0.009951361129057923,0.9900486388709421
6290,2020-05-10,0.013608605292868114,0.9863913947071319
6292,2020-05-10,0.025763140396116047,0.974236859603884
6294,2020-05-10,0.0234909988887797,0.9765090011112203
6295,2020-05-10,0.03017286891839943,0.9698271310816006
6296,2020-05-10,0.018594711845158374,0.9814052881548416
6297,2020-05-10,0.010957478147433197,0.9890425218525668
6298,2020-05-10,0.01836506600639487,0.9816349339936051
6299,2020-05-10,0.023222380444267277,0.9767776195557327
6300,2020-05-10,0.05559556706086566,0.9444044329391343
6301,2020-05-10,0.008117932071019518,0.9918820679289805
6302,2020-05-10,0.004434459517788869,0.9955655404822111
6303,2020-05-10,0.02191327091553541,0.9780867290844646
6304,2020-05-10,0.027591786536114604,0.9724082134638854
6305,2020-05-10,0.008002295047364272,0.9919977049526357
6306,2020-05-10,0.0373539471718326,0.9626460528281674
6308,2020-05-10,0.009167866647293521,0.9908321333527065
6309,2020-05-10,0.028202635947838783,0.9717973640521612
6310,2020-05-10,0.03483833572427064,0.9651616642757294
6311,2020-05-10,0.03343099497389124,0.9665690050261088
6312,2020-05-10,0.0014276893126320411,0.998572310687368
6313,2020-05-10,0.008165203201325744,0.9918347967986743
6314,2020-05-10,0.020844196508328028,0.979155803491672
6315,2020-05-10,0.027817300632191788,0.9721826993678082
6316,2020-05-10,0.017721933876015505,0.9822780661239845
6317,2020-05-10,0.0026766239308696482,0.9973233760691304
6318,2020-05-10,0.002406799397244641,0.9975932006027554
6319,2020-05-10,0.01442741460403929,0.9855725853959607
6320,2020-05-10,0.018080092881229803,0.9819199071187702
6321,2020-05-10,0.05137364074712791,0.9486263592528721
6323,2020-05-10,0.026721653144996638,0.9732783468550034
6324,2020-05-10,0.015196287729441704,0.9848037122705583
6326,2020-05-10,0.0013704851182735345,0.9986295148817265
6327,2020-05-10,0.028694758615826377,0.9713052413841736
6328,2020-05-10,0.04878791111284109,0.9512120888871589
6329,2020-05-10,0.019322962532010268,0.9806770374679897
6330,2020-05-10,0.05596585865517478,0.9440341413448252
6331,2020-05-10,0.017960117810622678,0.9820398821893773
6332,2020-05-10,0.028296521603973668,0.9717034783960263
6333,2020-05-10,0.006340220705649546,0.9936597792943505
6334,2020-05-10,0.020132783474771543,0.9798672165252285
6336,2020-05-10,0.01971747891530884,0.9802825210846912
6337,2020-05-10,0.011768501514714647,0.9882314984852854
6338,2020-05-10,0.010072951181946732,0.9899270488180533
6339,2020-05-10,0.007483228216107696,0.9925167717838923
6340,2020-05-10,0.0027176040191140283,0.997282395980886
6341,2020-05-10,0.019990684052629715,0.9800093159473703
6342,2020-05-10,0.001021605039114304,0.9989783949608857
6343,2020-05-10,0.027067724253605374,0.9729322757463946
6344,2020-05-10,0.01177991244803378,0.9882200875519662
6345,2020-05-10,0.004856319400407982,0.995143680599592
6347,2020-05-10,0.002970837099551482,0.9970291629004485
6348,2020-05-10,0.013071969219709989,0.98692803078029
6350,2020-05-10,0.01731215204455283,0.9826878479554472
6351,2020-05-10,0.008740265297029426,0.9912597347029706
6352,2020-05-10,0.022379685900341895,0.9776203140996581
6353,2020-05-10,0.013102265672719438,0.9868977343272806
6354,2020-05-10,0.003978488964818783,0.9960215110351812
6355,2020-05-10,0.010940488364156065,0.9890595116358439
6356,2020-05-10,0.013863403942490193,0.9861365960575098
6357,2020-05-10,0.011109562523103134,0.9888904374768969
6358,2020-05-10,0.015125846029565126,0.9848741539704349
6360,2020-05-10,0.007995379972426386,0.9920046200275736
6361,2020-05-10,0.007107517666712582,0.9928924823332874
6362,2020-05-10,0.014523815693780362,0.9854761843062196
6363,2020-05-10,0.006522671635322719,0.9934773283646773
6364,2020-05-10,0.017766556373391196,0.9822334436266088
6365,2020-05-10,0.006603579384532154,0.9933964206154678
6366,2020-05-10,0.01139342390046516,0.9886065760995348
6367,2020-05-10,0.010270435927794308,0.9897295640722057
6368,2020-05-10,0.0053364553204295895,0.9946635446795704
6369,2020-05-10,0.059385156440462716,0.9406148435595373
6370,2020-05-10,0.018903563368050214,0.9810964366319498
6371,2020-05-10,0.01604535962253928,0.9839546403774607
6372,2020-05-10,0.012575405172310927,0.9874245948276891
6373,2020-05-10,0.006948733004926266,0.9930512669950737
6374,2020-05-10,0.0104902931152836,0.9895097068847164
6375,2020-05-10,0.006902131123204924,0.9930978688767951
6376,2020-05-10,0.08850157637382106,0.9114984236261789
6377,2020-05-10,0.04108536182953948,0.9589146381704605
6379,2020-05-10,0.025854210035113456,0.9741457899648865
6380,2020-05-10,0.026241866767217625,0.9737581332327824
6381,2020-05-10,0.02711548971550204,0.972884510284498
6383,2020-05-10,0.007653822440109814,0.9923461775598902
6384,2020-05-10,0.03297596721412399,0.967024032785876
6385,2020-05-10,0.016755575382404575,0.9832444246175954
6387,2020-05-10,0.04528690858441431,0.9547130914155857
6388,2020-05-10,0.006054417740577356,0.9939455822594226
6389,2020-05-10,0.014436311265766166,0.9855636887342338
6390,2020-05-10,0.00785648418203555,0.9921435158179644
6391,2020-05-10,0.029794169063891762,0.9702058309361082
6392,2020-05-10,0.016764487040917375,0.9832355129590826
6393,2020-05-10,0.0057376586232597004,0.9942623413767403
6394,2020-05-10,0.059189855627704624,0.9408101443722954
6396,2020-05-10,0.0032698651395747236,0.9967301348604253
6397,2020-05-10,0.039866336752322984,0.960133663247677
6398,2020-05-10,0.002033024875073508,0.9979669751249265
6399,2020-05-10,0.04512148345182332,0.9548785165481767
6400,2020-05-10,0.09699963805858403,0.903000361941416
6401,2020-05-10,0.0020636937783142795,0.9979363062216857
6402,2020-05-10,0.08146545547859163,0.9185345445214084
6403,2020-05-10,0.0010457763662805597,0.9989542236337194
6404,2020-05-10,0.007782793934426269,0.9922172060655737
6405,2020-05-10,0.0064423893606191385,0.9935576106393809
6406,2020-05-10,0.008975366639245808,0.9910246333607542
6407,2020-05-10,0.01823374439549208,0.9817662556045079
6408,2020-05-10,0.010558034216815781,0.9894419657831842
6409,2020-05-10,0.007780887149617666,0.9922191128503823
6410,2020-05-10,0.020859027712314515,0.9791409722876855
6411,2020-05-10,0.0043425358986554086,0.9956574641013446
6412,2020-05-10,0.01646215797028494,0.9835378420297151
6413,2020-05-10,0.007228743984789676,0.9927712560152103
6414,2020-05-10,0.013343060193815814,0.9866569398061842
6415,2020-05-10,0.007161847825547518,0.9928381521744525
6416,2020-05-10,0.03758631579474103,0.962413684205259
6417,2020-05-10,0.041424078486757776,0.9585759215132422
6418,2020-05-10,0.035368524580686844,0.9646314754193132
6419,2020-05-10,0.007382589900639003,0.992617410099361
6420,2020-05-10,0.02089860272503008,0.9791013972749699
6421,2020-05-10,0.013472235990247383,0.9865277640097526
6422,2020-05-10,0.011453822016996185,0.9885461779830038
6423,2020-05-10,0.02790532689591585,0.9720946731040842
6424,2020-05-10,0.003449788267491538,0.9965502117325085
6426,2020-05-10,0.0414212999325545,0.9585787000674455
6427,2020-05-10,0.004643356373845164,0.9953566436261548
6429,2020-05-10,0.034074394428253774,0.9659256055717462
6430,2020-05-10,0.06231871419813473,0.9376812858018653
6431,2020-05-10,0.008206528700551052,0.991793471299449
6432,2020-05-10,0.11258099721936488,0.8874190027806351
6433,2020-05-10,0.014077099992537812,0.9859229000074622
6434,2020-05-10,0.07718979259187109,0.9228102074081289
6435,2020-05-10,0.009114613695520468,0.9908853863044795
6436,2020-05-10,0.015056486868558538,0.9849435131314415
6438,2020-05-10,0.011988598357026703,0.9880114016429733
6439,2020-05-10,0.0126674700143391,0.9873325299856609
6440,2020-05-10,0.028775342741418797,0.9712246572585812
6441,2020-05-10,0.004927300938800561,0.9950726990611994
6442,2020-05-10,0.02569807955104697,0.974301920448953
6443,2020-05-10,0.007812560633289611,0.9921874393667104
6445,2020-05-10,0.021955944497016988,0.978044055502983
6446,2020-05-10,0.005488768071049921,0.9945112319289501
6447,2020-05-10,0.008874051354058055,0.991125948645942
6448,2020-05-10,0.013400508016808477,0.9865994919831915
6449,2020-05-10,0.022205619942439636,0.9777943800575604
6450,2020-05-10,0.0006763180900879462,0.999323681909912
6451,2020-05-10,0.00846430678579635,0.9915356932142037
6452,2020-05-10,0.01605618341276549,0.9839438165872345
6454,2020-05-10,0.052733529245639676,0.9472664707543603
6455,2020-05-10,0.013513276809246522,0.9864867231907535
6456,2020-05-10,0.03950347018498057,0.9604965298150194
6457,2020-05-10,0.0586979197356825,0.9413020802643175
6458,2020-05-10,0.06088197588313671,0.9391180241168633
6459,2020-05-10,0.0084551583955077,0.9915448416044923
6460,2020-05-10,0.048869568802068164,0.9511304311979318
6462,2020-05-10,0.016685503971413218,0.9833144960285868
6464,2020-05-10,0.0015535244193362052,0.9984464755806638
6465,2020-05-10,0.021744671643892155,0.9782553283561078
6467,2020-05-10,0.005673229379021261,0.9943267706209787
6468,2020-05-10,0.021926266953363083,0.9780737330466369
6469,2020-05-10,0.05218577662415724,0.9478142233758428
6470,2020-05-10,0.008326746003796792,0.9916732539962032
6471,2020-05-10,0.0014763165565002678,0.9985236834434997
6473,2020-05-10,0.017216209249735326,0.9827837907502647
6474,2020-05-10,0.040278036382335514,0.9597219636176645
6475,2020-05-10,0.03914781083609353,0.9608521891639065
6476,2020-05-10,0.03508341460840658,0.9649165853915934
6477,2020-05-10,0.0017815277710300226,0.99821847222897
6478,2020-05-10,0.015494245841590315,0.9845057541584097
6479,2020-05-10,0.010438742336197016,0.989561257663803
6480,2020-05-10,0.010457649084920084,0.9895423509150799
6481,2020-05-10,0.010160387593421305,0.9898396124065787
6482,2020-05-10,0.007727679754761518,0.9922723202452385
6483,2020-05-10,0.013972553117278519,0.9860274468827215
6484,2020-05-10,0.012198726949032346,0.9878012730509677
6485,2020-05-10,0.027700978011172883,0.9722990219888271
6486,2020-05-10,0.06440319162505026,0.9355968083749497
6487,2020-05-10,0.03460415179922016,0.9653958482007798
6488,2020-05-10,0.016312031558390894,0.9836879684416091
6490,2020-05-10,0.010274046844698015,0.989725953155302
6491,2020-05-10,0.014485264701274647,0.9855147352987254
6492,2020-05-10,0.05494962848041496,0.945050371519585
6493,2020-05-10,0.01920775510008277,0.9807922448999172
6494,2020-05-10,0.00945886992628353,0.9905411300737165
6495,2020-05-10,0.010204487727032863,0.9897955122729671
6496,2020-05-10,0.008918779546181588,0.9910812204538184
6497,2020-05-10,0.005309808678814587,0.9946901913211854
6498,2020-05-10,0.009443371883700702,0.9905566281162993
6499,2020-05-10,0.012317189593648581,0.9876828104063514
6500,2020-05-10,0.037421411449555575,0.9625785885504444
6501,2020-05-10,0.01904977996166546,0.9809502200383345
6502,2020-05-10,0.02059166947809754,0.9794083305219025
6503,2020-05-10,0.0036616681590072586,0.9963383318409927
6504,2020-05-10,0.03892187365001676,0.9610781263499832
6505,2020-05-10,0.015581497374382192,0.9844185026256178
6506,2020-05-10,0.022471108925567473,0.9775288910744325
6507,2020-05-10,0.0073779202546645495,0.9926220797453355
6509,2020-05-10,0.045552396760332736,0.9544476032396673
6511,2020-05-10,0.02296554909072135,0.9770344509092787
6513,2020-05-10,0.008293006139285408,0.9917069938607146
6514,2020-05-10,0.010944795767370286,0.9890552042326297
6515,2020-05-10,0.005288291536627687,0.9947117084633723
6517,2020-05-10,0.013456527172042043,0.986543472827958
6518,2020-05-10,0.01608038277474455,0.9839196172252554
6519,2020-05-10,0.014498547716512822,0.9855014522834872
6520,2020-05-10,0.022461824232988592,0.9775381757670114
6521,2020-05-10,0.004243823884604758,0.9957561761153952
6522,2020-05-10,0.012713482227549644,0.9872865177724504
6524,2020-05-10,0.028834426015476256,0.9711655739845237
6525,2020-05-10,0.04301836853915353,0.9569816314608465
6526,2020-05-10,0.023357819073748343,0.9766421809262517
6527,2020-05-10,0.01909844433572272,0.9809015556642773
6528,2020-05-10,0.0056671648853930945,0.9943328351146069
6529,2020-05-10,0.006186485871295888,0.9938135141287041
6532,2020-05-10,0.03221803300195669,0.9677819669980433
6533,2020-05-10,0.07205905875749441,0.9279409412425056
6534,2020-05-10,0.011264197876821092,0.9887358021231789
6535,2020-05-10,0.0013936261710109088,0.9986063738289891
6536,2020-05-10,0.026437667357216643,0.9735623326427834
6537,2020-05-10,0.004087436220344798,0.9959125637796552
6538,2020-05-10,0.0012282423135271392,0.9987717576864729
6539,2020-05-10,0.008801391358914668,0.9911986086410853
6541,2020-05-10,0.05947650987374653,0.9405234901262535
6542,2020-05-10,0.010771589147233085,0.9892284108527669
6544,2020-05-10,0.039052179961078015,0.960947820038922
6545,2020-05-10,0.013739246584500764,0.9862607534154992
6546,2020-05-10,0.01641694284110562,0.9835830571588944
6547,2020-05-10,0.02038134877656128,0.9796186512234387
6548,2020-05-10,0.007571420837820586,0.9924285791621794
6549,2020-05-10,0.016613875299659076,0.9833861247003409
6550,2020-05-10,0.055721009800802856,0.9442789901991971
6551,2020-05-10,0.02099340752559664,0.9790065924744034
6552,2020-05-10,0.0100741281695933,0.9899258718304067
6553,2020-05-10,0.01280237344216828,0.9871976265578317
6554,2020-05-10,0.008923250123874404,0.9910767498761256
6555,2020-05-10,0.0022380837438383816,0.9977619162561616
6556,2020-05-10,0.0055391103144186715,0.9944608896855813
6557,2020-05-10,0.007719923309851384,0.9922800766901486
6560,2020-05-10,0.007967242049192302,0.9920327579508077
6561,2020-05-10,0.021026416270082948,0.978973583729917
6562,2020-05-10,0.014066153045440788,0.9859338469545592
6564,2020-05-10,0.006943615597956532,0.9930563844020435
6565,2020-05-10,0.028430751531873244,0.9715692484681268
6566,2020-05-10,0.01231729517020963,0.9876827048297904
6567,2020-05-10,0.015715650085483368,0.9842843499145166
6568,2020-05-10,0.0034414367964517023,0.9965585632035483
6569,2020-05-10,0.014306543704585506,0.9856934562954145
6570,2020-05-10,0.01150745342930859,0.9884925465706914
6571,2020-05-10,0.013039905034251342,0.9869600949657487
6572,2020-05-10,0.01186270267328926,0.9881372973267107
6573,2020-05-10,0.01678208338766307,0.9832179166123369
6574,2020-05-10,0.04488576469152339,0.9551142353084766
6575,2020-05-10,0.04579948164297465,0.9542005183570254
6576,2020-05-10,0.013806044841386367,0.9861939551586136
6577,2020-05-10,0.015684680020980224,0.9843153199790198
6578,2020-05-10,0.014988174228990903,0.9850118257710091
6579,2020-05-10,0.02518406463321543,0.9748159353667846
6580,2020-05-10,0.017745469884204,0.982254530115796
6581,2020-05-10,0.012455554489550491,0.9875444455104495
6582,2020-05-10,0.02854065690509222,0.9714593430949078
6583,2020-05-10,0.0061541440027952365,0.9938458559972048
6584,2020-05-10,0.03196697492613687,0.9680330250738631
6585,2020-05-10,0.007283719732023131,0.9927162802679769
6586,2020-05-10,0.00916758901478043,0.9908324109852196
6587,2020-05-10,0.09698682306734363,0.9030131769326564
6588,2020-05-10,0.012259587957067497,0.9877404120429325
6589,2020-05-10,0.05664176858030001,0.9433582314197
6590,2020-05-10,0.004796918947707396,0.9952030810522926
6591,2020-05-10,0.021591535143068552,0.9784084648569314
6592,2020-05-10,0.0032524973283604153,0.9967475026716396
6593,2020-05-10,0.010342469119741016,0.989657530880259
6594,2020-05-10,0.0018153411765471361,0.9981846588234529
6595,2020-05-10,0.015688825014334773,0.9843111749856652
6596,2020-05-10,0.008227556659684554,0.9917724433403154
6597,2020-05-10,0.012083614776453255,0.9879163852235467
6598,2020-05-10,0.06725601019722172,0.9327439898027783
6599,2020-05-10,0.016249918158150023,0.98375008184185
6600,2020-05-10,0.05732357457916459,0.9426764254208354
6601,2020-05-10,0.018835102634544465,0.9811648973654555
6602,2020-05-10,0.008619711136238717,0.9913802888637613
6603,2020-05-10,0.004161782237564582,0.9958382177624354
6604,2020-05-10,0.0022846244984598973,0.9977153755015401
6605,2020-05-10,0.016331814968315594,0.9836681850316844
6606,2020-05-10,0.006168172833366459,0.9938318271666335
6607,2020-05-10,0.016726617505621766,0.9832733824943782
6608,2020-05-10,0.006933198653161221,0.9930668013468388
6609,2020-05-10,0.04371190027537619,0.9562880997246238
6610,2020-05-10,0.00989651220153287,0.9901034877984671
6611,2020-05-10,0.024904045502635253,0.9750959544973647
6612,2020-05-10,0.005279060515576028,0.994720939484424
6613,2020-05-10,0.009919247222265004,0.990080752777735
6614,2020-05-10,0.01017320972670921,0.9898267902732908
6615,2020-05-10,0.014796119664150065,0.9852038803358499
6616,2020-05-10,0.011104153159800734,0.9888958468401993
6617,2020-05-10,0.038976333574196165,0.9610236664258038
6619,2020-05-10,0.04831123608270915,0.9516887639172908
6620,2020-05-10,0.070739561379357,0.929260438620643
6621,2020-05-10,0.02520083877467083,0.9747991612253292
6622,2020-05-10,0.007991049465350342,0.9920089505346497
6623,2020-05-10,0.011519160646044191,0.9884808393539558
6624,2020-05-10,0.01946023543481956,0.9805397645651804
6625,2020-05-10,0.0234662411670864,0.9765337588329136
6627,2020-05-10,0.006355209005860618,0.9936447909941394
6628,2020-05-10,0.013294407549913956,0.986705592450086
6629,2020-05-10,0.01473273170047884,0.9852672682995212
6630,2020-05-10,0.01568948154431138,0.9843105184556886
6631,2020-05-10,0.014959808699846588,0.9850401913001534
6632,2020-05-10,0.007448939669600363,0.9925510603303996
6633,2020-05-10,0.008422058174741287,0.9915779418252587
6635,2020-05-10,0.03129409366415681,0.9687059063358432
6636,2020-05-10,0.015892753284450056,0.9841072467155499
6637,2020-05-10,0.07756461732414222,0.9224353826758578
6638,2020-05-10,0.030725395455356463,0.9692746045446435
6639,2020-05-10,0.0026117398549637683,0.9973882601450362
6641,2020-05-10,0.011152298262075422,0.9888477017379246
6642,2020-05-10,0.0028513556277420804,0.9971486443722579
6643,2020-05-10,0.045585818198161765,0.9544141818018382
6644,2020-05-10,0.019323641047892748,0.9806763589521073
6645,2020-05-10,0.02147288727264307,0.9785271127273569
6646,2020-05-10,0.003849636424494207,0.9961503635755058
6647,2020-05-10,0.028331464636136783,0.9716685353638632
6648,2020-05-10,0.015253353815843362,0.9847466461841566
6649,2020-05-10,0.0018027448622982556,0.9981972551377017
6650,2020-05-10,0.023194892068070683,0.9768051079319293
6651,2020-05-10,0.001709334061666512,0.9982906659383335
6652,2020-05-10,0.008493071664751883,0.9915069283352481
6653,2020-05-10,0.0048356732841344785,0.9951643267158655
6654,2020-05-10,0.02231222322184967,0.9776877767781503
6655,2020-05-10,0.0022823783109349183,0.9977176216890651
6656,2020-05-10,0.02761384415417678,0.9723861558458232
6658,2020-05-10,0.01131457298333316,0.9886854270166668
6659,2020-05-10,0.01732598039831823,0.9826740196016818
6660,2020-05-10,0.0036896777778089307,0.9963103222221911
6661,2020-05-10,0.01816890080895317,0.9818310991910468
6662,2020-05-10,0.0043565292922409515,0.995643470707759
6664,2020-05-10,0.06276297812564191,0.9372370218743581
6665,2020-05-10,0.011150328370159612,0.9888496716298404
6666,2020-05-10,0.022890796453739926,0.9771092035462601
6667,2020-05-10,0.0462679216475127,0.9537320783524873
6668,2020-05-10,0.04667331064383662,0.9533266893561634
6670,2020-05-10,0.008041412630138134,0.9919585873698619
6671,2020-05-10,0.014343800138935325,0.9856561998610647
6672,2020-05-10,0.01915913016829296,0.980840869831707
6673,2020-05-10,0.010850894170733705,0.9891491058292663
6675,2020-05-10,0.013751799027765244,0.9862482009722348
6677,2020-05-10,0.0021180063473277277,0.9978819936526723
6678,2020-05-10,0.011465287550970094,0.9885347124490299
6679,2020-05-10,0.008182143446003542,0.9918178565539965
6680,2020-05-10,0.037178645961902124,0.9628213540380979
6681,2020-05-10,0.005436348946554204,0.9945636510534458
6682,2020-05-10,0.008238104885509245,0.9917618951144908
6683,2020-05-10,0.012183518309870411,0.9878164816901296
6684,2020-05-10,0.016254369213756115,0.9837456307862439
6685,2020-05-10,0.02526423728825089,0.9747357627117491
6686,2020-05-10,0.0036039360751556337,0.9963960639248444
6687,2020-05-10,0.02164577777296517,0.9783542222270348
6688,2020-05-10,0.01686962562904859,0.9831303743709514
6689,2020-05-10,0.02666737917728157,0.9733326208227184
6690,2020-05-10,0.002309257582231994,0.997690742417768
6691,2020-05-10,0.01158092999449134,0.9884190700055087
6692,2020-05-10,0.013313193896285158,0.9866868061037148
6693,2020-05-10,0.0018254202744918402,0.9981745797255082
6694,2020-05-10,0.0039447388878256495,0.9960552611121744
6695,2020-05-10,0.021101966289808538,0.9788980337101915
6696,2020-05-10,0.05309557429868539,0.9469044257013146
6697,2020-05-10,0.011102430310636291,0.9888975696893637
6698,2020-05-10,0.0017272352113831824,0.9982727647886168
6699,2020-05-10,0.05647440880069576,0.9435255911993042
6700,2020-05-10,0.00644796340038023,0.9935520365996198
6701,2020-05-10,0.0034044663867848213,0.9965955336132152
6702,2020-05-10,0.05300721508008255,0.9469927849199175
6703,2020-05-10,0.009577647280274215,0.9904223527197258
6704,2020-05-10,0.01552855591838509,0.9844714440816149
6705,2020-05-10,0.007647737983788261,0.9923522620162117
6706,2020-05-10,0.016044277992635414,0.9839557220073646
6707,2020-05-10,0.003495489326754475,0.9965045106732455
6708,2020-05-10,0.05096733599240677,0.9490326640075932
6709,2020-05-10,0.005101586782610967,0.994898413217389
6710,2020-05-10,0.036944802746049055,0.963055197253951
6711,2020-05-10,0.009491532600311325,0.9905084673996887
6712,2020-05-10,0.04056283908294622,0.9594371609170538
6713,2020-05-10,0.025526510451378548,0.9744734895486215
6714,2020-05-10,0.022127036898273666,0.9778729631017263
6715,2020-05-10,0.011082773366360432,0.9889172266336396
6716,2020-05-10,0.0047424893189257356,0.9952575106810743
6717,2020-05-10,0.005609626992378658,0.9943903730076213
6718,2020-05-10,0.0028398951941773776,0.9971601048058226
6719,2020-05-10,0.02368282566759028,0.9763171743324097
6720,2020-05-10,0.00851753860183535,0.9914824613981646
6721,2020-05-10,0.01976747777615462,0.9802325222238454
6722,2020-05-10,0.0050895908621858554,0.9949104091378141
6723,2020-05-10,0.056623754198214415,0.9433762458017856
6724,2020-05-10,0.013608534708788533,0.9863914652912115
6725,2020-05-10,0.01556171699325326,0.9844382830067467
6726,2020-05-10,0.023537938149634674,0.9764620618503653
6727,2020-05-10,0.01826559352685686,0.9817344064731431
6728,2020-05-10,0.04107864722895338,0.9589213527710466
6729,2020-05-10,0.007810104249862171,0.9921898957501378
6730,2020-05-10,0.04349814192347534,0.9565018580765247
6731,2020-05-10,0.05005262116210474,0.9499473788378953
6732,2020-05-10,0.09495025403314727,0.9050497459668527
6733,2020-05-10,0.024125731418653595,0.9758742685813464
6734,2020-05-10,0.033345175893377044,0.966654824106623
6735,2020-05-10,0.011657397120088397,0.9883426028799116
6736,2020-05-10,0.011051977752026265,0.9889480222479737
6737,2020-05-10,0.009483564514890519,0.9905164354851095
6738,2020-05-10,0.0020932201786016957,0.9979067798213983
6739,2020-05-10,0.004111291118140237,0.9958887088818598
6740,2020-05-10,0.027491741963735605,0.9725082580362644
6741,2020-05-10,0.000991025530448053,0.999008974469552
6742,2020-05-10,0.010721756044166586,0.9892782439558334
6743,2020-05-10,0.007591763884138292,0.9924082361158617
6744,2020-05-10,0.00262936898155397,0.997370631018446
6745,2020-05-10,0.030920001704479394,0.9690799982955206
6746,2020-05-10,0.009740834011651711,0.9902591659883483
6747,2020-05-10,0.007819906783260833,0.9921800932167392
6748,2020-05-10,0.018166870499063292,0.9818331295009367
6750,2020-05-10,0.0389786193445395,0.9610213806554605
6751,2020-05-10,0.0412251495875795,0.9587748504124205
6752,2020-05-10,0.01007602288245757,0.9899239771175424
6753,2020-05-10,0.008308816111751827,0.9916911838882482
6754,2020-05-10,0.009899778565766959,0.990100221434233
6755,2020-05-10,0.003132258610841099,0.9968677413891589
6756,2020-05-10,0.006045418906811095,0.9939545810931889
6757,2020-05-10,0.014565758720311739,0.9854342412796883
6758,2020-05-10,0.0089694010002771,0.9910305989997229
6759,2020-05-10,0.1157624236085929,0.8842375763914071
6760,2020-05-10,0.004541539716047427,0.9954584602839526
6761,2020-05-10,0.008952160370042539,0.9910478396299575
6762,2020-05-10,0.011289869581921352,0.9887101304180786
6764,2020-05-10,0.0014245351018074004,0.9985754648981926
6765,2020-05-10,0.06811113434036453,0.9318888656596355
6766,2020-05-10,0.0035709442522664503,0.9964290557477335
6767,2020-05-10,0.056949709554359296,0.9430502904456407
6768,2020-05-10,0.023164098041375758,0.9768359019586242
6770,2020-05-10,0.007175838233739684,0.9928241617662603
6771,2020-05-10,0.017568493625034542,0.9824315063749655
6772,2020-05-10,0.009872853665208847,0.9901271463347912
6773,2020-05-10,0.016838542052874494,0.9831614579471255
6774,2020-05-10,0.010907709082678019,0.989092290917322
6775,2020-05-10,0.05278340301123796,0.947216596988762
6776,2020-05-10,0.026080563754408925,0.9739194362455911
6777,2020-05-10,0.017500686289472434,0.9824993137105276
6778,2020-05-10,0.0029845773474835857,0.9970154226525164
6779,2020-05-10,0.009120432133173262,0.9908795678668267
6780,2020-05-10,0.004821586618882989,0.995178413381117
6781,2020-05-10,0.0026581462563853853,0.9973418537436146
6782,2020-05-10,0.012913626638103581,0.9870863733618964
6783,2020-05-10,0.05662645615498196,0.943373543845018
6784,2020-05-10,0.013105146910929233,0.9868948530890708
6785,2020-05-10,0.011687350652055062,0.9883126493479449
6786,2020-05-10,0.03689312341120188,0.9631068765887981
6787,2020-05-10,0.005887459175355159,0.9941125408246448
6788,2020-05-10,0.01262892579281416,0.9873710742071858
6789,2020-05-10,0.03480938810679757,0.9651906118932024
6790,2020-05-10,0.01681132335957547,0.9831886766404245
6791,2020-05-10,0.010379437089343191,0.9896205629106568
6792,2020-05-10,0.017353230611652393,0.9826467693883476
6793,2020-05-10,0.004539032956656919,0.9954609670433431
6794,2020-05-10,0.013591054728768426,0.9864089452712316
6795,2020-05-10,0.008951472612528266,0.9910485273874717
6797,2020-05-10,0.0519063104274885,0.9480936895725115
6798,2020-05-10,0.05296981418411584,0.9470301858158842
6799,2020-05-10,0.009298929759177232,0.9907010702408228
6800,2020-05-10,0.009550042730022024,0.990449957269978
6801,2020-05-10,0.004628458745613129,0.9953715412543869
6802,2020-05-10,0.00514346966723267,0.9948565303327673
6803,2020-05-10,0.008106782949865998,0.991893217050134
6805,2020-05-10,0.004480737353047215,0.9955192626469528
6806,2020-05-10,0.010590687701745538,0.9894093122982545
6807,2020-05-10,0.010522490233733195,0.9894775097662668
6808,2020-05-10,0.020949979942043284,0.9790500200579567
6809,2020-05-10,0.0033928075225539978,0.996607192477446
6810,2020-05-10,0.022020589412660052,0.97797941058734
6812,2020-05-10,0.023076815430318365,0.9769231845696816
6813,2020-05-10,0.039367379966131266,0.9606326200338687
6815,2020-05-10,0.021052013860913932,0.9789479861390861
6816,2020-05-10,0.01785219296330587,0.9821478070366941
6817,2020-05-10,0.017854962678340414,0.9821450373216596
6818,2020-05-10,0.009095055657976636,0.9909049443420234
6819,2020-05-10,0.008553332840644301,0.9914466671593557
6820,2020-05-10,0.025980652852821584,0.9740193471471784
6821,2020-05-10,0.004029571185593439,0.9959704288144066
6822,2020-05-10,0.008279864947642546,0.9917201350523575
6823,2020-05-10,0.05990590645572247,0.9400940935442775
6825,2020-05-10,0.05448167384416014,0.9455183261558399
6826,2020-05-10,0.010526222154067955,0.989473777845932
6827,2020-05-10,0.0024208582119094046,0.9975791417880906
6828,2020-05-10,0.019747123089448038,0.980252876910552
6829,2020-05-10,0.012691128660000661,0.9873088713399993
6830,2020-05-10,0.012766644249161851,0.9872333557508381
6831,2020-05-10,0.02484316002205267,0.9751568399779473
6832,2020-05-10,0.0395833823326428,0.9604166176673572
6833,2020-05-10,0.01811256655708271,0.9818874334429173
6835,2020-05-10,0.02546997539141982,0.9745300246085802
6836,2020-05-10,0.013165064499647827,0.9868349355003522
6837,2020-05-10,0.0068428830350589775,0.993157116964941
6838,2020-05-10,0.04311414158378046,0.9568858584162195
6839,2020-05-10,0.012265679814561503,0.9877343201854385
6840,2020-05-10,0.003314294364552217,0.9966857056354478
6841,2020-05-10,0.006056369695574437,0.9939436303044256
6842,2020-05-10,0.017026357332820097,0.9829736426671799
6843,2020-05-10,0.01771517644894849,0.9822848235510515
6845,2020-05-10,0.007382608090818588,0.9926173919091814
6846,2020-05-10,0.01680407620876112,0.9831959237912389
6847,2020-05-10,0.03465136758727805,0.965348632412722
6848,2020-05-10,0.012103085808291891,0.9878969141917081
6849,2020-05-10,0.013391748258618219,0.9866082517413818
6850,2020-05-10,0.012927543231124439,0.9870724567688756
6851,2020-05-10,0.018195186271601216,0.9818048137283988
6852,2020-05-10,0.005904606913357702,0.9940953930866423
6854,2020-05-10,0.007250559450007965,0.992749440549992
6855,2020-05-10,0.012700574808072851,0.9872994251919271
6856,2020-05-10,0.007013010737334291,0.9929869892626657
6857,2020-05-10,0.05225497131379475,0.9477450286862052
6858,2020-05-10,0.01157453927803398,0.988425460721966
6859,2020-05-10,0.028872054539579084,0.9711279454604209
6860,2020-05-10,0.019560599238120258,0.9804394007618797
6861,2020-05-10,0.03302571575942348,0.9669742842405765
6862,2020-05-10,0.051743840602294644,0.9482561593977054
6863,2020-05-10,0.018715772153694354,0.9812842278463056
6864,2020-05-10,0.0052767536420763594,0.9947232463579236
6865,2020-05-10,0.009055897117240974,0.990944102882759
6866,2020-05-10,0.04284807381622491,0.9571519261837751
6867,2020-05-10,0.005420414206205204,0.9945795857937948
6868,2020-05-10,0.010145772382095353,0.9898542276179046
6869,2020-05-10,0.006803049010722595,0.9931969509892774
6870,2020-05-10,0.0033517863632454015,0.9966482136367546
6871,2020-05-10,0.01453589547152423,0.9854641045284758
6872,2020-05-10,0.003904220181295215,0.9960957798187048
6873,2020-05-10,0.009524892246089989,0.99047510775391
6875,2020-05-10,0.041516328958264404,0.9584836710417356
6876,2020-05-10,0.03899752614553098,0.961002473854469
6879,2020-05-10,0.016585961713727282,0.9834140382862727
6880,2020-05-10,0.003049503038150214,0.9969504969618498
6881,2020-05-10,0.02173544245051906,0.9782645575494809
6883,2020-05-10,0.021487817468450743,0.9785121825315493
6884,2020-05-10,0.005362795396369413,0.9946372046036306
6885,2020-05-10,0.002982430807966896,0.9970175691920331
6887,2020-05-10,0.04121094336711584,0.9587890566328842
6888,2020-05-10,0.023903674483479298,0.9760963255165207
6889,2020-05-10,0.018544709084399646,0.9814552909156004
6890,2020-05-10,0.03687943480344691,0.9631205651965531
6891,2020-05-10,0.0030883527924375764,0.9969116472075624
6892,2020-05-10,0.009774705239470771,0.9902252947605292
6893,2020-05-10,0.012092417265859079,0.9879075827341409
6894,2020-05-10,0.12110130375211048,0.8788986962478895
6895,2020-05-10,0.007648956718122379,0.9923510432818776
6896,2020-05-10,0.08794117253299738,0.9120588274670026
6897,2020-05-10,0.03777782928035567,0.9622221707196443
6898,2020-05-10,0.011130348445857807,0.9888696515541422
6899,2020-05-10,0.008877140967977315,0.9911228590320227
6900,2020-05-10,0.012967428687504334,0.9870325713124957
6901,2020-05-10,0.012368706770803706,0.9876312932291963
6902,2020-05-10,0.0260903928595434,0.9739096071404566
6903,2020-05-10,0.006005493997459199,0.9939945060025408
6904,2020-05-10,0.00540934979885499,0.994590650201145
6905,2020-05-10,0.02596050688295659,0.9740394931170434
6907,2020-05-10,0.005588541564569005,0.994411458435431
6908,2020-05-10,0.02564142059008767,0.9743585794099123
6910,2020-05-10,0.008231701598501395,0.9917682984014986
6911,2020-05-10,0.010869475298097786,0.9891305247019022
6912,2020-05-10,0.008674661404769468,0.9913253385952305
6913,2020-05-10,0.02703495711330839,0.9729650428866916
6914,2020-05-10,0.05500849436218125,0.9449915056378188
6915,2020-05-10,0.015071853602720453,0.9849281463972795
6916,2020-05-10,0.008808555918287553,0.9911914440817124
6917,2020-05-10,0.011043600202221282,0.9889563997977787
6918,2020-05-10,0.03894959431889222,0.9610504056811078
6919,2020-05-10,0.006335797354623973,0.993664202645376
6920,2020-05-10,0.003942693703610889,0.9960573062963891
6922,2020-05-10,0.036267998754429764,0.9637320012455702
6923,2020-05-10,0.017590534223269838,0.9824094657767302
6924,2020-05-10,0.07124741675795121,0.9287525832420488
6925,2020-05-10,0.009490119331149405,0.9905098806688506
6927,2020-05-10,0.004766992480416565,0.9952330075195834
6928,2020-05-10,0.0015399590156035536,0.9984600409843964
6929,2020-05-10,0.04124676399098659,0.9587532360090134
6930,2020-05-10,0.020025621394874737,0.9799743786051253
6931,2020-05-10,0.017408953339667965,0.982591046660332
6932,2020-05-10,0.026247360073055948,0.973752639926944
6933,2020-05-10,0.05982637263935875,0.9401736273606413
6934,2020-05-10,0.005965135247745668,0.9940348647522543
6935,2020-05-10,0.01073351531336486,0.9892664846866351
6936,2020-05-10,0.009990498785910074,0.9900095012140899
6937,2020-05-10,0.04132150309777172,0.9586784969022283
6938,2020-05-10,0.020730859067893737,0.9792691409321063
6939,2020-05-10,0.024439518401087712,0.9755604815989123
6940,2020-05-10,0.08101921455194472,0.9189807854480553
6941,2020-05-10,0.07642054497687589,0.9235794550231241
6942,2020-05-10,0.01900508650292243,0.9809949134970776
6943,2020-05-10,0.012772324108989874,0.9872276758910101
6944,2020-05-10,0.006229292159301347,0.9937707078406987
6945,2020-05-10,0.051266748763670766,0.9487332512363292
6946,2020-05-10,0.004427743913586024,0.995572256086414
6947,2020-05-10,0.01461536079525183,0.9853846392047482
6948,2020-05-10,0.023483955805193246,0.9765160441948068
6949,2020-05-10,0.011548720766563547,0.9884512792334365
6951,2020-05-10,0.011092406579791825,0.9889075934202082
6952,2020-05-10,0.016156841884445106,0.9838431581155549
6953,2020-05-10,0.02975436580520685,0.9702456341947931
6954,2020-05-10,0.012342956067793232,0.9876570439322068
6955,2020-05-10,0.003391484448967863,0.9966085155510321
6956,2020-05-10,0.003146595582859013,0.996853404417141
6957,2020-05-10,0.015590263376481617,0.9844097366235184
6958,2020-05-10,0.003193337644374572,0.9968066623556254
6959,2020-05-10,0.002999602625012421,0.9970003973749876
6960,2020-05-10,0.03924440394308626,0.9607555960569137
6961,2020-05-10,0.023362559902285307,0.9766374400977147
6963,2020-05-10,0.03452405721197516,0.9654759427880248
6964,2020-05-10,0.0028888206934667426,0.9971111793065333
6965,2020-05-10,0.04452047835390405,0.955479521646096
6966,2020-05-10,0.019912174848412678,0.9800878251515873
6967,2020-05-10,0.018397576323014864,0.9816024236769851
6969,2020-05-10,0.004966606037549615,0.9950333939624504
6970,2020-05-10,0.004431349522350803,0.9955686504776492
6971,2020-05-10,0.037953135420730866,0.9620468645792691
6972,2020-05-10,0.007985343778896148,0.9920146562211039
6973,2020-05-10,0.00658667789342271,0.9934133221065773
6974,2020-05-10,0.00799778444707766,0.9920022155529223
6975,2020-05-10,0.0006936988453819515,0.999306301154618
6976,2020-05-10,0.007461844824630304,0.9925381551753697
6978,2020-05-10,0.02125944327386542,0.9787405567261346
6979,2020-05-10,0.07256705646650885,0.9274329435334911
6980,2020-05-10,0.00854141655524776,0.9914585834447522
6981,2020-05-10,0.03587861640232559,0.9641213835976744
6982,2020-05-10,0.024315138925404045,0.975684861074596
6983,2020-05-10,0.005276233358537885,0.9947237666414621
6984,2020-05-10,0.07056576587257657,0.9294342341274234
6985,2020-05-10,0.02310743108697333,0.9768925689130267
6986,2020-05-10,0.06059010221365113,0.9394098977863489
6987,2020-05-10,0.00906563965400442,0.9909343603459956
6988,2020-05-10,0.018110674392004533,0.9818893256079955
6989,2020-05-10,0.04636108607085265,0.9536389139291473
6990,2020-05-10,0.014864686629819546,0.9851353133701805
6991,2020-05-10,0.019636054497533917,0.9803639455024661
6992,2020-05-10,0.03579719594973396,0.964202804050266
6993,2020-05-10,0.004577094434495388,0.9954229055655046
6994,2020-05-10,0.011560324680333744,0.9884396753196663
6995,2020-05-10,0.012993424828516398,0.9870065751714836
6996,2020-05-10,0.027173997866183797,0.9728260021338162
6997,2020-05-10,0.022158866161786306,0.9778411338382137
6999,2020-05-10,0.05382082599631921,0.9461791740036808
7000,2020-05-10,0.01412772412483776,0.9858722758751622
7001,2020-05-10,0.01290483175466195,0.987095168245338
7002,2020-05-10,0.002636089477277337,0.9973639105227227
7003,2020-05-10,0.012982985218711995,0.987017014781288
7004,2020-05-10,0.0083174013413293,0.9916825986586707
7005,2020-05-10,0.013913367657658382,0.9860866323423416
7008,2020-05-10,0.006295270694090971,0.993704729305909
7009,2020-05-10,0.01839732153226714,0.9816026784677329
7010,2020-05-10,0.05349988244175807,0.9465001175582419
7012,2020-05-10,0.015691114412455298,0.9843088855875447
7013,2020-05-10,0.0094272594326138,0.9905727405673862
7014,2020-05-10,0.013590496598110069,0.9864095034018899
7016,2020-05-10,0.007660956034995059,0.9923390439650049
7017,2020-05-10,0.007684446881741636,0.9923155531182584
7018,2020-05-10,0.025053602468141256,0.9749463975318587
7019,2020-05-10,0.015381603245357867,0.9846183967546421
7020,2020-05-10,0.02898629789089191,0.9710137021091081
7021,2020-05-10,0.007769592348631726,0.9922304076513683
7022,2020-05-10,0.01893489340391996,0.98106510659608
7023,2020-05-10,0.002808055500489459,0.9971919444995105
7024,2020-05-10,0.008083015985711706,0.9919169840142883
7025,2020-05-10,0.013080847095942594,0.9869191529040574
7027,2020-05-10,0.03513278101870898,0.964867218981291
7028,2020-05-10,0.017790294141312946,0.982209705858687
7029,2020-05-10,0.037355610649761006,0.962644389350239
7030,2020-05-10,0.007336381008855253,0.9926636189911447
7031,2020-05-10,0.01282565395077051,0.9871743460492295
7032,2020-05-10,0.025829097932930645,0.9741709020670694
7033,2020-05-10,0.006042014139374885,0.9939579858606251
7034,2020-05-10,0.03072459424507168,0.9692754057549283
7035,2020-05-10,0.04740305150954749,0.9525969484904525
7036,2020-05-10,0.032450574813175814,0.9675494251868242
7037,2020-05-10,0.051694244964825886,0.9483057550351741
7038,2020-05-10,0.016780167550286995,0.983219832449713
7039,2020-05-10,0.05784183972629997,0.9421581602737
7040,2020-05-10,0.04157466417361222,0.9584253358263878
7041,2020-05-10,0.007730980082200745,0.9922690199177993
7043,2020-05-10,0.03584567337263411,0.9641543266273659
7044,2020-05-10,0.005234050203691831,0.9947659497963082
7045,2020-05-10,0.046809026143932564,0.9531909738560674
7046,2020-05-10,0.02314233466387794,0.9768576653361221
7047,2020-05-10,0.05901646880873024,0.9409835311912698
7048,2020-05-10,0.13980014296048726,0.8601998570395127
7049,2020-05-10,0.007573654668816987,0.992426345331183
7050,2020-05-10,0.01273546607327225,0.9872645339267277
7051,2020-05-10,0.010429188272339296,0.9895708117276607
7052,2020-05-10,0.0076807249132161415,0.9923192750867839
7053,2020-05-10,0.019127302616192332,0.9808726973838077
7055,2020-05-10,0.010792158883107361,0.9892078411168926
7056,2020-05-10,0.03162770396302339,0.9683722960369766
7057,2020-05-10,0.03906967060699629,0.9609303293930037
7058,2020-05-10,0.036183367514591724,0.9638166324854083
7059,2020-05-10,0.003890290142128716,0.9961097098578713
7060,2020-05-10,0.0009531377493562365,0.9990468622506438
7062,2020-05-10,0.00891846722946188,0.9910815327705381
7064,2020-05-10,0.03821416369698283,0.9617858363030172
7065,2020-05-10,0.03080042062308741,0.9691995793769126
7066,2020-05-10,0.023492448128674237,0.9765075518713258
7067,2020-05-10,0.04667825937503556,0.9533217406249644
7069,2020-05-10,0.023406922036984024,0.976593077963016
7070,2020-05-10,0.020323880183786613,0.9796761198162134
7071,2020-05-10,0.010844223753116555,0.9891557762468834
7072,2020-05-10,0.011375070712689839,0.9886249292873102
7073,2020-05-10,0.009947668102468166,0.9900523318975318
7074,2020-05-10,0.021699702519373143,0.9783002974806269
7075,2020-05-10,0.09834883546866846,0.9016511645313315
7076,2020-05-10,0.017800585725292306,0.9821994142747077
7077,2020-05-10,0.021528644412798226,0.9784713555872018
7078,2020-05-10,0.007724546791626152,0.9922754532083738
7079,2020-05-10,0.028325785687377092,0.9716742143126229
7080,2020-05-10,0.057336329105523554,0.9426636708944764
7081,2020-05-10,0.030466605552928017,0.969533394447072
7082,2020-05-10,0.008090863080305155,0.9919091369196948
7083,2020-05-10,0.018631989283325434,0.9813680107166746
7084,2020-05-10,0.05396202022075902,0.946037979779241
7085,2020-05-10,0.0050225123021963025,0.9949774876978037
7086,2020-05-10,0.0024644918465294152,0.9975355081534706
7087,2020-05-10,0.003557958617107393,0.9964420413828926
7088,2020-05-10,0.00810550747435923,0.9918944925256408
7089,2020-05-10,0.011107104540714285,0.9888928954592857
7090,2020-05-10,0.07061773651545777,0.9293822634845422
7091,2020-05-10,0.02112111126278382,0.9788788887372162
7094,2020-05-10,0.02446886198532361,0.9755311380146764
7095,2020-05-10,0.04073058404223273,0.9592694159577673
7097,2020-05-10,0.017531764338340916,0.9824682356616591
7098,2020-05-10,0.008088275091278296,0.9919117249087217
7099,2020-05-10,0.018238675981970043,0.98176132401803
7100,2020-05-10,0.01155264916221832,0.9884473508377817
7101,2020-05-10,0.013210550669618182,0.9867894493303818
7102,2020-05-10,0.0038507057539689526,0.996149294246031
7103,2020-05-10,0.025703104727464288,0.9742968952725357
7104,2020-05-10,0.03325207220980464,0.9667479277901954
7105,2020-05-10,0.012619763786786309,0.9873802362132137
7106,2020-05-10,0.005006295969880892,0.9949937040301191
7107,2020-05-10,0.03363950264668458,0.9663604973533154
7109,2020-05-10,0.01845376168910695,0.981546238310893
7110,2020-05-10,0.02959824733684946,0.9704017526631505
7111,2020-05-10,0.026288214006335187,0.9737117859936648
7112,2020-05-10,0.007419386587314114,0.9925806134126859
7113,2020-05-10,0.006392355201569444,0.9936076447984306
7114,2020-05-10,0.005758364104582636,0.9942416358954174
7115,2020-05-10,0.010530937617074243,0.9894690623829258
7116,2020-05-10,0.00459208717929771,0.9954079128207023
7117,2020-05-10,0.010685542408766624,0.9893144575912334
7118,2020-05-10,0.029872975041242755,0.9701270249587572
7119,2020-05-10,0.01905647274176081,0.9809435272582392
7120,2020-05-10,0.007445510393552679,0.9925544896064473
7121,2020-05-10,0.009574039137049128,0.9904259608629509
7122,2020-05-10,0.034308095304824815,0.9656919046951752
7123,2020-05-10,0.0050889528579537435,0.9949110471420463
7124,2020-05-10,0.0029703666361752257,0.9970296333638248
7125,2020-05-10,0.020780800311597458,0.9792191996884025
7126,2020-05-10,0.019860988975598293,0.9801390110244017
7127,2020-05-10,0.008747776409912755,0.9912522235900872
7129,2020-05-10,0.01630793674596931,0.9836920632540307
7130,2020-05-10,0.006824608495313189,0.9931753915046868
7131,2020-05-10,0.03292573666655929,0.9670742633334407
7132,2020-05-10,0.02845259339347117,0.9715474066065288
7133,2020-05-10,0.009607736059041638,0.9903922639409584
7134,2020-05-10,0.048403306867918605,0.9515966931320814
7135,2020-05-10,0.005037920016670139,0.9949620799833299
7136,2020-05-10,0.09180500745894415,0.9081949925410558
7137,2020-05-10,0.020304596393314167,0.9796954036066858
7138,2020-05-10,0.015704191019758507,0.9842958089802415
7139,2020-05-10,0.03616222282077208,0.9638377771792279
7140,2020-05-10,0.004388661322983767,0.9956113386770162
7141,2020-05-10,0.08897173460829055,0.9110282653917094
7142,2020-05-10,0.006447034056531908,0.9935529659434681
7144,2020-05-10,0.026197365933280037,0.97380263406672
7145,2020-05-10,0.012483209807046425,0.9875167901929536
7146,2020-05-10,0.004415417783701137,0.9955845822162989
7147,2020-05-10,0.004840833700264335,0.9951591662997357
7148,2020-05-10,0.0014600677672490514,0.998539932232751
7149,2020-05-10,0.01632863801708062,0.9836713619829194
7150,2020-05-10,0.004006893091779928,0.9959931069082201
7151,2020-05-10,0.002567963349502045,0.997432036650498
7152,2020-05-10,0.019517350558333924,0.9804826494416661
7153,2020-05-10,0.012714747104642488,0.9872852528953575
7154,2020-05-10,0.012050041211826068,0.9879499587881739
7155,2020-05-10,0.046430023131035836,0.9535699768689642
7156,2020-05-10,0.03682300588418719,0.9631769941158128
7157,2020-05-10,0.0198790475584395,0.9801209524415605
7158,2020-05-10,0.019370124896547658,0.9806298751034523
7159,2020-05-10,0.005839608073154201,0.9941603919268458
7160,2020-05-10,0.013104228491838232,0.9868957715081618
7161,2020-05-10,0.018600544526875762,0.9813994554731242
7162,2020-05-10,0.002967873473625149,0.9970321265263749
7163,2020-05-10,0.006853002012169429,0.9931469979878306
7164,2020-05-10,0.003618086236533813,0.9963819137634662
7165,2020-05-10,0.0241344387719149,0.9758655612280851
7166,2020-05-10,0.016656910301802164,0.9833430896981978
7167,2020-05-10,0.018741414947055945,0.981258585052944
7168,2020-05-10,0.019525542873637503,0.9804744571263625
7169,2020-05-10,0.0412504749047129,0.9587495250952871
7170,2020-05-10,0.04876952480848484,0.9512304751915152
7171,2020-05-10,0.01393757717779065,0.9860624228222094
7172,2020-05-10,0.008442965624124055,0.991557034375876
7173,2020-05-10,0.008642060143546182,0.9913579398564538
7174,2020-05-10,0.028909058578604707,0.9710909414213953
7175,2020-05-10,0.03642876002206852,0.9635712399779315
7176,2020-05-10,0.037651547581279754,0.9623484524187202
7177,2020-05-10,0.06080560264444934,0.9391943973555507
7178,2020-05-10,0.01437061549248364,0.9856293845075164
7179,2020-05-10,0.02051641862066811,0.9794835813793319
7180,2020-05-10,0.01037918882694211,0.9896208111730579
7181,2020-05-10,0.0021235623702702267,0.9978764376297298
7182,2020-05-10,0.03629690529917895,0.963703094700821
7183,2020-05-10,0.026045168526768414,0.9739548314732316
7184,2020-05-10,0.005036253408080782,0.9949637465919192
7185,2020-05-10,0.007691432316411562,0.9923085676835884
7186,2020-05-10,0.04773639274531549,0.9522636072546845
7188,2020-05-10,0.00998265012195032,0.9900173498780497
7189,2020-05-10,0.0052594439044229,0.9947405560955771
7190,2020-05-10,0.009005318869433565,0.9909946811305664
7191,2020-05-10,0.05952077898450703,0.940479221015493
7192,2020-05-10,0.012406274576602705,0.9875937254233973
7193,2020-05-10,0.0029859945303531976,0.9970140054696468
7194,2020-05-10,0.029190645574395102,0.9708093544256049
7196,2020-05-10,0.008432593356375917,0.9915674066436241
7197,2020-05-10,0.006668002487762004,0.993331997512238
7199,2020-05-10,0.020843992455597538,0.9791560075444025
7200,2020-05-10,0.008654459953766014,0.991345540046234
7201,2020-05-10,0.08418086573871253,0.9158191342612875
7202,2020-05-10,0.02403409560937597,0.975965904390624
7203,2020-05-10,0.0175964915276422,0.9824035084723578
7204,2020-05-10,0.024147360098170978,0.975852639901829
7205,2020-05-10,0.013544576770167405,0.9864554232298326
7206,2020-05-10,0.005792445560717896,0.9942075544392821
7207,2020-05-10,0.022208195815563214,0.9777918041844368
7208,2020-05-10,0.0669455625188401,0.9330544374811599
7209,2020-05-10,0.024313103028698158,0.9756868969713018
7210,2020-05-10,0.002942022291871238,0.9970579777081288
7211,2020-05-10,0.020901815857650052,0.97909818414235
7213,2020-05-10,0.023884969112390464,0.9761150308876095
7214,2020-05-10,0.004582859454589028,0.995417140545411
7215,2020-05-10,0.013583414889191125,0.9864165851108089
7216,2020-05-10,0.0030785632872877278,0.9969214367127123
7217,2020-05-10,0.015145813565997535,0.9848541864340025
7218,2020-05-10,0.013584690180242442,0.9864153098197576
7219,2020-05-10,0.03969786292225497,0.960302137077745
7221,2020-05-10,0.011242624694835834,0.9887573753051642
7222,2020-05-10,0.045664335891218766,0.9543356641087812
7224,2020-05-10,0.038722933553823835,0.9612770664461762
7225,2020-05-10,0.017482516951903837,0.9825174830480962
7227,2020-05-10,0.06481920374047834,0.9351807962595217
7228,2020-05-10,0.024935389953549936,0.9750646100464501
7229,2020-05-10,0.0057906381432671905,0.9942093618567328
7232,2020-05-10,0.009554195064457649,0.9904458049355424
7233,2020-05-10,0.01790017098546559,0.9820998290145344
7234,2020-05-10,0.007834322827011797,0.9921656771729882
7235,2020-05-10,0.011392993049158195,0.9886070069508418
7236,2020-05-10,0.03408846388763498,0.965911536112365
7237,2020-05-10,0.015814895911703597,0.9841851040882964
7238,2020-05-10,0.051540666205025065,0.9484593337949749
7239,2020-05-10,0.017002886899683323,0.9829971131003167
7240,2020-05-10,0.008315366164931337,0.9916846338350687
7241,2020-05-10,0.008028098369379233,0.9919719016306208
7242,2020-05-10,0.011623074440224812,0.9883769255597752
7243,2020-05-10,0.016330088849442093,0.9836699111505579
7244,2020-05-10,0.010287466764278275,0.9897125332357217
7245,2020-05-10,0.022628817532409418,0.9773711824675906
7246,2020-05-10,0.08818385078493574,0.9118161492150643
7247,2020-05-10,0.009134952239385208,0.9908650477606148
7248,2020-05-10,0.016749492062429927,0.9832505079375701
7250,2020-05-10,0.014427948051737971,0.985572051948262
7251,2020-05-10,0.009657856257106245,0.9903421437428938
7253,2020-05-10,0.01681885998940502,0.983181140010595
7254,2020-05-10,0.007096484730269359,0.9929035152697306
7256,2020-05-10,0.008770531349923338,0.9912294686500767
7258,2020-05-10,0.04348241094488159,0.9565175890551184
7259,2020-05-10,0.008087515552356872,0.9919124844476431
7260,2020-05-10,0.008370199993332106,0.9916298000066679
7262,2020-05-10,0.005622006891022546,0.9943779931089775
7263,2020-05-10,0.003902395181654472,0.9960976048183455
7264,2020-05-10,0.010567087269101494,0.9894329127308985
7265,2020-05-10,0.003506458255410072,0.9964935417445899
7267,2020-05-10,0.008677927550403641,0.9913220724495964
7268,2020-05-10,0.05229491479363568,0.9477050852063643
7269,2020-05-10,0.02942437986505364,0.9705756201349464
7270,2020-05-10,0.007810009420063602,0.9921899905799364
7271,2020-05-10,0.01858382578935558,0.9814161742106444
7272,2020-05-10,0.028176534049319968,0.97182346595068
7273,2020-05-10,0.016818901223924487,0.9831810987760755
7274,2020-05-10,0.021947846471145782,0.9780521535288542
7275,2020-05-10,0.0009462395718227157,0.9990537604281773
7276,2020-05-10,0.00497529513315631,0.9950247048668437
7277,2020-05-10,0.025979666959005443,0.9740203330409946
7278,2020-05-10,0.01399138301898839,0.9860086169810116
7279,2020-05-10,0.05725205356158258,0.9427479464384174
7280,2020-05-10,0.012720484537968257,0.9872795154620317
7281,2020-05-10,0.014180721892057213,0.9858192781079428
7282,2020-05-10,0.06101094037655652,0.9389890596234435
7283,2020-05-10,0.009117124917457753,0.9908828750825422
7286,2020-05-10,0.028618189838273356,0.9713818101617266
7287,2020-05-10,0.025436778360448775,0.9745632216395512
7288,2020-05-10,0.011245827540039222,0.9887541724599608
7289,2020-05-10,0.010932314189354142,0.9890676858106459
7290,2020-05-10,0.025524606045500886,0.9744753939544991
7291,2020-05-10,0.01624242662307318,0.9837575733769268
7293,2020-05-10,0.0014972919258258166,0.9985027080741742
7294,2020-05-10,0.008829123846387676,0.9911708761536123
7296,2020-05-10,0.003638247733448119,0.9963617522665519
7297,2020-05-10,0.007467800027250671,0.9925321999727493
7298,2020-05-10,0.016320750593935007,0.983679249406065
7299,2020-05-10,0.001837160780095548,0.9981628392199045
7302,2020-05-10,0.07220524228772851,0.9277947577122715
7303,2020-05-10,0.01856912847023562,0.9814308715297644
7304,2020-05-10,0.01278023893414948,0.9872197610658505
7305,2020-05-10,0.005867268293281658,0.9941327317067183
7306,2020-05-10,0.03952867085951084,0.9604713291404892
7307,2020-05-10,0.003936781448532711,0.9960632185514673
7308,2020-05-10,0.03842747039620431,0.9615725296037957
7310,2020-05-10,0.0011310987803737627,0.9988689012196262
7312,2020-05-10,0.014373479898697417,0.9856265201013026
7313,2020-05-10,0.003208352155347205,0.9967916478446528
7314,2020-05-10,0.010889810980320713,0.9891101890196793
7315,2020-05-10,0.0033951415395218065,0.9966048584604782
7316,2020-05-10,0.00986997633523734,0.9901300236647627
7317,2020-05-10,0.020765170479715267,0.9792348295202847
7318,2020-05-10,0.013899839923352086,0.9861001600766479
7319,2020-05-10,0.014896873999389326,0.9851031260006107
7320,2020-05-10,0.05224719165189173,0.9477528083481083
7322,2020-05-10,0.021237746669714674,0.9787622533302853
7323,2020-05-10,0.031649957716949784,0.9683500422830502
7324,2020-05-10,0.008152421816626565,0.9918475781833734
7325,2020-05-10,0.021706522151655028,0.978293477848345
7326,2020-05-10,0.01593925223021364,0.9840607477697864
7327,2020-05-10,0.018929554178420127,0.9810704458215799
7328,2020-05-10,0.06873339197179418,0.9312666080282058
7329,2020-05-10,0.01345393107981907,0.9865460689201809
7330,2020-05-10,0.01806067383623322,0.9819393261637668
7331,2020-05-10,0.010661153784995103,0.9893388462150049
7332,2020-05-10,0.04712339044267988,0.9528766095573201
7333,2020-05-10,0.011237257791314126,0.9887627422086859
7334,2020-05-10,0.0023841553948491523,0.9976158446051508
7335,2020-05-10,0.015639011270963676,0.9843609887290363
7336,2020-05-10,0.02158726115665699,0.978412738843343
7337,2020-05-10,0.013150109240813945,0.986849890759186
7338,2020-05-10,0.012785718137907631,0.9872142818620924
7339,2020-05-10,0.003095297271949904,0.9969047027280501
7341,2020-05-10,0.05106814476859012,0.9489318552314099
7343,2020-05-10,0.017262855404378108,0.9827371445956219
7344,2020-05-10,0.0052045810807661574,0.9947954189192338
7345,2020-05-10,0.008498033889013934,0.9915019661109861
7346,2020-05-10,0.051799961798921546,0.9482000382010785
7347,2020-05-10,0.013433704696929838,0.9865662953030702
7348,2020-05-10,0.01288878162001672,0.9871112183799833
7349,2020-05-10,0.027836692791109674,0.9721633072088903
7350,2020-05-10,0.06519696674712439,0.9348030332528756
7352,2020-05-10,0.0318498162395231,0.9681501837604769
7353,2020-05-10,0.0036154586465926286,0.9963845413534074
7354,2020-05-10,0.005885745900914396,0.9941142540990856
7355,2020-05-10,0.029588616372494103,0.9704113836275059
7356,2020-05-10,0.005153615397726519,0.9948463846022735
7358,2020-05-10,0.01538671755518406,0.9846132824448159
7359,2020-05-10,0.045634493297863066,0.9543655067021369
7360,2020-05-10,0.0035489592106188184,0.9964510407893812
7361,2020-05-10,0.012410223573436685,0.9875897764265633
7362,2020-05-10,0.008004891184688945,0.991995108815311
7363,2020-05-10,0.006090193390458798,0.9939098066095412
7364,2020-05-10,0.0160768380647045,0.9839231619352955
7367,2020-05-10,0.09626282155718513,0.9037371784428149
7368,2020-05-10,0.00810768607490886,0.9918923139250911
7369,2020-05-10,0.14253086375005808,0.8574691362499419
7370,2020-05-10,0.0025351152996839765,0.997464884700316
7371,2020-05-10,0.010160335322780156,0.9898396646772198
7373,2020-05-10,0.008086321529685692,0.9919136784703143
7374,2020-05-10,0.014736837748920872,0.9852631622510791
7375,2020-05-10,0.05580674412882081,0.9441932558711792
7376,2020-05-10,0.040262918022043626,0.9597370819779564
7377,2020-05-10,0.04716715905521973,0.9528328409447803
7378,2020-05-10,0.006626683700125535,0.9933733162998745
7380,2020-05-10,0.012118488127433213,0.9878815118725668
7381,2020-05-10,0.0052187652385966565,0.9947812347614033
7383,2020-05-10,0.008568678094264759,0.9914313219057352
7384,2020-05-10,0.03853838386719188,0.9614616161328081
7386,2020-05-10,0.008208232074667698,0.9917917679253323
7387,2020-05-10,0.02211226609696537,0.9778877339030346
7390,2020-05-10,0.002911533065706573,0.9970884669342934
7391,2020-05-10,0.02043813538032746,0.9795618646196725
7392,2020-05-10,0.01128531485515516,0.9887146851448448
7394,2020-05-10,0.004958061261892022,0.995041938738108
7395,2020-05-10,0.02528007041232494,0.9747199295876751
7396,2020-05-10,0.05600344792505774,0.9439965520749423
7397,2020-05-10,0.025225143554772456,0.9747748564452275
7399,2020-05-10,0.007120959412513894,0.9928790405874861
7400,2020-05-10,0.005774183071862837,0.9942258169281372
7401,2020-05-10,0.0026191178238077484,0.9973808821761923
7403,2020-05-10,0.00903391770456019,0.9909660822954398
7404,2020-05-10,0.003411248777949516,0.9965887512220505
7405,2020-05-10,0.009381792708284098,0.9906182072917159
7406,2020-05-10,0.005091901447918157,0.9949080985520818
7407,2020-05-10,0.010002524946553182,0.9899974750534468
7408,2020-05-10,0.019092145256549564,0.9809078547434504
7409,2020-05-10,0.0023182138605216673,0.9976817861394783
7410,2020-05-10,0.004664039001772591,0.9953359609982274
7411,2020-05-10,0.010083451731523363,0.9899165482684766
7413,2020-05-10,0.011680513601449838,0.9883194863985502
7414,2020-05-10,0.016767508954899535,0.9832324910451005
7415,2020-05-10,0.013896698874747981,0.986103301125252
7416,2020-05-10,0.004557008215429592,0.9954429917845704
7417,2020-05-10,0.004650028364072023,0.995349971635928
7418,2020-05-10,0.009159049589366308,0.9908409504106337
7419,2020-05-10,0.024468882621552668,0.9755311173784473
7421,2020-05-10,0.009563734897222398,0.9904362651027776
7422,2020-05-10,0.009465418711905205,0.9905345812880948
7424,2020-05-10,0.020914069900284882,0.9790859300997151
7425,2020-05-10,0.04327677758302917,0.9567232224169708
7426,2020-05-10,0.005785668559234569,0.9942143314407654
7427,2020-05-10,0.021513120890087056,0.9784868791099129
7429,2020-05-10,0.09677694581988683,0.9032230541801132
7430,2020-05-10,0.010753058028980966,0.989246941971019
7431,2020-05-10,0.08501922376118731,0.9149807762388127
7432,2020-05-10,0.05553726879965171,0.9444627312003483
7434,2020-05-10,0.024479524049136447,0.9755204759508636
7435,2020-05-10,0.007897570593667358,0.9921024294063326
7436,2020-05-10,0.013208003346887875,0.9867919966531121
7437,2020-05-10,0.042587542744526474,0.9574124572554735
7438,2020-05-10,0.010324039364441928,0.9896759606355581
7440,2020-05-10,0.022778848750122482,0.9772211512498775
7441,2020-05-10,0.058318460762032065,0.9416815392379679
7442,2020-05-10,0.07466519430710739,0.9253348056928926
7443,2020-05-10,0.004287815385649485,0.9957121846143505
7444,2020-05-10,0.012286592492010251,0.9877134075079897
7445,2020-05-10,0.006515739308789126,0.9934842606912109
7446,2020-05-10,0.029482027982182246,0.9705179720178178
7447,2020-05-10,0.02364531248587398,0.976354687514126
7448,2020-05-10,0.027481427059730335,0.9725185729402697
7449,2020-05-10,0.05522612797509596,0.944773872024904
7450,2020-05-10,0.015507393938833602,0.9844926060611664
7451,2020-05-10,0.07408046354328768,0.9259195364567123
7452,2020-05-10,0.004101760807466492,0.9958982391925335
7453,2020-05-10,0.003088424961756542,0.9969115750382435
7454,2020-05-10,0.10876307758142045,0.8912369224185795
7455,2020-05-10,0.004065948090274274,0.9959340519097257
7456,2020-05-10,0.01050268143008326,0.9894973185699167
7457,2020-05-10,0.05357249766845407,0.9464275023315459
7458,2020-05-10,0.009054160422752422,0.9909458395772476
7459,2020-05-10,0.001779658993722899,0.9982203410062771
7460,2020-05-10,0.02126321380187346,0.9787367861981265
7461,2020-05-10,0.01897982469278947,0.9810201753072105
7462,2020-05-10,0.020349381809552036,0.979650618190448
7463,2020-05-10,0.019828983164245195,0.9801710168357548
7464,2020-05-10,0.008379824501813293,0.9916201754981867
7465,2020-05-10,0.002787506388235439,0.9972124936117646
7466,2020-05-10,0.010528604557990318,0.9894713954420097
7467,2020-05-10,0.025798231599684973,0.974201768400315
7468,2020-05-10,0.04827317226281469,0.9517268277371853
7470,2020-05-10,0.010852967733580354,0.9891470322664196
7471,2020-05-10,0.004712507907665642,0.9952874920923344
7472,2020-05-10,0.01302919259701718,0.9869708074029828
7473,2020-05-10,0.018349935862793765,0.9816500641372062
7474,2020-05-10,0.006483455001992988,0.993516544998007
7475,2020-05-10,0.023249836897442866,0.9767501631025571
7476,2020-05-10,0.04126302278926808,0.9587369772107319
7477,2020-05-10,0.020758972586476743,0.9792410274135233
7478,2020-05-10,0.04710287521565304,0.952897124784347
7479,2020-05-10,0.007147996228703102,0.9928520037712969
7480,2020-05-10,0.06022536371040388,0.9397746362895961
7481,2020-05-10,0.03426351109257286,0.9657364889074271
7482,2020-05-10,0.03777164414474965,0.9622283558552504
7483,2020-05-10,0.006548631532929949,0.99345136846707
7484,2020-05-10,0.008651486884457604,0.9913485131155424
7485,2020-05-10,0.006643918087126166,0.9933560819128738
7486,2020-05-10,0.007765566443293848,0.9922344335567062
7487,2020-05-10,0.0037010534306284315,0.9962989465693716
7488,2020-05-10,0.03314072173096827,0.9668592782690317
7489,2020-05-10,0.0012303563557538588,0.9987696436442461
7490,2020-05-10,0.0007381121387836087,0.9992618878612164
7492,2020-05-10,0.011764521966541763,0.9882354780334582
7493,2020-05-10,0.05966278302898376,0.9403372169710162
7494,2020-05-10,0.055687231223450984,0.944312768776549
7495,2020-05-10,0.012208577829760592,0.9877914221702394
7496,2020-05-10,0.0044957920165688,0.9955042079834312
7497,2020-05-10,0.016269971251336113,0.9837300287486639
7498,2020-05-10,0.17779940942573635,0.8222005905742636
7499,2020-05-10,0.009137231582292182,0.9908627684177078
7500,2020-05-10,0.04664667345624285,0.9533533265437572
7501,2020-05-10,0.0847234075320139,0.9152765924679861
7502,2020-05-10,0.026714454077701344,0.9732855459222987
7503,2020-05-10,0.0027184549243489675,0.997281545075651
7504,2020-05-10,0.00796863812123949,0.9920313618787605
7505,2020-05-10,0.017319882677435783,0.9826801173225642
7506,2020-05-10,0.023310485592689223,0.9766895144073108
7507,2020-05-10,0.012326960338933879,0.9876730396610661
7508,2020-05-10,0.010233585152825131,0.9897664148471749
7510,2020-05-10,0.0020623411323871244,0.9979376588676129
7513,2020-05-10,0.00391645720661582,0.9960835427933842
7515,2020-05-10,0.008920861785453926,0.9910791382145461
7516,2020-05-10,0.0324783080874822,0.9675216919125178
7518,2020-05-10,0.019156282060287633,0.9808437179397124
7519,2020-05-10,0.01670589947421597,0.983294100525784
7520,2020-05-10,0.04119487782211584,0.9588051221778842
7522,2020-05-10,0.035560306283754395,0.9644396937162456
7523,2020-05-10,0.005307513609869363,0.9946924863901306
7524,2020-05-10,0.025712741826857677,0.9742872581731423
7525,2020-05-10,0.01908748566152152,0.9809125143384785
7526,2020-05-10,0.032496637570388454,0.9675033624296115
7528,2020-05-10,0.023131669098865992,0.976868330901134
7529,2020-05-10,0.003217433396909053,0.996782566603091
7530,2020-05-10,0.01961752488133972,0.9803824751186603
7531,2020-05-10,0.0014103500895893406,0.9985896499104107
7532,2020-05-10,0.023350207502305764,0.9766497924976942
7534,2020-05-10,0.013513370828415083,0.9864866291715849
7536,2020-05-10,0.00197703503846558,0.9980229649615344
7537,2020-05-10,0.014608077129643293,0.9853919228703567
7539,2020-05-10,0.01794592000606754,0.9820540799939325
7540,2020-05-10,0.010663665529658695,0.9893363344703413
7541,2020-05-10,0.0041721911979497595,0.9958278088020502
7543,2020-05-10,0.0022548945164113654,0.9977451054835886
7545,2020-05-10,0.02741714467774281,0.9725828553222572
7546,2020-05-10,0.013947565731974643,0.9860524342680254
7547,2020-05-10,0.0018651930413674522,0.9981348069586325
7548,2020-05-10,0.006205047415721698,0.9937949525842783
7549,2020-05-10,0.010810932977760035,0.98918906702224
7550,2020-05-10,0.024949833775418484,0.9750501662245815
7551,2020-05-10,0.0074336494185418545,0.9925663505814581
7552,2020-05-10,0.011590780752441798,0.9884092192475582
7553,2020-05-10,0.05948987273696682,0.9405101272630332
7554,2020-05-10,0.03266392599412182,0.9673360740058782
7555,2020-05-10,0.004762975793501378,0.9952370242064986
7556,2020-05-10,0.04524497098206659,0.9547550290179334
7557,2020-05-10,0.010022086389506746,0.9899779136104933
7558,2020-05-10,0.010002770218704549,0.9899972297812955
7559,2020-05-10,0.02300885548102094,0.9769911445189791
7560,2020-05-10,0.0034393381177739712,0.996560661882226
7561,2020-05-10,0.010039065435631045,0.989960934564369
7562,2020-05-10,0.013284218328676545,0.9867157816713235
7563,2020-05-10,0.005147003481885903,0.9948529965181141
7564,2020-05-10,0.027918401212827737,0.9720815987871723
7565,2020-05-10,0.0031490954199568932,0.9968509045800431
7566,2020-05-10,0.022563708609320443,0.9774362913906796
7567,2020-05-10,0.014830075001749599,0.9851699249982504
7568,2020-05-10,0.03476227033973012,0.9652377296602699
7569,2020-05-10,0.05878658043375484,0.9412134195662452
7570,2020-05-10,0.02765844337879997,0.9723415566212
7571,2020-05-10,0.009980312981474171,0.9900196870185258
7572,2020-05-10,0.032787816093873934,0.9672121839061261
7573,2020-05-10,0.014442309918151208,0.9855576900818488
7575,2020-05-10,0.01321179991928989,0.9867882000807101
7576,2020-05-10,0.0027556937870665266,0.9972443062129335
7577,2020-05-10,0.003260925091047362,0.9967390749089526
7578,2020-05-10,0.02929090328867323,0.9707090967113268
7579,2020-05-10,0.03916125515352464,0.9608387448464754
7580,2020-05-10,0.05178857957399097,0.948211420426009
7581,2020-05-10,0.009472404127440548,0.9905275958725595
7583,2020-05-10,0.004852187257142648,0.9951478127428574
7584,2020-05-10,0.007738034149544215,0.9922619658504558
7585,2020-05-10,0.007979551273176733,0.9920204487268233
7586,2020-05-10,0.06061325308248511,0.9393867469175149
7587,2020-05-10,0.021303867842432322,0.9786961321575677
7588,2020-05-10,0.013073561373542097,0.9869264386264579
7589,2020-05-10,0.03898225412457745,0.9610177458754225
7590,2020-05-10,0.024969254781505135,0.9750307452184949
7591,2020-05-10,0.03565784242542436,0.9643421575745756
7592,2020-05-10,0.004863568537144536,0.9951364314628555
7593,2020-05-10,0.0017413842224401899,0.9982586157775598
7594,2020-05-10,0.023422126670072152,0.9765778733299278
7595,2020-05-10,0.03092931091096962,0.9690706890890304
7596,2020-05-10,0.05905401834645296,0.940945981653547
7597,2020-05-10,0.008617965791500204,0.9913820342084998
7598,2020-05-10,0.005841188963849442,0.9941588110361506
7599,2020-05-10,0.026047477868228586,0.9739525221317714
7600,2020-05-10,0.010171890513990922,0.9898281094860091
7601,2020-05-10,0.011235516769631193,0.9887644832303688
7602,2020-05-10,0.05186152073403372,0.9481384792659663
7603,2020-05-10,0.005354819348031392,0.9946451806519686
7604,2020-05-10,0.009753935211048503,0.9902460647889515
7605,2020-05-10,0.022284440660270577,0.9777155593397294
7606,2020-05-10,0.04617961983552987,0.9538203801644701
7607,2020-05-10,0.00560173428864974,0.9943982657113503
7609,2020-05-10,0.04521400563360689,0.9547859943663931
7610,2020-05-10,0.003910268847957199,0.9960897311520428
7611,2020-05-10,0.007640186379452407,0.9923598136205476
7612,2020-05-10,0.009689228388180093,0.9903107716118199
7613,2020-05-10,0.04974807872048004,0.95025192127952
7614,2020-05-10,0.01244017342245285,0.9875598265775472
7615,2020-05-10,0.010713385938251996,0.989286614061748
7616,2020-05-10,0.00458351451804051,0.9954164854819595
7617,2020-05-10,0.008938908761047304,0.9910610912389527
7618,2020-05-10,0.008290218442700614,0.9917097815572994
7621,2020-05-10,0.008469832880948713,0.9915301671190513
7622,2020-05-10,0.008150202332023015,0.991849797667977
7623,2020-05-10,0.054801932665119235,0.9451980673348808
7624,2020-05-10,0.03456906158226902,0.965430938417731
7625,2020-05-10,0.04923052611621437,0.9507694738837856
7626,2020-05-10,0.007989925492765337,0.9920100745072347
7627,2020-05-10,0.013535944510010944,0.9864640554899891
7628,2020-05-10,0.03981912654587827,0.9601808734541217
7629,2020-05-10,0.0034193473261519003,0.9965806526738481
7630,2020-05-10,0.02706138543958836,0.9729386145604116
7631,2020-05-10,0.01372042412863328,0.9862795758713667
7632,2020-05-10,0.0175532950369629,0.9824467049630371
7633,2020-05-10,0.007626292255403122,0.9923737077445969
7634,2020-05-10,0.017708604827542218,0.9822913951724578
7635,2020-05-10,0.01664254298189405,0.983357457018106
7636,2020-05-10,0.030297439726346798,0.9697025602736532
7637,2020-05-10,0.015094992455904843,0.9849050075440952
7638,2020-05-10,0.006726451410872136,0.9932735485891279
7639,2020-05-10,0.04284754872012653,0.9571524512798735
7640,2020-05-10,0.014881202752382694,0.9851187972476173
7641,2020-05-10,0.015970770491770203,0.9840292295082298
7642,2020-05-10,0.04817939591399645,0.9518206040860036
7643,2020-05-10,0.01065172662324021,0.9893482733767598
7644,2020-05-10,0.002412515815822469,0.9975874841841775
7645,2020-05-10,0.016939077009641035,0.983060922990359
7646,2020-05-10,0.015738726443451978,0.984261273556548
7648,2020-05-10,0.017535538105369564,0.9824644618946304
7649,2020-05-10,0.007848851595664175,0.9921511484043358
7650,2020-05-10,0.0066466243327572005,0.9933533756672428
7652,2020-05-10,0.008934711437070808,0.9910652885629292
7653,2020-05-10,0.023194787005014095,0.9768052129949859
7654,2020-05-10,0.003049854709272992,0.996950145290727
7655,2020-05-10,0.019838360980846792,0.9801616390191532
7656,2020-05-10,0.01212302829231482,0.9878769717076852
7657,2020-05-10,0.0503561817228928,0.9496438182771072
7661,2020-05-10,0.007723830209056315,0.9922761697909437
7663,2020-05-10,0.03263018480708879,0.9673698151929112
7664,2020-05-10,0.014208688101406186,0.9857913118985938
7665,2020-05-10,0.008454225500788781,0.9915457744992112
7666,2020-05-10,0.010738701878875379,0.9892612981211246
7667,2020-05-10,0.005279589215762881,0.9947204107842371
7668,2020-05-10,0.017340571350395795,0.9826594286496042
7669,2020-05-10,0.022913065498697538,0.9770869345013025
7670,2020-05-10,0.014520169863750598,0.9854798301362494
7671,2020-05-10,0.0009248256894849316,0.9990751743105151
7672,2020-05-10,0.029093706378825912,0.9709062936211741
7673,2020-05-10,0.013637848921154272,0.9863621510788457
7674,2020-05-10,0.007578594395082461,0.9924214056049175
7676,2020-05-10,0.017287023338574792,0.9827129766614252
7677,2020-05-10,0.018766729556434103,0.9812332704435659
7678,2020-05-10,0.024416524894391944,0.9755834751056081
7679,2020-05-10,0.02390270785368953,0.9760972921463105
7680,2020-05-10,0.015703158507879844,0.9842968414921202
7681,2020-05-10,0.10368051540585121,0.8963194845941488
7682,2020-05-10,0.007016569069558831,0.9929834309304412
7683,2020-05-10,0.004756664225058382,0.9952433357749416
7685,2020-05-10,0.012985394159467534,0.9870146058405325
7686,2020-05-10,0.0005090341146914978,0.9994909658853085
7688,2020-05-10,0.0586177880617047,0.9413822119382953
7692,2020-05-10,0.0020325248682554475,0.9979674751317446
7694,2020-05-10,0.018259759241738505,0.9817402407582615
7695,2020-05-10,0.02920181825655843,0.9707981817434416
7696,2020-05-10,0.0031495292171432876,0.9968504707828567
7697,2020-05-10,0.046944495143822484,0.9530555048561775
7698,2020-05-10,0.02259978541265062,0.9774002145873494
7699,2020-05-10,0.0191553762272213,0.9808446237727787
7700,2020-05-10,0.011597513977049445,0.9884024860229506
7701,2020-05-10,0.03175390291241087,0.9682460970875891
7702,2020-05-10,0.01057637328876837,0.9894236267112316
7703,2020-05-10,0.016979375549796005,0.983020624450204
7704,2020-05-10,0.018416935610188645,0.9815830643898114
7706,2020-05-10,0.0024566159323721193,0.9975433840676279
7707,2020-05-10,0.007391330671545959,0.992608669328454
7708,2020-05-10,0.012514241641164436,0.9874857583588356
7709,2020-05-10,0.04207007842198063,0.9579299215780194
7710,2020-05-10,0.032179022879617714,0.9678209771203823
7711,2020-05-10,0.04381392536925344,0.9561860746307466
7712,2020-05-10,0.024892240635286833,0.9751077593647132
7713,2020-05-10,0.008317125106068302,0.9916828748939317
7714,2020-05-10,0.006793360922859093,0.9932066390771409
7715,2020-05-10,0.0019986315572232405,0.9980013684427768
7716,2020-05-10,0.007437707643907165,0.9925622923560928
7717,2020-05-10,0.04673335027244763,0.9532666497275524
7718,2020-05-10,0.012446302768753026,0.987553697231247
7719,2020-05-10,0.009716673221536687,0.9902833267784633
7720,2020-05-10,0.015085711838309424,0.9849142881616906
7721,2020-05-10,0.0028927573748465107,0.9971072426251535
7722,2020-05-10,0.011860792914256901,0.9881392070857431
7723,2020-05-10,0.008415875621848978,0.991584124378151
7724,2020-05-10,0.013671725547859226,0.9863282744521408
7725,2020-05-10,0.07702670063141182,0.9229732993685882
7727,2020-05-10,0.05094343953722347,0.9490565604627765
7728,2020-05-10,0.033167490577354464,0.9668325094226455
7729,2020-05-10,0.0214507895878312,0.9785492104121688
7730,2020-05-10,0.0027052247159691234,0.9972947752840309
7731,2020-05-10,0.023591275469653672,0.9764087245303463
7732,2020-05-10,0.01616218413143089,0.9838378158685691
7733,2020-05-10,0.063794431599837,0.936205568400163
7734,2020-05-10,0.00821788324372319,0.9917821167562768
7735,2020-05-10,0.03289922633144371,0.9671007736685563
7736,2020-05-10,0.020327624201110672,0.9796723757988893
7737,2020-05-10,0.010446063165069575,0.9895539368349304
7738,2020-05-10,0.004744229731321603,0.9952557702686784
7739,2020-05-10,0.008499383182542286,0.9915006168174577
7740,2020-05-10,0.028538671313521613,0.9714613286864784
7741,2020-05-10,0.005500476848232072,0.9944995231517679
7742,2020-05-10,0.026831310566485467,0.9731686894335145
7743,2020-05-10,0.04899613055394669,0.9510038694460533
7744,2020-05-10,0.006652534701102608,0.9933474652988974
7745,2020-05-10,0.01815034221098033,0.9818496577890197
7746,2020-05-10,0.0032950433675260626,0.9967049566324739
7747,2020-05-10,0.005757979214890407,0.9942420207851096
7748,2020-05-10,0.006650694660908285,0.9933493053390917
7749,2020-05-10,0.02808280359183568,0.9719171964081643
7751,2020-05-10,0.013392276969222072,0.9866077230307779
7752,2020-05-10,0.010697307241239629,0.9893026927587604
7753,2020-05-10,0.012683881096933858,0.9873161189030661
7755,2020-05-10,0.10565861322575487,0.8943413867742451
7756,2020-05-10,0.008247321489026627,0.9917526785109734
7757,2020-05-10,0.020259347300000896,0.9797406526999991
7758,2020-05-10,0.024411811875504008,0.975588188124496
7759,2020-05-10,0.03850329068993563,0.9614967093100644
7760,2020-05-10,0.01323375632718582,0.9867662436728142
7761,2020-05-10,0.014189992329838974,0.985810007670161
7762,2020-05-10,0.005957002816031731,0.9940429971839683
7763,2020-05-10,0.017576519928930834,0.9824234800710692
7765,2020-05-10,0.010268803299863904,0.9897311967001361
7766,2020-05-10,0.004915008435600776,0.9950849915643992
7767,2020-05-10,0.03530619352359088,0.9646938064764091
7768,2020-05-10,0.0027696992758519112,0.9972303007241481
7769,2020-05-10,0.011307196908483474,0.9886928030915165
7770,2020-05-10,0.01268361085202252,0.9873163891479775
7771,2020-05-10,0.0035896223620763834,0.9964103776379236
7772,2020-05-10,0.005101784020188127,0.9948982159798119
7773,2020-05-10,0.005120030941654474,0.9948799690583455
7774,2020-05-10,0.004383086361494981,0.995616913638505
7775,2020-05-10,0.0033474395651796884,0.9966525604348203
7776,2020-05-10,0.020548814574607777,0.9794511854253922
7777,2020-05-10,0.011631232084034493,0.9883687679159655
7778,2020-05-10,0.011145985856218843,0.9888540141437812
7779,2020-05-10,0.009372979711722684,0.9906270202882773
7780,2020-05-10,0.034812339714772156,0.9651876602852278
7781,2020-05-10,0.007449371979049824,0.9925506280209502
7782,2020-05-10,0.03541163437555939,0.9645883656244406
7783,2020-05-10,0.00743353592664997,0.99256646407335
7784,2020-05-10,0.01633478434712521,0.9836652156528748
7785,2020-05-10,0.007753875448958558,0.9922461245510414
7786,2020-05-10,0.007153768215164558,0.9928462317848354
7787,2020-05-10,0.047423806023321635,0.9525761939766784
7788,2020-05-10,0.043664125728855696,0.9563358742711443
7789,2020-05-10,0.006522642664790745,0.9934773573352093
7790,2020-05-10,0.0196284635698889,0.9803715364301111
7791,2020-05-10,0.014461705429716476,0.9855382945702835
7792,2020-05-10,0.003596163210572767,0.9964038367894272
7793,2020-05-10,0.0021673533635309106,0.9978326466364691
7794,2020-05-10,0.047084436965360466,0.9529155630346395
7795,2020-05-10,0.012264547268147519,0.9877354527318525
7798,2020-05-10,0.0422546535793884,0.9577453464206116
7799,2020-05-10,0.008806803513827566,0.9911931964861724
7801,2020-05-10,0.02264613597958043,0.9773538640204196
7802,2020-05-10,0.027826499612057964,0.972173500387942
7803,2020-05-10,0.093822883127061,0.906177116872939
7804,2020-05-10,0.014254258632671934,0.9857457413673281
7805,2020-05-10,0.031001032141042106,0.9689989678589579
7806,2020-05-10,0.01588625186899828,0.9841137481310017
7807,2020-05-10,0.012114463838024836,0.9878855361619752
7808,2020-05-10,0.04925186181594732,0.9507481381840527
7810,2020-05-10,0.0013750876290696823,0.9986249123709303
7811,2020-05-10,0.031143152299724197,0.9688568477002758
7812,2020-05-10,0.008147412262644926,0.9918525877373551
7813,2020-05-10,0.00344287396743137,0.9965571260325686
7814,2020-05-10,0.022177847315337784,0.9778221526846622
7815,2020-05-10,0.0031808607280747747,0.9968191392719252
7816,2020-05-10,0.013933037811085902,0.9860669621889141
7817,2020-05-10,0.01713940750223575,0.9828605924977643
7818,2020-05-10,0.03884394774460054,0.9611560522553995
7819,2020-05-10,0.01595749755793041,0.9840425024420696
7820,2020-05-10,0.011712996303698264,0.9882870036963017
7821,2020-05-10,0.014996422426440392,0.9850035775735596
7822,2020-05-10,0.03733953478097807,0.9626604652190219
7823,2020-05-10,0.00588458921685775,0.9941154107831423
7824,2020-05-10,0.017449870670679157,0.9825501293293208
7825,2020-05-10,0.010988617066790773,0.9890113829332092
7826,2020-05-10,0.04614783364182784,0.9538521663581722
7827,2020-05-10,0.009465027459693798,0.9905349725403062
7828,2020-05-10,0.016655859250791383,0.9833441407492086
7829,2020-05-10,0.008745531800755213,0.9912544681992448
7830,2020-05-10,0.00463739454104628,0.9953626054589537
7831,2020-05-10,0.005119850006839011,0.994880149993161
7832,2020-05-10,0.00958285560174632,0.9904171443982537
7833,2020-05-10,0.0027916075292446774,0.9972083924707553
7834,2020-05-10,0.12090445279158257,0.8790955472084174
7836,2020-05-10,0.01624193178775757,0.9837580682122424
7837,2020-05-10,0.014781023242797509,0.9852189767572025
7839,2020-05-10,0.0171778538466818,0.9828221461533182
7840,2020-05-10,0.016301549522073966,0.983698450477926
7841,2020-05-10,0.019768115231542316,0.9802318847684577
7842,2020-05-10,0.027981143498741923,0.9720188565012581
7843,2020-05-10,0.013929117871644747,0.9860708821283553
7844,2020-05-10,0.043075728414654346,0.9569242715853457
7847,2020-05-10,0.01741987547778956,0.9825801245222104
7848,2020-05-10,0.005323269612385273,0.9946767303876147
7849,2020-05-10,0.024849691444363886,0.9751503085556361
7850,2020-05-10,0.012686077001610174,0.9873139229983898
7851,2020-05-10,0.004890095964866781,0.9951099040351332
7852,2020-05-10,0.05114227919680725,0.9488577208031928
7853,2020-05-10,0.04245001063364828,0.9575499893663517
7854,2020-05-10,0.011524142670523485,0.9884758573294765
7855,2020-05-10,0.00773237340896904,0.992267626591031
7856,2020-05-10,0.022970646386924476,0.9770293536130755
7858,2020-05-10,0.017081312354456424,0.9829186876455436
7859,2020-05-10,0.003261303423302442,0.9967386965766976
7860,2020-05-10,0.01138712150189225,0.9886128784981077
7861,2020-05-10,0.004363955149058962,0.995636044850941
7862,2020-05-10,0.007588367245058292,0.9924116327549417
7863,2020-05-10,0.008339496018663795,0.9916605039813362
7864,2020-05-10,0.014637313649854655,0.9853626863501453
7865,2020-05-10,0.002835212295354217,0.9971647877046458
7866,2020-05-10,0.006924601500430949,0.993075398499569
7867,2020-05-10,0.020790808057677523,0.9792091919423225
7869,2020-05-10,0.02236266260470876,0.9776373373952912
7870,2020-05-10,0.0019296825661188066,0.9980703174338812
7874,2020-05-10,0.026298553306312478,0.9737014466936875
7875,2020-05-10,0.0008922031102481798,0.9991077968897518
7876,2020-05-10,0.050802224296496834,0.9491977757035032
7877,2020-05-10,0.008207085922123158,0.9917929140778768
7878,2020-05-10,0.12973307835977044,0.8702669216402296
7879,2020-05-10,0.016109703488370264,0.9838902965116297
7880,2020-05-10,0.012926711604479335,0.9870732883955207
7881,2020-05-10,0.012190332417508998,0.987809667582491
7882,2020-05-10,0.0062694651093571085,0.9937305348906429
7883,2020-05-10,0.06924789028255651,0.9307521097174435
7885,2020-05-10,0.05933889916094193,0.9406611008390581
7886,2020-05-10,0.04454109091522651,0.9554589090847735
7887,2020-05-10,0.009438906465421781,0.9905610935345782
7888,2020-05-10,0.010901909382533659,0.9890980906174663
7889,2020-05-10,0.015868852919470267,0.9841311470805297
7890,2020-05-10,0.0037811359562557323,0.9962188640437443
7891,2020-05-10,0.02235295248140723,0.9776470475185928
7892,2020-05-10,0.06802891022377788,0.9319710897762221
7893,2020-05-10,0.04238595299598791,0.9576140470040121
7894,2020-05-10,0.05588968160623531,0.9441103183937647
7895,2020-05-10,0.011600839028171439,0.9883991609718286
7896,2020-05-10,0.02486728712571229,0.9751327128742877
7897,2020-05-10,0.003220695402316731,0.9967793045976833
7898,2020-05-10,0.005174985113725161,0.9948250148862748
7899,2020-05-10,0.005601323414352821,0.9943986765856472
7900,2020-05-10,0.02057657399995605,0.979423426000044
7902,2020-05-10,0.007570593766989542,0.9924294062330105
7903,2020-05-10,0.017497931817413548,0.9825020681825865
7904,2020-05-10,0.024751303987472384,0.9752486960125276
7905,2020-05-10,0.02519625562717276,0.9748037443728272
7906,2020-05-10,0.017674773347574613,0.9823252266524254
7907,2020-05-10,0.0038499627586001672,0.9961500372413998
7909,2020-05-10,0.011342494974071804,0.9886575050259282
7910,2020-05-10,0.01311171772580022,0.9868882822741998
7911,2020-05-10,0.021416036695281804,0.9785839633047182
7912,2020-05-10,0.014873773132679347,0.9851262268673207
7913,2020-05-10,0.022998197021304234,0.9770018029786958
7914,2020-05-10,0.019754481291326842,0.9802455187086732
7915,2020-05-10,0.006629892776648827,0.9933701072233512
7916,2020-05-10,0.012204173448924771,0.9877958265510752
7917,2020-05-10,0.005957986589843367,0.9940420134101566
7918,2020-05-10,0.03170764616018362,0.9682923538398164
7919,2020-05-10,0.008120149491364637,0.9918798505086354
7920,2020-05-10,0.013603357673102723,0.9863966423268973
7921,2020-05-10,0.01278174072449123,0.9872182592755088
7922,2020-05-10,0.040145672190290194,0.9598543278097098
7923,2020-05-10,0.013499378767928949,0.986500621232071
7924,2020-05-10,0.015335111867014195,0.9846648881329858
7925,2020-05-10,0.006375044455407486,0.9936249555445925
7926,2020-05-10,0.0069508008776699715,0.99304919912233
7927,2020-05-10,0.01462889317818905,0.985371106821811
7928,2020-05-10,0.01363321323806288,0.9863667867619371
7929,2020-05-10,0.0024254405195252016,0.9975745594804748
7930,2020-05-10,0.02056214962211589,0.9794378503778841
7931,2020-05-10,0.024577886902027335,0.9754221130979727
7933,2020-05-10,0.013730530374580274,0.9862694696254197
7934,2020-05-10,0.02336540858573144,0.9766345914142686
7935,2020-05-10,0.013610985792984698,0.9863890142070153
7936,2020-05-10,0.014756771337862351,0.9852432286621376
7937,2020-05-10,0.028324120513429585,0.9716758794865704
7938,2020-05-10,0.021142283175479615,0.9788577168245204
7939,2020-05-10,0.029399233770054267,0.9706007662299457
7940,2020-05-10,0.0067779391887363705,0.9932220608112636
7941,2020-05-10,0.007918589234893525,0.9920814107651065
7942,2020-05-10,0.02181891694368765,0.9781810830563124
7943,2020-05-10,0.013946334014195871,0.9860536659858041
7944,2020-05-10,0.03799039947535998,0.96200960052464
7945,2020-05-10,0.015741474564074265,0.9842585254359257
7946,2020-05-10,0.01725585295844545,0.9827441470415545
7947,2020-05-10,0.032389008817668485,0.9676109911823315
7948,2020-05-10,0.0037535870020087847,0.9962464129979912
7949,2020-05-10,0.027072332330522975,0.972927667669477
7950,2020-05-10,0.13982231097077935,0.8601776890292206
7951,2020-05-10,0.042720144354531975,0.957279855645468
7952,2020-05-10,0.006866085010657552,0.9931339149893424
7954,2020-05-10,0.006748885163490703,0.9932511148365093
7955,2020-05-10,0.016358358506235793,0.9836416414937642
7956,2020-05-10,0.01590363600759359,0.9840963639924064
7957,2020-05-10,0.005802871077687288,0.9941971289223127
7958,2020-05-10,0.04083621067700616,0.9591637893229938
7959,2020-05-10,0.011913434479398632,0.9880865655206014
7960,2020-05-10,0.004185112758818277,0.9958148872411817
7961,2020-05-10,0.011632112043430065,0.9883678879565699
7962,2020-05-10,0.00333788688009351,0.9966621131199065
7963,2020-05-10,0.0026675205860703377,0.9973324794139297
7964,2020-05-10,0.012775169946284137,0.9872248300537159
7965,2020-05-10,0.005018377021762999,0.994981622978237
7967,2020-05-10,0.08465329029086244,0.9153467097091376
7968,2020-05-10,0.03195278846077987,0.9680472115392201
7969,2020-05-10,0.001481612089557327,0.9985183879104427
7970,2020-05-10,0.015596975624953657,0.9844030243750463
7971,2020-05-10,0.019101977908734802,0.9808980220912652
7972,2020-05-10,0.008914981621872875,0.9910850183781271
7973,2020-05-10,0.03666819508168917,0.9633318049183108
7975,2020-05-10,0.03718509480229881,0.9628149051977012
7976,2020-05-10,0.004673790923035992,0.995326209076964
7977,2020-05-10,0.004471234855374817,0.9955287651446252
7978,2020-05-10,0.019238752359722278,0.9807612476402777
7979,2020-05-10,0.0034567363394523154,0.9965432636605477
7980,2020-05-10,0.025359750416887983,0.974640249583112
7981,2020-05-10,0.02218184851826932,0.9778181514817307
7982,2020-05-10,0.0055295133863847434,0.9944704866136153
7983,2020-05-10,0.008816129005041584,0.9911838709949584
7984,2020-05-10,0.03549124115723212,0.9645087588427679
7985,2020-05-10,0.00477149724514514,0.9952285027548549
7986,2020-05-10,0.011226350802425733,0.9887736491975743
7987,2020-05-10,0.010133083244442398,0.9898669167555576
7988,2020-05-10,0.002844544254868575,0.9971554557451314
7989,2020-05-10,0.023866618191598854,0.9761333818084011
7993,2020-05-10,0.02738096134449719,0.9726190386555028
7994,2020-05-10,0.014954296939386214,0.9850457030606138
7996,2020-05-10,0.0244564271216966,0.9755435728783034
7997,2020-05-10,0.015123851662607102,0.9848761483373929
7998,2020-05-10,0.009030966373745009,0.990969033626255
7999,2020-05-10,0.009931714496728694,0.9900682855032713
8000,2020-05-10,0.009238021240169259,0.9907619787598307
8001,2020-05-10,0.016433053149162213,0.9835669468508378
8002,2020-05-10,0.01533769577597155,0.9846623042240285
8003,2020-05-10,0.010344469906787945,0.989655530093212
8004,2020-05-10,0.004755874838901275,0.9952441251610987
8005,2020-05-10,0.0019900396162344514,0.9980099603837655
8006,2020-05-10,0.015668751265822456,0.9843312487341775
8007,2020-05-10,0.014381225608925408,0.9856187743910746
8008,2020-05-10,0.007510607054236895,0.9924893929457631
8009,2020-05-10,0.013825761846874896,0.9861742381531251
8010,2020-05-10,0.04854663414362148,0.9514533658563785
8011,2020-05-10,0.017450243476351712,0.9825497565236483
8012,2020-05-10,0.006847562752875236,0.9931524372471248
8013,2020-05-10,0.0032135384195420835,0.9967864615804579
8014,2020-05-10,0.014540054206464093,0.9854599457935359
8015,2020-05-10,0.013941483775577912,0.9860585162244221
8016,2020-05-10,0.017605378951289774,0.9823946210487102
8017,2020-05-10,0.0022337948491697457,0.9977662051508303
8018,2020-05-10,0.00815656420076405,0.991843435799236
8019,2020-05-10,0.014917796995761012,0.985082203004239
8020,2020-05-10,0.0049388853786039855,0.995061114621396
8022,2020-05-10,0.039739460813121186,0.9602605391868788
8023,2020-05-10,0.0069986643193715725,0.9930013356806284
8024,2020-05-10,0.0032598853491706548,0.9967401146508293
8025,2020-05-10,0.05177306937593984,0.9482269306240602
8026,2020-05-10,0.005500111451156586,0.9944998885488434
8027,2020-05-10,0.008324229014455287,0.9916757709855447
8028,2020-05-10,0.003599177616135485,0.9964008223838645
8029,2020-05-10,0.0020253080472607543,0.9979746919527392
8030,2020-05-10,0.020181377497847985,0.979818622502152
8031,2020-05-10,0.00801751669260442,0.9919824833073956
8032,2020-05-10,0.008584869685181795,0.9914151303148182
8033,2020-05-10,0.021251331977496513,0.9787486680225035
8034,2020-05-10,0.02156717671783326,0.9784328232821667
8035,2020-05-10,0.009533940539404151,0.9904660594605958
8036,2020-05-10,0.024870086249490497,0.9751299137505095
8037,2020-05-10,0.004837095645116918,0.9951629043548831
8038,2020-05-10,0.010648978396143649,0.9893510216038564
8040,2020-05-10,0.030775921241199433,0.9692240787588006
8041,2020-05-10,0.05219633868180795,0.947803661318192
8042,2020-05-10,0.035655299767088255,0.9643447002329117
8043,2020-05-10,0.007254097423058714,0.9927459025769413
8045,2020-05-10,0.01922857878684836,0.9807714212131516
8046,2020-05-10,0.009861513363639163,0.9901384866363608
8047,2020-05-10,0.0069131325370747065,0.9930868674629253
8048,2020-05-10,0.02390724705173941,0.9760927529482606
8049,2020-05-10,0.02208487711974505,0.977915122880255
8051,2020-05-10,0.01247206482114216,0.9875279351788578
8052,2020-05-10,0.02756512382656262,0.9724348761734374
8053,2020-05-10,0.013633817004938376,0.9863661829950616
8054,2020-05-10,0.007013938785875973,0.992986061214124
8057,2020-05-10,0.0074675948263236425,0.9925324051736764
8058,2020-05-10,0.03741043356450491,0.9625895664354951
8060,2020-05-10,0.009570540123408966,0.990429459876591
8062,2020-05-10,0.010240021420238388,0.9897599785797616
8063,2020-05-10,0.024224143082131944,0.9757758569178681
8064,2020-05-10,0.007077652838198389,0.9929223471618016
8065,2020-05-10,0.018361989720628524,0.9816380102793715
8066,2020-05-10,0.032085137504076044,0.967914862495924
8067,2020-05-10,0.01637730651624525,0.9836226934837548
8068,2020-05-10,0.013446362748854468,0.9865536372511455
8069,2020-05-10,0.024478867613508704,0.9755211323864913
8070,2020-05-10,0.005055765744233942,0.9949442342557661
8071,2020-05-10,0.0027355142279963385,0.9972644857720037
8072,2020-05-10,0.027567201917199524,0.9724327980828005
8073,2020-05-10,0.022813850540745917,0.9771861494592541
8074,2020-05-10,0.009136760414299117,0.9908632395857009
8075,2020-05-10,0.011383153735686435,0.9886168462643136
8076,2020-05-10,0.008339859534007954,0.991660140465992
8077,2020-05-10,0.007235780747797516,0.9927642192522025
8078,2020-05-10,0.013201152102217728,0.9867988478977823
8079,2020-05-10,0.02811715388956526,0.9718828461104347
8080,2020-05-10,0.015888116138745523,0.9841118838612545
8081,2020-05-10,0.006765885606609734,0.9932341143933903
8082,2020-05-10,0.009685972043162017,0.990314027956838
8083,2020-05-10,0.018934863286873105,0.9810651367131269
8084,2020-05-10,0.010229117647566621,0.9897708823524334
8086,2020-05-10,0.013865428734443741,0.9861345712655563
8087,2020-05-10,0.029924174885848975,0.970075825114151
8088,2020-05-10,0.03924065135289212,0.9607593486471079
8089,2020-05-10,0.011371014300464055,0.988628985699536
8090,2020-05-10,0.029897972657896843,0.9701020273421032
8091,2020-05-10,0.04780181081381485,0.9521981891861852
8092,2020-05-10,0.0481076685992855,0.9518923314007145
8093,2020-05-10,0.02220406095193661,0.9777959390480634
8095,2020-05-10,0.0017475215159478141,0.9982524784840522
8098,2020-05-10,0.029780762762901536,0.9702192372370985
8099,2020-05-10,0.011074709843216457,0.9889252901567835
8100,2020-05-10,0.012024190652239586,0.9879758093477604
8101,2020-05-10,0.016879027706179106,0.9831209722938209
8102,2020-05-10,0.07268675226365162,0.9273132477363484
8103,2020-05-10,0.02900806355449914,0.9709919364455009
8104,2020-05-10,0.005726165491883428,0.9942738345081166
8105,2020-05-10,0.007298727318579723,0.9927012726814203
8106,2020-05-10,0.002431716131956696,0.9975682838680433
8107,2020-05-10,0.006378073607884449,0.9936219263921156
8108,2020-05-10,0.02279667704136623,0.9772033229586338
8109,2020-05-10,0.014555779426363324,0.9854442205736367
8110,2020-05-10,0.0028629916764651986,0.9971370083235348
8111,2020-05-10,0.003950737688032557,0.9960492623119674
8112,2020-05-10,0.009173884201181814,0.9908261157988182
8113,2020-05-10,0.0241501802860139,0.9758498197139861
8114,2020-05-10,0.0023235414447765335,0.9976764585552235
8115,2020-05-10,0.010484060163759246,0.9895159398362408
8116,2020-05-10,0.05386944392038684,0.9461305560796132
8117,2020-05-10,0.021174520374888095,0.9788254796251119
8118,2020-05-10,0.015166822490990217,0.9848331775090098
8120,2020-05-10,0.01615083687911245,0.9838491631208875
8122,2020-05-10,0.016100361659215134,0.9838996383407849
8123,2020-05-10,0.016542993424560337,0.9834570065754397
8125,2020-05-10,0.0017139741753523507,0.9982860258246476
8126,2020-05-10,0.007484763179864573,0.9925152368201354
8127,2020-05-10,0.012355702478601849,0.9876442975213982
8128,2020-05-10,0.030319225514510495,0.9696807744854895
8129,2020-05-10,0.017333278349902392,0.9826667216500976
8130,2020-05-10,0.0314626363875089,0.9685373636124911
8131,2020-05-10,0.19388470428458948,0.8061152957154105
8132,2020-05-10,0.0059835364212409425,0.9940164635787591
8133,2020-05-10,0.021169673995996896,0.9788303260040031
8134,2020-05-10,0.004574690566904516,0.9954253094330955
8135,2020-05-10,0.027756024126700307,0.9722439758732997
8136,2020-05-10,0.015850232324605806,0.9841497676753942
8137,2020-05-10,0.010001084531850668,0.9899989154681493
8139,2020-05-10,0.0072340525682077494,0.9927659474317923
8140,2020-05-10,0.013552383353687802,0.9864476166463122
8141,2020-05-10,0.01724925046195991,0.9827507495380401
8143,2020-05-10,0.022361813502188355,0.9776381864978116
8144,2020-05-10,0.01294296294373165,0.9870570370562683
8146,2020-05-10,0.021046538456154784,0.9789534615438452
8149,2020-05-10,0.014373783965067166,0.9856262160349328
8150,2020-05-10,0.007456115855609569,0.9925438841443904
8151,2020-05-10,0.010922333650835947,0.989077666349164
8152,2020-05-10,0.021119619625071362,0.9788803803749286
8153,2020-05-10,0.033751684118780934,0.9662483158812191
8154,2020-05-10,0.024282681444706244,0.9757173185552938
8155,2020-05-10,0.014240249102264069,0.9857597508977359
8156,2020-05-10,0.039660795613826294,0.9603392043861737
8158,2020-05-10,0.0019574462174068996,0.9980425537825931
8159,2020-05-10,0.05967237693192318,0.9403276230680768
8160,2020-05-10,0.00806343901312645,0.9919365609868736
8161,2020-05-10,0.02477264753585018,0.9752273524641498
8162,2020-05-10,0.06497542030803649,0.9350245796919635
8163,2020-05-10,0.04461554180099836,0.9553844581990016
8164,2020-05-10,0.0030154563724893446,0.9969845436275107
8165,2020-05-10,0.012895098929645021,0.987104901070355
8167,2020-05-10,0.0032678694510815953,0.9967321305489184
8168,2020-05-10,0.02854912605465254,0.9714508739453475
8169,2020-05-10,0.006007454040842908,0.9939925459591571
8170,2020-05-10,0.010087848602180483,0.9899121513978195
8171,2020-05-10,0.011747618972328122,0.9882523810276719
8173,2020-05-10,0.01975415042351425,0.9802458495764858
8174,2020-05-10,0.002536763336405845,0.9974632366635942
8175,2020-05-10,0.03141381943790367,0.9685861805620963
8176,2020-05-10,0.01682152197009046,0.9831784780299095
8177,2020-05-10,0.13328584455152037,0.8667141554484796
8178,2020-05-10,0.015106162369265319,0.9848938376307347
8179,2020-05-10,0.029526584099913933,0.9704734159000861
8180,2020-05-10,0.006390310613574313,0.9936096893864257
8181,2020-05-10,0.0008415461113466804,0.9991584538886533
8182,2020-05-10,0.027087819608063723,0.9729121803919363
8183,2020-05-10,0.014645976833398633,0.9853540231666014
8184,2020-05-10,0.010034319952494375,0.9899656800475056
8186,2020-05-10,0.013855008289552773,0.9861449917104472
8187,2020-05-10,0.0040202360379032465,0.9959797639620968
8188,2020-05-10,0.009892008280266262,0.9901079917197337
8189,2020-05-10,0.030272828039582422,0.9697271719604176
8190,2020-05-10,0.043315509046516154,0.9566844909534838
8191,2020-05-10,0.009069044459055098,0.9909309555409449
8194,2020-05-10,0.0032318497570446025,0.9967681502429554
8195,2020-05-10,0.004705615138442254,0.9952943848615577
8196,2020-05-10,0.0515364390782902,0.9484635609217098
8197,2020-05-10,0.01968121463849548,0.9803187853615045
8198,2020-05-10,0.01644916566092125,0.9835508343390788
8200,2020-05-10,0.003919147610891738,0.9960808523891083
8201,2020-05-10,0.016037715566152078,0.9839622844338479
8202,2020-05-10,0.004040387490386599,0.9959596125096134
8203,2020-05-10,0.011804236629120002,0.98819576337088
8204,2020-05-10,0.009148473405428237,0.9908515265945718
8205,2020-05-10,0.0023716632591439524,0.997628336740856
8206,2020-05-10,0.005775336614036175,0.9942246633859638
8208,2020-05-10,0.03112143813943713,0.9688785618605629
8211,2020-05-10,0.03320031222780484,0.9667996877721952
8212,2020-05-10,0.009525045378011687,0.9904749546219883
8213,2020-05-10,0.010351680981954936,0.9896483190180451
8214,2020-05-10,0.0295472020567481,0.9704527979432519
8215,2020-05-10,0.025369059335734745,0.9746309406642653
8216,2020-05-10,0.005341369451794975,0.994658630548205
8218,2020-05-10,0.04936957109954754,0.9506304289004525
8219,2020-05-10,0.008500714998907588,0.9914992850010924
8220,2020-05-10,0.008005500475562588,0.9919944995244374
8221,2020-05-10,0.002839758895709199,0.9971602411042908
8222,2020-05-10,0.02579588640049646,0.9742041135995035
8223,2020-05-10,0.04058065714223302,0.959419342857767
8224,2020-05-10,0.02002949621962602,0.979970503780374
8225,2020-05-10,0.009904056951356877,0.9900959430486431
8226,2020-05-10,0.021002492306891996,0.978997507693108
8227,2020-05-10,0.01640366807695548,0.9835963319230445
8228,2020-05-10,0.027548880920302832,0.9724511190796972
8229,2020-05-10,0.014972178211548615,0.9850278217884514
8230,2020-05-10,0.006860423390183001,0.993139576609817
8231,2020-05-10,0.030749611186688397,0.9692503888133116
8232,2020-05-10,0.021111611145438913,0.9788883888545611
8233,2020-05-10,0.04946625391225756,0.9505337460877424
8234,2020-05-10,0.00640538236719268,0.9935946176328073
8235,2020-05-10,0.015207820136002193,0.9847921798639978
8236,2020-05-10,0.008790763674918156,0.9912092363250818
8237,2020-05-10,0.021996793384892244,0.9780032066151078
8239,2020-05-10,0.05153321821098045,0.9484667817890196
8240,2020-05-10,0.009384786914664267,0.9906152130853357
8241,2020-05-10,0.0072741281859405316,0.9927258718140595
8242,2020-05-10,0.010456196985454524,0.9895438030145455
8243,2020-05-10,0.004630969137611629,0.9953690308623884
8244,2020-05-10,0.010538391486581755,0.9894616085134182
8245,2020-05-10,0.02540367193946813,0.9745963280605319
8246,2020-05-10,0.004372913976106507,0.9956270860238935
8247,2020-05-10,0.023116376933559613,0.9768836230664404
8248,2020-05-10,0.018582192146704646,0.9814178078532954
8249,2020-05-10,0.024423908281720697,0.9755760917182793
8250,2020-05-10,0.021351816524300404,0.9786481834756996
8251,2020-05-10,0.007072628300158756,0.9929273716998412
8252,2020-05-10,0.01738298632801838,0.9826170136719816
8253,2020-05-10,0.004328142694083659,0.9956718573059163
8254,2020-05-10,0.010045452337325234,0.9899545476626748
8255,2020-05-10,0.0017042132282720779,0.9982957867717279
8256,2020-05-10,0.020491255775666906,0.9795087442243331
8257,2020-05-10,0.022297240307550203,0.9777027596924498
8258,2020-05-10,0.004328968092816687,0.9956710319071833
8259,2020-05-10,0.04264605506652186,0.9573539449334781
8260,2020-05-10,0.0037172295262100086,0.99628277047379
8262,2020-05-10,0.021664857673159954,0.97833514232684
8263,2020-05-10,0.0072626520498147995,0.9927373479501852
8264,2020-05-10,0.03763618523428869,0.9623638147657113
8265,2020-05-10,0.0032639222235838483,0.9967360777764162
8266,2020-05-10,0.0036662836639015373,0.9963337163360985
8267,2020-05-10,0.0012380364131633348,0.9987619635868367
8268,2020-05-10,0.006855245070032434,0.9931447549299676
8270,2020-05-10,0.014388199629919107,0.9856118003700809
8272,2020-05-10,0.03391321745110554,0.9660867825488945
8273,2020-05-10,0.010976902635004282,0.9890230973649957
8274,2020-05-10,0.012230036735891403,0.9877699632641086
8275,2020-05-10,0.02284041236977552,0.9771595876302245
8276,2020-05-10,0.003127993799289075,0.9968720062007109
8277,2020-05-10,0.026614945670267565,0.9733850543297324
8278,2020-05-10,0.0027949390447362665,0.9972050609552637
8279,2020-05-10,0.008179721703187592,0.9918202782968124
8281,2020-05-10,0.005127097367322753,0.9948729026326772
8282,2020-05-10,0.02832981698210435,0.9716701830178957
8283,2020-05-10,0.01173422134572466,0.9882657786542753
8285,2020-05-10,0.005592684692050431,0.9944073153079496
8286,2020-05-10,0.029291339273617822,0.9707086607263822
8287,2020-05-10,0.0074278931910757295,0.9925721068089243
8288,2020-05-10,0.06762036578726249,0.9323796342127375
8289,2020-05-10,0.009705285137019293,0.9902947148629807
8290,2020-05-10,0.002144149997135747,0.9978558500028643
8291,2020-05-10,0.026357235236470267,0.9736427647635297
8292,2020-05-10,0.00514490551887381,0.9948550944811262
8293,2020-05-10,0.0075773823088925996,0.9924226176911074
8295,2020-05-10,0.009926407776749802,0.9900735922232502
8296,2020-05-10,0.01915675061227029,0.9808432493877297
8297,2020-05-10,0.033677867946676265,0.9663221320533237
8298,2020-05-10,0.011080894702248933,0.9889191052977511
8299,2020-05-10,0.022233805773348325,0.9777661942266517
8300,2020-05-10,0.0620073248510149,0.9379926751489851
8301,2020-05-10,0.03286850990685597,0.967131490093144
8302,2020-05-10,0.0471326553305047,0.9528673446694953
8303,2020-05-10,0.03384149586186602,0.966158504138134
8304,2020-05-10,0.012107736260914326,0.9878922637390857
8305,2020-05-10,0.002039549034057897,0.9979604509659421
8306,2020-05-10,0.047832285611292935,0.9521677143887071
8307,2020-05-10,0.028444418080533773,0.9715555819194662
8308,2020-05-10,0.01010671260252316,0.9898932873974768
8309,2020-05-10,0.0184842657930665,0.9815157342069335
8310,2020-05-10,0.010046305935977662,0.9899536940640223
8312,2020-05-10,0.0018348055678057973,0.9981651944321942
8313,2020-05-10,0.015673644879731663,0.9843263551202683
8314,2020-05-10,0.0072414006707598455,0.9927585993292402
8315,2020-05-10,0.009375119728012526,0.9906248802719875
8316,2020-05-10,0.03414222693823876,0.9658577730617612
8317,2020-05-10,0.018822420092346692,0.9811775799076533
8318,2020-05-10,0.004805092079027684,0.9951949079209723
8319,2020-05-10,0.019926457621598725,0.9800735423784013
8320,2020-05-10,0.031066536955164037,0.968933463044836
8321,2020-05-10,0.007701866997233853,0.9922981330027661
8322,2020-05-10,0.02608472371834092,0.9739152762816591
8324,2020-05-10,0.010247448668979087,0.9897525513310209
8325,2020-05-10,0.004543326121525304,0.9954566738784747
8326,2020-05-10,0.03543524937977005,0.96456475062023
8327,2020-05-10,0.013595495264338009,0.986404504735662
8328,2020-05-10,0.028369117990180825,0.9716308820098192
8329,2020-05-10,0.024308765004188437,0.9756912349958116
8330,2020-05-10,0.013782816460889191,0.9862171835391108
8331,2020-05-10,0.008269975891696979,0.991730024108303
8332,2020-05-10,0.02730381414498506,0.9726961858550149
8333,2020-05-10,0.004007132968050109,0.9959928670319499
8334,2020-05-10,0.05288211471103521,0.9471178852889648
8335,2020-05-10,0.008509479591183977,0.991490520408816
8336,2020-05-10,0.0037604758812208594,0.9962395241187791
8337,2020-05-10,0.02002025713033595,0.979979742869664
8338,2020-05-10,0.002886419410172092,0.9971135805898279
8339,2020-05-10,0.0409414272332832,0.9590585727667168
8340,2020-05-10,0.019071416423435572,0.9809285835765644
8341,2020-05-10,0.0171195359472891,0.9828804640527109
8342,2020-05-10,0.0075110018510657905,0.9924889981489342
8343,2020-05-10,0.03077648994182769,0.9692235100581723
8344,2020-05-10,0.014217749480487929,0.9857822505195121
8345,2020-05-10,0.0413123744627778,0.9586876255372222
8346,2020-05-10,0.016766891698131836,0.9832331083018682
8347,2020-05-10,0.016315497854546446,0.9836845021454536
8348,2020-05-10,0.025399692142389685,0.9746003078576103
8349,2020-05-10,0.003102567540202439,0.9968974324597976
8350,2020-05-10,0.0114333468650617,0.9885666531349383
8351,2020-05-10,0.029106090991359967,0.97089390900864
8352,2020-05-10,0.017878154634211163,0.9821218453657888
8353,2020-05-10,0.048889735345689855,0.9511102646543101
8354,2020-05-10,0.0018876037647532762,0.9981123962352467
8355,2020-05-10,0.018118425481240652,0.9818815745187593
8356,2020-05-10,0.012271816994640972,0.987728183005359
8358,2020-05-10,0.07800262299290095,0.921997377007099
8359,2020-05-10,0.008959943323749608,0.9910400566762504
8361,2020-05-10,0.017255280330968348,0.9827447196690317
8362,2020-05-10,0.007063385665415867,0.9929366143345841
8363,2020-05-10,0.008467305155925864,0.9915326948440741
8364,2020-05-10,0.005704774529571077,0.9942952254704289
8365,2020-05-10,0.009423511451184363,0.9905764885488156
8366,2020-05-10,0.010361120631490195,0.9896388793685098
8367,2020-05-10,0.002165050375489752,0.9978349496245102
8368,2020-05-10,0.01960796056119296,0.980392039438807
8369,2020-05-10,0.004192130378617098,0.9958078696213829
8370,2020-05-10,0.006277010354300838,0.9937229896456992
8372,2020-05-10,0.0017739587136433865,0.9982260412863566
8373,2020-05-10,0.02105834568649745,0.9789416543135026
8374,2020-05-10,0.024580709278575585,0.9754192907214244
8375,2020-05-10,0.03331762332206745,0.9666823766779326
8376,2020-05-10,0.035023698027122796,0.9649763019728772
8377,2020-05-10,0.02656273107624485,0.9734372689237552
8378,2020-05-10,0.012916737434745529,0.9870832625652545
8379,2020-05-10,0.047093516120903955,0.952906483879096
8380,2020-05-10,0.004925431938092473,0.9950745680619075
8381,2020-05-10,0.0043267348525332094,0.9956732651474668
8382,2020-05-10,0.010033029035442897,0.9899669709645571
8383,2020-05-10,0.014633526832521948,0.985366473167478
8385,2020-05-10,0.009366485441235306,0.9906335145587647
8386,2020-05-10,0.016054946810437953,0.983945053189562
8387,2020-05-10,0.002017186059526499,0.9979828139404735
8388,2020-05-10,0.02380292411840146,0.9761970758815985
8389,2020-05-10,0.038305058658080426,0.9616949413419196
8390,2020-05-10,0.003702430908861798,0.9962975690911382
8391,2020-05-10,0.011199891885869118,0.9888001081141309
8392,2020-05-10,0.012896677565098158,0.9871033224349018
8393,2020-05-10,0.013591335733044052,0.986408664266956
8394,2020-05-10,0.004147591912201487,0.9958524080877985
8395,2020-05-10,0.0288129041558558,0.9711870958441442
8396,2020-05-10,0.01241330147372477,0.9875866985262752
8397,2020-05-10,0.04718247680223964,0.9528175231977604
8398,2020-05-10,0.0009051865134646064,0.9990948134865354
8400,2020-05-10,0.004613203577599867,0.9953867964224001
8401,2020-05-10,0.05049150951196302,0.949508490488037
8403,2020-05-10,0.03303245713302094,0.9669675428669791
8404,2020-05-10,0.015497603876841737,0.9845023961231583
8405,2020-05-10,0.014142077831630684,0.9858579221683693
8407,2020-05-10,0.004431327596481682,0.9955686724035183
8408,2020-05-10,0.010899238560310165,0.9891007614396898
8409,2020-05-10,0.013611852723091844,0.9863881472769082
8410,2020-05-10,0.030304306848647378,0.9696956931513526
8411,2020-05-10,0.013865906038765252,0.9861340939612347
8412,2020-05-10,0.0582358561570423,0.9417641438429577
8413,2020-05-10,0.0025726585961068915,0.9974273414038931
8414,2020-05-10,0.029244828755855212,0.9707551712441448
8415,2020-05-10,0.013436095393553837,0.9865639046064462
8416,2020-05-10,0.010206493638399872,0.9897935063616001
8417,2020-05-10,0.05615298835892024,0.9438470116410798
8418,2020-05-10,0.03517437267246448,0.9648256273275355
8420,2020-05-10,0.11336872592596248,0.8866312740740375
8421,2020-05-10,0.003199047640473185,0.9968009523595268
8422,2020-05-10,0.058933782326796025,0.941066217673204
8423,2020-05-10,0.016320195404612048,0.983679804595388
8424,2020-05-10,0.01984921667140438,0.9801507833285956
8425,2020-05-10,0.010862913124161211,0.9891370868758388
8426,2020-05-10,0.012548917054967745,0.9874510829450323
8427,2020-05-10,0.007720312074308344,0.9922796879256917
8428,2020-05-10,0.003910970498623545,0.9960890295013765
8429,2020-05-10,0.03347787821357917,0.9665221217864208
8430,2020-05-10,0.008705387262711084,0.9912946127372889
8431,2020-05-10,0.014572111774930008,0.98542788822507
8432,2020-05-10,0.01360664492071928,0.9863933550792807
8433,2020-05-10,0.010951527495328794,0.9890484725046712
8434,2020-05-10,0.019740062144381954,0.980259937855618
8435,2020-05-10,0.010408145903255894,0.9895918540967441
8436,2020-05-10,0.02215886308910442,0.9778411369108956
8437,2020-05-10,0.003172058590998117,0.9968279414090019
8438,2020-05-10,0.01718924885810902,0.982810751141891
8440,2020-05-10,0.005410431777370661,0.9945895682226293
8441,2020-05-10,0.0073315997260232635,0.9926684002739767
8442,2020-05-10,0.03763944396582464,0.9623605560341754
8444,2020-05-10,0.04048410916539813,0.9595158908346019
8445,2020-05-10,0.013765113009828855,0.9862348869901711
8446,2020-05-10,0.007459061865153771,0.9925409381348462
8447,2020-05-10,0.02622241869587605,0.973777581304124
8448,2020-05-10,0.004022892551299506,0.9959771074487005
8449,2020-05-10,0.004863772473788441,0.9951362275262116
8450,2020-05-10,0.007889316697297089,0.9921106833027029
8451,2020-05-10,0.005715680678704094,0.9942843193212959
8452,2020-05-10,0.009570110093202744,0.9904298899067973
8454,2020-05-10,0.022371004159926433,0.9776289958400736
8455,2020-05-10,0.003595684235034202,0.9964043157649658
8456,2020-05-10,0.010450219982204412,0.9895497800177956
8457,2020-05-10,0.0733645385564321,0.9266354614435679
8458,2020-05-10,0.019094275656238335,0.9809057243437617
8459,2020-05-10,0.033960283443041916,0.9660397165569581
8460,2020-05-10,0.0105778395051781,0.9894221604948219
8461,2020-05-10,0.03161140270388152,0.9683885972961185
8462,2020-05-10,0.017291433689446745,0.9827085663105533
8463,2020-05-10,0.009082206645977475,0.9909177933540225
8464,2020-05-10,0.03301859038296029,0.9669814096170397
8465,2020-05-10,0.014085909515664019,0.985914090484336
8466,2020-05-10,0.05868697699550862,0.9413130230044914
8467,2020-05-10,0.004785898727203697,0.9952141012727963
8468,2020-05-10,0.0080924487758397,0.9919075512241603
8469,2020-05-10,0.0014065514455191552,0.9985934485544808
8470,2020-05-10,0.003499440698765399,0.9965005593012346
8471,2020-05-10,0.006123678946761912,0.9938763210532381
8472,2020-05-10,0.004418941030425949,0.995581058969574
8473,2020-05-10,0.0048715041061914155,0.9951284958938086
8474,2020-05-10,0.03931437391361847,0.9606856260863815
8475,2020-05-10,0.011415692970352498,0.9885843070296475
8477,2020-05-10,0.013652471109902309,0.9863475288900977
8478,2020-05-10,0.05737718089827981,0.9426228191017202
8479,2020-05-10,0.08997118717056507,0.9100288128294349
8480,2020-05-10,0.018200665435639696,0.9817993345643603
8483,2020-05-10,0.010822414217598109,0.9891775857824019
8484,2020-05-10,0.002686006870041835,0.9973139931299582
8485,2020-05-10,0.018666021453915937,0.9813339785460841
8486,2020-05-10,0.0017589490485639958,0.998241050951436
8487,2020-05-10,0.024982260782012156,0.9750177392179878
8488,2020-05-10,0.010540800453516352,0.9894591995464836
8489,2020-05-10,0.0022007442211506856,0.9977992557788493
8491,2020-05-10,0.002362221112936602,0.9976377788870634
8492,2020-05-10,0.016568068203806297,0.9834319317961937
8493,2020-05-10,0.0322945250554415,0.9677054749445585
8494,2020-05-10,0.03144208217498812,0.9685579178250119
8495,2020-05-10,0.01981024707852075,0.9801897529214793
8496,2020-05-10,0.011592345155673867,0.9884076548443261
8497,2020-05-10,0.03001921249842565,0.9699807875015743
8498,2020-05-10,0.011656328153687667,0.9883436718463123
8499,2020-05-10,0.008298328697510682,0.9917016713024893
8500,2020-05-10,0.015453933073598991,0.984546066926401
8501,2020-05-10,0.013203286187018715,0.9867967138129813
8502,2020-05-10,0.029419532706655427,0.9705804672933446
8503,2020-05-10,0.0025655765778812567,0.9974344234221187
8504,2020-05-10,0.0014958711669820213,0.998504128833018
8505,2020-05-10,0.006510386496862641,0.9934896135031374
8506,2020-05-10,0.11706603325831344,0.8829339667416866
8507,2020-05-10,0.032781761741617954,0.967218238258382
8508,2020-05-10,0.028363575800299023,0.971636424199701
8509,2020-05-10,0.045076491755334014,0.954923508244666
8510,2020-05-10,0.025510109875521714,0.9744898901244783
8511,2020-05-10,0.020996271939484057,0.9790037280605159
8512,2020-05-10,0.03273688412333253,0.9672631158766675
8513,2020-05-10,0.012104171938993824,0.9878958280610062
8514,2020-05-10,0.030263551226796914,0.9697364487732031
8515,2020-05-10,0.005787526898761719,0.9942124731012383
8517,2020-05-10,0.01846846442601524,0.9815315355739848
8518,2020-05-10,0.025599341149438515,0.9744006588505615
8519,2020-05-10,0.0035883162527553525,0.9964116837472446
8521,2020-05-10,0.0077081367981814974,0.9922918632018185
8523,2020-05-10,0.014521158864203798,0.9854788411357962
8524,2020-05-10,0.04193455557478809,0.9580654444252119
8525,2020-05-10,0.009442252620159408,0.9905577473798406
8526,2020-05-10,0.0326486714332751,0.9673513285667249
8527,2020-05-10,0.07205441123973721,0.9279455887602628
8528,2020-05-10,0.00182062834417418,0.9981793716558258
8529,2020-05-10,0.00536435042548844,0.9946356495745116
8530,2020-05-10,0.02491651910072501,0.975083480899275
8531,2020-05-10,0.02112358411316384,0.9788764158868362
8532,2020-05-10,0.04305676706333794,0.9569432329366621
8533,2020-05-10,0.03239344304330127,0.9676065569566987
8534,2020-05-10,0.01975224038075163,0.9802477596192484
8535,2020-05-10,0.00292800923188119,0.9970719907681188
8536,2020-05-10,0.00627505640722037,0.9937249435927796
8537,2020-05-10,0.0018344582219095296,0.9981655417780905
8539,2020-05-10,0.0033708884872581946,0.9966291115127418
8540,2020-05-10,0.02638343939093457,0.9736165606090654
8541,2020-05-10,0.005277268782791555,0.9947227312172084
8542,2020-05-10,0.028204050323857865,0.9717959496761421
8543,2020-05-10,0.007833773658114551,0.9921662263418854
8544,2020-05-10,0.015274522329564721,0.9847254776704353
8545,2020-05-10,0.03249108709984083,0.9675089129001592
8546,2020-05-10,0.004716694731590976,0.995283305268409
8547,2020-05-10,0.019410234028287565,0.9805897659717124
8548,2020-05-10,0.0073057864444266984,0.9926942135555733
8549,2020-05-10,0.02526037567102779,0.9747396243289722
8550,2020-05-10,0.1605472942755526,0.8394527057244474
8551,2020-05-10,0.011773018064270002,0.98822698193573
8552,2020-05-10,0.006312895184177547,0.9936871048158225
8553,2020-05-10,0.03210129380696547,0.9678987061930345
8554,2020-05-10,0.037711375344230524,0.9622886246557695
8555,2020-05-10,0.1141605829982858,0.8858394170017142
8556,2020-05-10,0.002717414490240988,0.997282585509759
8557,2020-05-10,0.0056334300835968465,0.9943665699164032
8558,2020-05-10,0.0011151327093791297,0.9988848672906209
8559,2020-05-10,0.016757416270358316,0.9832425837296417
8560,2020-05-10,0.00485623360396803,0.995143766396032
8561,2020-05-10,0.01837274946321965,0.9816272505367803
8562,2020-05-10,0.026054596508402583,0.9739454034915974
8564,2020-05-10,0.008624024460691992,0.991375975539308
8565,2020-05-10,0.009195627634864811,0.9908043723651352
8566,2020-05-10,0.015012254536468594,0.9849877454635314
8567,2020-05-10,0.01825146559468882,0.9817485344053112
8569,2020-05-10,0.003192776608457071,0.9968072233915429
8570,2020-05-10,0.022869988788450035,0.97713001121155
8571,2020-05-10,0.010852926722232925,0.9891470732777671
8572,2020-05-10,0.038091136410671855,0.9619088635893281
8573,2020-05-10,0.007586843812194877,0.9924131561878051
8574,2020-05-10,0.02467186160230861,0.9753281383976914
8575,2020-05-10,0.023909163737112937,0.9760908362628871
8576,2020-05-10,0.003783241386328351,0.9962167586136716
8577,2020-05-10,0.032549886281728835,0.9674501137182712
8578,2020-05-10,0.00797457980096461,0.9920254201990354
8579,2020-05-10,0.0024811250081568925,0.9975188749918431
8580,2020-05-10,0.012241135117471047,0.987758864882529
8581,2020-05-10,0.033576838208891346,0.9664231617911087
8582,2020-05-10,0.014759892055844603,0.9852401079441554
8583,2020-05-10,0.031136261306071278,0.9688637386939287
8584,2020-05-10,0.039521681294545696,0.9604783187054543
8586,2020-05-10,0.02893020620038944,0.9710697937996106
8587,2020-05-10,0.016844309297722737,0.9831556907022773
8588,2020-05-10,0.03616918423666071,0.9638308157633393
8589,2020-05-10,0.034143974464016735,0.9658560255359833
8590,2020-05-10,0.00555365952887088,0.9944463404711291
8591,2020-05-10,0.06456313874385133,0.9354368612561487
8592,2020-05-10,0.011244470718641097,0.9887555292813589
8593,2020-05-10,0.011331553682111473,0.9886684463178885
8594,2020-05-10,0.022598155105860607,0.9774018448941394
8595,2020-05-10,0.010125437456660724,0.9898745625433393
8597,2020-05-10,0.04269397975219236,0.9573060202478076
8598,2020-05-10,0.0026469095419453526,0.9973530904580546
8599,2020-05-10,0.00819321640923898,0.991806783590761
8600,2020-05-10,0.05185153619266136,0.9481484638073386
8601,2020-05-10,0.007643572640012586,0.9923564273599874
8603,2020-05-10,0.03506117980069745,0.9649388201993025
8604,2020-05-10,0.007122765593388203,0.9928772344066118
8605,2020-05-10,0.026674681046856663,0.9733253189531433
8607,2020-05-10,0.005513694108528977,0.994486305891471
8608,2020-05-10,0.011885104102412503,0.9881148958975875
8609,2020-05-10,0.014686102426071379,0.9853138975739286
8610,2020-05-10,0.012948714165598951,0.987051285834401
8611,2020-05-10,0.0033693184000193055,0.9966306815999807
8612,2020-05-10,0.024256696013881585,0.9757433039861184
8614,2020-05-10,0.0032958066203148118,0.9967041933796852
8615,2020-05-10,0.031356583912080405,0.9686434160879196
8616,2020-05-10,0.01588545202967817,0.9841145479703218
8617,2020-05-10,0.009201893078955914,0.9907981069210441
8618,2020-05-10,0.0033386213460011582,0.9966613786539988
8619,2020-05-10,0.007112430116425594,0.9928875698835744
8620,2020-05-10,0.045422938724568596,0.9545770612754314
8621,2020-05-10,0.01150237658853126,0.9884976234114687
8622,2020-05-10,0.004541754058849268,0.9954582459411507
8623,2020-05-10,0.018992406276428397,0.9810075937235716
8624,2020-05-10,0.09531219935414736,0.9046878006458526
8625,2020-05-10,0.005027952435364691,0.9949720475646353
8626,2020-05-10,0.00846291355762574,0.9915370864423743
8627,2020-05-10,0.06923079389245612,0.9307692061075439
8628,2020-05-10,0.006030437082630624,0.9939695629173694
8629,2020-05-10,0.0029219689009800653,0.9970780310990199
8630,2020-05-10,0.0038691870827234354,0.9961308129172766
8631,2020-05-10,0.0028558497414371553,0.9971441502585628
8632,2020-05-10,0.018800302625577303,0.9811996973744227
8633,2020-05-10,0.007709895270851752,0.9922901047291482
8634,2020-05-10,0.03819970440268183,0.9618002955973182
8635,2020-05-10,0.012771057483722092,0.9872289425162779
8636,2020-05-10,0.01252576273333661,0.9874742372666634
8637,2020-05-10,0.0026215558816004014,0.9973784441183996
8638,2020-05-10,0.022697320628066064,0.9773026793719339
8639,2020-05-10,0.01072724614757048,0.9892727538524295
8640,2020-05-10,0.002336266036626178,0.9976637339633738
8641,2020-05-10,0.05180152255279191,0.9481984774472081
8642,2020-05-10,0.01698131972878647,0.9830186802712135
8643,2020-05-10,0.0381781951597443,0.9618218048402557
8644,2020-05-10,0.007248283857579474,0.9927517161424205
8645,2020-05-10,0.012491555041489799,0.9875084449585102
8646,2020-05-10,0.024992128955950488,0.9750078710440495
8647,2020-05-10,0.002623718483263149,0.9973762815167369
8648,2020-05-10,0.014186982428109673,0.9858130175718903
8649,2020-05-10,0.013384039026151262,0.9866159609738487
8650,2020-05-10,0.016120762799857635,0.9838792372001424
8651,2020-05-10,0.055928922638800005,0.9440710773612
8652,2020-05-10,0.0175780147811897,0.9824219852188103
8653,2020-05-10,0.013409414704396383,0.9865905852956036
8654,2020-05-10,0.07722260527741642,0.9227773947225836
8657,2020-05-10,0.0181808957992724,0.9818191042007276
8659,2020-05-10,0.007414658965950283,0.9925853410340497
8660,2020-05-10,0.009470358972768933,0.9905296410272311
8661,2020-05-10,0.02802295942200883,0.9719770405779912
8662,2020-05-10,0.007067079644422103,0.9929329203555779
8663,2020-05-10,0.008241213760335375,0.9917587862396646
8665,2020-05-10,0.013528121171138552,0.9864718788288614
8666,2020-05-10,0.006387331661026563,0.9936126683389734
8667,2020-05-10,0.026483145265709163,0.9735168547342908
8669,2020-05-10,0.005087496653338408,0.9949125033466616
8671,2020-05-10,0.008898040631051263,0.9911019593689487
8672,2020-05-10,0.017155669518399974,0.9828443304816
8673,2020-05-10,0.024999884070818545,0.9750001159291815
8674,2020-05-10,0.00829438292127782,0.9917056170787222
8675,2020-05-10,0.0034854012645411103,0.9965145987354589
8676,2020-05-10,0.024558287085301722,0.9754417129146983
8677,2020-05-10,0.014322088465802518,0.9856779115341975
8679,2020-05-10,0.0307623620760894,0.9692376379239106
8681,2020-05-10,0.054979810637531656,0.9450201893624683
8682,2020-05-10,0.03591628463408636,0.9640837153659136
8683,2020-05-10,0.015615915230255517,0.9843840847697445
8684,2020-05-10,0.007793041625605124,0.9922069583743949
8685,2020-05-10,0.010158888769907781,0.9898411112300922
8686,2020-05-10,0.011632244724490093,0.9883677552755099
8687,2020-05-10,0.019462895715416484,0.9805371042845835
8688,2020-05-10,0.03648433470938639,0.9635156652906136
8689,2020-05-10,0.022646566936998402,0.9773534330630016
8691,2020-05-10,0.04570103018020588,0.9542989698197941
8692,2020-05-10,0.006873075626098513,0.9931269243739015
8693,2020-05-10,0.04116735609294464,0.9588326439070554
8694,2020-05-10,0.06345417967596678,0.9365458203240332
8695,2020-05-10,0.009958731456894632,0.9900412685431054
8696,2020-05-10,0.010436925112558226,0.9895630748874418
8697,2020-05-10,0.03998100259087678,0.9600189974091232
8698,2020-05-10,0.014725327862695203,0.9852746721373048
8699,2020-05-10,0.0044631163416462005,0.9955368836583538
8700,2020-05-10,0.01219721770793758,0.9878027822920624
8702,2020-05-10,0.018419202248240896,0.9815807977517591
8703,2020-05-10,0.04011392646082135,0.9598860735391787
8704,2020-05-10,0.01589394533747235,0.9841060546625277
8706,2020-05-10,0.018780528817505138,0.9812194711824949
8707,2020-05-10,0.006021690736557894,0.9939783092634421
8708,2020-05-10,0.010190342589313284,0.9898096574106867
8709,2020-05-10,0.07231274426297463,0.9276872557370254
8710,2020-05-10,0.02605488773893172,0.9739451122610683
8711,2020-05-10,0.0020405957702199773,0.99795940422978
8712,2020-05-10,0.018180833884352987,0.981819166115647
8713,2020-05-10,0.017508250623902044,0.982491749376098
8714,2020-05-10,0.06735223338713126,0.9326477666128687
8715,2020-05-10,0.030207388383298506,0.9697926116167015
8716,2020-05-10,0.030724908268212392,0.9692750917317876
8717,2020-05-10,0.0023073358310461423,0.9976926641689539
8718,2020-05-10,0.00886679796488865,0.9911332020351113
8719,2020-05-10,0.00899433937185623,0.9910056606281438
8720,2020-05-10,0.031007758252425077,0.9689922417475749
8721,2020-05-10,0.023210829013251777,0.9767891709867482
8722,2020-05-10,0.018523084171356508,0.9814769158286435
8723,2020-05-10,0.04623623935661547,0.9537637606433845
8724,2020-05-10,0.005342297643931793,0.9946577023560682
8725,2020-05-10,0.022527740085935832,0.9774722599140642
8726,2020-05-10,0.023479241898834546,0.9765207581011655
8727,2020-05-10,0.020403868835933148,0.9795961311640669
8728,2020-05-10,0.011372015564310112,0.9886279844356899
8729,2020-05-10,0.01506527312568784,0.9849347268743122
8730,2020-05-10,0.08095630074400861,0.9190436992559914
8731,2020-05-10,0.007852136508032959,0.992147863491967
8732,2020-05-10,0.047159540944564315,0.9528404590554357
8733,2020-05-10,0.022065941383641263,0.9779340586163587
8734,2020-05-10,0.012085278637622432,0.9879147213623776
8735,2020-05-10,0.011559237733169136,0.9884407622668309
8737,2020-05-10,0.034184525977231095,0.9658154740227689
8738,2020-05-10,0.018275038972277113,0.9817249610277229
8739,2020-05-10,0.02905430068599446,0.9709456993140055
8741,2020-05-10,0.03985521235413103,0.960144787645869
8742,2020-05-10,0.0089938285360609,0.9910061714639391
8743,2020-05-10,0.015326008068287433,0.9846739919317126
8744,2020-05-10,0.02123600095645739,0.9787639990435426
8745,2020-05-10,0.005167336060454053,0.994832663939546
8746,2020-05-10,0.0333959654055902,0.9666040345944098
8747,2020-05-10,0.007985239629017982,0.992014760370982
8749,2020-05-10,0.010254236825005147,0.9897457631749949
8751,2020-05-10,0.029272053933865116,0.9707279460661349
8752,2020-05-10,0.022564888267131322,0.9774351117328687
8753,2020-05-10,0.03870983693453256,0.9612901630654674
8754,2020-05-10,0.02444791217522757,0.9755520878247724
8755,2020-05-10,0.00359686735538578,0.9964031326446142
8756,2020-05-10,0.006775048956865537,0.9932249510431345
8757,2020-05-10,0.03388432357393323,0.9661156764260668
8758,2020-05-10,0.011719420785306633,0.9882805792146934
8759,2020-05-10,0.05077512330799394,0.9492248766920061
8760,2020-05-10,0.006101012251177207,0.9938989877488228
8761,2020-05-10,0.045310408092720245,0.9546895919072798
8762,2020-05-10,0.013592346862397187,0.9864076531376028
8763,2020-05-10,0.009704717545850117,0.9902952824541499
8764,2020-05-10,0.019625369653559765,0.9803746303464402
8765,2020-05-10,0.034403640300313953,0.965596359699686
8768,2020-05-10,0.014217486019546532,0.9857825139804535
8769,2020-05-10,0.06438320100507866,0.9356167989949213
8770,2020-05-10,0.02579990764898299,0.974200092351017
8771,2020-05-10,0.015023056098056209,0.9849769439019438
8773,2020-05-10,0.025337196756656133,0.9746628032433439
8774,2020-05-10,0.037680358732945396,0.9623196412670546
8775,2020-05-10,0.013551177774177359,0.9864488222258226
8776,2020-05-10,0.017108856423235674,0.9828911435767643
8777,2020-05-10,0.0045243401457562005,0.9954756598542438
8779,2020-05-10,0.038952567491737033,0.961047432508263
8780,2020-05-10,0.051450550947574336,0.9485494490524257
8781,2020-05-10,0.02250978679496174,0.9774902132050383
8782,2020-05-10,0.01269703856141502,0.987302961438585
8783,2020-05-10,0.05006342420498233,0.9499365757950177
8784,2020-05-10,0.037793060452140925,0.9622069395478591
8785,2020-05-10,0.003490567966203062,0.9965094320337969
8787,2020-05-10,0.007445733416315936,0.9925542665836841
8788,2020-05-10,0.04556064762692802,0.954439352373072
8790,2020-05-10,0.008515243763532077,0.9914847562364679
8791,2020-05-10,0.05913232123231693,0.9408676787676831
8792,2020-05-10,0.01101876769717125,0.9889812323028287
8793,2020-05-10,0.011146928921939137,0.9888530710780609
8794,2020-05-10,0.036955706017269496,0.9630442939827305
8795,2020-05-10,0.008868984095624866,0.9911310159043751
8796,2020-05-10,0.011177980739318083,0.9888220192606819
8797,2020-05-10,0.025519305217423627,0.9744806947825764
8798,2020-05-10,0.03486952889791506,0.9651304711020849
8799,2020-05-10,0.018407392347669194,0.9815926076523308
8800,2020-05-10,0.0027379485779476243,0.9972620514220524
8802,2020-05-10,0.05950200934961236,0.9404979906503876
8803,2020-05-10,0.010967396067938617,0.9890326039320614
8805,2020-05-10,0.026724794806215146,0.9732752051937849
8806,2020-05-10,0.009174204366871885,0.9908257956331281
8807,2020-05-10,0.01631816060594138,0.9836818393940586
8809,2020-05-10,0.006816868874984894,0.9931831311250151
8810,2020-05-10,0.004536976935566428,0.9954630230644336
8811,2020-05-10,0.014902534809514756,0.9850974651904852
8812,2020-05-10,0.008944396448734349,0.9910556035512657
8813,2020-05-10,0.01372038991625213,0.9862796100837479
8814,2020-05-10,0.023830407576654444,0.9761695924233456
8815,2020-05-10,0.014410926451870365,0.9855890735481296
8816,2020-05-10,0.01815757077555258,0.9818424292244474
8817,2020-05-10,0.0039033212582608723,0.9960966787417391
8818,2020-05-10,0.014737119979527202,0.9852628800204728
8819,2020-05-10,0.06771515222628055,0.9322848477737194
8820,2020-05-10,0.016461488915351707,0.9835385110846483
8821,2020-05-10,0.0033741506427530377,0.996625849357247
8822,2020-05-10,0.025598340035435485,0.9744016599645645
8823,2020-05-10,0.023769349008460727,0.9762306509915393
8824,2020-05-10,0.023288933777723453,0.9767110662222765
8825,2020-05-10,0.0030519848545763617,0.9969480151454236
8826,2020-05-10,0.04754494217361438,0.9524550578263856
8827,2020-05-10,0.01066428115927609,0.9893357188407239
8828,2020-05-10,0.005844288440800649,0.9941557115591994
8829,2020-05-10,0.001629026518006893,0.9983709734819931
8831,2020-05-10,0.036736047451857545,0.9632639525481425
8832,2020-05-10,0.01956838209426126,0.9804316179057387
8833,2020-05-10,0.003715540351983848,0.9962844596480162
8834,2020-05-10,0.018203154821361256,0.9817968451786387
8835,2020-05-10,0.06765341236913214,0.9323465876308679
8836,2020-05-10,0.011490130520316666,0.9885098694796833
8837,2020-05-10,0.01266909174863684,0.9873309082513632
8838,2020-05-10,0.004065200337486807,0.9959347996625132
8840,2020-05-10,0.05984444294198832,0.9401555570580117
8841,2020-05-10,0.014418914514996994,0.985581085485003
8842,2020-05-10,0.011655103133425326,0.9883448968665747
8843,2020-05-10,0.04352194067722992,0.9564780593227701
8844,2020-05-10,0.021377371282668145,0.9786226287173319
8845,2020-05-10,0.0053842585828691725,0.9946157414171308
8846,2020-05-10,0.011667076478780514,0.9883329235212195
8848,2020-05-10,0.05045976413918907,0.9495402358608109
8849,2020-05-10,0.01246202112638195,0.987537978873618
8850,2020-05-10,0.007857505461885905,0.9921424945381141
8851,2020-05-10,0.04271147736979608,0.9572885226302039
8852,2020-05-10,0.009976163924467207,0.9900238360755328
8853,2020-05-10,0.01529722133639455,0.9847027786636054
8854,2020-05-10,0.006879389765240829,0.9931206102347592
8856,2020-05-10,0.00740454850818828,0.9925954514918117
8857,2020-05-10,0.005568473478862135,0.9944315265211379
8858,2020-05-10,0.027191254490021577,0.9728087455099784
8859,2020-05-10,0.028112944931637962,0.971887055068362
8860,2020-05-10,0.011492736459544628,0.9885072635404554
8861,2020-05-10,0.002219519610751508,0.9977804803892485
8862,2020-05-10,0.02382968489827031,0.9761703151017297
8863,2020-05-10,0.009337207662950209,0.9906627923370498
8864,2020-05-10,0.03914249610006004,0.96085750389994
8865,2020-05-10,0.004017256160875116,0.9959827438391249
8866,2020-05-10,0.001026291904970722,0.9989737080950293
8867,2020-05-10,0.009388542618103957,0.990611457381896
8868,2020-05-10,0.015105776830429463,0.9848942231695705
8869,2020-05-10,0.03060290849981251,0.9693970915001875
8870,2020-05-10,0.0017034709896071032,0.9982965290103929
8871,2020-05-10,0.020696839079978768,0.9793031609200212
8872,2020-05-10,0.004505816424678399,0.9954941835753216
8873,2020-05-10,0.0046966406223476476,0.9953033593776524
8874,2020-05-10,0.013343519651269342,0.9866564803487307
8876,2020-05-10,0.015283593325279843,0.9847164066747202
8877,2020-05-10,0.009195926490728534,0.9908040735092715
8878,2020-05-10,0.038273769213209574,0.9617262307867904
8879,2020-05-10,0.005162992827135726,0.9948370071728643
8881,2020-05-10,0.005755360451626723,0.9942446395483733
8882,2020-05-10,0.07639744557903261,0.9236025544209674
8883,2020-05-10,0.010752081813430348,0.9892479181865697
8884,2020-05-10,0.031135794897728553,0.9688642051022714
8885,2020-05-10,0.05116643275767041,0.9488335672423296
8886,2020-05-10,0.005758783868573425,0.9942412161314266
8887,2020-05-10,0.002909942838349222,0.9970900571616508
8888,2020-05-10,0.016828695276271177,0.9831713047237288
8889,2020-05-10,0.05743381268066894,0.9425661873193311
8890,2020-05-10,0.017122974027435234,0.9828770259725648
8891,2020-05-10,0.017897614854296195,0.9821023851457038
8892,2020-05-10,0.005686091903492674,0.9943139080965073
8893,2020-05-10,0.02071785574254159,0.9792821442574584
8894,2020-05-10,0.01898216008982101,0.981017839910179
8895,2020-05-10,0.04073618605857887,0.9592638139414211
8896,2020-05-10,0.009509774676269234,0.9904902253237308
8898,2020-05-10,0.012497080995607424,0.9875029190043926
8899,2020-05-10,0.007142410243017205,0.9928575897569828
8900,2020-05-10,0.001597162968392074,0.9984028370316079
8901,2020-05-10,0.012657131433452151,0.9873428685665478
8902,2020-05-10,0.017750191653788217,0.9822498083462118
8903,2020-05-10,0.010769704614501108,0.9892302953854989
8904,2020-05-10,0.0067620862810523485,0.9932379137189477
8905,2020-05-10,0.014285475040739737,0.9857145249592603
8906,2020-05-10,0.07903295259663268,0.9209670474033673
8907,2020-05-10,0.024592224847793775,0.9754077751522062
8909,2020-05-10,0.023893738270110987,0.976106261729889
8910,2020-05-10,0.001330047606347029,0.998669952393653
8911,2020-05-10,0.01131211969599133,0.9886878803040087
8912,2020-05-10,0.007484568969269967,0.99251543103073
8913,2020-05-10,0.004398110268490574,0.9956018897315094
8914,2020-05-10,0.008429534065113375,0.9915704659348866
8915,2020-05-10,0.03745717831778628,0.9625428216822137
8916,2020-05-10,0.03615859671389887,0.9638414032861011
8917,2020-05-10,0.013214643228654732,0.9867853567713453
8918,2020-05-10,0.05510451315843068,0.9448954868415693
8919,2020-05-10,0.025209162994652923,0.9747908370053471
8920,2020-05-10,0.006989623096786968,0.993010376903213
8921,2020-05-10,0.01390560730316448,0.9860943926968355
8922,2020-05-10,0.005086704116980201,0.9949132958830198
8924,2020-05-10,0.027225504766689057,0.9727744952333109
8925,2020-05-10,0.01889385523940401,0.981106144760596
8926,2020-05-10,0.027254157590930306,0.9727458424090697
8927,2020-05-10,0.040979280424579656,0.9590207195754203
8929,2020-05-10,0.010426257248036475,0.9895737427519635
8930,2020-05-10,0.02091464853136027,0.9790853514686397
8931,2020-05-10,0.00649762831167322,0.9935023716883268
8932,2020-05-10,0.008403977452213662,0.9915960225477863
8933,2020-05-10,0.0033986425105950735,0.9966013574894049
8935,2020-05-10,0.031549041778336395,0.9684509582216636
8936,2020-05-10,0.04568016318582668,0.9543198368141733
8937,2020-05-10,0.03942511545143357,0.9605748845485664
8938,2020-05-10,0.004461826840307159,0.9955381731596928
8939,2020-05-10,0.007009081865805955,0.992990918134194
8940,2020-05-10,0.008617347377058215,0.9913826526229418
8941,2020-05-10,0.004163962308921465,0.9958360376910785
8942,2020-05-10,0.021394958581035017,0.978605041418965
8943,2020-05-10,0.007772897876886842,0.9922271021231132
8944,2020-05-10,0.009382757048873147,0.9906172429511269
8945,2020-05-10,0.00850994477591438,0.9914900552240856
8946,2020-05-10,0.058519166042473314,0.9414808339575267
8947,2020-05-10,0.004615491924166548,0.9953845080758335
8948,2020-05-10,0.004453440174941314,0.9955465598250587
8949,2020-05-10,0.06084647100681384,0.9391535289931862
8950,2020-05-10,0.014772742241196957,0.985227257758803
8951,2020-05-10,0.006577751703247148,0.9934222482967529
8952,2020-05-10,0.0693254484923218,0.9306745515076782
8953,2020-05-10,0.01911448196853005,0.98088551803147
8954,2020-05-10,0.01717760724800088,0.9828223927519991
8956,2020-05-10,0.05223055266169496,0.947769447338305
8958,2020-05-10,0.029777061274125383,0.9702229387258746
8959,2020-05-10,0.013403481615695156,0.9865965183843048
8960,2020-05-10,0.01490881638184427,0.9850911836181557
8961,2020-05-10,0.009216821085480054,0.99078317891452
8962,2020-05-10,0.02219725717106935,0.9778027428289306
8963,2020-05-10,0.001964771212588312,0.9980352287874117
8964,2020-05-10,0.004665814017677183,0.9953341859823228
8965,2020-05-10,0.0017330651873143088,0.9982669348126857
8966,2020-05-10,0.015432322108170693,0.9845676778918293
8967,2020-05-10,0.00500721334433496,0.994992786655665
8968,2020-05-10,0.012722089594870312,0.9872779104051297
8969,2020-05-10,0.005890100407250798,0.9941098995927492
8970,2020-05-10,0.007900775756442768,0.9920992242435572
8971,2020-05-10,0.0777408381916358,0.9222591618083642
8972,2020-05-10,0.035185432579876164,0.9648145674201238
8973,2020-05-10,0.01522481747292559,0.9847751825270744
8974,2020-05-10,0.020529424191732537,0.9794705758082675
8975,2020-05-10,0.022987960529135987,0.977012039470864
8977,2020-05-10,0.03183184205920875,0.9681681579407913
8978,2020-05-10,0.003551834457109493,0.9964481655428905
8979,2020-05-10,0.004209544047229397,0.9957904559527706
8980,2020-05-10,0.02376629011349729,0.9762337098865027
8981,2020-05-10,0.007167305415943903,0.9928326945840561
8982,2020-05-10,0.0033735045193888924,0.9966264954806111
8984,2020-05-10,0.020875532121571005,0.979124467878429
8985,2020-05-10,0.005311685576294578,0.9946883144237054
8987,2020-05-10,0.01754236346532745,0.9824576365346726
8988,2020-05-10,0.007507758822719035,0.992492241177281
8989,2020-05-10,0.011227419682434459,0.9887725803175655
8990,2020-05-10,0.020940816076303603,0.9790591839236964
8991,2020-05-10,0.020894493072546205,0.9791055069274538
8992,2020-05-10,0.05994612212004369,0.9400538778799563
8993,2020-05-10,0.049448056429580944,0.9505519435704191
8994,2020-05-10,0.005560462745890948,0.994439537254109
8995,2020-05-10,0.026790536212118132,0.9732094637878819
8997,2020-05-10,0.020423338962612725,0.9795766610373873
8998,2020-05-10,0.026513525584585085,0.9734864744154149
8999,2020-05-10,0.003834655421454114,0.9961653445785459
9000,2020-05-10,0.013755717628170738,0.9862442823718293
9001,2020-05-10,0.013490064202916763,0.9865099357970832
9002,2020-05-10,0.0223765146686139,0.9776234853313861
9003,2020-05-10,0.007582422327196414,0.9924175776728036
9005,2020-05-10,0.02801415270575125,0.9719858472942488
9006,2020-05-10,0.020879093111715874,0.9791209068882841
9007,2020-05-10,0.001387561103681323,0.9986124388963187
9008,2020-05-10,0.06344287547004734,0.9365571245299527
9009,2020-05-10,0.08147118317674551,0.9185288168232545
9010,2020-05-10,0.025933307465717204,0.9740666925342828
9011,2020-05-10,0.02397627012953052,0.9760237298704695
9012,2020-05-10,0.03675386664090241,0.9632461333590976
9013,2020-05-10,0.030797100074975825,0.9692028999250242
9014,2020-05-10,0.062288332998688856,0.9377116670013111
9015,2020-05-10,0.020849867037140535,0.9791501329628595
9016,2020-05-10,0.01138466847445041,0.9886153315255496
9017,2020-05-10,0.016320002212152573,0.9836799977878474
9018,2020-05-10,0.02593707083320207,0.9740629291667979
9019,2020-05-10,0.0713993439310272,0.9286006560689728
9020,2020-05-10,0.02016105187572903,0.979838948124271
9022,2020-05-10,0.05981011018469362,0.9401898898153064
9023,2020-05-10,0.005025119720027504,0.9949748802799725
9024,2020-05-10,0.058950649377941255,0.9410493506220587
9025,2020-05-10,0.01230197983285819,0.9876980201671418
9026,2020-05-10,0.00710257972246553,0.9928974202775345
9027,2020-05-10,0.05563141189316401,0.944368588106836
9028,2020-05-10,0.010814947624610882,0.9891850523753891
9029,2020-05-10,0.0028321261189437896,0.9971678738810562
9030,2020-05-10,0.014219338099972223,0.9857806619000278
9031,2020-05-10,0.017903035053845495,0.9820969649461545
9032,2020-05-10,0.00916001137700706,0.9908399886229929
9034,2020-05-10,0.012062419245674527,0.9879375807543255
9035,2020-05-10,0.03151568789723702,0.968484312102763
9037,2020-05-10,0.015945010864424458,0.9840549891355755
9038,2020-05-10,0.05047662534500752,0.9495233746549925
9039,2020-05-10,0.0033049785445462554,0.9966950214554537
9040,2020-05-10,0.013366713667483543,0.9866332863325165
9041,2020-05-10,0.008346625953698839,0.9916533740463012
9042,2020-05-10,0.02416266455432714,0.9758373354456729
9044,2020-05-10,0.00231591408902887,0.9976840859109711
9045,2020-05-10,0.02821184816529909,0.9717881518347009
9046,2020-05-10,0.0073416318600935115,0.9926583681399065
9047,2020-05-10,0.007964254985122654,0.9920357450148773
9048,2020-05-10,0.008768905312710018,0.99123109468729
9049,2020-05-10,0.0023315349694364995,0.9976684650305635
9050,2020-05-10,0.036086371648095694,0.9639136283519043
9051,2020-05-10,0.037513626668608246,0.9624863733313918
9052,2020-05-10,0.011112884372174947,0.988887115627825
9053,2020-05-10,0.021254814856837334,0.9787451851431627
9054,2020-05-10,0.019013963415443258,0.9809860365845567
9055,2020-05-10,0.011265027998972332,0.9887349720010277
9056,2020-05-10,0.015030647314882795,0.9849693526851172
9057,2020-05-10,0.012845202286882573,0.9871547977131174
9058,2020-05-10,0.013876221928627697,0.9861237780713723
9059,2020-05-10,0.018383727589968535,0.9816162724100315
9060,2020-05-10,0.032508152729090245,0.9674918472709098
9061,2020-05-10,0.01949182686603912,0.9805081731339609
9062,2020-05-10,0.004816868001028762,0.9951831319989712
9063,2020-05-10,0.0343194785897768,0.9656805214102232
9064,2020-05-10,0.007728218958022115,0.9922717810419779
9065,2020-05-10,0.010701455287996486,0.9892985447120035
9066,2020-05-10,0.014892061124924583,0.9851079388750754
9067,2020-05-10,0.014213058547387969,0.985786941452612
9068,2020-05-10,0.009228832058306491,0.9907711679416935
9069,2020-05-10,0.046846546810141554,0.9531534531898584
9071,2020-05-10,0.026369641197755755,0.9736303588022442
9072,2020-05-10,0.037049199470696736,0.9629508005293033
9073,2020-05-10,0.007816187822783593,0.9921838121772164
9074,2020-05-10,0.006545187074907033,0.993454812925093
9075,2020-05-10,0.024306153486234106,0.9756938465137659
9076,2020-05-10,0.015749099318667414,0.9842509006813326
9077,2020-05-10,0.025375760208176112,0.9746242397918239
9078,2020-05-10,0.009737331508231417,0.9902626684917686
9079,2020-05-10,0.007461715542343428,0.9925382844576566
9080,2020-05-10,0.017567150506860307,0.9824328494931397
9081,2020-05-10,0.050362941320760246,0.9496370586792398
9082,2020-05-10,0.026410777901370364,0.9735892220986296
9083,2020-05-10,0.03272322139293582,0.9672767786070642
9084,2020-05-10,0.016971452491321593,0.9830285475086784
9085,2020-05-10,0.010693143707025454,0.9893068562929745
9086,2020-05-10,0.03291879127889319,0.9670812087211068
9088,2020-05-10,0.022467341367812144,0.9775326586321879
9089,2020-05-10,0.0047475059716131085,0.9952524940283869
9090,2020-05-10,0.030837874747712934,0.9691621252522871
9091,2020-05-10,0.02560526818075537,0.9743947318192446
9092,2020-05-10,0.03392724136432823,0.9660727586356718
9093,2020-05-10,0.00832379007358186,0.9916762099264181
9094,2020-05-10,0.005738215743226416,0.9942617842567736
9095,2020-05-10,0.019153669467376955,0.980846330532623
9096,2020-05-10,0.02378210878254894,0.9762178912174511
9097,2020-05-10,0.016696193633769174,0.9833038063662308
9098,2020-05-10,0.007219410781694524,0.9927805892183055
9099,2020-05-10,0.010630769791267314,0.9893692302087327
9100,2020-05-10,0.004167699495506438,0.9958323005044936
9101,2020-05-10,0.013186046054510459,0.9868139539454895
9102,2020-05-10,0.0037204700109063626,0.9962795299890936
9103,2020-05-10,0.023288003838362492,0.9767119961616375
9104,2020-05-10,0.0029133551136604208,0.9970866448863396
9105,2020-05-10,0.011298902438305891,0.9887010975616941
9106,2020-05-10,0.010556206160260984,0.989443793839739
9107,2020-05-10,0.009003662275543278,0.9909963377244567
9108,2020-05-10,0.016406385874335516,0.9835936141256645
9109,2020-05-10,0.023615740509015604,0.9763842594909844
9110,2020-05-10,0.042773532123288716,0.9572264678767113
9111,2020-05-10,0.021339450785141767,0.9786605492148582
9112,2020-05-10,0.012269896758709375,0.9877301032412906
9113,2020-05-10,0.003618713972661336,0.9963812860273387
9114,2020-05-10,0.02316419232198008,0.9768358076780199
9115,2020-05-10,0.019381523353572017,0.980618476646428
9116,2020-05-10,0.011331374911838998,0.988668625088161
9117,2020-05-10,0.024808770115108847,0.9751912298848912
9118,2020-05-10,0.027792499798417136,0.9722075002015829
9119,2020-05-10,0.011624328290368635,0.9883756717096314
9120,2020-05-10,0.019258166980630764,0.9807418330193692
9121,2020-05-10,0.0034258245389555686,0.9965741754610444
9124,2020-05-10,0.014683889761975766,0.9853161102380242
9125,2020-05-10,0.006723252701548943,0.9932767472984511
9126,2020-05-10,0.019540461432289824,0.9804595385677102
9128,2020-05-10,0.005634464665983718,0.9943655353340163
9129,2020-05-10,0.01775214028200478,0.9822478597179952
9130,2020-05-10,0.010761180277698346,0.9892388197223017
9131,2020-05-10,0.00862546529798991,0.9913745347020101
9133,2020-05-10,0.046708615393727726,0.9532913846062723
9134,2020-05-10,0.01908529815338622,0.9809147018466138
9135,2020-05-10,0.006221486885398919,0.9937785131146011
9136,2020-05-10,0.013777727177788912,0.9862222728222111
9137,2020-05-10,0.011286976259429204,0.9887130237405708
9138,2020-05-10,0.01322520909488445,0.9867747909051156
9139,2020-05-10,0.014362998052395493,0.9856370019476045
9140,2020-05-10,0.00883354152076854,0.9911664584792315
9141,2020-05-10,0.003999223064527602,0.9960007769354724
9142,2020-05-10,0.010439037346007485,0.9895609626539925
9144,2020-05-10,0.0518043191056381,0.9481956808943619
9145,2020-05-10,0.038879319841488624,0.9611206801585114
9146,2020-05-10,0.01202364359029462,0.9879763564097054
9147,2020-05-10,0.004508853047698436,0.9954911469523016
9148,2020-05-10,0.010224568989179783,0.9897754310108202
9149,2020-05-10,0.005618455458611615,0.9943815445413884
9150,2020-05-10,0.011541138819114782,0.9884588611808852
9151,2020-05-10,0.011944321921095624,0.9880556780789044
9152,2020-05-10,0.04462107242238467,0.9553789275776153
9153,2020-05-10,0.03490545022383795,0.965094549776162
9154,2020-05-10,0.013573132099317986,0.986426867900682
9155,2020-05-10,0.018978891588162794,0.9810211084118372
9156,2020-05-10,0.016578809773312275,0.9834211902266877
9158,2020-05-10,0.006343665859289471,0.9936563341407105
9159,2020-05-10,0.01961730539530293,0.9803826946046971
9160,2020-05-10,0.00881605600062052,0.9911839439993795
9161,2020-05-10,0.009107456468487762,0.9908925435315122
9162,2020-05-10,0.0077244866157158976,0.9922755133842841
9164,2020-05-10,0.0036577483347155493,0.9963422516652845
9165,2020-05-10,0.012430312879602168,0.9875696871203978
9166,2020-05-10,0.004654644219299731,0.9953453557807003
9167,2020-05-10,0.07442788600677386,0.9255721139932261
9168,2020-05-10,0.017842825013440144,0.9821571749865599
9169,2020-05-10,0.006176864615347277,0.9938231353846527
9170,2020-05-10,0.027375603615906963,0.972624396384093
9171,2020-05-10,0.07366191976551617,0.9263380802344838
9174,2020-05-10,0.009187345731397678,0.9908126542686023
9175,2020-05-10,0.016167828384087146,0.9838321716159129
9176,2020-05-10,0.026492346362903096,0.9735076536370969
9177,2020-05-10,0.018145579948831148,0.9818544200511689
9178,2020-05-10,0.041855213471778674,0.9581447865282213
9179,2020-05-10,0.024498656250104944,0.9755013437498951
9180,2020-05-10,0.005945031567270664,0.9940549684327293
9181,2020-05-10,0.02201953239534271,0.9779804676046573
9182,2020-05-10,0.011248281688630457,0.9887517183113695
9183,2020-05-10,0.004656758065082478,0.9953432419349175
9184,2020-05-10,0.007707384399035622,0.9922926156009644
9185,2020-05-10,0.0038457164740911542,0.9961542835259088
9186,2020-05-10,0.02073572939719115,0.9792642706028089
9187,2020-05-10,0.027678840586516262,0.9723211594134837
9188,2020-05-10,0.005399388175990616,0.9946006118240094
9189,2020-05-10,0.003281063557300179,0.9967189364426998
9190,2020-05-10,0.004033483504923829,0.9959665164950762
9191,2020-05-10,0.020748138542557193,0.9792518614574428
9194,2020-05-10,0.0029295557969897246,0.9970704442030103
9195,2020-05-10,0.03476405594192167,0.9652359440580783
9196,2020-05-10,0.00550231309051219,0.9944976869094878
9197,2020-05-10,0.05303880369820957,0.9469611963017904
9198,2020-05-10,0.027344312671526927,0.9726556873284731
9199,2020-05-10,0.05747009719006024,0.9425299028099398
9201,2020-05-10,0.014616962812511347,0.9853830371874887
9202,2020-05-10,0.015200800149655858,0.9847991998503441
9203,2020-05-10,0.0099138649297561,0.9900861350702439
9204,2020-05-10,0.012786507222733445,0.9872134927772666
9205,2020-05-10,0.04177191109258782,0.9582280889074122
9206,2020-05-10,0.08143394489522926,0.9185660551047707
9208,2020-05-10,0.011927241434669167,0.9880727585653308
9209,2020-05-10,0.0115509134460825,0.9884490865539175
9210,2020-05-10,0.015081723219135257,0.9849182767808647
9211,2020-05-10,0.03388802635515897,0.966111973644841
9212,2020-05-10,0.030046363827644917,0.9699536361723551
9214,2020-05-10,0.012955579780062787,0.9870444202199372
9215,2020-05-10,0.007822058843849233,0.9921779411561508
9216,2020-05-10,0.032962000899433685,0.9670379991005663
9217,2020-05-10,0.016998950154787917,0.9830010498452121
9218,2020-05-10,0.007110556358910447,0.9928894436410896
9219,2020-05-10,0.004831916816073645,0.9951680831839264
9220,2020-05-10,0.03464992838159919,0.9653500716184008
9221,2020-05-10,0.017574908466300165,0.9824250915336998
9222,2020-05-10,0.01756287014134772,0.9824371298586523
9223,2020-05-10,0.016189736361494567,0.9838102636385054
9224,2020-05-10,0.029099070007635675,0.9709009299923643
9225,2020-05-10,0.007361720615764011,0.992638279384236
9226,2020-05-10,0.06276030222257312,0.9372396977774269
9227,2020-05-10,0.0468152896194477,0.9531847103805523
9228,2020-05-10,0.03639056471555269,0.9636094352844473
9229,2020-05-10,0.004444411907069679,0.9955555880929303
9230,2020-05-10,0.13339976202160275,0.8666002379783972
9231,2020-05-10,0.007463884620815819,0.9925361153791842
9232,2020-05-10,0.011554810998035236,0.9884451890019648
9233,2020-05-10,0.010153685758930497,0.9898463142410695
9234,2020-05-10,0.022143950229757015,0.977856049770243
9235,2020-05-10,0.025600029107467948,0.974399970892532
9236,2020-05-10,0.022746020072417772,0.9772539799275822
9237,2020-05-10,0.03358544017041398,0.966414559829586
9238,2020-05-10,0.022901904578506715,0.9770980954214933
9239,2020-05-10,0.011923244040994097,0.9880767559590059
9240,2020-05-10,0.011369626170556701,0.9886303738294433
9241,2020-05-10,0.014918154703520092,0.9850818452964799
9242,2020-05-10,0.08344343685950029,0.9165565631404997
9243,2020-05-10,0.029948940677280378,0.9700510593227196
9244,2020-05-10,0.025733861066238206,0.9742661389337618
9245,2020-05-10,0.003672731836987797,0.9963272681630122
9246,2020-05-10,0.050354912036000954,0.949645087963999
9247,2020-05-10,0.013621280788627455,0.9863787192113725
9248,2020-05-10,0.017216602025662553,0.9827833979743374
9249,2020-05-10,0.04074953484331856,0.9592504651566814
9251,2020-05-10,0.013020790762078849,0.9869792092379212
9252,2020-05-10,0.01699740705484365,0.9830025929451564
9253,2020-05-10,0.008539295354354826,0.9914607046456452
9254,2020-05-10,0.013654556929429185,0.9863454430705708
9255,2020-05-10,0.020295495589943036,0.979704504410057
9257,2020-05-10,0.008210540373889241,0.9917894596261108
9258,2020-05-10,0.018024718604097045,0.981975281395903
9259,2020-05-10,0.03271728577621047,0.9672827142237895
9260,2020-05-10,0.14676095929454314,0.8532390407054569
9261,2020-05-10,0.0008794126036013594,0.9991205873963986
9262,2020-05-10,0.018702934003786198,0.9812970659962138
9263,2020-05-10,0.024649587948947116,0.9753504120510529
9264,2020-05-10,0.019519535215501205,0.9804804647844988
9265,2020-05-10,0.01245834058912576,0.9875416594108742
9266,2020-05-10,0.02769795047040835,0.9723020495295916
9267,2020-05-10,0.017310117135663772,0.9826898828643362
9268,2020-05-10,0.008971209610437736,0.9910287903895623
9269,2020-05-10,0.016013522728489882,0.9839864772715101
9271,2020-05-10,0.023432214681068264,0.9765677853189317
9272,2020-05-10,0.030294617147908043,0.969705382852092
9274,2020-05-10,0.011874228738633308,0.9881257712613667
9275,2020-05-10,0.01133526159086562,0.9886647384091344
9276,2020-05-10,0.020980805660260615,0.9790191943397394
9277,2020-05-10,0.003188347406999137,0.9968116525930009
9278,2020-05-10,0.024705651115852434,0.9752943488841476
9279,2020-05-10,0.012030280707671426,0.9879697192923286
9280,2020-05-10,0.027361331542234857,0.9726386684577651
9281,2020-05-10,0.07634109412912393,0.9236589058708761
9282,2020-05-10,0.011730503684133642,0.9882694963158664
9283,2020-05-10,0.007724293136865512,0.9922757068631345
9284,2020-05-10,0.006719983459887002,0.993280016540113
9285,2020-05-10,0.009967811682902616,0.9900321883170974
9286,2020-05-10,0.003657144063820006,0.99634285593618
9287,2020-05-10,0.025080920762700742,0.9749190792372993
9288,2020-05-10,0.013919348962833977,0.986080651037166
9289,2020-05-10,0.019525019399841193,0.9804749806001588
9290,2020-05-10,0.007917260362219403,0.9920827396377806
9291,2020-05-10,0.012774127463825669,0.9872258725361743
9292,2020-05-10,0.001686026561416254,0.9983139734385837
9293,2020-05-10,0.04017420920800441,0.9598257907919956
9294,2020-05-10,0.0347042667366253,0.9652957332633747
9296,2020-05-10,0.025240854632230803,0.9747591453677692
9297,2020-05-10,0.015583884331090148,0.9844161156689099
9298,2020-05-10,0.007487671542964147,0.9925123284570359
9299,2020-05-10,0.004056708794399899,0.9959432912056001
9301,2020-05-10,0.04770918126879975,0.9522908187312003
9302,2020-05-10,0.03773055311048168,0.9622694468895183
9303,2020-05-10,0.03152459786025941,0.9684754021397406
9305,2020-05-10,0.009644622446208229,0.9903553775537918
9306,2020-05-10,0.00904380911322522,0.9909561908867748
9307,2020-05-10,0.026605474280897656,0.9733945257191023
9308,2020-05-10,0.011455895421810136,0.9885441045781899
9310,2020-05-10,0.01134819859789371,0.9886518014021063
9311,2020-05-10,0.01063185108408693,0.9893681489159131
9312,2020-05-10,0.0039555848728966,0.9960444151271034
9313,2020-05-10,0.008804282959651188,0.9911957170403488
9314,2020-05-10,0.0064375122975759425,0.9935624877024241
9316,2020-05-10,0.024339197936966595,0.9756608020630334
9317,2020-05-10,0.03172512959078422,0.9682748704092158
9319,2020-05-10,0.01040435761978753,0.9895956423802125
9320,2020-05-10,0.022610604281327773,0.9773893957186722
9322,2020-05-10,0.005648809030437518,0.9943511909695625
9323,2020-05-10,0.00923960374985422,0.9907603962501458
9325,2020-05-10,0.024919375476210814,0.9750806245237892
9326,2020-05-10,0.03367144456931459,0.9663285554306854
9328,2020-05-10,0.007444183192560572,0.9925558168074394
9329,2020-05-10,0.013886462205228267,0.9861135377947717
9330,2020-05-10,0.030209227608835043,0.969790772391165
9331,2020-05-10,0.012439212479393502,0.9875607875206065
9332,2020-05-10,0.006880211943584125,0.9931197880564159
9333,2020-05-10,0.011035376332088287,0.9889646236679117
9334,2020-05-10,0.016979338850499626,0.9830206611495004
9335,2020-05-10,0.026010522241613487,0.9739894777583865
9336,2020-05-10,0.05578657997855507,0.9442134200214449
9337,2020-05-10,0.03486766702056643,0.9651323329794336
9338,2020-05-10,0.0020777240170535283,0.9979222759829465
9339,2020-05-10,0.06740641475694531,0.9325935852430547
9340,2020-05-10,0.002899548822810516,0.9971004511771895
9341,2020-05-10,0.0047256864666247456,0.9952743135333753
9342,2020-05-10,0.02212394034234688,0.9778760596576531
9343,2020-05-10,0.039767745732524507,0.9602322542674755
9344,2020-05-10,0.100869865154819,0.899130134845181
9345,2020-05-10,0.0710370220467943,0.9289629779532057
9346,2020-05-10,0.025611222723960547,0.9743887772760395
9347,2020-05-10,0.02955776374513408,0.9704422362548659
9348,2020-05-10,0.01766923210263016,0.9823307678973698
9351,2020-05-10,0.011015475120027318,0.9889845248799727
9352,2020-05-10,0.023177827355744474,0.9768221726442555
9353,2020-05-10,0.030502195957067046,0.969497804042933
9354,2020-05-10,0.005454992967259598,0.9945450070327404
9355,2020-05-10,0.019205673773653897,0.9807943262263461
9356,2020-05-10,0.06843834014537431,0.9315616598546257
9357,2020-05-10,0.010377569885326676,0.9896224301146733
9358,2020-05-10,0.0026401135642797335,0.9973598864357203
9359,2020-05-10,0.002967005041962234,0.9970329949580378
9360,2020-05-10,0.036895269251998264,0.9631047307480017
9361,2020-05-10,0.004403941431967873,0.9955960585680321
9362,2020-05-10,0.0013214761085311721,0.9986785238914688
9364,2020-05-10,0.0031116812541165384,0.9968883187458835
9365,2020-05-10,0.08424471261061894,0.9157552873893811
9366,2020-05-10,0.002901932004345853,0.9970980679956541
9368,2020-05-10,0.03999599480943716,0.9600040051905628
9369,2020-05-10,0.01107767750325872,0.9889223224967413
9371,2020-05-10,0.01030137898571204,0.989698621014288
9373,2020-05-10,0.015609119002346294,0.9843908809976537
9374,2020-05-10,0.007866899217541468,0.9921331007824585
9375,2020-05-10,0.002261614761380537,0.9977383852386195
9376,2020-05-10,0.0056505784293613415,0.9943494215706387
9378,2020-05-10,0.01413039669336047,0.9858696033066395
9379,2020-05-10,0.010492361579604315,0.9895076384203957
9380,2020-05-10,0.03168943739435015,0.9683105626056498
9381,2020-05-10,0.00929816468509348,0.9907018353149065
9382,2020-05-10,0.03003967656236195,0.969960323437638
9383,2020-05-10,0.008641852382141102,0.9913581476178589
9385,2020-05-10,0.0070633147142564745,0.9929366852857435
9386,2020-05-10,0.009986562471165139,0.9900134375288349
9387,2020-05-10,0.0038637898949045457,0.9961362101050955
9388,2020-05-10,0.04152116482772361,0.9584788351722764
9389,2020-05-10,0.015017947111612306,0.9849820528883877
9390,2020-05-10,0.0179965836835132,0.9820034163164868
9391,2020-05-10,0.015721550678155838,0.9842784493218442
9392,2020-05-10,0.01646218955608858,0.9835378104439114
9393,2020-05-10,0.019901929590139367,0.9800980704098606
9394,2020-05-10,0.04816130981538791,0.9518386901846121
9396,2020-05-10,0.00505288800825654,0.9949471119917435
9397,2020-05-10,0.02153598937324286,0.9784640106267571
9398,2020-05-10,0.0028605911888077706,0.9971394088111922
9399,2020-05-10,0.010872272598689059,0.9891277274013109
9400,2020-05-10,0.005086321805709337,0.9949136781942907
9402,2020-05-10,0.019623241835247773,0.9803767581647522
9403,2020-05-10,0.016471847216353197,0.9835281527836468
9404,2020-05-10,0.0025973697431637133,0.9974026302568363
9405,2020-05-10,0.04898948066149711,0.9510105193385029
9407,2020-05-10,0.011369764193739695,0.9886302358062603
9408,2020-05-10,0.015369227747428216,0.9846307722525718
9409,2020-05-10,0.04491777590631263,0.9550822240936874
9410,2020-05-10,0.003949601346304954,0.996050398653695
9411,2020-05-10,0.022902975632485112,0.9770970243675149
9412,2020-05-10,0.020809289786082763,0.9791907102139172
9413,2020-05-10,0.029209599755514293,0.9707904002444857
9414,2020-05-10,0.007907167900163325,0.9920928320998367
9415,2020-05-10,0.011433042716944786,0.9885669572830552
9416,2020-05-10,0.019978129808064793,0.9800218701919352
9417,2020-05-10,0.011082024098854393,0.9889179759011456
9418,2020-05-10,0.037239739488671986,0.962760260511328
9420,2020-05-10,0.005210842737279786,0.9947891572627202
9421,2020-05-10,0.04306318111530216,0.9569368188846978
9422,2020-05-10,0.008050759972665245,0.9919492400273348
9426,2020-05-10,0.010776697771228805,0.9892233022287712
9427,2020-05-10,0.008135570417130089,0.9918644295828699
9428,2020-05-10,0.0313462802358645,0.9686537197641355
9430,2020-05-10,0.03531565431345707,0.9646843456865429
9431,2020-05-10,0.03494431902737294,0.9650556809726271
9432,2020-05-10,0.006407726955111714,0.9935922730448883
9433,2020-05-10,0.01719927630821516,0.9828007236917848
9434,2020-05-10,0.01187570072147548,0.9881242992785245
9435,2020-05-10,0.03175987321475138,0.9682401267852486
9436,2020-05-10,0.018542010619554627,0.9814579893804454
9437,2020-05-10,0.013098079172359278,0.9869019208276407
9438,2020-05-10,0.037509214431637905,0.9624907855683621
9439,2020-05-10,0.031153743985069093,0.9688462560149309
9440,2020-05-10,0.003392940431818703,0.9966070595681813
9442,2020-05-10,0.021288729219482883,0.9787112707805171
9443,2020-05-10,0.014457112674952866,0.9855428873250471
9444,2020-05-10,0.03132339946025109,0.9686766005397489
9445,2020-05-10,0.011548682662642085,0.9884513173373579
9446,2020-05-10,0.008299235241803316,0.9917007647581967
9447,2020-05-10,0.0041351176509075716,0.9958648823490924
9448,2020-05-10,0.06100981547692341,0.9389901845230766
9449,2020-05-10,0.019615011062092957,0.980384988937907
9450,2020-05-10,0.03411693793265236,0.9658830620673476
9451,2020-05-10,0.0031431374915225074,0.9968568625084775
9452,2020-05-10,0.010878420492215768,0.9891215795077842
9453,2020-05-10,0.00940051696097366,0.9905994830390263
9454,2020-05-10,0.02933373973317266,0.9706662602668273
9455,2020-05-10,0.0054791910521128084,0.9945208089478872
9456,2020-05-10,0.039294764941184446,0.9607052350588156
9457,2020-05-10,0.02778310098817116,0.9722168990118288
9458,2020-05-10,0.009437571870502315,0.9905624281294977
9459,2020-05-10,0.0022171483764922284,0.9977828516235078
9460,2020-05-10,0.008403355385531275,0.9915966446144687
9461,2020-05-10,0.013287318883662191,0.9867126811163378
9462,2020-05-10,0.0021980899892173333,0.9978019100107827
9463,2020-05-10,0.00898750466502074,0.9910124953349793
9464,2020-05-10,0.013666815143356326,0.9863331848566437
9465,2020-05-10,0.016872332628790954,0.983127667371209
9466,2020-05-10,0.0099907231616716,0.9900092768383284
9467,2020-05-10,0.011905186220493746,0.9880948137795063
9468,2020-05-10,0.01728370212682151,0.9827162978731785
9469,2020-05-10,0.011959540083081088,0.9880404599169189
9470,2020-05-10,0.0136393772211717,0.9863606227788283
9471,2020-05-10,0.009012531550969594,0.9909874684490304
9472,2020-05-10,0.0032010406042041195,0.9967989593957959
9473,2020-05-10,0.0024844520572560036,0.997515547942744
9474,2020-05-10,0.00831999284033591,0.9916800071596641
9475,2020-05-10,0.004473558662828392,0.9955264413371716
9476,2020-05-10,0.023249469050568905,0.9767505309494311
9477,2020-05-10,0.005687831224374329,0.9943121687756257
9478,2020-05-10,0.01223689581823173,0.9877631041817683
9479,2020-05-10,0.03392988878429759,0.9660701112157024
9480,2020-05-10,0.07030381786965756,0.9296961821303424
9481,2020-05-10,0.002602663065969457,0.9973973369340305
9482,2020-05-10,0.025130257375514997,0.974869742624485
9483,2020-05-10,0.01502664544167609,0.9849733545583239
9485,2020-05-10,0.0048491076739497485,0.9951508923260503
9486,2020-05-10,0.023371918722661422,0.9766280812773386
9487,2020-05-10,0.012423139134863814,0.9875768608651362
9488,2020-05-10,0.02335504238673436,0.9766449576132656
9489,2020-05-10,0.024813930184963917,0.9751860698150361
9490,2020-05-10,0.018910001609477978,0.981089998390522
9492,2020-05-10,0.030084830793430273,0.9699151692065697
9494,2020-05-10,0.006674964592643939,0.9933250354073561
9495,2020-05-10,0.011553441656545371,0.9884465583434546
9496,2020-05-10,0.020604400914254306,0.9793955990857457
9497,2020-05-10,0.017314224768763653,0.9826857752312363
9498,2020-05-10,0.01772879220406598,0.982271207795934
9499,2020-05-10,0.01363153029041042,0.9863684697095896
9500,2020-05-10,0.020909787360241294,0.9790902126397587
9501,2020-05-10,0.020463491345778406,0.9795365086542216
9503,2020-05-10,0.02354356348956288,0.9764564365104371
9504,2020-05-10,0.01659939280469591,0.9834006071953041
9505,2020-05-10,0.010894058268626106,0.9891059417313739
9506,2020-05-10,0.008020231368470632,0.9919797686315294
9507,2020-05-10,0.009352027629005444,0.9906479723709946
9508,2020-05-10,0.03247135152270886,0.9675286484772911
9509,2020-05-10,0.023028203642841083,0.9769717963571589
9510,2020-05-10,0.017352983203796524,0.9826470167962035
9511,2020-05-10,0.008467998275997646,0.9915320017240024
9512,2020-05-10,0.054465191447018335,0.9455348085529817
9513,2020-05-10,0.00575179448319485,0.9942482055168052
9514,2020-05-10,0.010682158891470062,0.9893178411085299
9515,2020-05-10,0.002509105636542386,0.9974908943634576
9516,2020-05-10,0.0014157318437134636,0.9985842681562865
9517,2020-05-10,0.060302637122920166,0.9396973628770798
9518,2020-05-10,0.018561278857932573,0.9814387211420674
9519,2020-05-10,0.0038627086298299584,0.99613729137017
9520,2020-05-10,0.04400669349462494,0.9559933065053751
9521,2020-05-10,0.004654454693276522,0.9953455453067235
9523,2020-05-10,0.004954576233982877,0.9950454237660171
9524,2020-05-10,0.005820484123529868,0.9941795158764701
9525,2020-05-10,0.022854515475160264,0.9771454845248397
9526,2020-05-10,0.07398675231541807,0.9260132476845819
9527,2020-05-10,0.027842821563662135,0.9721571784363379
9528,2020-05-10,0.016246434011021216,0.9837535659889788
9529,2020-05-10,0.010909795930781674,0.9890902040692183
9530,2020-05-10,0.031527450268211576,0.9684725497317884
9531,2020-05-10,0.011291633838097836,0.9887083661619022
9532,2020-05-10,0.004411137629900974,0.995588862370099
9533,2020-05-10,0.00821143672292457,0.9917885632770754
9534,2020-05-10,0.049908919379123784,0.9500910806208762
9535,2020-05-10,0.03024274834932761,0.9697572516506724
9536,2020-05-10,0.031023558400692486,0.9689764415993075
9537,2020-05-10,0.0155128019487768,0.9844871980512232
9538,2020-05-10,0.018717997916346207,0.9812820020836538
9539,2020-05-10,0.05476287976141525,0.9452371202385847
9540,2020-05-10,0.023260438375751646,0.9767395616242484
9541,2020-05-10,0.008861156617753219,0.9911388433822468
9543,2020-05-10,0.016013363527899727,0.9839866364721003
9544,2020-05-10,0.031803548134092696,0.9681964518659073
9545,2020-05-10,0.03894129467718266,0.9610587053228173
9546,2020-05-10,0.02126789136531182,0.9787321086346882
9547,2020-05-10,0.024486002991279343,0.9755139970087207
9548,2020-05-10,0.013846131342383106,0.9861538686576169
9549,2020-05-10,0.016184739363470535,0.9838152606365295
9550,2020-05-10,0.03503454320719257,0.9649654567928074
9551,2020-05-10,0.006843412528573123,0.9931565874714269
9552,2020-05-10,0.02449709340597961,0.9755029065940204
9554,2020-05-10,0.02582266525747179,0.9741773347425282
9555,2020-05-10,0.0035738427789693272,0.9964261572210307
9556,2020-05-10,0.006110760493069245,0.9938892395069308
9558,2020-05-10,0.03692044399114203,0.963079556008858
9559,2020-05-10,0.031210518078186977,0.968789481921813
9560,2020-05-10,0.04829815235171897,0.951701847648281
9561,2020-05-10,0.03249727967536231,0.9675027203246377
9564,2020-05-10,0.019741145306287455,0.9802588546937125
9565,2020-05-10,0.01646849975591369,0.9835315002440863
9566,2020-05-10,0.01251254347048436,0.9874874565295156
9567,2020-05-10,0.03836183244156788,0.9616381675584321
9568,2020-05-10,0.06606789622770637,0.9339321037722936
9569,2020-05-10,0.015023805486731656,0.9849761945132683
9570,2020-05-10,0.008269724696882919,0.9917302753031171
9571,2020-05-10,0.025414588361815427,0.9745854116381846
9572,2020-05-10,0.013490347770718003,0.986509652229282
9573,2020-05-10,0.01640999616744576,0.9835900038325542
9574,2020-05-10,0.018153004149167318,0.9818469958508327
9575,2020-05-10,0.020480746737334243,0.9795192532626658
9576,2020-05-10,0.02798538440990672,0.9720146155900933
9577,2020-05-10,0.017160463780003687,0.9828395362199963
9578,2020-05-10,0.009309470824663157,0.9906905291753368
9579,2020-05-10,0.019369558995121716,0.9806304410048783
9581,2020-05-10,0.04954668026481934,0.9504533197351807
9582,2020-05-10,0.014024217493707747,0.9859757825062923
9583,2020-05-10,0.0036773279963104866,0.9963226720036895
9584,2020-05-10,0.013664907817114602,0.9863350921828854
9585,2020-05-10,0.005578823937808841,0.9944211760621912
9586,2020-05-10,0.015196756201283468,0.9848032437987165
9588,2020-05-10,0.011475086954972458,0.9885249130450275
9589,2020-05-10,0.012161613345510802,0.9878383866544892
9590,2020-05-10,0.01891176432820696,0.981088235671793
9591,2020-05-10,0.039510803470390266,0.9604891965296097
9592,2020-05-10,0.010169789154819364,0.9898302108451806
9593,2020-05-10,0.026300404894726293,0.9736995951052737
9594,2020-05-10,0.006457770427114373,0.9935422295728856
9595,2020-05-10,0.017584478161696615,0.9824155218383034
9596,2020-05-10,0.014398388448843669,0.9856016115511563
9597,2020-05-10,0.007475724100638792,0.9925242758993612
9598,2020-05-10,0.021245904839473972,0.978754095160526
9600,2020-05-10,0.08772807882644484,0.9122719211735552
9601,2020-05-10,0.014905238351537009,0.985094761648463
9602,2020-05-10,0.02214669497988464,0.9778533050201154
9603,2020-05-10,0.04061042915408819,0.9593895708459118
9604,2020-05-10,0.008752653754085404,0.9912473462459146
9605,2020-05-10,0.006791371248552336,0.9932086287514477
9606,2020-05-10,0.009878680005691698,0.9901213199943083
9609,2020-05-10,0.03016132781646752,0.9698386721835325
9610,2020-05-10,0.0408191941725341,0.9591808058274659
9611,2020-05-10,0.013073856322771027,0.986926143677229
9613,2020-05-10,0.014843911884217853,0.9851560881157821
9614,2020-05-10,0.04057794776980017,0.9594220522301998
9616,2020-05-10,0.029612452510916376,0.9703875474890836
9617,2020-05-10,0.004245838659585277,0.9957541613404147
9619,2020-05-10,0.01626793577919372,0.9837320642208063
9620,2020-05-10,0.039075530246619916,0.9609244697533801
9621,2020-05-10,0.0065668120027979615,0.993433187997202
9622,2020-05-10,0.07617459434895635,0.9238254056510437
9623,2020-05-10,0.003385205012405468,0.9966147949875945
9624,2020-05-10,0.012076816826922854,0.9879231831730771
9625,2020-05-10,0.0037773262085298853,0.9962226737914701
9626,2020-05-10,0.01103381223956501,0.988966187760435
9628,2020-05-10,0.1205859274244262,0.8794140725755738
9629,2020-05-10,0.005274829980494888,0.9947251700195051
9630,2020-05-10,0.005218223793509447,0.9947817762064906
9631,2020-05-10,0.0200623629486556,0.9799376370513444
9632,2020-05-10,0.07413144194658838,0.9258685580534116
9633,2020-05-10,0.018501680866737535,0.9814983191332625
9634,2020-05-10,0.024673757764256954,0.975326242235743
9635,2020-05-10,0.008481802385465476,0.9915181976145345
9636,2020-05-10,0.03131491462708147,0.9686850853729185
9637,2020-05-10,0.010107458450814955,0.989892541549185
9638,2020-05-10,0.017700557735942368,0.9822994422640576
9639,2020-05-10,0.005315713292944224,0.9946842867070558
9640,2020-05-10,0.011184610519784255,0.9888153894802157
9641,2020-05-10,0.014602315752122785,0.9853976842478772
9642,2020-05-10,0.002348557293282205,0.9976514427067178
9643,2020-05-10,0.0022703099278885697,0.9977296900721114
9644,2020-05-10,0.004230300010538257,0.9957696999894617
9645,2020-05-10,0.012512953731403598,0.9874870462685964
9646,2020-05-10,0.003399085910259614,0.9966009140897404
9647,2020-05-10,0.009849358451329726,0.9901506415486703
9648,2020-05-10,0.011073963190109226,0.9889260368098908
9649,2020-05-10,0.01848872717992278,0.9815112728200772
9650,2020-05-10,0.00809942271122388,0.9919005772887761
9651,2020-05-10,0.0008711332079532896,0.9991288667920467
9652,2020-05-10,0.005890280593116248,0.9941097194068838
9653,2020-05-10,0.019357044360194142,0.9806429556398059
9655,2020-05-10,0.015458246291540023,0.98454175370846
9657,2020-05-10,0.008189492168865331,0.9918105078311347
9658,2020-05-10,0.013598353517225159,0.9864016464827748
9659,2020-05-10,0.08004310207983123,0.9199568979201688
9660,2020-05-10,0.009831231625189951,0.99016876837481
9661,2020-05-10,0.03690353679604608,0.9630964632039539
9662,2020-05-10,0.016638091692273038,0.983361908307727
9663,2020-05-10,0.014967707832821087,0.9850322921671789
9664,2020-05-10,0.008194070852292845,0.9918059291477072
9665,2020-05-10,0.019233665531893984,0.980766334468106
9666,2020-05-10,0.029514852108777356,0.9704851478912226
9667,2020-05-10,0.006497059967286223,0.9935029400327138
9668,2020-05-10,0.011626035329118878,0.9883739646708811
9670,2020-05-10,0.009286430029147863,0.9907135699708521
9671,2020-05-10,0.011929756916846168,0.9880702430831538
9672,2020-05-10,0.03462069474868523,0.9653793052513148
9673,2020-05-10,0.028910044794000833,0.9710899552059992
9674,2020-05-10,0.0111563544600215,0.9888436455399785
9675,2020-05-10,0.0026247837823772935,0.9973752162176227
9676,2020-05-10,0.02506667665522566,0.9749333233447743
9677,2020-05-10,0.011772621849505893,0.9882273781504941
9678,2020-05-10,0.016778379679235123,0.9832216203207649
9679,2020-05-10,0.013467581124815942,0.9865324188751841
9680,2020-05-10,0.009524279008751302,0.9904757209912487
9681,2020-05-10,0.012446975680212136,0.9875530243197879
9682,2020-05-10,0.028031557563460652,0.9719684424365393
9684,2020-05-10,0.0071266190194930745,0.9928733809805069
9685,2020-05-10,0.0424688547144394,0.9575311452855606
9686,2020-05-10,0.07717128399082818,0.9228287160091718
9688,2020-05-10,0.009330797564229276,0.9906692024357707
9689,2020-05-10,0.008539828190002319,0.9914601718099977
9690,2020-05-10,0.010650017345308016,0.989349982654692
9691,2020-05-10,0.007240750994775169,0.9927592490052248
9692,2020-05-10,0.016971899109851862,0.9830281008901481
9693,2020-05-10,0.006629871043950075,0.9933701289560499
9694,2020-05-10,0.011545294714498722,0.9884547052855013
9695,2020-05-10,0.024783791355913465,0.9752162086440865
9696,2020-05-10,0.004789241526990784,0.9952107584730092
9697,2020-05-10,0.012431028161911106,0.9875689718380889
9699,2020-05-10,0.003215720459477711,0.9967842795405223
9700,2020-05-10,0.01683645518951471,0.9831635448104853
9701,2020-05-10,0.019159071596862254,0.9808409284031377
9702,2020-05-10,0.01621281811815478,0.9837871818818452
9703,2020-05-10,0.010493813462126966,0.989506186537873
9704,2020-05-10,0.03465349470300616,0.9653465052969938
9705,2020-05-10,0.006159588442674391,0.9938404115573256
9706,2020-05-10,0.014529933055843713,0.9854700669441563
9707,2020-05-10,0.008527435645996007,0.991472564354004
9708,2020-05-10,0.0075367752072027505,0.9924632247927972
9709,2020-05-10,0.02228317333891139,0.9777168266610886
9710,2020-05-10,0.03198983123698451,0.9680101687630155
9711,2020-05-10,0.009618743752960901,0.9903812562470391
9712,2020-05-10,0.0254060027397488,0.9745939972602512
9713,2020-05-10,0.006692342787157024,0.993307657212843
9714,2020-05-10,0.023189282419391555,0.9768107175806084
9715,2020-05-10,0.015436469964782096,0.9845635300352179
9716,2020-05-10,0.00941461121395415,0.9905853887860459
9717,2020-05-10,0.024327945846560728,0.9756720541534393
9718,2020-05-10,0.01244293394343099,0.987557066056569
9719,2020-05-10,0.02357493158232815,0.9764250684176718
9720,2020-05-10,0.004139741494510019,0.99586025850549
9721,2020-05-10,0.009805195364417596,0.9901948046355824
9722,2020-05-10,0.01025880351736097,0.989741196482639
9723,2020-05-10,0.012561267632126727,0.9874387323678733
9724,2020-05-10,0.015596774789763956,0.984403225210236
9725,2020-05-10,0.01698805609065046,0.9830119439093495
9726,2020-05-10,0.011570520232790815,0.9884294797672092
9727,2020-05-10,0.005757423114974514,0.9942425768850255
9728,2020-05-10,0.021985639855759853,0.9780143601442401
9729,2020-05-10,0.050113261365005046,0.949886738634995
9730,2020-05-10,0.0136931549457866,0.9863068450542134
9731,2020-05-10,0.00597320666465051,0.9940267933353495
9732,2020-05-10,0.00978816862460874,0.9902118313753913
9733,2020-05-10,0.005137649594596505,0.9948623504054035
9734,2020-05-10,0.04500315913968156,0.9549968408603184
9735,2020-05-10,0.01688041015128605,0.983119589848714
9736,2020-05-10,0.006465813122680464,0.9935341868773195
9737,2020-05-10,0.004924713450247031,0.995075286549753
9738,2020-05-10,0.07728552099750285,0.9227144790024971
9739,2020-05-10,0.008699775543475119,0.9913002244565249
9740,2020-05-10,0.01266467327053633,0.9873353267294637
9741,2020-05-10,0.0777503238505749,0.9222496761494251
9742,2020-05-10,0.02480338172458807,0.9751966182754119
9743,2020-05-10,0.014408504761910912,0.9855914952380891
9744,2020-05-10,0.002825134724414813,0.9971748652755852
9745,2020-05-10,0.019184124279721826,0.9808158757202782
9746,2020-05-10,0.00320068072898938,0.9967993192710106
9747,2020-05-10,0.004197450610421205,0.9958025493895788
9748,2020-05-10,0.013811133283026522,0.9861888667169735
9749,2020-05-10,0.009093731314596787,0.9909062686854032
9750,2020-05-10,0.006940675870801161,0.9930593241291988
9751,2020-05-10,0.044989494538828056,0.9550105054611719
9752,2020-05-10,0.002379745442869896,0.9976202545571301
9753,2020-05-10,0.04511859942513663,0.9548814005748634
9754,2020-05-10,0.011512294051462701,0.9884877059485373
9755,2020-05-10,0.024007847952339123,0.9759921520476609
9756,2020-05-10,0.0031913721735944423,0.9968086278264056
9757,2020-05-10,0.03481493087356902,0.965185069126431
9758,2020-05-10,0.0026385235519028605,0.9973614764480971
9759,2020-05-10,0.0195338182915179,0.9804661817084821
9760,2020-05-10,0.04272055575114353,0.9572794442488565
9761,2020-05-10,0.007686320837143823,0.9923136791628562
9762,2020-05-10,0.003965084022731102,0.9960349159772689
9763,2020-05-10,0.002903586353151355,0.9970964136468486
9764,2020-05-10,0.024410651512524195,0.9755893484874758
9765,2020-05-10,0.02711545582903152,0.9728845441709685
9766,2020-05-10,0.019689104598435647,0.9803108954015644
9767,2020-05-10,0.02027514037048761,0.9797248596295124
9768,2020-05-10,0.011863053220866449,0.9881369467791336
9769,2020-05-10,0.013952264711771911,0.9860477352882281
9770,2020-05-10,0.021481725426531373,0.9785182745734686
9771,2020-05-10,0.006452525615995408,0.9935474743840046
9772,2020-05-10,0.0027535316805803456,0.9972464683194197
9773,2020-05-10,0.04639541840826811,0.9536045815917319
9774,2020-05-10,0.04657775938941522,0.9534222406105848
9775,2020-05-10,0.005733540592643194,0.9942664594073568
9776,2020-05-10,0.007281964335845048,0.992718035664155
9777,2020-05-10,0.03376898446239551,0.9662310155376045
9778,2020-05-10,0.06250683431149118,0.9374931656885088
9779,2020-05-10,0.010689899254776147,0.9893101007452239
9780,2020-05-10,0.004181768436656297,0.9958182315633437
9781,2020-05-10,0.001534902631641133,0.9984650973683589
9783,2020-05-10,0.01430008417405726,0.9856999158259427
9784,2020-05-10,0.00924350172927313,0.9907564982707269
9785,2020-05-10,0.003800567871419025,0.996199432128581
9786,2020-05-10,0.011578583962029265,0.9884214160379707
9787,2020-05-10,0.012682567306721793,0.9873174326932782
9788,2020-05-10,0.02540777022670737,0.9745922297732926
9789,2020-05-10,0.012079729263104189,0.9879202707368958
9790,2020-05-10,0.006889440761662646,0.9931105592383374
9791,2020-05-10,0.012755559238859182,0.9872444407611408
9792,2020-05-10,0.011864711541714534,0.9881352884582855
9793,2020-05-10,0.027004699088646555,0.9729953009113534
9794,2020-05-10,0.051988101158857214,0.9480118988411428
9795,2020-05-10,0.018711402643298403,0.9812885973567016
9796,2020-05-10,0.051396402299372035,0.948603597700628
9797,2020-05-10,0.016476998294374767,0.9835230017056252
9799,2020-05-10,0.014644353067719384,0.9853556469322806
9800,2020-05-10,0.0179531999972814,0.9820468000027186
9801,2020-05-10,0.008884904475443656,0.9911150955245563
9802,2020-05-10,0.031302241205649284,0.9686977587943507
9803,2020-05-10,0.025890629546062693,0.9741093704539373
9804,2020-05-10,0.002487097031778407,0.9975129029682216
9805,2020-05-10,0.09334299809312019,0.9066570019068798
9806,2020-05-10,0.03244947028389822,0.9675505297161018
9807,2020-05-10,0.0054159324224470895,0.9945840675775529
9808,2020-05-10,0.04097065756755358,0.9590293424324464
9810,2020-05-10,0.010865064174961359,0.9891349358250386
9811,2020-05-10,0.031212112663839497,0.9687878873361605
9812,2020-05-10,0.00557122308763458,0.9944287769123654
9813,2020-05-10,0.025870468452712903,0.9741295315472871
9814,2020-05-10,0.009888672491334183,0.9901113275086658
9816,2020-05-10,0.007312267866852684,0.9926877321331473
9817,2020-05-10,0.01292892843719784,0.9870710715628022
9818,2020-05-10,0.006635655047332989,0.993364344952667
9819,2020-05-10,0.022174182690111843,0.9778258173098882
9820,2020-05-10,0.004070925764972477,0.9959290742350275
9821,2020-05-10,0.010098644297046433,0.9899013557029536
9822,2020-05-10,0.011157242685164825,0.9888427573148352
9823,2020-05-10,0.008613817480189745,0.9913861825198103
9824,2020-05-10,0.01783964754602052,0.9821603524539795
9825,2020-05-10,0.1465624654517379,0.8534375345482621
9826,2020-05-10,0.00913333492263424,0.9908666650773658
9827,2020-05-10,0.003214053450847798,0.9967859465491522
9828,2020-05-10,0.005537213465632407,0.9944627865343676
9829,2020-05-10,0.0013798407704285198,0.9986201592295715
9830,2020-05-10,0.006309795821710429,0.9936902041782896
9831,2020-05-10,0.0052035582602462105,0.9947964417397538
9832,2020-05-10,0.009378941896216908,0.9906210581037831
9833,2020-05-10,0.007101601319345785,0.9928983986806542
9834,2020-05-10,0.01045443918739597,0.989545560812604
9835,2020-05-10,0.013505997618603716,0.9864940023813963
9836,2020-05-10,0.01213043266237901,0.987869567337621
9837,2020-05-10,0.007842270419617825,0.9921577295803822
9838,2020-05-10,0.014066585624621042,0.985933414375379
9839,2020-05-10,0.011503754264487798,0.9884962457355122
9840,2020-05-10,0.06698653699582569,0.9330134630041743
9841,2020-05-10,0.02008072328084931,0.9799192767191507
9842,2020-05-10,0.002845235713682892,0.9971547642863171
9843,2020-05-10,0.04115671869720572,0.9588432813027943
9844,2020-05-10,0.004949915287987383,0.9950500847120126
9846,2020-05-10,0.01728133269893317,0.9827186673010668
9847,2020-05-10,0.015804065746229168,0.9841959342537708
9849,2020-05-10,0.006171454454516168,0.9938285455454838
9851,2020-05-10,0.006458491842794012,0.993541508157206
9852,2020-05-10,0.0018123063157733377,0.9981876936842267
9853,2020-05-10,0.034748350501002334,0.9652516494989977
9856,2020-05-10,0.03473853371277802,0.965261466287222
9857,2020-05-10,0.014535930909704176,0.9854640690902958
9858,2020-05-10,0.006101274454147321,0.9938987255458527
9859,2020-05-10,0.021937555177261703,0.9780624448227383
9860,2020-05-10,0.014038708282519519,0.9859612917174805
9861,2020-05-10,0.0064131637642891315,0.9935868362357109
9862,2020-05-10,0.011509238966182389,0.9884907610338176
9863,2020-05-10,0.0034987933682482097,0.9965012066317518
9864,2020-05-10,0.03884123975012399,0.961158760249876
9865,2020-05-10,0.031289360493075846,0.9687106395069242
9867,2020-05-10,0.013040090626931122,0.9869599093730689
9868,2020-05-10,0.030155245798531682,0.9698447542014683
9869,2020-05-10,0.02290810276313371,0.9770918972368663
9870,2020-05-10,0.0378192425338858,0.9621807574661142
9871,2020-05-10,0.00936494066844673,0.9906350593315533
9872,2020-05-10,0.005243057938477458,0.9947569420615225
9873,2020-05-10,0.016724218580407957,0.983275781419592
9874,2020-05-10,0.0035564182880020168,0.996443581711998
9875,2020-05-10,0.0027955000850122813,0.9972044999149877
9876,2020-05-10,0.02152934676298479,0.9784706532370152
9877,2020-05-10,0.03915541061167416,0.9608445893883258
9878,2020-05-10,0.03835937034769332,0.9616406296523067
9879,2020-05-10,0.018204692295249125,0.9817953077047509
9880,2020-05-10,0.02257826182841083,0.9774217381715892
9881,2020-05-10,0.010608514368205979,0.989391485631794
9882,2020-05-10,0.002970236781944413,0.9970297632180556
9883,2020-05-10,0.03336356927055617,0.9666364307294438
9884,2020-05-10,0.030669884291443683,0.9693301157085563
9885,2020-05-10,0.08022563156748463,0.9197743684325154
9886,2020-05-10,0.010116868238739807,0.9898831317612602
9887,2020-05-10,0.014191883562455154,0.9858081164375448
9888,2020-05-10,0.013130329418522324,0.9868696705814777
9889,2020-05-10,0.004643342421626562,0.9953566575783734
9890,2020-05-10,0.014872641276387322,0.9851273587236127
9891,2020-05-10,0.004004246861420646,0.9959957531385794
9892,2020-05-10,0.009312190398433895,0.9906878096015661
9893,2020-05-10,0.009024398694834734,0.9909756013051653
9895,2020-05-10,0.0015142865374188075,0.9984857134625812
9896,2020-05-10,0.03936429983192424,0.9606357001680758
9897,2020-05-10,0.054030165447571776,0.9459698345524282
9898,2020-05-10,0.004035802397096666,0.9959641976029033
9899,2020-05-10,0.01378115175568606,0.9862188482443139
9900,2020-05-10,0.014673997203875744,0.9853260027961243
9901,2020-05-10,0.015590401474019022,0.984409598525981
9902,2020-05-10,0.022786052064914686,0.9772139479350853
9903,2020-05-10,0.003600815206452168,0.9963991847935478
9904,2020-05-10,0.019667292700217276,0.9803327072997827
9905,2020-05-10,0.0109402443838581,0.9890597556161419
9906,2020-05-10,0.014192368846360437,0.9858076311536396
9907,2020-05-10,0.005507640362261812,0.9944923596377382
9908,2020-05-10,0.01632597566828653,0.9836740243317135
9909,2020-05-10,0.019456878842118552,0.9805431211578814
9911,2020-05-10,0.009059537645755067,0.9909404623542449
9912,2020-05-10,0.010958087900177937,0.9890419120998221
9913,2020-05-10,0.010567844252394099,0.9894321557476059
9914,2020-05-10,0.01350183037066044,0.9864981696293396
9915,2020-05-10,0.005698256172692151,0.9943017438273078
9916,2020-05-10,0.00531333032150294,0.9946866696784971
9917,2020-05-10,0.02247964034478267,0.9775203596552173
9918,2020-05-10,0.046694172330308814,0.9533058276696912
9919,2020-05-10,0.0064378014318775545,0.9935621985681224
9920,2020-05-10,0.015482605602961552,0.9845173943970384
9921,2020-05-10,0.05799377573503994,0.9420062242649601
9922,2020-05-10,0.005748704762177037,0.994251295237823
9923,2020-05-10,0.015499068963160556,0.9845009310368394
9924,2020-05-10,0.004134054886607785,0.9958659451133922
9925,2020-05-10,0.022735450231224696,0.9772645497687753
9927,2020-05-10,0.007874754997857836,0.9921252450021422
9928,2020-05-10,0.04415801803547559,0.9558419819645244
9929,2020-05-10,0.039228919126846895,0.9607710808731531
9930,2020-05-10,0.014151014222766767,0.9858489857772332
9931,2020-05-10,0.016647697190338095,0.9833523028096619
9932,2020-05-10,0.026921012513165588,0.9730789874868344
9933,2020-05-10,0.024239706134280503,0.9757602938657195
9934,2020-05-10,0.015479666348311327,0.9845203336516887
9936,2020-05-10,0.03654402129390988,0.9634559787060901
9937,2020-05-10,0.004803814752264435,0.9951961852477356
9938,2020-05-10,0.05727497891637856,0.9427250210836214
9939,2020-05-10,0.009779904447445142,0.9902200955525549
9940,2020-05-10,0.024170290777144166,0.9758297092228558
9941,2020-05-10,0.07907378832671175,0.9209262116732883
9942,2020-05-10,0.00749526106808307,0.9925047389319169
9943,2020-05-10,0.05061218254288724,0.9493878174571128
9944,2020-05-10,0.01826612707938291,0.9817338729206171
9945,2020-05-10,0.01778356041185991,0.9822164395881401
9947,2020-05-10,0.00906181261440231,0.9909381873855977
9949,2020-05-10,0.01070070803546741,0.9892992919645326
9950,2020-05-10,0.011731850668010968,0.988268149331989
9951,2020-05-10,0.025912785748584355,0.9740872142514156
9952,2020-05-10,0.0020618371614576914,0.9979381628385423
9953,2020-05-10,0.009490899941051123,0.9905091000589489
9954,2020-05-10,0.017509419417828798,0.9824905805821712
9956,2020-05-10,0.008095161057490863,0.9919048389425091
9957,2020-05-10,0.08449411810024476,0.9155058818997552
9958,2020-05-10,0.014598139996001125,0.9854018600039989
9959,2020-05-10,0.021888889942836998,0.978111110057163
9960,2020-05-10,0.013969966683994639,0.9860300333160054
9961,2020-05-10,0.043612120824084166,0.9563878791759158
9963,2020-05-10,0.00843304426513225,0.9915669557348677
9964,2020-05-10,0.02166207043800139,0.9783379295619986
9965,2020-05-10,0.0049993278727833435,0.9950006721272167
9967,2020-05-10,0.014506727293850274,0.9854932727061497
9968,2020-05-10,0.007865067869491038,0.992134932130509
9969,2020-05-10,0.01863355224296237,0.9813664477570376
9970,2020-05-10,0.0038021488249891933,0.9961978511750108
9971,2020-05-10,0.05059714055034903,0.949402859449651
9972,2020-05-10,0.013126898602120018,0.98687310139788
9973,2020-05-10,0.02021104926825157,0.9797889507317484
9975,2020-05-10,0.019610811554690466,0.9803891884453095
9977,2020-05-10,0.012177559302897545,0.9878224406971025
9978,2020-05-10,0.011479063619527663,0.9885209363804723
9979,2020-05-10,0.0409120999196827,0.9590879000803173
9980,2020-05-10,0.019067413001810807,0.9809325869981892
9981,2020-05-10,0.01585196147696899,0.984148038523031
9982,2020-05-10,0.003923151399261693,0.9960768486007383
9983,2020-05-10,0.00407898078100466,0.9959210192189953
9984,2020-05-10,0.012917139404121314,0.9870828605958787
9985,2020-05-10,0.006511820972008087,0.9934881790279919
9986,2020-05-10,0.022161604260352852,0.9778383957396471
9987,2020-05-10,0.04492455553261221,0.9550754444673878
9988,2020-05-10,0.0032498411959266393,0.9967501588040734
9989,2020-05-10,0.01226785550792775,0.9877321444920723
9990,2020-05-10,0.015121333444592433,0.9848786665554076
9991,2020-05-10,0.004912870819507864,0.9950871291804921
9992,2020-05-10,0.020725656157180694,0.9792743438428193
9993,2020-05-10,0.02636482921519534,0.9736351707848047
9994,2020-05-10,0.02825986757452703,0.971740132425473
9995,2020-05-10,0.04444862116556525,0.9555513788344348
9996,2020-05-10,0.017917714040263655,0.9820822859597363
9997,2020-05-10,0.018619372641260568,0.9813806273587394
9999,2020-05-10,0.005148510777217563,0.9948514892227824
10000,2020-05-10,0.012324237733011056,0.9876757622669889
10002,2020-05-10,0.04869041963907883,0.9513095803609212
10004,2020-05-10,0.05301883285149611,0.9469811671485039
10005,2020-05-10,0.01153707084111677,0.9884629291588832
10006,2020-05-10,0.005906514445668587,0.9940934855543314
10007,2020-05-10,0.05554908704543815,0.9444509129545618
10008,2020-05-10,0.0038784461167622464,0.9961215538832378
10009,2020-05-10,0.013220941612685166,0.9867790583873148
10010,2020-05-10,0.019419884385297737,0.9805801156147023
10012,2020-05-10,0.01915007849301853,0.9808499215069815
10013,2020-05-10,0.004547502219587551,0.9954524977804124
10014,2020-05-10,0.011877055794309643,0.9881229442056904
10015,2020-05-10,0.045030212333203035,0.954969787666797
10016,2020-05-10,0.011726441952084388,0.9882735580479156
10018,2020-05-10,0.0239959556920587,0.9760040443079413
10019,2020-05-10,0.0021892874768755233,0.9978107125231245
10021,2020-05-10,0.045376769748372126,0.9546232302516279
10022,2020-05-10,0.025671977743303986,0.974328022256696
10023,2020-05-10,0.0039835266578168715,0.9960164733421831
10024,2020-05-10,0.05433719801356718,0.9456628019864328
10025,2020-05-10,0.01787115107189763,0.9821288489281024
10026,2020-05-10,0.0049120455419904285,0.9950879544580096
10027,2020-05-10,0.021440263381183433,0.9785597366188166
10028,2020-05-10,0.0073416315274418276,0.9926583684725582
10029,2020-05-10,0.00912189245960382,0.9908781075403962
10030,2020-05-10,0.003045545724952081,0.9969544542750479
10031,2020-05-10,0.013617039626199423,0.9863829603738006
10032,2020-05-10,0.006857949279921116,0.9931420507200789
10033,2020-05-10,0.014069783643205436,0.9859302163567946
10034,2020-05-10,0.021252257859414425,0.9787477421405856
10035,2020-05-10,0.022481097197215805,0.9775189028027842
10036,2020-05-10,0.035534548610921535,0.9644654513890785
10038,2020-05-10,0.009309859242188412,0.9906901407578116
10039,2020-05-10,0.007250909427466645,0.9927490905725334
10040,2020-05-10,0.01897419131516276,0.9810258086848372
10041,2020-05-10,0.014499143359348876,0.9855008566406511
10042,2020-05-10,0.009845956089148289,0.9901540439108517
10043,2020-05-10,0.000982205198798325,0.9990177948012017
10044,2020-05-10,0.013060133014148323,0.9869398669858517
10045,2020-05-10,0.020604431080162966,0.979395568919837
10046,2020-05-10,0.015015876887167323,0.9849841231128327
10048,2020-05-10,0.013445468637739988,0.98655453136226
10049,2020-05-10,0.004488466999080121,0.9955115330009199
10050,2020-05-10,0.006721586140368441,0.9932784138596316
10051,2020-05-10,0.011243711847441107,0.9887562881525589
10052,2020-05-10,0.004261054668322162,0.9957389453316778
10053,2020-05-10,0.02207610176510466,0.9779238982348953
10054,2020-05-10,0.09781463048692574,0.9021853695130743
10055,2020-05-10,0.005905687424850425,0.9940943125751496
10056,2020-05-10,0.019922737579976535,0.9800772624200235
10057,2020-05-10,0.004222476636424388,0.9957775233635756
10058,2020-05-10,0.05740360703414693,0.9425963929658531
10059,2020-05-10,0.008986490402689618,0.9910135095973104
10060,2020-05-10,0.025689041761391085,0.9743109582386089
10061,2020-05-10,0.0066058964145901955,0.9933941035854098
10062,2020-05-10,0.006780468159187203,0.9932195318408128
10063,2020-05-10,0.016694124628990448,0.9833058753710096
10065,2020-05-10,0.003726599990455548,0.9962734000095445
10066,2020-05-10,0.0038097181645503353,0.9961902818354497
10067,2020-05-10,0.009497195609263986,0.990502804390736
10068,2020-05-10,0.010851909479485111,0.9891480905205149
10069,2020-05-10,0.00742672149347523,0.9925732785065248
10070,2020-05-10,0.02254896807360618,0.9774510319263938
10071,2020-05-10,0.004760958717721975,0.995239041282278
10073,2020-05-10,0.011265866913158784,0.9887341330868412
10074,2020-05-10,0.0071021145229981375,0.9928978854770019
10075,2020-05-10,0.0032862000185965856,0.9967137999814034
10076,2020-05-10,0.028218296495720163,0.9717817035042798
10077,2020-05-10,0.011427637176106176,0.9885723628238938
10079,2020-05-10,0.016420460587147412,0.9835795394128526
10080,2020-05-10,0.018389651840034382,0.9816103481599656
10081,2020-05-10,0.0089205462628964,0.9910794537371036
10082,2020-05-10,0.06758926861462333,0.9324107313853767
10083,2020-05-10,0.010913738693765773,0.9890862613062342
10085,2020-05-10,0.0148116620830262,0.9851883379169738
10086,2020-05-10,0.01865912438873074,0.9813408756112693
10087,2020-05-10,0.0558696801683668,0.9441303198316332
10088,2020-05-10,0.015629623294501238,0.9843703767054988
10089,2020-05-10,0.041642250348685406,0.9583577496513146
10090,2020-05-10,0.009765205719051373,0.9902347942809486
10091,2020-05-10,0.007517687474241752,0.9924823125257582
10092,2020-05-10,0.054287951543900315,0.9457120484560997
10093,2020-05-10,0.005849473650606507,0.9941505263493935
10094,2020-05-10,0.01657832514970914,0.9834216748502909
10095,2020-05-10,0.006952225177022431,0.9930477748229776
10096,2020-05-10,0.008340243044172913,0.9916597569558271
10097,2020-05-10,0.018743030931798743,0.9812569690682013
10098,2020-05-10,0.01614433938278026,0.9838556606172197
10099,2020-05-10,0.0026530124071308947,0.9973469875928691
10100,2020-05-10,0.014855716901039484,0.9851442830989605
10101,2020-05-10,0.007509409633671971,0.992490590366328
10102,2020-05-10,0.007382629148864006,0.992617370851136
10104,2020-05-10,0.0140189166209308,0.9859810833790692
10105,2020-05-10,0.04380675522018629,0.9561932447798137
10106,2020-05-10,0.06293773473609343,0.9370622652639066
10107,2020-05-10,0.018175934189865517,0.9818240658101345
10108,2020-05-10,0.027055962854874993,0.972944037145125
10110,2020-05-10,0.008234469731493554,0.9917655302685064
10111,2020-05-10,0.015905120051268207,0.9840948799487318
10112,2020-05-10,0.007755860708759776,0.9922441392912402
10113,2020-05-10,0.039082441982833505,0.9609175580171665
10114,2020-05-10,0.0182764482394161,0.9817235517605839
10115,2020-05-10,0.04511451210403661,0.9548854878959634
10116,2020-05-10,0.0031256091624753957,0.9968743908375246
10117,2020-05-10,0.013409370052553049,0.986590629947447
10118,2020-05-10,0.02429343643438675,0.9757065635656132
10119,2020-05-10,0.019490831336793746,0.9805091686632063
10121,2020-05-10,0.025250656147394412,0.9747493438526056
10122,2020-05-10,0.0028587886370143867,0.9971412113629856
10123,2020-05-10,0.029292796857112502,0.9707072031428875
10124,2020-05-10,0.004449265514095191,0.9955507344859048
10125,2020-05-10,0.017720891179902054,0.982279108820098
10126,2020-05-10,0.0055354670264029515,0.994464532973597
10127,2020-05-10,0.025287334115810745,0.9747126658841893
10128,2020-05-10,0.01347238661737371,0.9865276133826263
10129,2020-05-10,0.027101636896755932,0.9728983631032441
10130,2020-05-10,0.011146126517835642,0.9888538734821644
10131,2020-05-10,0.040948898973707015,0.959051101026293
10132,2020-05-10,0.007069931179210287,0.9929300688207897
10134,2020-05-10,0.02589098276045554,0.9741090172395445
10135,2020-05-10,0.010863284780617377,0.9891367152193826
10136,2020-05-10,0.005769998266969223,0.9942300017330308
10137,2020-05-10,0.025246586805149462,0.9747534131948505
10138,2020-05-10,0.011625899508034387,0.9883741004919656
10139,2020-05-10,0.012352466498004921,0.9876475335019951
10140,2020-05-10,0.017624831304220323,0.9823751686957797
10141,2020-05-10,0.011838177591202648,0.9881618224087974
10143,2020-05-10,0.044548517136482224,0.9554514828635178
10144,2020-05-10,0.008861071435010026,0.99113892856499
10145,2020-05-10,0.0525202068431917,0.9474797931568083
10146,2020-05-10,0.012065274778627733,0.9879347252213723
10147,2020-05-10,0.0030184996155935284,0.9969815003844065
10148,2020-05-10,0.04403978876705439,0.9559602112329456
10149,2020-05-10,0.005925919287046888,0.9940740807129531
10150,2020-05-10,0.0079470594792318,0.9920529405207682
10151,2020-05-10,0.003992421209600083,0.9960075787903999
10152,2020-05-10,0.003543705728757174,0.9964562942712428
10153,2020-05-10,0.012974287855909816,0.9870257121440902
10154,2020-05-10,0.0365712954211358,0.9634287045788642
10155,2020-05-10,0.0008304609261957641,0.9991695390738042
10156,2020-05-10,0.017375174436163987,0.982624825563836
10157,2020-05-10,0.03400076889830195,0.965999231101698
10158,2020-05-10,0.013593146449382365,0.9864068535506176
10159,2020-05-10,0.019520332069798196,0.9804796679302018
10160,2020-05-10,0.008310672126685459,0.9916893278733145
10161,2020-05-10,0.020601944123258775,0.9793980558767412
10162,2020-05-10,0.005722893121862027,0.994277106878138
10163,2020-05-10,0.029993159636517164,0.9700068403634828
10164,2020-05-10,0.024764537607196435,0.9752354623928036
10165,2020-05-10,0.03126966958811528,0.9687303304118847
10166,2020-05-10,0.02247711393631413,0.9775228860636859
10167,2020-05-10,0.02523279509617793,0.9747672049038221
10168,2020-05-10,0.03233236487459601,0.967667635125404
10169,2020-05-10,0.0021003895725181243,0.9978996104274819
10170,2020-05-10,0.004480965142721893,0.9955190348572781
10171,2020-05-10,0.021212344411731254,0.9787876555882687
10172,2020-05-10,0.00813017177213704,0.991869828227863
10173,2020-05-10,0.028021751637118508,0.9719782483628815
10174,2020-05-10,0.03354250301299966,0.9664574969870003
10175,2020-05-10,0.00820682838321185,0.9917931716167881
10176,2020-05-10,0.003337087109196446,0.9966629128908036
10177,2020-05-10,0.014372659529278797,0.9856273404707212
10178,2020-05-10,0.01632686585139076,0.9836731341486092
10180,2020-05-10,0.007165269798705687,0.9928347302012943
10181,2020-05-10,0.040482364683711025,0.959517635316289
10182,2020-05-10,0.007141373184006317,0.9928586268159937
10183,2020-05-10,0.0067885648593278836,0.9932114351406721
10184,2020-05-10,0.04620665590479278,0.9537933440952072
10185,2020-05-10,0.03214232535484218,0.9678576746451578
10186,2020-05-10,0.03409545085909571,0.9659045491409043
10187,2020-05-10,0.01147169230219447,0.9885283076978055
10188,2020-05-10,0.028924003735131154,0.9710759962648688
10189,2020-05-10,0.015268738097852896,0.9847312619021471
10190,2020-05-10,0.008097711811806407,0.9919022881881936
10191,2020-05-10,0.07185726678481974,0.9281427332151803
10193,2020-05-10,0.03830990412116264,0.9616900958788374
10194,2020-05-10,0.008542374722332435,0.9914576252776676
10195,2020-05-10,0.01923423746780184,0.9807657625321982
10196,2020-05-10,0.037519540192170964,0.962480459807829
10197,2020-05-10,0.01304640586849004,0.98695359413151
10198,2020-05-10,0.021136519326635073,0.9788634806733649
10199,2020-05-10,0.009167281528884352,0.9908327184711156
10200,2020-05-10,0.001893708936432037,0.998106291063568
10201,2020-05-10,0.01252350668830493,0.9874764933116951
10202,2020-05-10,0.006693744326850881,0.9933062556731491
10203,2020-05-10,0.024632930644573836,0.9753670693554262
10204,2020-05-10,0.022282344510999197,0.9777176554890008
10206,2020-05-10,0.013572573030408375,0.9864274269695916
10207,2020-05-10,0.004761687486391275,0.9952383125136087
10208,2020-05-10,0.017511050124780603,0.9824889498752194
10209,2020-05-10,0.014074844887578375,0.9859251551124216
10210,2020-05-10,0.0041803255707796305,0.9958196744292204
10211,2020-05-10,0.06517521491009348,0.9348247850899065
10212,2020-05-10,0.030972417602553204,0.9690275823974468
10213,2020-05-10,0.014268237863535704,0.9857317621364643
10214,2020-05-10,0.017119911892447548,0.9828800881075525
10215,2020-05-10,0.03456472518682563,0.9654352748131744
10216,2020-05-10,0.009758980197477785,0.9902410198025222
10218,2020-05-10,0.014325552282265286,0.9856744477177347
10219,2020-05-10,0.013781072454154386,0.9862189275458456
10220,2020-05-10,0.0030960338864580716,0.9969039661135419
10221,2020-05-10,0.01282053796372784,0.9871794620362722
10222,2020-05-10,0.005440504807128543,0.9945594951928715
10223,2020-05-10,0.011292521306229153,0.9887074786937708
10224,2020-05-10,0.0049395966197868235,0.9950604033802132
10225,2020-05-10,0.029127509417262054,0.970872490582738
10226,2020-05-10,0.02596802317135183,0.9740319768286482
10227,2020-05-10,0.001762081579477548,0.9982379184205225
10228,2020-05-10,0.031059568436852203,0.9689404315631478
10229,2020-05-10,0.011154034104631338,0.9888459658953687
10230,2020-05-10,0.049741906610241804,0.9502580933897582
10231,2020-05-10,0.003947597041122908,0.9960524029588771
10232,2020-05-10,0.01751374622656976,0.9824862537734302
10233,2020-05-10,0.012719896622319204,0.9872801033776808
10234,2020-05-10,0.012897357258411235,0.9871026427415888
10235,2020-05-10,0.01439918627213399,0.985600813727866
10236,2020-05-10,0.00916266053919812,0.9908373394608019
10237,2020-05-10,0.009760629093047202,0.9902393709069528
10238,2020-05-10,0.00942528468650039,0.9905747153134996
10239,2020-05-10,0.0537193086454163,0.9462806913545837
10240,2020-05-10,0.02746572980088391,0.9725342701991161
10241,2020-05-10,0.027042815357361194,0.9729571846426388
10242,2020-05-10,0.007596230040583407,0.9924037699594166
10243,2020-05-10,0.004569993757941759,0.9954300062420582
10245,2020-05-10,0.007244979255889961,0.99275502074411
10246,2020-05-10,0.011719400024993276,0.9882805999750067
10247,2020-05-10,0.002410862951908621,0.9975891370480914
10248,2020-05-10,0.008181029361200354,0.9918189706387996
10249,2020-05-10,0.018884641551527803,0.9811153584484722
10250,2020-05-10,0.002932489886325662,0.9970675101136743
10251,2020-05-10,0.004850244963802486,0.9951497550361975
10252,2020-05-10,0.012660562384349094,0.9873394376156509
10253,2020-05-10,0.04035382713745961,0.9596461728625404
10255,2020-05-10,0.03251517138228022,0.9674848286177198
10256,2020-05-10,0.018830419232042872,0.9811695807679571
10257,2020-05-10,0.10464090678357285,0.8953590932164271
10258,2020-05-10,0.02946431557233342,0.9705356844276666
10259,2020-05-10,0.003110500996293286,0.9968894990037067
10261,2020-05-10,0.011936401514356154,0.9880635984856438
10262,2020-05-10,0.020471152798468673,0.9795288472015313
10263,2020-05-10,0.0027878345177621,0.9972121654822379
10264,2020-05-10,0.06617520922052689,0.9338247907794731
10265,2020-05-10,0.04613176167440303,0.953868238325597
10267,2020-05-10,0.020392752461562025,0.979607247538438
10268,2020-05-10,0.041887785792638854,0.9581122142073611
10269,2020-05-10,0.011582951445163414,0.9884170485548366
10271,2020-05-10,0.020676599653757455,0.9793234003462425
10272,2020-05-10,0.018559319783707617,0.9814406802162924
10273,2020-05-10,0.0020336598742169976,0.997966340125783
10274,2020-05-10,0.026602786105981435,0.9733972138940186
10275,2020-05-10,0.0043648165475556056,0.9956351834524444
10276,2020-05-10,0.010944941384454232,0.9890550586155458
10277,2020-05-10,0.03410472120882557,0.9658952787911744
10278,2020-05-10,0.0030086110818174916,0.9969913889181825
10279,2020-05-10,0.011982771474065235,0.9880172285259348
10280,2020-05-10,0.011410873478873595,0.9885891265211264
10281,2020-05-10,0.0035692869132248894,0.9964307130867751
10282,2020-05-10,0.009970916066129543,0.9900290839338705
10283,2020-05-10,0.013570974859882234,0.9864290251401178
10284,2020-05-10,0.006380244801703849,0.9936197551982962
10285,2020-05-10,0.012091162207091166,0.9879088377929088
10286,2020-05-10,0.003135010576773567,0.9968649894232264
10287,2020-05-10,0.008299290662151404,0.9917007093378486
10288,2020-05-10,0.036419147688171116,0.9635808523118289
10289,2020-05-10,0.02278894979160362,0.9772110502083964
10290,2020-05-10,0.008888839145852034,0.991111160854148
10291,2020-05-10,0.005279216007956999,0.994720783992043
10292,2020-05-10,0.00752639515292719,0.9924736048470728
10293,2020-05-10,0.004361400982476282,0.9956385990175237
10295,2020-05-10,0.027694666080981478,0.9723053339190185
10296,2020-05-10,0.0405669723563884,0.9594330276436116
10297,2020-05-10,0.005794198871024836,0.9942058011289752
10298,2020-05-10,0.021309138461325317,0.9786908615386747
10299,2020-05-10,0.008660182106740688,0.9913398178932593
10300,2020-05-10,0.014537165236768956,0.985462834763231
10301,2020-05-10,0.02012418128181681,0.9798758187181832
10302,2020-05-10,0.0032167363275491523,0.9967832636724508
10303,2020-05-10,0.007343623995098025,0.992656376004902
10304,2020-05-10,0.028668963871899322,0.9713310361281007
10305,2020-05-10,0.022857003396678177,0.9771429966033218
10306,2020-05-10,0.016564661245458856,0.9834353387545411
10307,2020-05-10,0.04896862193537532,0.9510313780646247
10308,2020-05-10,0.0036543253181715585,0.9963456746818284
10309,2020-05-10,0.004548322474473565,0.9954516775255264
10310,2020-05-10,0.003352777919526373,0.9966472220804736
10311,2020-05-10,0.027951652712150943,0.9720483472878491
10312,2020-05-10,0.02656746113468722,0.9734325388653128
10313,2020-05-10,0.02366072806243491,0.9763392719375651
10315,2020-05-10,0.0036518648653912633,0.9963481351346087
10316,2020-05-10,0.004569077390611631,0.9954309226093884
10317,2020-05-10,0.005846650768013828,0.9941533492319862
10318,2020-05-10,0.025623982571730153,0.9743760174282698
10319,2020-05-10,0.025714728043364943,0.9742852719566351
10320,2020-05-10,0.006916064019905743,0.9930839359800943
10321,2020-05-10,0.05845835202044802,0.941541647979552
10322,2020-05-10,0.033920748882985796,0.9660792511170142
10323,2020-05-10,0.004852515031077309,0.9951474849689227
10324,2020-05-10,0.006023848581563573,0.9939761514184364
10325,2020-05-10,0.008329578265863669,0.9916704217341363
10326,2020-05-10,0.016526141372843695,0.9834738586271563
10327,2020-05-10,0.01716312242214757,0.9828368775778524
10328,2020-05-10,0.03167167022259443,0.9683283297774056
10330,2020-05-10,0.04870903305596419,0.9512909669440358
10332,2020-05-10,0.009049017693823491,0.9909509823061765
10334,2020-05-10,0.021285493604225825,0.9787145063957742
10335,2020-05-10,0.007112846398091177,0.9928871536019088
10336,2020-05-10,0.023466880343768204,0.9765331196562318
10337,2020-05-10,0.01930626182052242,0.9806937381794776
10338,2020-05-10,0.014234608968898721,0.9857653910311013
10339,2020-05-10,0.022760788314639457,0.9772392116853605
10340,2020-05-10,0.02006612869354185,0.9799338713064581
10341,2020-05-10,0.025091748328920582,0.9749082516710794
10342,2020-05-10,0.0038571697260882942,0.9961428302739117
10343,2020-05-10,0.007758053642818674,0.9922419463571813
10344,2020-05-10,0.029758064774133675,0.9702419352258663
10345,2020-05-10,0.009578870108430393,0.9904211298915696
10346,2020-05-10,0.02870693905914734,0.9712930609408527
10348,2020-05-10,0.0036186456343689777,0.996381354365631
10349,2020-05-10,0.01962942937092682,0.9803705706290732
10350,2020-05-10,0.016693599204735787,0.9833064007952642
10351,2020-05-10,0.024193102565159608,0.9758068974348404
10353,2020-05-10,0.002856238325642635,0.9971437616743574
10354,2020-05-10,0.02489076584438743,0.9751092341556126
10355,2020-05-10,0.01021884486228608,0.9897811551377139
10356,2020-05-10,0.016271458304385478,0.9837285416956145
10357,2020-05-10,0.015973391556522554,0.9840266084434774
10358,2020-05-10,0.019203173203830803,0.9807968267961692
10359,2020-05-10,0.0026203455168580803,0.9973796544831419
10360,2020-05-10,0.007583812654743505,0.9924161873452565
10362,2020-05-10,0.028008515855114435,0.9719914841448856
10363,2020-05-10,0.006064419952970357,0.9939355800470296
10364,2020-05-10,0.006017579350553692,0.9939824206494463
10365,2020-05-10,0.00956651867728786,0.9904334813227121
10366,2020-05-10,0.016483825774330163,0.9835161742256698
10367,2020-05-10,0.0378722812514759,0.9621277187485241
10368,2020-05-10,0.05993961876105447,0.9400603812389455
10370,2020-05-10,0.020462724823846035,0.979537275176154
10371,2020-05-10,0.024193560338715447,0.9758064396612846
10372,2020-05-10,0.022349993717487804,0.9776500062825122
10373,2020-05-10,0.007226683937118117,0.9927733160628819
10374,2020-05-10,0.02193796984436891,0.9780620301556311
10375,2020-05-10,0.012305446318957025,0.987694553681043
10376,2020-05-10,0.02276499816519917,0.9772350018348008
10377,2020-05-10,0.015268898762313965,0.984731101237686
10378,2020-05-10,0.006989183932969212,0.9930108160670308
10379,2020-05-10,0.021741985466462777,0.9782580145335372
10380,2020-05-10,0.002528126592744373,0.9974718734072556
10381,2020-05-10,0.03548633920723687,0.9645136607927631
10382,2020-05-10,0.026345571010753854,0.9736544289892461
10383,2020-05-10,0.013564018961440882,0.9864359810385591
10384,2020-05-10,0.013216719330236715,0.9867832806697633
10385,2020-05-10,0.0015595868195050766,0.9984404131804949
10386,2020-05-10,0.00719352073935664,0.9928064792606434
10387,2020-05-10,0.038351448452543346,0.9616485515474567
10388,2020-05-10,0.016610277081375857,0.9833897229186241
10389,2020-05-10,0.02179408483909928,0.9782059151609007
10390,2020-05-10,0.014671711867122683,0.9853282881328773
10391,2020-05-10,0.0214493438555714,0.9785506561444286
10392,2020-05-10,0.013686004026373877,0.9863139959736261
10393,2020-05-10,0.0041401492028052544,0.9958598507971947
10394,2020-05-10,0.01722288374966574,0.9827771162503343
10395,2020-05-10,0.010751924271612867,0.9892480757283871
10396,2020-05-10,0.009772605381717203,0.9902273946182828
10397,2020-05-10,0.01985031565246531,0.9801496843475347
10398,2020-05-10,0.01646205430426184,0.9835379456957382
10399,2020-05-10,0.0030723534023864296,0.9969276465976136
10400,2020-05-10,0.03301450870236422,0.9669854912976358
10402,2020-05-10,0.028016654132134722,0.9719833458678653
10403,2020-05-10,0.0028883576581965054,0.9971116423418035
10404,2020-05-10,0.005144042618540845,0.9948559573814592
10405,2020-05-10,0.023310991213865817,0.9766890087861342
10406,2020-05-10,0.007577421829227604,0.9924225781707724
10407,2020-05-10,0.014333798535026143,0.9856662014649739
10408,2020-05-10,0.01586575868370721,0.9841342413162928
10409,2020-05-10,0.015392080651139839,0.9846079193488602
10410,2020-05-10,0.013620803270279036,0.986379196729721
10412,2020-05-10,0.008653690604103814,0.9913463093958962
10414,2020-05-10,0.02701186121110366,0.9729881387888963
10415,2020-05-10,0.01028710774780417,0.9897128922521958
10416,2020-05-10,0.006073009050723499,0.9939269909492765
10417,2020-05-10,0.019436231870456178,0.9805637681295438
10418,2020-05-10,0.0056005792291417,0.9943994207708583
10419,2020-05-10,0.019619156362818746,0.9803808436371813
10420,2020-05-10,0.024177709233249467,0.9758222907667505
10421,2020-05-10,0.004279402610720573,0.9957205973892794
10422,2020-05-10,0.007124336018736854,0.9928756639812631
10423,2020-05-10,0.01488862757707421,0.9851113724229258
10424,2020-05-10,0.002704944233411277,0.9972950557665887
10425,2020-05-10,0.008227560288461722,0.9917724397115383
10426,2020-05-10,0.029176109818928708,0.9708238901810713
10427,2020-05-10,0.003557990389092436,0.9964420096109076
10428,2020-05-10,0.03826289074823397,0.961737109251766
10429,2020-05-10,0.01142314397218458,0.9885768560278154
10430,2020-05-10,0.02485996779466071,0.9751400322053393
10431,2020-05-10,0.0435208950122965,0.9564791049877035
10432,2020-05-10,0.03166610683829463,0.9683338931617054
10433,2020-05-10,0.0066431892456367825,0.9933568107543632
10434,2020-05-10,0.005521068965687936,0.9944789310343121
10435,2020-05-10,0.007793207494337984,0.992206792505662
10436,2020-05-10,0.00803276559765509,0.9919672344023449
10437,2020-05-10,0.007023429311105556,0.9929765706888944
10438,2020-05-10,0.018692974092053838,0.9813070259079462
10439,2020-05-10,0.003698096101683812,0.9963019038983162
10440,2020-05-10,0.030870829923566823,0.9691291700764332
10441,2020-05-10,0.003986638603241999,0.996013361396758
10442,2020-05-10,0.006132357411284484,0.9938676425887155
10443,2020-05-10,0.027223441657295844,0.9727765583427042
10444,2020-05-10,0.006286297850262801,0.9937137021497372
10446,2020-05-10,0.014425826243181228,0.9855741737568188
10447,2020-05-10,0.013497227997931738,0.9865027720020683
10448,2020-05-10,0.026528698519907135,0.9734713014800929
10449,2020-05-10,0.03839356475151201,0.961606435248488
10450,2020-05-10,0.01873816269884776,0.9812618373011522
10451,2020-05-10,0.011555634402392156,0.9884443655976078
10452,2020-05-10,0.02830200076195899,0.971697999238041
10453,2020-05-10,0.03878966433828823,0.9612103356617118
10454,2020-05-10,0.017321269473743794,0.9826787305262562
10455,2020-05-10,0.019152510675508716,0.9808474893244913
10456,2020-05-10,0.024033005107383154,0.9759669948926168
10457,2020-05-10,0.0039464983159156475,0.9960535016840844
10458,2020-05-10,0.013278028446053636,0.9867219715539464
10460,2020-05-10,0.004072787343624484,0.9959272126563755
10462,2020-05-10,0.03974328306672403,0.960256716933276
10464,2020-05-10,0.018944062986465005,0.981055937013535
10465,2020-05-10,0.0070595196922366155,0.9929404803077634
10466,2020-05-10,0.01260412153612711,0.9873958784638729
10467,2020-05-10,0.0052557014961578385,0.9947442985038422
10468,2020-05-10,0.01910471855107343,0.9808952814489266
10469,2020-05-10,0.030555845707905593,0.9694441542920944
10470,2020-05-10,0.03406195296159564,0.9659380470384044
10473,2020-05-10,0.029251430010742818,0.9707485699892572
10474,2020-05-10,0.0037212294086695907,0.9962787705913304
10475,2020-05-10,0.03955006340190781,0.9604499365980922
10476,2020-05-10,0.003136184291923416,0.9968638157080766
10477,2020-05-10,0.012244747061723515,0.9877552529382765
10478,2020-05-10,0.003946783370700424,0.9960532166292996
10479,2020-05-10,0.005256609836403636,0.9947433901635964
10481,2020-05-10,0.010204780532538815,0.9897952194674612
10483,2020-05-10,0.0037587488290176108,0.9962412511709824
10484,2020-05-10,0.013771963158707878,0.9862280368412921
10485,2020-05-10,0.01338417531546554,0.9866158246845345
10486,2020-05-10,0.008082500946466342,0.9919174990535337
10487,2020-05-10,0.111606452315544,0.888393547684456
10488,2020-05-10,0.005165390420277083,0.9948346095797229
10489,2020-05-10,0.06985910030510234,0.9301408996948977
10490,2020-05-10,0.01179848521987148,0.9882015147801285
10491,2020-05-10,0.00854738308179015,0.9914526169182099
10492,2020-05-10,0.010822590545585098,0.9891774094544149
10493,2020-05-10,0.060186113711051537,0.9398138862889485
10494,2020-05-10,0.01512441737994985,0.9848755826200501
10495,2020-05-10,0.030202887424440328,0.9697971125755597
10496,2020-05-10,0.019657159330472407,0.9803428406695276
10497,2020-05-10,0.0078030350749334065,0.9921969649250666
10498,2020-05-10,0.014155178519653422,0.9858448214803466
10499,2020-05-10,0.03687419180550899,0.963125808194491
10500,2020-05-10,0.04543672811110144,0.9545632718888986
10501,2020-05-10,0.015061644370485738,0.9849383556295143
10502,2020-05-10,0.00393201468403237,0.9960679853159676
10503,2020-05-10,0.006552505644599194,0.9934474943554008
10504,2020-05-10,0.013098676381430363,0.9869013236185696
10505,2020-05-10,0.006656316942436735,0.9933436830575633
10506,2020-05-10,0.02211073462142732,0.9778892653785727
10507,2020-05-10,0.04288720944575719,0.9571127905542428
10508,2020-05-10,0.012079589453422024,0.987920410546578
10509,2020-05-10,0.023470106528169166,0.9765298934718308
10510,2020-05-10,0.00943804224548539,0.9905619577545146
10511,2020-05-10,0.04434997605556523,0.9556500239444348
10512,2020-05-10,0.03537645238554299,0.964623547614457
10513,2020-05-10,0.035341241927505984,0.964658758072494
10514,2020-05-10,0.020078220761713506,0.9799217792382865
10515,2020-05-10,0.004922311701657467,0.9950776882983425
10516,2020-05-10,0.0070303874439338054,0.9929696125560662
10517,2020-05-10,0.032630282619953044,0.967369717380047
10518,2020-05-10,0.03305690289325458,0.9669430971067454
10519,2020-05-10,0.007965465118341286,0.9920345348816587
10520,2020-05-10,0.008320085145416267,0.9916799148545837
10523,2020-05-10,0.017210643621061283,0.9827893563789387
10524,2020-05-10,0.025162198039972772,0.9748378019600272
10525,2020-05-10,0.030876274270654314,0.9691237257293457
10526,2020-05-10,0.019909523910210836,0.9800904760897892
10528,2020-05-10,0.006316960134199245,0.9936830398658008
10529,2020-05-10,0.010899499437500126,0.9891005005624999
10530,2020-05-10,0.004355681504189635,0.9956443184958104
10532,2020-05-10,0.05866936811543655,0.9413306318845635
10533,2020-05-10,0.017065297119798095,0.9829347028802019
10534,2020-05-10,0.0026229399163449907,0.997377060083655
10536,2020-05-10,0.0301684338162026,0.9698315661837974
10537,2020-05-10,0.04310877107347966,0.9568912289265203
10538,2020-05-10,0.03406809526719334,0.9659319047328067
10539,2020-05-10,0.021060394743180222,0.9789396052568198
10540,2020-05-10,0.038889318724540156,0.9611106812754598
10541,2020-05-10,0.009322971603741292,0.9906770283962587
10542,2020-05-10,0.009425612592910304,0.9905743874070897
10543,2020-05-10,0.016347195144969295,0.9836528048550307
10544,2020-05-10,0.009721621654902646,0.9902783783450974
10545,2020-05-10,0.006656316752581826,0.9933436832474182
10546,2020-05-10,0.07628850137765586,0.9237114986223441
10547,2020-05-10,0.001130237447316551,0.9988697625526834
10549,2020-05-10,0.007613971511972295,0.9923860284880277
10550,2020-05-10,0.008251701799759092,0.9917482982002409
10551,2020-05-10,0.01813573409181013,0.9818642659081899
10552,2020-05-10,0.022320033757055158,0.9776799662429448
10553,2020-05-10,0.0024677319744406123,0.9975322680255594
10555,2020-05-10,0.005385042269589468,0.9946149577304105
10556,2020-05-10,0.10187402174582472,0.8981259782541753
10557,2020-05-10,0.0074606654290266805,0.9925393345709733
10559,2020-05-10,0.016082102566834955,0.983917897433165
10560,2020-05-10,0.0013478921600907912,0.9986521078399092
10561,2020-05-10,0.005441611168015004,0.994558388831985
10562,2020-05-10,0.010113232339321376,0.9898867676606786
10563,2020-05-10,0.029673561818354344,0.9703264381816457
10564,2020-05-10,0.020149672771281546,0.9798503272287185
10565,2020-05-10,0.0037005287725977443,0.9962994712274023
10566,2020-05-10,0.006149607491846898,0.9938503925081531
10567,2020-05-10,0.010146305255075982,0.989853694744924
10568,2020-05-10,0.013909729990826292,0.9860902700091737
10570,2020-05-10,0.014148805681623022,0.985851194318377
10572,2020-05-10,0.005813113703341144,0.9941868862966589
10574,2020-05-10,0.003960445591865258,0.9960395544081347
10575,2020-05-10,0.030161381077134286,0.9698386189228657
10576,2020-05-10,0.04358139785934734,0.9564186021406527
10577,2020-05-10,0.009996010776085584,0.9900039892239144
10578,2020-05-10,0.07410720660315451,0.9258927933968455
10579,2020-05-10,0.006555374873641884,0.9934446251263581
10580,2020-05-10,0.015593776327904263,0.9844062236720957
10581,2020-05-10,0.0026920608750690134,0.997307939124931
10582,2020-05-10,0.0009106051629916845,0.9990893948370083
10585,2020-05-10,0.015016332336392213,0.9849836676636078
10586,2020-05-10,0.0048343521412950174,0.995165647858705
10587,2020-05-10,0.02249229360883309,0.9775077063911669
10588,2020-05-10,0.02109351926794545,0.9789064807320546
10589,2020-05-10,0.06611502828164872,0.9338849717183513
10591,2020-05-10,0.010408026261492509,0.9895919737385075
10592,2020-05-10,0.01909216361854993,0.9809078363814501
10593,2020-05-10,0.02588818866015341,0.9741118113398466
10594,2020-05-10,0.018501346558952525,0.9814986534410475
10595,2020-05-10,0.03434136244651598,0.965658637553484
10596,2020-05-10,0.010029473173138959,0.989970526826861
10597,2020-05-10,0.005728796021421623,0.9942712039785784
10598,2020-05-10,0.0056288226705616395,0.9943711773294384
10599,2020-05-10,0.02284255338448804,0.977157446615512
10600,2020-05-10,0.013313592491680959,0.986686407508319
10602,2020-05-10,0.006858708815643766,0.9931412911843562
10603,2020-05-10,0.0034727846958223507,0.9965272153041776
10604,2020-05-10,0.018075802930371032,0.981924197069629
10605,2020-05-10,0.018746208448145896,0.9812537915518541
10606,2020-05-10,0.09038577236524392,0.9096142276347561
10607,2020-05-10,0.014021495201183787,0.9859785047988162
10608,2020-05-10,0.006230413036598326,0.9937695869634017
10609,2020-05-10,0.03241694937167783,0.9675830506283222
10611,2020-05-10,0.0023483283989201853,0.9976516716010798
10612,2020-05-10,0.0024472281075721414,0.9975527718924279
10613,2020-05-10,0.005227427387979655,0.9947725726120203
10614,2020-05-10,0.007437737961237811,0.9925622620387622
10615,2020-05-10,0.032468746529429215,0.9675312534705708
10616,2020-05-10,0.004897312176090685,0.9951026878239093
10617,2020-05-10,0.01697319562301014,0.9830268043769899
10618,2020-05-10,0.01560906634548842,0.9843909336545116
10619,2020-05-10,0.051538127086194985,0.948461872913805
10621,2020-05-10,0.024534524845498673,0.9754654751545013
10622,2020-05-10,0.018221176976084497,0.9817788230239155
10623,2020-05-10,0.010740772176262015,0.989259227823738
10624,2020-05-10,0.12470494412085686,0.8752950558791431
10625,2020-05-10,0.002201814674604008,0.997798185325396
10626,2020-05-10,0.0226038301110687,0.9773961698889313
10627,2020-05-10,0.008031604275306914,0.9919683957246931
10628,2020-05-10,0.027036080399527096,0.9729639196004729
10629,2020-05-10,0.01263251829629397,0.987367481703706
10630,2020-05-10,0.02435835222655658,0.9756416477734434
10631,2020-05-10,0.009916634308635763,0.9900833656913642
10632,2020-05-10,0.021665313328056546,0.9783346866719435
10633,2020-05-10,0.0051141823328999525,0.9948858176671
10634,2020-05-10,0.02121090750116994,0.9787890924988301
10636,2020-05-10,0.042322234101774714,0.9576777658982253
10637,2020-05-10,0.001291031610607063,0.9987089683893929
10638,2020-05-10,0.0033308115969864494,0.9966691884030136
10640,2020-05-10,0.014965998672504366,0.9850340013274956
10641,2020-05-10,0.006038521068033265,0.9939614789319667
10643,2020-05-10,0.010175680292720757,0.9898243197072792
10644,2020-05-10,0.017229644731133864,0.9827703552688661
10645,2020-05-10,0.01694369398271245,0.9830563060172876
10646,2020-05-10,0.009061398260981735,0.9909386017390183
10647,2020-05-10,0.036022679123365986,0.963977320876634
10648,2020-05-10,0.011258240041407519,0.9887417599585925
10649,2020-05-10,0.005155036849566308,0.9948449631504337
10650,2020-05-10,0.014079299755351271,0.9859207002446487
10651,2020-05-10,0.004758924963388145,0.9952410750366119
10652,2020-05-10,0.0262496019064532,0.9737503980935468
10653,2020-05-10,0.010481761259282796,0.9895182387407172
10654,2020-05-10,0.00663019783152885,0.9933698021684711
10655,2020-05-10,0.092290293341735,0.907709706658265
10657,2020-05-10,0.03021393105077952,0.9697860689492205
10658,2020-05-10,0.0020074538930952013,0.9979925461069048
10659,2020-05-10,0.039262756127163234,0.9607372438728368
10660,2020-05-10,0.04096255881985289,0.9590374411801471
10662,2020-05-10,0.024621229749897555,0.9753787702501024
10663,2020-05-10,0.007865075564740254,0.9921349244352597
10664,2020-05-10,0.020805189244594402,0.9791948107554056
10666,2020-05-10,0.12368672554168014,0.8763132744583199
10667,2020-05-10,0.007970935505146381,0.9920290644948536
10668,2020-05-10,0.013578479076828853,0.9864215209231711
10669,2020-05-10,0.003856476123295871,0.9961435238767041
10670,2020-05-10,0.019002236840032882,0.9809977631599671
10671,2020-05-10,0.008855180007693586,0.9911448199923064
10672,2020-05-10,0.018984489854103392,0.9810155101458966
10673,2020-05-10,0.00331797405115819,0.9966820259488418
10675,2020-05-10,0.011466100324888484,0.9885338996751115
10676,2020-05-10,0.023128671822453817,0.9768713281775462
10677,2020-05-10,0.017512809601034074,0.9824871903989659
10678,2020-05-10,0.005070678064321821,0.9949293219356782
10679,2020-05-10,0.020131690340712383,0.9798683096592876
10681,2020-05-10,0.012404625733507424,0.9875953742664926
10682,2020-05-10,0.01695586357132617,0.9830441364286738
10683,2020-05-10,0.004558521483779221,0.9954414785162208
10685,2020-05-10,0.03584525664959659,0.9641547433504034
10686,2020-05-10,0.01101825606697815,0.9889817439330219
10687,2020-05-10,0.009029118084613375,0.9909708819153866
10688,2020-05-10,0.0016267930226261385,0.9983732069773739
10689,2020-05-10,0.013795232372614485,0.9862047676273855
10690,2020-05-10,0.014525930689895383,0.9854740693101046
10691,2020-05-10,0.009020605014856464,0.9909793949851435
10692,2020-05-10,0.032471520217982275,0.9675284797820177
10693,2020-05-10,0.05367764939686481,0.9463223506031352
10694,2020-05-10,0.005865615815023317,0.9941343841849767
10695,2020-05-10,0.004687298557552455,0.9953127014424475
10696,2020-05-10,0.013982096945949873,0.9860179030540501
10697,2020-05-10,0.010902002390893228,0.9890979976091068
10698,2020-05-10,0.017007677699861667,0.9829923223001383
10699,2020-05-10,0.016514398112976725,0.9834856018870233
10700,2020-05-10,0.002417820781984381,0.9975821792180156
10701,2020-05-10,0.010444356568172886,0.9895556434318271
10702,2020-05-10,0.006562274853520567,0.9934377251464794
10703,2020-05-10,0.015530482440146876,0.9844695175598531
10704,2020-05-10,0.03458151816425081,0.9654184818357492
10705,2020-05-10,0.005483171980566248,0.9945168280194338
10706,2020-05-10,0.006348987504526171,0.9936510124954738
10707,2020-05-10,0.01621707429592323,0.9837829257040768
10708,2020-05-10,0.008865701138376259,0.9911342988616237
10709,2020-05-10,0.02989543042684073,0.9701045695731593
10710,2020-05-10,0.09689890621218811,0.9031010937878119
10711,2020-05-10,0.028826610395674468,0.9711733896043255
10712,2020-05-10,0.016294263831943323,0.9837057361680567
10713,2020-05-10,0.01679978741000787,0.9832002125899921
10715,2020-05-10,0.030563311326531006,0.969436688673469
10716,2020-05-10,0.02369558878475586,0.9763044112152441
10717,2020-05-10,0.023002909366386937,0.9769970906336131
10718,2020-05-10,0.031097846162470355,0.9689021538375296
10719,2020-05-10,0.009070620313540334,0.9909293796864597
10720,2020-05-10,0.057599657257105696,0.9424003427428943
10721,2020-05-10,0.008069085294476253,0.9919309147055237
10722,2020-05-10,0.018732767491628777,0.9812672325083712
10723,2020-05-10,0.0047514889966439044,0.9952485110033561
10724,2020-05-10,0.019674285470242636,0.9803257145297574
10725,2020-05-10,0.01981978247349825,0.9801802175265018
10727,2020-05-10,0.00734636907591224,0.9926536309240878
10728,2020-05-10,0.007005332549458898,0.9929946674505411
10729,2020-05-10,0.006311010842469322,0.9936889891575307
10730,2020-05-10,0.018874160612518565,0.9811258393874814
10731,2020-05-10,0.004624914143079528,0.9953750858569205
10732,2020-05-10,0.003090816715397793,0.9969091832846022
10733,2020-05-10,0.0010372912188211236,0.9989627087811789
10734,2020-05-10,0.053822703737271604,0.9461772962627284
10735,2020-05-10,0.006901016434089802,0.9930989835659102
10736,2020-05-10,0.02572102688979938,0.9742789731102006
10737,2020-05-10,0.029127896332420633,0.9708721036675794
10738,2020-05-10,0.007601704617914318,0.9923982953820857
10740,2020-05-10,0.007048425053971741,0.9929515749460283
10741,2020-05-10,0.008302793113638907,0.9916972068863611
10742,2020-05-10,0.0846976520238012,0.9153023479761988
10744,2020-05-10,0.06427117719558029,0.9357288228044197
10745,2020-05-10,0.0013080641771647805,0.9986919358228352
10746,2020-05-10,0.031599764544355424,0.9684002354556446
10747,2020-05-10,0.0063993099804247056,0.9936006900195753
10748,2020-05-10,0.007613360640631672,0.9923866393593683
10749,2020-05-10,0.0036267529454124814,0.9963732470545875
10750,2020-05-10,0.009260832820011,0.990739167179989
10751,2020-05-10,0.01922427127290971,0.9807757287270903
10753,2020-05-10,0.019668369386882434,0.9803316306131176
10754,2020-05-10,0.005092932157983787,0.9949070678420162
10755,2020-05-10,0.005971621734949473,0.9940283782650505
10756,2020-05-10,0.015761623742990394,0.9842383762570096
10757,2020-05-10,0.009769331034760853,0.9902306689652391
10758,2020-05-10,0.017707646600936378,0.9822923533990636
10759,2020-05-10,0.00452616567248143,0.9954738343275186
10760,2020-05-10,0.017835051592745788,0.9821649484072542
10761,2020-05-10,0.028031021380018672,0.9719689786199813
10762,2020-05-10,0.012411020475013856,0.9875889795249861
10763,2020-05-10,0.0291887080726414,0.9708112919273586
10765,2020-05-10,0.005459643760182709,0.9945403562398173
10766,2020-05-10,0.011300480196082763,0.9886995198039172
10767,2020-05-10,0.0016095304825008983,0.9983904695174991
10768,2020-05-10,0.020190269822346507,0.9798097301776535
10769,2020-05-10,0.05268840088907856,0.9473115991109214
10770,2020-05-10,0.0330402027361032,0.9669597972638968
10771,2020-05-10,0.011491276413659879,0.9885087235863401
10772,2020-05-10,0.0372631252371064,0.9627368747628936
10773,2020-05-10,0.03213872775191673,0.9678612722480833
10774,2020-05-10,0.03229426854563289,0.9677057314543671
10775,2020-05-10,0.011575812682463993,0.988424187317536
10776,2020-05-10,0.022464481666560232,0.9775355183334398
10777,2020-05-10,0.02948809299901156,0.9705119070009884
10778,2020-05-10,0.0012463152021803259,0.9987536847978197
10779,2020-05-10,0.022236100160493155,0.9777638998395068
10780,2020-05-10,0.03176958608756586,0.9682304139124341
10781,2020-05-10,0.004566975208754709,0.9954330247912453
10782,2020-05-10,0.02948808375612344,0.9705119162438766
10783,2020-05-10,0.0052852588873966155,0.9947147411126034
10784,2020-05-10,0.014641450168258019,0.985358549831742
10785,2020-05-10,0.014370433675620298,0.9856295663243797
10786,2020-05-10,0.017269502565854578,0.9827304974341454
10787,2020-05-10,0.007722997569427181,0.9922770024305728
10788,2020-05-10,0.006881447874294233,0.9931185521257058
10789,2020-05-10,0.028824890495848243,0.9711751095041518
10790,2020-05-10,0.003166132872854832,0.9968338671271452
10791,2020-05-10,0.01919731831578242,0.9808026816842176
10792,2020-05-10,0.006999282277033725,0.9930007177229663
10793,2020-05-10,0.04853835925687122,0.9514616407431288
10794,2020-05-10,0.05016651289238094,0.9498334871076191
10795,2020-05-10,0.011478690863800711,0.9885213091361993
10796,2020-05-10,0.013593259807660463,0.9864067401923395
10797,2020-05-10,0.011160813098603284,0.9888391869013967
10801,2020-05-10,0.021693410399274304,0.9783065896007257
10802,2020-05-10,0.017929726974829086,0.9820702730251709
10803,2020-05-10,0.011255181079106058,0.9887448189208939
10804,2020-05-10,0.05306933605635544,0.9469306639436446
10806,2020-05-10,0.01691692460250971,0.9830830753974903
10807,2020-05-10,0.0156432336489728,0.9843567663510272
10809,2020-05-10,0.004705823310759194,0.9952941766892408
10810,2020-05-10,0.0020218447267927875,0.9979781552732072
10811,2020-05-10,0.008058551855256058,0.9919414481447439
10813,2020-05-10,0.012831674394381043,0.987168325605619
10814,2020-05-10,0.1090215188826249,0.8909784811173751
10815,2020-05-10,0.10517819356344371,0.8948218064365563
10816,2020-05-10,0.035197422120066935,0.9648025778799331
10817,2020-05-10,0.010608308780304165,0.9893916912196958
10818,2020-05-10,0.006560319566780826,0.9934396804332192
10819,2020-05-10,0.050996501191779564,0.9490034988082204
10820,2020-05-10,0.018738488511573337,0.9812615114884267
10821,2020-05-10,0.024764705227701356,0.9752352947722986
10823,2020-05-10,0.01694637419139966,0.9830536258086003
10824,2020-05-10,0.014826103249703126,0.9851738967502969
10825,2020-05-10,0.006705107933778542,0.9932948920662215
10826,2020-05-10,0.03264306532202166,0.9673569346779783
10827,2020-05-10,0.008733404512065501,0.9912665954879345
10828,2020-05-10,0.04659507042682043,0.9534049295731796
10829,2020-05-10,0.0271918464627543,0.9728081535372457
10830,2020-05-10,0.02824502682506458,0.9717549731749354
10832,2020-05-10,0.021537578983593098,0.9784624210164069
10833,2020-05-10,0.030773101598349895,0.9692268984016501
10834,2020-05-10,0.00859691737270285,0.9914030826272971
10835,2020-05-10,0.06832343082285808,0.9316765691771419
10836,2020-05-10,0.015315239213493648,0.9846847607865064
10837,2020-05-10,0.021313500209512726,0.9786864997904873
10838,2020-05-10,0.024493845224340394,0.9755061547756596
10839,2020-05-10,0.0059655152235570386,0.994034484776443
10840,2020-05-10,0.008890365405681666,0.9911096345943183
10841,2020-05-10,0.026146964207196755,0.9738530357928032
10842,2020-05-10,0.010399908040118921,0.9896000919598811
10843,2020-05-10,0.011192156973021672,0.9888078430269783
10844,2020-05-10,0.011570436297530517,0.9884295637024695
10845,2020-05-10,0.01737154157887033,0.9826284584211297
10846,2020-05-10,0.025047870919061355,0.9749521290809386
10847,2020-05-10,0.021646037060168877,0.9783539629398311
10848,2020-05-10,0.004789663880405248,0.9952103361195948
10849,2020-05-10,0.026511792236978193,0.9734882077630218
10850,2020-05-10,0.020584041455289248,0.9794159585447108
10851,2020-05-10,0.04033011498717509,0.9596698850128249
10852,2020-05-10,0.016436036770652973,0.983563963229347
10853,2020-05-10,0.016299839853208598,0.9837001601467914
10854,2020-05-10,0.1023011496092654,0.8976988503907346
10855,2020-05-10,0.008448792761705959,0.991551207238294
10856,2020-05-10,0.014591214870261049,0.985408785129739
10857,2020-05-10,0.04665670529637256,0.9533432947036274
10858,2020-05-10,0.01451459925038201,0.985485400749618
10859,2020-05-10,0.0033012204899453,0.9966987795100547
10860,2020-05-10,0.12635053485650938,0.8736494651434906
10861,2020-05-10,0.05231616528731409,0.9476838347126859
10862,2020-05-10,0.03452978237871107,0.9654702176212889
10863,2020-05-10,0.022871939649137696,0.9771280603508623
10864,2020-05-10,0.02366528635719911,0.9763347136428009
10865,2020-05-10,0.02581156313623223,0.9741884368637678
10866,2020-05-10,0.0022158433274263034,0.9977841566725737
10867,2020-05-10,0.00806746897597943,0.9919325310240206
10869,2020-05-10,0.03765176382289692,0.9623482361771031
10870,2020-05-10,0.030669905017109755,0.9693300949828902
10871,2020-05-10,0.026244413875522343,0.9737555861244777
10872,2020-05-10,0.02614725960670672,0.9738527403932933
10873,2020-05-10,0.013045240536361802,0.9869547594636382
10874,2020-05-10,0.016998022152808656,0.9830019778471913
10875,2020-05-10,0.010809177469800257,0.9891908225301997
10876,2020-05-10,0.013851241860710961,0.986148758139289
10877,2020-05-10,0.007810765390302898,0.9921892346096971
10878,2020-05-10,0.031595043102877196,0.9684049568971228
10879,2020-05-10,0.02373326263040032,0.9762667373695997
10880,2020-05-10,0.0034089973285825748,0.9965910026714174
10881,2020-05-10,0.01627176349478765,0.9837282365052124
10882,2020-05-10,0.007889949998598156,0.9921100500014018
10883,2020-05-10,0.02504598065489172,0.9749540193451083
10884,2020-05-10,0.003320997845237428,0.9966790021547626
10885,2020-05-10,0.013541858924436712,0.9864581410755633
10886,2020-05-10,0.015778534709864234,0.9842214652901358
10887,2020-05-10,0.012620948822878009,0.987379051177122
10888,2020-05-10,0.0020835010922513053,0.9979164989077487
10889,2020-05-10,0.004961656147992155,0.9950383438520078
10890,2020-05-10,0.06381421228626305,0.936185787713737
10891,2020-05-10,0.04443189590547936,0.9555681040945206
10893,2020-05-10,0.005649036002855601,0.9943509639971444
10894,2020-05-10,0.01736939369522361,0.9826306063047764
10895,2020-05-10,0.008719160553355199,0.9912808394466448
10896,2020-05-10,0.012775814348146786,0.9872241856518532
10897,2020-05-10,0.011908191165870052,0.98809180883413
10898,2020-05-10,0.015712789979113406,0.9842872100208866
10899,2020-05-10,0.035770555498675694,0.9642294445013243
10901,2020-05-10,0.020471694176951938,0.9795283058230481
10902,2020-05-10,0.01240166297448586,0.9875983370255141
10903,2020-05-10,0.0032486007793383065,0.9967513992206617
10904,2020-05-10,0.007442417187807027,0.992557582812193
10905,2020-05-10,0.01738129683849987,0.9826187031615001
10906,2020-05-10,0.017597412582778582,0.9824025874172214
10907,2020-05-10,0.01435404926511441,0.9856459507348856
10908,2020-05-10,0.007540585008773748,0.9924594149912263
10909,2020-05-10,0.033537682666558655,0.9664623173334413
10910,2020-05-10,0.009717940916951662,0.9902820590830483
10911,2020-05-10,0.005252017430923739,0.9947479825690763
10913,2020-05-10,0.034551500456546536,0.9654484995434535
10914,2020-05-10,0.01891325835422819,0.9810867416457718
10916,2020-05-10,0.03830243362531138,0.9616975663746886
10917,2020-05-10,0.013501230569096023,0.986498769430904
10918,2020-05-10,0.009419345501537335,0.9905806544984627
10919,2020-05-10,0.003769033565985014,0.996230966434015
10920,2020-05-10,0.008623786824991653,0.9913762131750083
10922,2020-05-10,0.013807138702383481,0.9861928612976165
10923,2020-05-10,0.034469003534268405,0.9655309964657316
10924,2020-05-10,0.014958050940833134,0.9850419490591669
10925,2020-05-10,0.011923901366210021,0.98807609863379
10926,2020-05-10,0.06660908631068396,0.933390913689316
10927,2020-05-10,0.018195475327728472,0.9818045246722715
10928,2020-05-10,0.011982810944925704,0.9880171890550743
10929,2020-05-10,0.004150875055518921,0.9958491249444811
10930,2020-05-10,0.0008107399137206039,0.9991892600862794
10931,2020-05-10,0.015007529811267073,0.9849924701887329
10933,2020-05-10,0.0663723380997644,0.9336276619002356
10934,2020-05-10,0.019328280152164035,0.980671719847836
10935,2020-05-10,0.0032456904134890996,0.9967543095865109
10936,2020-05-10,0.05244093605226152,0.9475590639477385
10937,2020-05-10,0.013408126171066015,0.986591873828934
10938,2020-05-10,0.008691340045461238,0.9913086599545388
10940,2020-05-10,0.0054928413735637616,0.9945071586264362
10941,2020-05-10,0.028826398359435346,0.9711736016405647
10942,2020-05-10,0.014934132084853613,0.9850658679151464
10943,2020-05-10,0.049345089506931394,0.9506549104930686
10944,2020-05-10,0.01037075191385195,0.989629248086148
10945,2020-05-10,0.0027118142695972125,0.9972881857304028
10946,2020-05-10,0.010327399683660032,0.98967260031634
10947,2020-05-10,0.00998105503992519,0.9900189449600748
10948,2020-05-10,0.016178278834851234,0.9838217211651488
10950,2020-05-10,0.006147755910729802,0.9938522440892702
10951,2020-05-10,0.010832678024712994,0.989167321975287
10953,2020-05-10,0.008235279832370379,0.9917647201676296
10954,2020-05-10,0.011074566753911164,0.9889254332460888
10955,2020-05-10,0.02847756520085254,0.9715224347991475
10957,2020-05-10,0.01094722459619668,0.9890527754038033
10958,2020-05-10,0.007012419340334364,0.9929875806596656
10959,2020-05-10,0.00898671695512987,0.9910132830448701
10960,2020-05-10,0.0012728282571579097,0.9987271717428421
10961,2020-05-10,0.011147170673412976,0.988852829326587
10962,2020-05-10,0.004658280781747126,0.9953417192182529
10963,2020-05-10,0.027023253177545503,0.9729767468224545
10964,2020-05-10,0.008919297533771409,0.9910807024662286
10965,2020-05-10,0.007995787413809019,0.992004212586191
10966,2020-05-10,0.003484969847853625,0.9965150301521464
10968,2020-05-10,0.013618080715427916,0.9863819192845721
10969,2020-05-10,0.028859686723553213,0.9711403132764468
10970,2020-05-10,0.01668062033986384,0.9833193796601362
10971,2020-05-10,0.021060878986843945,0.978939121013156
10972,2020-05-10,0.002073336877822296,0.9979266631221777
10973,2020-05-10,0.003060658334463784,0.9969393416655362
10974,2020-05-10,0.011135406705588324,0.9888645932944117
10975,2020-05-10,0.009824355478058377,0.9901756445219416
10976,2020-05-10,0.028402099010081727,0.9715979009899183
10977,2020-05-10,0.010363720273847687,0.9896362797261523
10978,2020-05-10,0.017270818305421654,0.9827291816945783
10979,2020-05-10,0.01806020514090112,0.9819397948590989
10981,2020-05-10,0.005238732689292314,0.9947612673107077
10982,2020-05-10,0.02285184694064757,0.9771481530593524
10984,2020-05-10,0.00933637375077645,0.9906636262492236
10985,2020-05-10,0.005203871190694986,0.994796128809305
10986,2020-05-10,0.01050419451973128,0.9894958054802687
10987,2020-05-10,0.008373738117051,0.991626261882949
10988,2020-05-10,0.009690407506068754,0.9903095924939312
10989,2020-05-10,0.0019253055390489049,0.9980746944609511
10990,2020-05-10,0.03338597803034893,0.9666140219696511
10991,2020-05-10,0.016937228265184623,0.9830627717348154
10992,2020-05-10,0.016791930447008996,0.983208069552991
10994,2020-05-10,0.014548860502897165,0.9854511394971028
10995,2020-05-10,0.04456703556543251,0.9554329644345675
10997,2020-05-10,0.01263274297728112,0.9873672570227189
10998,2020-05-10,0.05170144647491959,0.9482985535250804
10999,2020-05-10,0.015791963768230666,0.9842080362317693
11000,2020-05-10,0.008224873592307946,0.991775126407692
11001,2020-05-10,0.010353296260455669,0.9896467037395443
11002,2020-05-10,0.03649336704310069,0.9635066329568993
11003,2020-05-10,0.007127665592757904,0.9928723344072421
11004,2020-05-10,0.0024851009497754983,0.9975148990502245
11005,2020-05-10,0.07031996438560995,0.92968003561439
11006,2020-05-10,0.017150447151579318,0.9828495528484207
11007,2020-05-10,0.07707287929490836,0.9229271207050916
11008,2020-05-10,0.025807816267936823,0.9741921837320632
11010,2020-05-10,0.01243519203786636,0.9875648079621336
11011,2020-05-10,0.0068017625011683736,0.9931982374988316
11012,2020-05-10,0.009396058064890522,0.9906039419351095
11013,2020-05-10,0.01894667969832986,0.9810533203016701
11014,2020-05-10,0.004607088553046368,0.9953929114469536
11015,2020-05-10,0.014799660677022874,0.9852003393229771
11016,2020-05-10,0.008042564817668962,0.991957435182331
11017,2020-05-10,0.13825192427981248,0.8617480757201875
11018,2020-05-10,0.009888714161047307,0.9901112858389527
11020,2020-05-10,0.007697576976607667,0.9923024230233923
11021,2020-05-10,0.01825862610067286,0.9817413738993271
11022,2020-05-10,0.007587908014815348,0.9924120919851847
11023,2020-05-10,0.011612640519719997,0.98838735948028
11024,2020-05-10,0.013897165765798358,0.9861028342342016
11026,2020-05-10,0.003989678294353816,0.9960103217056462
11027,2020-05-10,0.015963663460919153,0.9840363365390808
11028,2020-05-10,0.001000159743553275,0.9989998402564467
11029,2020-05-10,0.03144724863313797,0.968552751366862
11030,2020-05-10,0.0217437962145669,0.9782562037854331
11031,2020-05-10,0.0346979910588564,0.9653020089411436
11032,2020-05-10,0.008085603941768604,0.9919143960582314
11033,2020-05-10,0.025020672018458368,0.9749793279815416
11035,2020-05-10,0.019512859688729622,0.9804871403112704
11036,2020-05-10,0.007284418223687306,0.9927155817763127
11038,2020-05-10,0.005332484578232433,0.9946675154217676
11039,2020-05-10,0.018816121955849252,0.9811838780441507
11040,2020-05-10,0.01266252037449278,0.9873374796255072
11042,2020-05-10,0.014857129851376438,0.9851428701486236
11043,2020-05-10,0.02616143444611374,0.9738385655538863
11045,2020-05-10,0.007777478301368879,0.9922225216986311
11046,2020-05-10,0.010135411200765665,0.9898645887992343
11047,2020-05-10,0.054345718515831365,0.9456542814841686
11048,2020-05-10,0.010645945095504095,0.9893540549044959
11049,2020-05-10,0.009185953103077016,0.990814046896923
11050,2020-05-10,0.009983034516119038,0.990016965483881
11051,2020-05-10,0.05613420391734414,0.9438657960826559
11052,2020-05-10,0.007469895961865425,0.9925301040381346
11053,2020-05-10,0.019850016525314707,0.9801499834746853
11054,2020-05-10,0.004125327024006364,0.9958746729759936
11055,2020-05-10,0.015004261156901455,0.9849957388430985
11056,2020-05-10,0.06982822771078523,0.9301717722892148
11057,2020-05-10,0.007586754631263903,0.9924132453687361
11058,2020-05-10,0.010560731012533076,0.9894392689874669
11059,2020-05-10,0.021583543327425292,0.9784164566725747
11060,2020-05-10,0.006031005178452453,0.9939689948215475
11061,2020-05-10,0.01387432163737956,0.9861256783626204
11062,2020-05-10,0.0028496249184478684,0.9971503750815521
11063,2020-05-10,0.016603097902389674,0.9833969020976103
11064,2020-05-10,0.07167298109609244,0.9283270189039076
11065,2020-05-10,0.02427153245066327,0.9757284675493367
11066,2020-05-10,0.009689058090420977,0.990310941909579
11068,2020-05-10,0.030448477368985816,0.9695515226310142
11069,2020-05-10,0.05027672654121618,0.9497232734587838
11070,2020-05-10,0.013569225125618645,0.9864307748743814
11071,2020-05-10,0.011381870359849056,0.9886181296401509
11072,2020-05-10,0.027796948172626457,0.9722030518273735
11073,2020-05-10,0.004172905782873881,0.9958270942171261
11074,2020-05-10,0.016159090565591838,0.9838409094344082
11075,2020-05-10,0.026106591805576174,0.9738934081944238
11076,2020-05-10,0.014278608320704045,0.985721391679296
11077,2020-05-10,0.011580961108118237,0.9884190388918818
11078,2020-05-10,0.007100319609353534,0.9928996803906465
11081,2020-05-10,0.0019333252485284058,0.9980666747514716
11082,2020-05-10,0.004890026258067559,0.9951099737419324
11083,2020-05-10,0.045387942626697986,0.954612057373302
11084,2020-05-10,0.015695089447511856,0.9843049105524881
11085,2020-05-10,0.004858291792337099,0.9951417082076629
11086,2020-05-10,0.010598751625383596,0.9894012483746164
11087,2020-05-10,0.00840576745142041,0.9915942325485796
11088,2020-05-10,0.0023293183085528746,0.9976706816914471
11089,2020-05-10,0.009337980414656277,0.9906620195853437
11091,2020-05-10,0.030788813169209006,0.969211186830791
11092,2020-05-10,0.034977821150724564,0.9650221788492754
11093,2020-05-10,0.021475451932207346,0.9785245480677927
11094,2020-05-10,0.007127875829554431,0.9928721241704456
11095,2020-05-10,0.010029550128555997,0.989970449871444
11096,2020-05-10,0.007259028578733839,0.9927409714212662
11097,2020-05-10,0.002894307444370914,0.9971056925556291
11098,2020-05-10,0.03163316178190623,0.9683668382180938
11099,2020-05-10,0.006748615421806603,0.9932513845781934
11100,2020-05-10,0.005696782216350504,0.9943032177836495
11101,2020-05-10,0.06745997619529265,0.9325400238047074
11102,2020-05-10,0.012802599646955848,0.9871974003530442
11103,2020-05-10,0.02801479687287456,0.9719852031271254
11104,2020-05-10,0.005950921558396494,0.9940490784416035
11105,2020-05-10,0.008121012864700794,0.9918789871352992
11106,2020-05-10,0.01983992346643526,0.9801600765335647
11107,2020-05-10,0.01446771185222584,0.9855322881477742
11108,2020-05-10,0.008631317412129746,0.9913686825878703
11109,2020-05-10,0.017941683211201487,0.9820583167887985
11110,2020-05-10,0.007842511543434072,0.9921574884565659
11111,2020-05-10,0.028217991441775392,0.9717820085582246
11114,2020-05-10,0.0039009346921093924,0.9960990653078906
11115,2020-05-10,0.011488949688230998,0.988511050311769
11116,2020-05-10,0.05139275442624991,0.9486072455737501
11117,2020-05-10,0.015683499273622226,0.9843165007263778
11118,2020-05-10,0.02118730422953985,0.9788126957704602
11119,2020-05-10,0.007184746794548502,0.9928152532054515
11120,2020-05-10,0.020774975927784767,0.9792250240722152
11121,2020-05-10,0.020625800684090922,0.9793741993159091
11122,2020-05-10,0.02111419570630313,0.9788858042936969
11123,2020-05-10,0.008771921283353135,0.9912280787166469
11124,2020-05-10,0.018979822349319275,0.9810201776506807
11125,2020-05-10,0.006426545449115473,0.9935734545508845
11126,2020-05-10,0.03374969214764234,0.9662503078523577
11127,2020-05-10,0.0033415628244386486,0.9966584371755614
11128,2020-05-10,0.0084744631666972,0.9915255368333028
11129,2020-05-10,0.007888092007167335,0.9921119079928327
11130,2020-05-10,0.0405603381223274,0.9594396618776726
11131,2020-05-10,0.005355229270588069,0.9946447707294119
11132,2020-05-10,0.007401055962422132,0.9925989440375779
11133,2020-05-10,0.007763054898711097,0.9922369451012889
11134,2020-05-10,0.022683942617599095,0.9773160573824009
11135,2020-05-10,0.004550894857098475,0.9954491051429015
11136,2020-05-10,0.04025130449104852,0.9597486955089515
11137,2020-05-10,0.014330631824500784,0.9856693681754992
11138,2020-05-10,0.02201430465824661,0.9779856953417534
11139,2020-05-10,0.00351156909373318,0.9964884309062668
11140,2020-05-10,0.0177129880159691,0.9822870119840309
11141,2020-05-10,0.0280772372037299,0.9719227627962701
11142,2020-05-10,0.014666795076920813,0.9853332049230792
11143,2020-05-10,0.0019814170146066346,0.9980185829853934
11144,2020-05-10,0.009521633327714163,0.9904783666722858
11145,2020-05-10,0.006461297961101398,0.9935387020388986
11146,2020-05-10,0.04512086366056156,0.9548791363394384
11147,2020-05-10,0.08254799983257921,0.9174520001674208
11148,2020-05-10,0.008872659242097458,0.9911273407579025
11149,2020-05-10,0.013800383333917754,0.9861996166660822
11150,2020-05-10,0.010004954042521774,0.9899950459574782
11152,2020-05-10,0.025418491447939506,0.9745815085520605
11153,2020-05-10,0.003530241559956293,0.9964697584400437
11154,2020-05-10,0.020389767943732706,0.9796102320562673
11155,2020-05-10,0.00816738306165099,0.991832616938349
11156,2020-05-10,0.009091291611457053,0.990908708388543
11157,2020-05-10,0.07377598113310757,0.9262240188668924
11158,2020-05-10,0.006627589073412543,0.9933724109265875
11159,2020-05-10,0.0522348828017265,0.9477651171982735
11160,2020-05-10,0.007162591778979821,0.9928374082210202
11161,2020-05-10,0.01935088712944044,0.9806491128705596
11162,2020-05-10,0.011848789599847476,0.9881512104001525
11163,2020-05-10,0.004605119648928624,0.9953948803510714
11164,2020-05-10,0.01151673415315213,0.9884832658468479
11165,2020-05-10,0.01228706003613489,0.9877129399638651
11166,2020-05-10,0.006722240994324391,0.9932777590056756
11167,2020-05-10,0.006273231802960355,0.9937267681970396
11168,2020-05-10,0.00805514458472889,0.9919448554152711
11169,2020-05-10,0.013616428868947317,0.9863835711310527
11170,2020-05-10,0.021604163069191218,0.9783958369308088
11171,2020-05-10,0.012529956078985438,0.9874700439210146
11172,2020-05-10,0.017816811886424255,0.9821831881135757
11173,2020-05-10,0.02014286769989282,0.9798571323001072
11174,2020-05-10,0.003530070710151434,0.9964699292898486
11175,2020-05-10,0.01951682376010544,0.9804831762398946
11176,2020-05-10,0.007912112611689448,0.9920878873883106
11177,2020-05-10,0.003586250073763897,0.9964137499262361
11178,2020-05-10,0.007511581583411475,0.9924884184165885
11179,2020-05-10,0.008913315361106289,0.9910866846388937
11180,2020-05-10,0.023289395389484158,0.9767106046105158
11181,2020-05-10,0.007464043426836597,0.9925359565731634
11182,2020-05-10,0.010710906728304104,0.9892890932716959
11183,2020-05-10,0.002099299152300116,0.9979007008476999
11184,2020-05-10,0.005092248049658354,0.9949077519503416
11185,2020-05-10,0.01085151951560026,0.9891484804843997
11186,2020-05-10,0.006909276506491868,0.9930907234935081
11187,2020-05-10,0.012444878508018009,0.987555121491982
11188,2020-05-10,0.007336964322398498,0.9926630356776015
11189,2020-05-10,0.025444131221038058,0.9745558687789619
11190,2020-05-10,0.004686296660586953,0.995313703339413
11191,2020-05-10,0.03724236997599284,0.9627576300240072
11192,2020-05-10,0.013100677529506721,0.9868993224704933
11193,2020-05-10,0.04017030044027459,0.9598296995597254
11194,2020-05-10,0.018456589848680816,0.9815434101513192
11196,2020-05-10,0.015979829060025708,0.9840201709399743
11198,2020-05-10,0.023090320032016165,0.9769096799679838
11199,2020-05-10,0.0011141526266157387,0.9988858473733843
11200,2020-05-10,0.011051984282856364,0.9889480157171436
11201,2020-05-10,0.011310716190846337,0.9886892838091537
11202,2020-05-10,0.06885655347645314,0.9311434465235469
11203,2020-05-10,0.005223583532991349,0.9947764164670087
11204,2020-05-10,0.023253903677590393,0.9767460963224096
11205,2020-05-10,0.014507301702357811,0.9854926982976422
11206,2020-05-10,0.01773891821204976,0.9822610817879502
11207,2020-05-10,0.020206613292520825,0.9797933867074792
11208,2020-05-10,0.04483462154133788,0.9551653784586621
11209,2020-05-10,0.07980967769469749,0.9201903223053025
11210,2020-05-10,0.004160242342074794,0.9958397576579252
11212,2020-05-10,0.006843071084628005,0.993156928915372
11213,2020-05-10,0.02030876285507177,0.9796912371449282
11214,2020-05-10,0.0060893355502912305,0.9939106644497088
11215,2020-05-10,0.006883588287074804,0.9931164117129252
11216,2020-05-10,0.008795759964525418,0.9912042400354746
11217,2020-05-10,0.025772213452101234,0.9742277865478988
11218,2020-05-10,0.03083891653064874,0.9691610834693513
11219,2020-05-10,0.09142481224908428,0.9085751877509157
11220,2020-05-10,0.02855267523693994,0.9714473247630601
11222,2020-05-10,0.02191498626104471,0.9780850137389553
11223,2020-05-10,0.01653180326027237,0.9834681967397276
11224,2020-05-10,0.0287104093775149,0.9712895906224851
11225,2020-05-10,0.004761594159586213,0.9952384058404138
11226,2020-05-10,0.024191462354595017,0.975808537645405
11227,2020-05-10,0.011274163645901614,0.9887258363540984
11228,2020-05-10,0.008125254542769467,0.9918747454572305
11229,2020-05-10,0.035816267996191864,0.9641837320038081
11230,2020-05-10,0.011444119720436685,0.9885558802795633
11231,2020-05-10,0.05814249643320302,0.941857503566797
11232,2020-05-10,0.0060913356967420285,0.993908664303258
11233,2020-05-10,0.00601187914471335,0.9939881208552866
11234,2020-05-10,0.07462327265125723,0.9253767273487428
11235,2020-05-10,0.010867314813754803,0.9891326851862452
11236,2020-05-10,0.016685717642188846,0.9833142823578112
11237,2020-05-10,0.0323883034324316,0.9676116965675684
11238,2020-05-10,0.010802361071506672,0.9891976389284933
11239,2020-05-10,0.001070109263540231,0.9989298907364598
11240,2020-05-10,0.0020569317000738163,0.9979430682999262
11241,2020-05-10,0.007192720697847155,0.9928072793021528
11242,2020-05-10,0.022032198788385804,0.9779678012116142
11243,2020-05-10,0.02167993141269764,0.9783200685873024
11244,2020-05-10,0.005606201517069587,0.9943937984829304
11245,2020-05-10,0.005394561278446952,0.994605438721553
11246,2020-05-10,0.02755622808005498,0.972443771919945
11247,2020-05-10,0.0005261426651872458,0.9994738573348128
11248,2020-05-10,0.00997954623315922,0.9900204537668408
11249,2020-05-10,0.015544438182790943,0.9844555618172091
11250,2020-05-10,0.03431912855581887,0.9656808714441811
11251,2020-05-10,0.0029830168424224146,0.9970169831575776
11252,2020-05-10,0.010985263740675766,0.9890147362593242
11253,2020-05-10,0.035971293368549206,0.9640287066314508
11254,2020-05-10,0.027458664424981905,0.9725413355750181
11255,2020-05-10,0.00865048580887029,0.9913495141911297
11256,2020-05-10,0.007734781684057612,0.9922652183159424
11257,2020-05-10,0.02891649592167178,0.9710835040783282
11258,2020-05-10,0.004245689247653117,0.9957543107523469
11260,2020-05-10,0.04363030416469682,0.9563696958353032
11262,2020-05-10,0.016058525121271816,0.9839414748787282
11263,2020-05-10,0.0021157216874383433,0.9978842783125617
11264,2020-05-10,0.02469787162256687,0.9753021283774331
11265,2020-05-10,0.04029873296685771,0.9597012670331423
11266,2020-05-10,0.014696711545938324,0.9853032884540617
11267,2020-05-10,0.0153903714282152,0.9846096285717848
11268,2020-05-10,0.0055995805015416344,0.9944004194984584
11269,2020-05-10,0.030958331830701513,0.9690416681692985
11270,2020-05-10,0.0037373055097962293,0.9962626944902038
11271,2020-05-10,0.018484220828862363,0.9815157791711376
11272,2020-05-10,0.032998527933419064,0.9670014720665809
11273,2020-05-10,0.009336839403165431,0.9906631605968346
11274,2020-05-10,0.010648066112721843,0.9893519338872782
11275,2020-05-10,0.05820633539550757,0.9417936646044924
11276,2020-05-10,0.017053560581264726,0.9829464394187353
11277,2020-05-10,0.008513765727529599,0.9914862342724704
11278,2020-05-10,0.008157991435329248,0.9918420085646708
11279,2020-05-10,0.0018459941129496116,0.9981540058870504
11280,2020-05-10,0.005629958225810805,0.9943700417741892
11281,2020-05-10,0.00819117952156112,0.9918088204784389
11282,2020-05-10,0.02905465172135402,0.970945348278646
11283,2020-05-10,0.014455882068658443,0.9855441179313416
11284,2020-05-10,0.008225875475742495,0.9917741245242575
11285,2020-05-10,0.007365792440580332,0.9926342075594197
11286,2020-05-10,0.023628082381162208,0.9763719176188378
11287,2020-05-10,0.012986738833280609,0.9870132611667194
11288,2020-05-10,0.005801731848608327,0.9941982681513917
11289,2020-05-10,0.01304154924985046,0.9869584507501495
11290,2020-05-10,0.006234465830686098,0.9937655341693139
11291,2020-05-10,0.008935967535173894,0.9910640324648261
11292,2020-05-10,0.003681934914774865,0.9963180650852251
11293,2020-05-10,0.014244521160594714,0.9857554788394053
11294,2020-05-10,0.016374775522664864,0.9836252244773351
11295,2020-05-10,0.014106910600282685,0.9858930893997173
11296,2020-05-10,0.09707014363408406,0.9029298563659159
11297,2020-05-10,0.00862358381577566,0.9913764161842243
11298,2020-05-10,0.005698614459969331,0.9943013855400307
11299,2020-05-10,0.004104574595352406,0.9958954254046476
11300,2020-05-10,0.023407751667195442,0.9765922483328046
11301,2020-05-10,0.0179586771247775,0.9820413228752225
11302,2020-05-10,0.060064939809649776,0.9399350601903502
11303,2020-05-10,0.0046922963049677024,0.9953077036950323
11304,2020-05-10,0.010124379332059452,0.9898756206679405
11305,2020-05-10,0.04251986053322765,0.9574801394667724
11307,2020-05-10,0.009651900910120692,0.9903480990898793
11308,2020-05-10,0.007956486749805203,0.9920435132501948
11309,2020-05-10,0.03590861201174134,0.9640913879882587
11311,2020-05-10,0.0013586873561922674,0.9986413126438077
11312,2020-05-10,0.013076715876316869,0.9869232841236831
11313,2020-05-10,0.008543038560017369,0.9914569614399826
11315,2020-05-10,0.010524350102637747,0.9894756498973623
11316,2020-05-10,0.009173030252496495,0.9908269697475035
11317,2020-05-10,0.01010208200419116,0.9898979179958088
11318,2020-05-10,0.011902750891377267,0.9880972491086227
11319,2020-05-10,0.03296334866085626,0.9670366513391437
11320,2020-05-10,0.0032634191343596797,0.9967365808656403
11321,2020-05-10,0.025401325662171792,0.9745986743378282
11322,2020-05-10,0.006227957724720512,0.9937720422752795
11323,2020-05-10,0.022892036606199317,0.9771079633938007
11324,2020-05-10,0.05324702130961012,0.9467529786903899
11325,2020-05-10,0.006831631360839752,0.9931683686391602
11326,2020-05-10,0.0074455253073116845,0.9925544746926883
11327,2020-05-10,0.02811738663124852,0.9718826133687515
11328,2020-05-10,0.00921078122516572,0.9907892187748343
11329,2020-05-10,0.015121121149372585,0.9848788788506274
11330,2020-05-10,0.006273281898949268,0.9937267181010507
11331,2020-05-10,0.004589277713749507,0.9954107222862505
11332,2020-05-10,0.010446510583059343,0.9895534894169407
11333,2020-05-10,0.024583448701513744,0.9754165512984863
11334,2020-05-10,0.02277277701624214,0.9772272229837579
11335,2020-05-10,0.050431495574514984,0.949568504425485
11336,2020-05-10,0.008789893746743993,0.991210106253256
11337,2020-05-10,0.011825497116698447,0.9881745028833016
11338,2020-05-10,0.04856921568093231,0.9514307843190677
11339,2020-05-10,0.04578548281506589,0.9542145171849341
11340,2020-05-10,0.024326381829300248,0.9756736181706998
11341,2020-05-10,0.008353133146220992,0.991646866853779
11342,2020-05-10,0.006231211364872702,0.9937687886351273
11343,2020-05-10,0.006269813580167538,0.9937301864198325
11344,2020-05-10,0.020215265176379282,0.9797847348236207
11345,2020-05-10,0.014779636460222845,0.9852203635397772
11346,2020-05-10,0.00624865479668546,0.9937513452033145
11347,2020-05-10,0.006218620866835223,0.9937813791331648
11348,2020-05-10,0.027484705581827473,0.9725152944181725
11349,2020-05-10,0.01994458052013237,0.9800554194798676
11350,2020-05-10,0.03506871096017872,0.9649312890398213
11351,2020-05-10,0.053022089409982986,0.946977910590017
11353,2020-05-10,0.0019929880609792505,0.9980070119390207
11354,2020-05-10,0.03983385766196412,0.9601661423380359
11355,2020-05-10,0.045426343629773935,0.9545736563702261
11356,2020-05-10,0.004337520276779361,0.9956624797232206
11357,2020-05-10,0.04557720755025152,0.9544227924497485
11358,2020-05-10,0.0033765404268707444,0.9966234595731293
11359,2020-05-10,0.008250616114707232,0.9917493838852928
11360,2020-05-10,0.007084684669428909,0.9929153153305711
11361,2020-05-10,0.036735274993836664,0.9632647250061633
11362,2020-05-10,0.0010027604706178694,0.9989972395293821
11363,2020-05-10,0.07093768303278947,0.9290623169672105
11364,2020-05-10,0.029252849115483315,0.9707471508845167
11365,2020-05-10,0.0042989639341493024,0.9957010360658507
11366,2020-05-10,0.020373681670533328,0.9796263183294667
11367,2020-05-10,0.019960421919110516,0.9800395780808895
11368,2020-05-10,0.034903538112243226,0.9650964618877568
11369,2020-05-10,0.01309331370145339,0.9869066862985466
11370,2020-05-10,0.03148727896069026,0.9685127210393097
11371,2020-05-10,0.04894771478571558,0.9510522852142844
11372,2020-05-10,0.024307516037468058,0.9756924839625319
11373,2020-05-10,0.002244851648788404,0.9977551483512116
11374,2020-05-10,0.011506617859397883,0.9884933821406021
11375,2020-05-10,0.01087916342601769,0.9891208365739823
11378,2020-05-10,0.0029890706803252787,0.9970109293196747
11380,2020-05-10,0.013875775903448462,0.9861242240965515
11381,2020-05-10,0.018154332669111484,0.9818456673308885
11382,2020-05-10,0.021218144478158396,0.9787818555218416
11383,2020-05-10,0.008527253320532946,0.991472746679467
11385,2020-05-10,0.01908697600884135,0.9809130239911587
11386,2020-05-10,0.07281587417222135,0.9271841258277786
11387,2020-05-10,0.04359586945698357,0.9564041305430164
11388,2020-05-10,0.008297232564363988,0.991702767435636
11389,2020-05-10,0.01074580420859883,0.9892541957914012
11390,2020-05-10,0.019788738866981403,0.9802112611330186
11391,2020-05-10,0.015138057943199335,0.9848619420568007
11392,2020-05-10,0.01786715975806985,0.9821328402419301
11393,2020-05-10,0.004371052352411864,0.9956289476475881
11394,2020-05-10,0.0077102729477718235,0.9922897270522282
11395,2020-05-10,0.00869681524110355,0.9913031847588964
11396,2020-05-10,0.00680243267142655,0.9931975673285734
11397,2020-05-10,0.026538932151869532,0.9734610678481305
11398,2020-05-10,0.06473234433404251,0.9352676556659575
11399,2020-05-10,0.0326299968915148,0.9673700031084852
11400,2020-05-10,0.012476949081123845,0.9875230509188762
11401,2020-05-10,0.0021491055494193834,0.9978508944505806
11402,2020-05-10,0.0045439875295745225,0.9954560124704255
11403,2020-05-10,0.010325213475897654,0.9896747865241023
11404,2020-05-10,0.025749815360810335,0.9742501846391897
11405,2020-05-10,0.0032680375893403557,0.9967319624106596
11406,2020-05-10,0.002640634590919899,0.9973593654090801
11407,2020-05-10,0.0030145104618327645,0.9969854895381672
11409,2020-05-10,0.012836798728351417,0.9871632012716486
11410,2020-05-10,0.017486502859807462,0.9825134971401925
11411,2020-05-10,0.03728094329710796,0.962719056702892
11412,2020-05-10,0.039171493114694034,0.960828506885306
11415,2020-05-10,0.01801822193660796,0.981981778063392
11417,2020-05-10,0.007954933557108856,0.9920450664428911
11418,2020-05-10,0.005730277909364645,0.9942697220906354
11419,2020-05-10,0.006766309116878366,0.9932336908831216
11420,2020-05-10,0.052655840115577335,0.9473441598844227
11421,2020-05-10,0.023564392725804018,0.976435607274196
11422,2020-05-10,0.09431154038294942,0.9056884596170506
11423,2020-05-10,0.08640953965142639,0.9135904603485736
11424,2020-05-10,0.0028462624644821632,0.9971537375355178
11425,2020-05-10,0.032435185999470706,0.9675648140005293
11426,2020-05-10,0.01888620560872256,0.9811137943912774
11427,2020-05-10,0.016196543953971188,0.9838034560460288
11428,2020-05-10,0.020278613302022075,0.9797213866979779
11429,2020-05-10,0.018994201550671552,0.9810057984493284
11430,2020-05-10,0.007358291525368488,0.9926417084746315
11432,2020-05-10,0.028431865568541492,0.9715681344314585
11433,2020-05-10,0.012346269113254205,0.9876537308867458
11434,2020-05-10,0.004577277115891287,0.9954227228841087
11435,2020-05-10,0.005923115939338697,0.9940768840606613
11436,2020-05-10,0.007684811677490799,0.9923151883225092
11437,2020-05-10,0.0056422361093562134,0.9943577638906438
11438,2020-05-10,0.013086751788653594,0.9869132482113464
11439,2020-05-10,0.010962445386143105,0.9890375546138569
11441,2020-05-10,0.04278292944482709,0.9572170705551729
11442,2020-05-10,0.0069231514758983925,0.9930768485241016
11443,2020-05-10,0.004644275529760766,0.9953557244702392
11444,2020-05-10,0.005871684260060794,0.9941283157399392
11445,2020-05-10,0.049558819543211285,0.9504411804567887
11446,2020-05-10,0.013406964338959937,0.9865930356610401
11447,2020-05-10,0.005601017426590027,0.99439898257341
11448,2020-05-10,0.014110556424480447,0.9858894435755196
11449,2020-05-10,0.011336343950014927,0.9886636560499851
11450,2020-05-10,0.008025655685325317,0.9919743443146747
11451,2020-05-10,0.005120631953634658,0.9948793680463653
11452,2020-05-10,0.00779103037103035,0.9922089696289697
11453,2020-05-10,0.13663613413741604,0.863363865862584
11454,2020-05-10,0.004448851107641594,0.9955511488923584
11455,2020-05-10,0.007137878762982552,0.9928621212370174
11456,2020-05-10,0.007182451427214853,0.9928175485727851
11457,2020-05-10,0.016827337241521634,0.9831726627584784
11458,2020-05-10,0.03264664195479294,0.9673533580452071
11459,2020-05-10,0.0037119743587105125,0.9962880256412895
11460,2020-05-10,0.007446386726407184,0.9925536132735928
11461,2020-05-10,0.10712262732180056,0.8928773726781994
11462,2020-05-10,0.05995424329882615,0.9400457567011739
11463,2020-05-10,0.023763637385924796,0.9762363626140752
11464,2020-05-10,0.008249361586177839,0.9917506384138222
11465,2020-05-10,0.08821576732293601,0.911784232677064
11466,2020-05-10,0.013041388970971513,0.9869586110290285
11467,2020-05-10,0.02048930444765984,0.9795106955523402
11469,2020-05-10,0.011115098031079906,0.9888849019689201
11470,2020-05-10,0.007863159123811636,0.9921368408761884
11471,2020-05-10,0.01290275006304864,0.9870972499369514
11472,2020-05-10,0.02368386751620366,0.9763161324837963
11473,2020-05-10,0.009722881158923502,0.9902771188410765
11474,2020-05-10,0.04210787069336197,0.957892129306638
11476,2020-05-10,0.016253386907571832,0.9837466130924282
11477,2020-05-10,0.012633024516788716,0.9873669754832113
11478,2020-05-10,0.009301380600988507,0.9906986193990115
11479,2020-05-10,0.00949304556243269,0.9905069544375673
11480,2020-05-10,0.014600776231502022,0.985399223768498
11481,2020-05-10,0.005267036811038794,0.9947329631889612
11482,2020-05-10,0.03437217713642626,0.9656278228635737
11483,2020-05-10,0.02294533222531847,0.9770546677746815
11484,2020-05-10,0.00273561298439029,0.9972643870156097
11485,2020-05-10,0.013268792788619144,0.9867312072113809
11486,2020-05-10,0.0037948158109177843,0.9962051841890822
11487,2020-05-10,0.04524480238447104,0.954755197615529
11488,2020-05-10,0.0776735523458002,0.9223264476541998
11489,2020-05-10,0.0014932359071562207,0.9985067640928438
11490,2020-05-10,0.008488777786954116,0.9915112222130459
11491,2020-05-10,0.027070473928717198,0.9729295260712828
11492,2020-05-10,0.04205491885006152,0.9579450811499385
11493,2020-05-10,0.022004829038583473,0.9779951709614165
11494,2020-05-10,0.0061814506854172,0.9938185493145828
11495,2020-05-10,0.02142135171035242,0.9785786482896476
11496,2020-05-10,0.004625224526783267,0.9953747754732167
11497,2020-05-10,0.010534552911885098,0.9894654470881149
11498,2020-05-10,0.00288634825794698,0.997113651742053
11499,2020-05-10,0.019625355900621755,0.9803746440993782
11500,2020-05-10,0.0021729505648278025,0.9978270494351722
11501,2020-05-10,0.00347104565108014,0.9965289543489199
11502,2020-05-10,0.0018381725390377301,0.9981618274609623
11503,2020-05-10,0.004087540846303472,0.9959124591536965
11504,2020-05-10,0.011084793724951636,0.9889152062750484
11505,2020-05-10,0.011523692075271708,0.9884763079247283
11506,2020-05-10,0.001953254127270543,0.9980467458727295
11507,2020-05-10,0.06874842875840081,0.9312515712415992
11508,2020-05-10,0.013659764198966307,0.9863402358010337
11509,2020-05-10,0.0494266473148014,0.9505733526851986
11510,2020-05-10,0.0074923394311271485,0.9925076605688729
11511,2020-05-10,0.00875403418086751,0.9912459658191325
11512,2020-05-10,0.016347826314796143,0.9836521736852039
11513,2020-05-10,0.018099561707282774,0.9819004382927172
11514,2020-05-10,0.015051952014145331,0.9849480479858547
11515,2020-05-10,0.04516821829435369,0.9548317817056463
11517,2020-05-10,0.007488151315386049,0.992511848684614
11518,2020-05-10,0.0032829866672727803,0.9967170133327272
11519,2020-05-10,0.028881468976726166,0.9711185310232738
11520,2020-05-10,0.028690356551475227,0.9713096434485248
11521,2020-05-10,0.0051483813686097335,0.9948516186313903
11523,2020-05-10,0.0343833356787161,0.9656166643212839
11524,2020-05-10,0.006760895170865089,0.9932391048291349
11525,2020-05-10,0.009239972589647816,0.9907600274103522
11526,2020-05-10,0.011714310680957296,0.9882856893190427
11527,2020-05-10,0.015188669849433456,0.9848113301505665
11528,2020-05-10,0.016422147580690827,0.9835778524193092
11529,2020-05-10,0.010825528122393568,0.9891744718776064
11530,2020-05-10,0.008782488451855253,0.9912175115481447
11531,2020-05-10,0.04990534051956608,0.9500946594804339
11532,2020-05-10,0.02404107527334809,0.9759589247266519
11534,2020-05-10,0.0021112150353784775,0.9978887849646215
11535,2020-05-10,0.003978316364329326,0.9960216836356707
11536,2020-05-10,0.008232486114909232,0.9917675138850908
11537,2020-05-10,0.023054182161374004,0.976945817838626
11538,2020-05-10,0.06690954820880146,0.9330904517911985
11539,2020-05-10,0.007049391753630174,0.9929506082463698
11540,2020-05-10,0.015565534428209293,0.9844344655717907
11541,2020-05-10,0.025535350399107815,0.9744646496008922
11542,2020-05-10,0.011241174094522188,0.9887588259054778
11543,2020-05-10,0.0200362740768516,0.9799637259231484
11544,2020-05-10,0.020310783020223155,0.9796892169797768
11545,2020-05-10,0.04119309593838605,0.958806904061614
11546,2020-05-10,0.017578108763434463,0.9824218912365655
11547,2020-05-10,0.07530041224331896,0.924699587756681
11548,2020-05-10,0.039009520747940174,0.9609904792520598
11551,2020-05-10,0.012356792545995865,0.9876432074540041
11552,2020-05-10,0.0036920537646522034,0.9963079462353478
11553,2020-05-10,0.0024509015731212225,0.9975490984268788
11554,2020-05-10,0.03870997106047458,0.9612900289395254
11555,2020-05-10,0.05966065045600799,0.940339349543992
11556,2020-05-10,0.00823759249993461,0.9917624075000654
11557,2020-05-10,0.027627279704861563,0.9723727202951384
11558,2020-05-10,0.026344732012871352,0.9736552679871286
11559,2020-05-10,0.026249222598278887,0.9737507774017211
11561,2020-05-10,0.0030164184073332434,0.9969835815926668
11562,2020-05-10,0.05281818146045758,0.9471818185395424
11563,2020-05-10,0.005371709918007728,0.9946282900819923
11564,2020-05-10,0.029092771119605954,0.970907228880394
11565,2020-05-10,0.018777407423576586,0.9812225925764234
11567,2020-05-10,0.00914621505316271,0.9908537849468373
11568,2020-05-10,0.006547973466741741,0.9934520265332583
11569,2020-05-10,0.010741223465866034,0.989258776534134
11570,2020-05-10,0.004747247704712132,0.9952527522952879
11571,2020-05-10,0.0039668969053486824,0.9960331030946513
11572,2020-05-10,0.006121861841394738,0.9938781381586053
11573,2020-05-10,0.01913801124701875,0.9808619887529813
11574,2020-05-10,0.03283310629910119,0.9671668937008988
11575,2020-05-10,0.01600381573746268,0.9839961842625373
11576,2020-05-10,0.01881594330853331,0.9811840566914667
11577,2020-05-10,0.019970673357435964,0.980029326642564
11578,2020-05-10,0.005161995877247971,0.994838004122752
11579,2020-05-10,0.045864152690646365,0.9541358473093536
11580,2020-05-10,0.01950747247939033,0.9804925275206097
11581,2020-05-10,0.004744694815284389,0.9952553051847156
11582,2020-05-10,0.023019986082849386,0.9769800139171506
11583,2020-05-10,0.03454988772870293,0.9654501122712971
11584,2020-05-10,0.021943642543321373,0.9780563574566786
11585,2020-05-10,0.018020307927850254,0.9819796920721497
11586,2020-05-10,0.013314611051903236,0.9866853889480968
11588,2020-05-10,0.08145876890602455,0.9185412310939755
11589,2020-05-10,0.010214191251622151,0.9897858087483778
11590,2020-05-10,0.02361505495803662,0.9763849450419634
11591,2020-05-10,0.01343194738761122,0.9865680526123888
11592,2020-05-10,0.008731492407823449,0.9912685075921766
11593,2020-05-10,0.011353938480974879,0.9886460615190251
11594,2020-05-10,0.012225394546888091,0.9877746054531119
11596,2020-05-10,0.015037775393647923,0.9849622246063521
11597,2020-05-10,0.006576289028466964,0.993423710971533
11598,2020-05-10,0.01617321490296597,0.983826785097034
11599,2020-05-10,0.018739438734987957,0.981260561265012
11600,2020-05-10,0.029955931106047884,0.9700440688939521
11601,2020-05-10,0.00383159648250464,0.9961684035174954
11602,2020-05-10,0.011312652902306986,0.988687347097693
11603,2020-05-10,0.01653321518056916,0.9834667848194308
11604,2020-05-10,0.010513007558342835,0.9894869924416572
11605,2020-05-10,0.02192037690265536,0.9780796230973446
11607,2020-05-10,0.0012912127480045887,0.9987087872519954
11608,2020-05-10,0.024053140316699806,0.9759468596833002
11609,2020-05-10,0.005872892387783546,0.9941271076122165
11610,2020-05-10,0.08474666786721585,0.9152533321327841
11611,2020-05-10,0.007536902468969875,0.9924630975310301
11612,2020-05-10,0.005826779222478984,0.994173220777521
11613,2020-05-10,0.021461674379328444,0.9785383256206716
11614,2020-05-10,0.06382470793894968,0.9361752920610503
11615,2020-05-10,0.043323728149263996,0.956676271850736
11616,2020-05-10,0.02566795987229431,0.9743320401277057
11617,2020-05-10,0.005019684678045144,0.9949803153219549
11618,2020-05-10,0.022446142580880513,0.9775538574191195
11619,2020-05-10,0.039302472106739095,0.9606975278932609
11621,2020-05-10,0.0065484275443981055,0.9934515724556019
11622,2020-05-10,0.032216872165680144,0.9677831278343199
11623,2020-05-10,0.004282414184626271,0.9957175858153737
11624,2020-05-10,0.018800973861321624,0.9811990261386784
11625,2020-05-10,0.005751744687767402,0.9942482553122326
11626,2020-05-10,0.009844779251129254,0.9901552207488707
11628,2020-05-10,0.014374681779384169,0.9856253182206158
11629,2020-05-10,0.003830236956319233,0.9961697630436808
11630,2020-05-10,0.009428348328478608,0.9905716516715214
11631,2020-05-10,0.042510172480143105,0.9574898275198569
11633,2020-05-10,0.008483239614883953,0.991516760385116
11634,2020-05-10,0.01610484658838751,0.9838951534116125
11635,2020-05-10,0.016826631968535177,0.9831733680314648
11636,2020-05-10,0.045236102460594396,0.9547638975394056
11637,2020-05-10,0.01038770856206539,0.9896122914379346
11638,2020-05-10,0.034137315779392496,0.9658626842206075
11639,2020-05-10,0.008197470705241572,0.9918025292947584
11640,2020-05-10,0.01930915801265687,0.9806908419873431
11641,2020-05-10,0.0405272948573,0.9594727051427
11642,2020-05-10,0.11220326683920634,0.8877967331607937
11643,2020-05-10,0.002164856993544184,0.9978351430064558
11644,2020-05-10,0.07023929939221552,0.9297607006077845
11645,2020-05-10,0.0037468542860240595,0.9962531457139759
11646,2020-05-10,0.04555657675387337,0.9544434232461266
11647,2020-05-10,0.005300102417644226,0.9946998975823558
11648,2020-05-10,0.018267206137468572,0.9817327938625314
11649,2020-05-10,0.01023618474931498,0.989763815250685
11650,2020-05-10,0.025463638343066197,0.9745363616569338
11651,2020-05-10,0.012097670521359571,0.9879023294786404
11652,2020-05-10,0.020749940574121495,0.9792500594258785
11653,2020-05-10,0.003958272522318174,0.9960417274776818
11654,2020-05-10,0.023728313841668736,0.9762716861583313
11655,2020-05-10,0.004380435747231126,0.9956195642527689
11656,2020-05-10,0.06786590847184448,0.9321340915281555
11657,2020-05-10,0.017574924500950773,0.9824250754990492
11658,2020-05-10,0.016159155893240018,0.98384084410676
11659,2020-05-10,0.011882315981992408,0.9881176840180076
11660,2020-05-10,0.015003513659808787,0.9849964863401912
11661,2020-05-10,0.04697291169204543,0.9530270883079546
11662,2020-05-10,0.008957689573814709,0.9910423104261853
11663,2020-05-10,0.02343103282923631,0.9765689671707637
11664,2020-05-10,0.02070933929109131,0.9792906607089087
11665,2020-05-10,0.005333478344599962,0.9946665216554
11666,2020-05-10,0.016793307475210684,0.9832066925247893
11667,2020-05-10,0.018281720036797622,0.9817182799632024
11668,2020-05-10,0.02529780981566998,0.97470219018433
11670,2020-05-10,0.00765461850518756,0.9923453814948124
11672,2020-05-10,0.018938003581002838,0.9810619964189972
11673,2020-05-10,0.007666313417004411,0.9923336865829956
11674,2020-05-10,0.003025713179763856,0.9969742868202361
11675,2020-05-10,0.02079949322708896,0.979200506772911
11676,2020-05-10,0.020290276788687556,0.9797097232113124
11677,2020-05-10,0.047621623114242784,0.9523783768857572
11678,2020-05-10,0.02125505104709602,0.978744948952904
11679,2020-05-10,0.0025198393399566976,0.9974801606600433
11680,2020-05-10,0.0029836893633802264,0.9970163106366198
11681,2020-05-10,0.008158260647759263,0.9918417393522407
11683,2020-05-10,0.017997124423424493,0.9820028755765755
11684,2020-05-10,0.017029501689469262,0.9829704983105307
11686,2020-05-10,0.030805523841398563,0.9691944761586014
11687,2020-05-10,0.007938266021864093,0.9920617339781359
11688,2020-05-10,0.006315521856674722,0.9936844781433253
11689,2020-05-10,0.07737763969694678,0.9226223603030532
11690,2020-05-10,0.06261395967196115,0.9373860403280388
11691,2020-05-10,0.016389109106505262,0.9836108908934947
11692,2020-05-10,0.002802376509927096,0.9971976234900729
11693,2020-05-10,0.00451770666222473,0.9954822933377753
11694,2020-05-10,0.008059633981544634,0.9919403660184554
11695,2020-05-10,0.004590514446587868,0.9954094855534121
11696,2020-05-10,0.02327038713063767,0.9767296128693623
11697,2020-05-10,0.0030821113454546634,0.9969178886545453
11698,2020-05-10,0.03927222573823941,0.9607277742617606
11700,2020-05-10,0.002795313897810181,0.9972046861021898
11701,2020-05-10,0.011192957846894003,0.988807042153106
11702,2020-05-10,0.009882628189785914,0.9901173718102141
11704,2020-05-10,0.0007885327141075038,0.9992114672858925
11705,2020-05-10,0.04087598239092949,0.9591240176090705
11707,2020-05-10,0.010755338022994776,0.9892446619770052
11708,2020-05-10,0.00899323255371498,0.991006767446285
11709,2020-05-10,0.02213803187326735,0.9778619681267327
11710,2020-05-10,0.007051725794438135,0.9929482742055619
11711,2020-05-10,0.030819571473333807,0.9691804285266662
11712,2020-05-10,0.011924184325072362,0.9880758156749276
11713,2020-05-10,0.040973655151024135,0.9590263448489759
11714,2020-05-10,0.017234066860522423,0.9827659331394776
11715,2020-05-10,0.013473518170048937,0.9865264818299511
11716,2020-05-10,0.01764558141603556,0.9823544185839644
11717,2020-05-10,0.006591113223835876,0.9934088867761641
11718,2020-05-10,0.005064463393414487,0.9949355366065855
11719,2020-05-10,0.004354272593342756,0.9956457274066572
11720,2020-05-10,0.01879260830963614,0.9812073916903639
11721,2020-05-10,0.005742726096612416,0.9942572739033876
11722,2020-05-10,0.022753766838531364,0.9772462331614686
11723,2020-05-10,0.0011908066002499496,0.99880919339975
11724,2020-05-10,0.011675597006150173,0.9883244029938498
11725,2020-05-10,0.02615807760793243,0.9738419223920676
11726,2020-05-10,0.007833399404623131,0.9921666005953769
11727,2020-05-10,0.009564311432125994,0.990435688567874
11728,2020-05-10,0.02226513292416521,0.9777348670758348
11730,2020-05-10,0.005713244943393536,0.9942867550566065
11731,2020-05-10,0.02486937045719806,0.9751306295428019
11732,2020-05-10,0.02398001050035814,0.9760199894996419
11733,2020-05-10,0.01577257906337637,0.9842274209366236
11734,2020-05-10,0.003956322368291909,0.9960436776317081
11735,2020-05-10,0.03407765056919687,0.9659223494308031
11736,2020-05-10,0.019076048115902577,0.9809239518840974
11737,2020-05-10,0.04278932301638405,0.957210676983616
11738,2020-05-10,0.018657062023947568,0.9813429379760524
11739,2020-05-10,0.005829736449306511,0.9941702635506935
11740,2020-05-10,0.006253961256673657,0.9937460387433263
11741,2020-05-10,0.018356965601874164,0.9816430343981258
11742,2020-05-10,0.011238213671508901,0.9887617863284911
11743,2020-05-10,0.010737962261732958,0.989262037738267
11744,2020-05-10,0.015725112880580316,0.9842748871194197
11745,2020-05-10,0.014279725215694539,0.9857202747843055
11746,2020-05-10,0.03463754051930068,0.9653624594806993
11747,2020-05-10,0.005589262943939355,0.9944107370560606
11748,2020-05-10,0.0014306776407485566,0.9985693223592514
11749,2020-05-10,0.009284683611958666,0.9907153163880413
11750,2020-05-10,0.013773182848872634,0.9862268171511274
11751,2020-05-10,0.0030069876048994804,0.9969930123951005
11752,2020-05-10,0.014623921703269316,0.9853760782967307
11753,2020-05-10,0.009408761999993631,0.9905912380000064
11754,2020-05-10,0.02303357483882118,0.9769664251611788
11756,2020-05-10,0.0159152481978152,0.9840847518021848
11757,2020-05-10,0.01828838684510914,0.9817116131548909
11758,2020-05-10,0.016913768085758285,0.9830862319142417
11759,2020-05-10,0.046115645528123306,0.9538843544718767
11760,2020-05-10,0.03709739620947072,0.9629026037905293
11761,2020-05-10,0.03570897756223956,0.9642910224377604
11762,2020-05-10,0.03565414341861961,0.9643458565813804
11763,2020-05-10,0.004291999620830933,0.9957080003791691
11764,2020-05-10,0.010665765488199641,0.9893342345118004
11765,2020-05-10,0.01958105036304003,0.98041894963696
11766,2020-05-10,0.006361234349785416,0.9936387656502146
11767,2020-05-10,0.006547227165862868,0.9934527728341371
11768,2020-05-10,0.010891638780192503,0.9891083612198075
11769,2020-05-10,0.017323702844288413,0.9826762971557116
11770,2020-05-10,0.003681297832438979,0.996318702167561
11771,2020-05-10,0.0070926313828685306,0.9929073686171315
11772,2020-05-10,0.020074074487376747,0.9799259255126233
11773,2020-05-10,0.031528872007717146,0.9684711279922829
11774,2020-05-10,0.0020937927744646423,0.9979062072255354
11775,2020-05-10,0.005981639261336769,0.9940183607386632
11776,2020-05-10,0.013071199634002828,0.9869288003659972
11777,2020-05-10,0.00862882752895322,0.9913711724710468
11778,2020-05-10,0.029702582126545418,0.9702974178734546
11779,2020-05-10,0.007954299121186503,0.9920457008788135
11780,2020-05-10,0.012155945343687913,0.9878440546563121
11781,2020-05-10,0.0043804361254236035,0.9956195638745764
11782,2020-05-10,0.017565869586690486,0.9824341304133095
11783,2020-05-10,0.04609091758287476,0.9539090824171252
11784,2020-05-10,0.006479599715352391,0.9935204002846476
11785,2020-05-10,0.015123249764843472,0.9848767502351565
11786,2020-05-10,0.03800640543718248,0.9619935945628175
11787,2020-05-10,0.014313991449837804,0.9856860085501622
11788,2020-05-10,0.058077670245682445,0.9419223297543176
11789,2020-05-10,0.07684368849279188,0.9231563115072081
11790,2020-05-10,0.009523448906137766,0.9904765510938622
11791,2020-05-10,0.007103523783802745,0.9928964762161973
11792,2020-05-10,0.011655943839703697,0.9883440561602963
11793,2020-05-10,0.015976650599941022,0.984023349400059
11794,2020-05-10,0.04279290781330192,0.9572070921866981
11795,2020-05-10,0.008066445997269911,0.9919335540027301
11796,2020-05-10,0.01161375562957978,0.9883862443704202
11797,2020-05-10,0.007834053525915485,0.9921659464740845
11798,2020-05-10,0.03528846569509214,0.9647115343049079
11799,2020-05-10,0.009617298810185693,0.9903827011898143
11800,2020-05-10,0.029072754050153526,0.9709272459498465
11801,2020-05-10,0.012519987054162351,0.9874800129458376
11802,2020-05-10,0.035890755387021245,0.9641092446129788
11803,2020-05-10,0.010106178683236933,0.9898938213167631
11804,2020-05-10,0.004092551372641862,0.9959074486273581
11806,2020-05-10,0.02494759250795575,0.9750524074920442
11807,2020-05-10,0.0052901464291303935,0.9947098535708696
11808,2020-05-10,0.0034643782691926583,0.9965356217308073
11809,2020-05-10,0.005214282710689688,0.9947857172893103
11810,2020-05-10,0.01550235980264858,0.9844976401973514
11811,2020-05-10,0.028930551941943272,0.9710694480580567
11812,2020-05-10,0.02034715442265611,0.9796528455773439
11813,2020-05-10,0.03187429177271872,0.9681257082272813
11814,2020-05-10,0.010791044189742749,0.9892089558102573
11815,2020-05-10,0.03568186056303946,0.9643181394369605
11816,2020-05-10,0.008294521782930442,0.9917054782170696
11817,2020-05-10,0.030920670346199608,0.9690793296538004
11818,2020-05-10,0.023234660670488072,0.9767653393295119
11819,2020-05-10,0.007995738141175157,0.9920042618588248
11820,2020-05-10,0.004016958680046145,0.9959830413199539
11821,2020-05-10,0.10364502348625315,0.8963549765137468
11822,2020-05-10,0.03400161191434936,0.9659983880856506
11823,2020-05-10,0.05863326884160858,0.9413667311583914
11824,2020-05-10,0.013266002242479535,0.9867339977575205
11825,2020-05-10,0.009709167909329186,0.9902908320906708
11826,2020-05-10,0.0546296686475789,0.9453703313524211
11827,2020-05-10,0.03542217872296549,0.9645778212770345
11828,2020-05-10,0.023384234451281016,0.976615765548719
11829,2020-05-10,0.019981179447983166,0.9800188205520168
11830,2020-05-10,0.025818758725399737,0.9741812412746003
11831,2020-05-10,0.03652280193699231,0.9634771980630077
11832,2020-05-10,0.015686476939927974,0.984313523060072
11833,2020-05-10,0.018041464116716366,0.9819585358832836
11834,2020-05-10,0.0039051057134881217,0.9960948942865119
11836,2020-05-10,0.017877381708228723,0.9821226182917713
11837,2020-05-10,0.006007474486369846,0.9939925255136302
11838,2020-05-10,0.02825344558089471,0.9717465544191053
11839,2020-05-10,0.022786941205722666,0.9772130587942773
11840,2020-05-10,0.000923308614781404,0.9990766913852186
11841,2020-05-10,0.028337785387687164,0.9716622146123128
11845,2020-05-10,0.004542126023026838,0.9954578739769732
11846,2020-05-10,0.010738354594878041,0.989261645405122
11847,2020-05-10,0.017234291501067478,0.9827657084989325
11848,2020-05-10,0.017763646026335178,0.9822363539736648
11849,2020-05-10,0.0646388311162801,0.9353611688837199
11850,2020-05-10,0.00580368584923574,0.9941963141507643
11851,2020-05-10,0.006801103528949026,0.993198896471051
11852,2020-05-10,0.0032802537665560516,0.996719746233444
11853,2020-05-10,0.009296966231757686,0.9907030337682423
11854,2020-05-10,0.029961840540873363,0.9700381594591266
11856,2020-05-10,0.17019897096837044,0.8298010290316296
11857,2020-05-10,0.0021015372473047744,0.9978984627526952
11858,2020-05-10,0.013876581289267276,0.9861234187107327
11859,2020-05-10,0.00807448396559729,0.9919255160344027
11860,2020-05-10,0.04173045404919118,0.9582695459508088
11861,2020-05-10,0.010379618778635247,0.9896203812213648
11862,2020-05-10,0.006303510051552719,0.9936964899484473
11863,2020-05-10,0.005359745379793335,0.9946402546202067
11864,2020-05-10,0.0354146085427115,0.9645853914572885
11865,2020-05-10,0.03028562471369678,0.9697143752863032
11866,2020-05-10,0.019137986643756433,0.9808620133562436
11867,2020-05-10,0.002275536236894249,0.9977244637631058
11868,2020-05-10,0.015502880544901121,0.9844971194550989
11869,2020-05-10,0.003950958205642174,0.9960490417943578
11870,2020-05-10,0.005398787099778812,0.9946012129002212
11871,2020-05-10,0.0029909056157233493,0.9970090943842767
11872,2020-05-10,0.032069734927239746,0.9679302650727603
11873,2020-05-10,0.012454022088662753,0.9875459779113372
11874,2020-05-10,0.0536219379784767,0.9463780620215233
11875,2020-05-10,0.0022314961346574513,0.9977685038653425
11876,2020-05-10,0.005590762983526676,0.9944092370164733
11877,2020-05-10,0.0024838887471217985,0.9975161112528782
11878,2020-05-10,0.0038887074278933786,0.9961112925721066
11879,2020-05-10,0.008714296773026153,0.9912857032269738
11880,2020-05-10,0.05712534093007071,0.9428746590699293
11881,2020-05-10,0.0023781311799874194,0.9976218688200126
11882,2020-05-10,0.060424578191755285,0.9395754218082447
11883,2020-05-10,0.007565882269947366,0.9924341177300526
11884,2020-05-10,0.030082405569444526,0.9699175944305555
11885,2020-05-10,0.04935870988186353,0.9506412901181365
11886,2020-05-10,0.004879208810616209,0.9951207911893838
11887,2020-05-10,0.03312829128066119,0.9668717087193388
11889,2020-05-10,0.029854769399555225,0.9701452306004448
11890,2020-05-10,0.007704061662598516,0.9922959383374015
11891,2020-05-10,0.026074209854245023,0.973925790145755
11892,2020-05-10,0.006250467799184034,0.993749532200816
11893,2020-05-10,0.030479453452776917,0.9695205465472231
11894,2020-05-10,0.0025578819030223077,0.9974421180969777
11895,2020-05-10,0.022809086196503237,0.9771909138034968
11896,2020-05-10,0.002611798179948832,0.9973882018200512
11897,2020-05-10,0.02073994858052086,0.9792600514194791
11899,2020-05-10,0.01295907985004896,0.987040920149951
11900,2020-05-10,0.0028722324625444218,0.9971277675374556
11901,2020-05-10,0.01903880470514896,0.980961195294851
11903,2020-05-10,0.02376735128615104,0.976232648713849
11904,2020-05-10,0.03164265807578737,0.9683573419242126
11905,2020-05-10,0.017357302134551444,0.9826426978654486
11906,2020-05-10,0.0005547172616386931,0.9994452827383613
11908,2020-05-10,0.03395094542214705,0.966049054577853
11909,2020-05-10,0.012022395033800759,0.9879776049661992
11910,2020-05-10,0.015901461483219248,0.9840985385167808
11911,2020-05-10,0.018982688894593314,0.9810173111054067
11912,2020-05-10,0.00401707303506893,0.9959829269649311
11914,2020-05-10,0.0010729493479741947,0.9989270506520258
11915,2020-05-10,0.004931151640646059,0.9950688483593539
11916,2020-05-10,0.014577668736282301,0.9854223312637177
11918,2020-05-10,0.02474863654127102,0.975251363458729
11919,2020-05-10,0.0963501133346577,0.9036498866653423
11920,2020-05-10,0.03112667985027784,0.9688733201497222
11921,2020-05-10,0.004242967377484197,0.9957570326225158
11922,2020-05-10,0.0077263782724588115,0.9922736217275412
11924,2020-05-10,0.0220074128401635,0.9779925871598365
11925,2020-05-10,0.005188804321535456,0.9948111956784645
11926,2020-05-10,0.017335459402599507,0.9826645405974005
11927,2020-05-10,0.04629283697752651,0.9537071630224735
11928,2020-05-10,0.028756858726660783,0.9712431412733392
11929,2020-05-10,0.020958935205806273,0.9790410647941937
11930,2020-05-10,0.0068896858802686145,0.9931103141197314
11931,2020-05-10,0.01666070976887457,0.9833392902311254
11932,2020-05-10,0.02311594278555107,0.9768840572144489
11933,2020-05-10,0.0049964216927096405,0.9950035783072904
11934,2020-05-10,0.00434312269449344,0.9956568773055066
11935,2020-05-10,0.014815069869155595,0.9851849301308444
11936,2020-05-10,0.022067244247031104,0.9779327557529689
11937,2020-05-10,0.0028874358328133676,0.9971125641671866
11938,2020-05-10,0.017624140705781444,0.9823758592942186
11939,2020-05-10,0.024357548907325,0.975642451092675
11940,2020-05-10,0.0322959411827487,0.9677040588172513
11941,2020-05-10,0.07580561903893956,0.9241943809610604
11942,2020-05-10,0.008206910575217607,0.9917930894247824
11943,2020-05-10,0.014940708424120652,0.9850592915758793
11944,2020-05-10,0.0062770841861415905,0.9937229158138584
11945,2020-05-10,0.003931586370956364,0.9960684136290436
11946,2020-05-10,0.061174265915200254,0.9388257340847997
11947,2020-05-10,0.0193247529252617,0.9806752470747383
11948,2020-05-10,0.00911564902424078,0.9908843509757592
11949,2020-05-10,0.010862572786812241,0.9891374272131878
11950,2020-05-10,0.007975439208201762,0.9920245607917982
11951,2020-05-10,0.028104521973928653,0.9718954780260713
11952,2020-05-10,0.036394132034468174,0.9636058679655318
11953,2020-05-10,0.036806916287540514,0.9631930837124595
11955,2020-05-10,0.0018306480626290034,0.998169351937371
11956,2020-05-10,0.01256125150226517,0.9874387484977348
11957,2020-05-10,0.021894547358094596,0.9781054526419054
11958,2020-05-10,0.01021885182018989,0.9897811481798101
11959,2020-05-10,0.008286737713764647,0.9917132622862354
11960,2020-05-10,0.03093935820176108,0.9690606417982389
11961,2020-05-10,0.005556071870056245,0.9944439281299438
11962,2020-05-10,0.03841620510570509,0.9615837948942949
11963,2020-05-10,0.015981405076996635,0.9840185949230034
11964,2020-05-10,0.022011143682486245,0.9779888563175138
11965,2020-05-10,0.011157554081930976,0.988842445918069
11966,2020-05-10,0.014058217288428265,0.9859417827115717
11967,2020-05-10,0.008873416953445346,0.9911265830465547
11968,2020-05-10,0.003758133962495802,0.9962418660375042
11969,2020-05-10,0.008452470172500504,0.9915475298274995
11970,2020-05-10,0.013963615729196466,0.9860363842708035
11971,2020-05-10,0.03430110049279911,0.9656988995072009
11974,2020-05-10,0.004458924822914989,0.995541075177085
11975,2020-05-10,0.04679686761763591,0.9532031323823641
11976,2020-05-10,0.008873260528187377,0.9911267394718126
11977,2020-05-10,0.010439056109097455,0.9895609438909025
11978,2020-05-10,0.0031776346665005617,0.9968223653334994
11980,2020-05-10,0.0035584541564983585,0.9964415458435016
11981,2020-05-10,0.052800897250444345,0.9471991027495557
11982,2020-05-10,0.004659307489957909,0.9953406925100421
11983,2020-05-10,0.020839120095334396,0.9791608799046656
11984,2020-05-10,0.004029851383163696,0.9959701486168363
11985,2020-05-10,0.004535977067280927,0.9954640229327191
11986,2020-05-10,0.016155256831209552,0.9838447431687904
11987,2020-05-10,0.03828175113776333,0.9617182488622367
11988,2020-05-10,0.009804612528959478,0.9901953874710405
11989,2020-05-10,0.025719370627140803,0.9742806293728592
11990,2020-05-10,0.006552878992549194,0.9934471210074508
11991,2020-05-10,0.012932394817711468,0.9870676051822885
11992,2020-05-10,0.0168869922051591,0.9831130077948409
11993,2020-05-10,0.010847515662828155,0.9891524843371718
11994,2020-05-10,0.03549032236609473,0.9645096776339053
11995,2020-05-10,0.016854163538215894,0.9831458364617841
11996,2020-05-10,0.005022458521896422,0.9949775414781036
11997,2020-05-10,0.005249253687010791,0.9947507463129892
11998,2020-05-10,0.037286972803339924,0.9627130271966601
11999,2020-05-10,0.010584986701964727,0.9894150132980353
12000,2020-05-10,0.0027203677206942833,0.9972796322793057
12001,2020-05-10,0.008797927158683216,0.9912020728413168
12002,2020-05-10,0.01733492691687688,0.9826650730831231
12003,2020-05-10,0.006637026164813542,0.9933629738351865
12005,2020-05-10,0.06247857666011691,0.9375214233398831
12006,2020-05-10,0.01473636676255996,0.98526363323744
12007,2020-05-10,0.010192640725781077,0.9898073592742189
12008,2020-05-10,0.048514001212582536,0.9514859987874175
12009,2020-05-10,0.007347521791236655,0.9926524782087633
12010,2020-05-10,0.042668194027494,0.957331805972506
12011,2020-05-10,0.02209386413476322,0.9779061358652368
12012,2020-05-10,0.034317716158388634,0.9656822838416114
12013,2020-05-10,0.02540974942179408,0.9745902505782059
12014,2020-05-10,0.020928687557637216,0.9790713124423628
12015,2020-05-10,0.007554091216716352,0.9924459087832836
12016,2020-05-10,0.008071628351660642,0.9919283716483394
12017,2020-05-10,0.04957009508101207,0.9504299049189879
12018,2020-05-10,0.01959495950061929,0.9804050404993807
12019,2020-05-10,0.015061107245858074,0.9849388927541419
12020,2020-05-10,0.008883171216857,0.991116828783143
12021,2020-05-10,0.01044762107491315,0.9895523789250869
12022,2020-05-10,0.011586074920850287,0.9884139250791497
12023,2020-05-10,0.007667788157495581,0.9923322118425044
12024,2020-05-10,0.028086360518099207,0.9719136394819008
12025,2020-05-10,0.029275983045125575,0.9707240169548744
12026,2020-05-10,0.008820986025423916,0.9911790139745761
12027,2020-05-10,0.0030178850750877118,0.9969821149249123
12028,2020-05-10,0.00562330766152308,0.9943766923384769
12029,2020-05-10,0.05263316947060004,0.9473668305294
12030,2020-05-10,0.09273771467299252,0.9072622853270075
12032,2020-05-10,0.0025652578762368483,0.9974347421237632
12033,2020-05-10,0.005924292639908013,0.994075707360092
12034,2020-05-10,0.008865812728884204,0.9911341872711158
12035,2020-05-10,0.004268362864879971,0.99573163713512
12036,2020-05-10,0.01689591412951441,0.9831040858704856
12037,2020-05-10,0.009431026348329263,0.9905689736516707
12038,2020-05-10,0.0036729058430722272,0.9963270941569278
12039,2020-05-10,0.023374422060507993,0.976625577939492
12040,2020-05-10,0.00741826426356651,0.9925817357364335
12041,2020-05-10,0.018264858609739032,0.981735141390261
12042,2020-05-10,0.026380294661728976,0.973619705338271
12043,2020-05-10,0.014726657888250005,0.98527334211175
12044,2020-05-10,0.011396452917265876,0.9886035470827341
12046,2020-05-10,0.010374062582611199,0.9896259374173888
12047,2020-05-10,0.014627981495932363,0.9853720185040676
12048,2020-05-10,0.0423871841825747,0.9576128158174253
12049,2020-05-10,0.016152213193141418,0.9838477868068586
12050,2020-05-10,0.0023510411012473975,0.9976489588987526
12051,2020-05-10,0.01737920997106357,0.9826207900289364
12052,2020-05-10,0.024986584428339453,0.9750134155716605
12053,2020-05-10,0.010478226046604644,0.9895217739533954
12054,2020-05-10,0.008814752983433927,0.9911852470165661
12055,2020-05-10,0.012813285905546423,0.9871867140944536
12056,2020-05-10,0.019732665850264453,0.9802673341497355
12057,2020-05-10,0.010378507124975345,0.9896214928750247
12058,2020-05-10,0.016203997803949988,0.98379600219605
12059,2020-05-10,0.004318845397867643,0.9956811546021324
12060,2020-05-10,0.06264250663461945,0.9373574933653805
12061,2020-05-10,0.005445223289242684,0.9945547767107573
12062,2020-05-10,0.011066984303468086,0.9889330156965319
12063,2020-05-10,0.0666791363732433,0.9333208636267567
12064,2020-05-10,0.04365433618398451,0.9563456638160155
12065,2020-05-10,0.022949336039439716,0.9770506639605603
12066,2020-05-10,0.014994865866994944,0.9850051341330051
12067,2020-05-10,0.016099686141911707,0.9839003138580883
12068,2020-05-10,0.023875123637741358,0.9761248763622586
12069,2020-05-10,0.02598223786557885,0.9740177621344212
12070,2020-05-10,0.022382925841834322,0.9776170741581657
12071,2020-05-10,0.023517088917664575,0.9764829110823354
12072,2020-05-10,0.023183926605081506,0.9768160733949185
12073,2020-05-10,0.06595853835989662,0.9340414616401034
12074,2020-05-10,0.14598315933909822,0.8540168406609018
12075,2020-05-10,0.01471161584566194,0.9852883841543381
12076,2020-05-10,0.046529141175529976,0.95347085882447
12077,2020-05-10,0.09901562620461757,0.9009843737953824
12078,2020-05-10,0.01419417932587741,0.9858058206741226
12079,2020-05-10,0.0020128818507965107,0.9979871181492035
12080,2020-05-10,0.0073962944673101605,0.9926037055326898
12081,2020-05-10,0.012102110340402095,0.9878978896595979
12082,2020-05-10,0.010428630208678902,0.9895713697913211
12083,2020-05-10,0.045927641246676476,0.9540723587533235
12084,2020-05-10,0.01777450340026654,0.9822254965997335
12085,2020-05-10,0.006805191622537343,0.9931948083774627
12086,2020-05-10,0.0017012818539272612,0.9982987181460727
12087,2020-05-10,0.007972022903518727,0.9920279770964813
12089,2020-05-10,0.016373513157726283,0.9836264868422737
12091,2020-05-10,0.007851971044936623,0.9921480289550634
12092,2020-05-10,0.013591507181741624,0.9864084928182584
12093,2020-05-10,0.02393802148694335,0.9760619785130566
12094,2020-05-10,0.00520544638908238,0.9947945536109176
12095,2020-05-10,0.02129486319196816,0.9787051368080318
12096,2020-05-10,0.006532106885041911,0.9934678931149581
12097,2020-05-10,0.01581616136117181,0.9841838386388282
12098,2020-05-10,0.023235618048524587,0.9767643819514754
12099,2020-05-10,0.007266292092787507,0.9927337079072125
12100,2020-05-10,0.007901615250918925,0.9920983847490811
12103,2020-05-10,0.005683950295102158,0.9943160497048978
12104,2020-05-10,0.010418901456566543,0.9895810985434335
12105,2020-05-10,0.04426613426803727,0.9557338657319627
12106,2020-05-10,0.002536729429921003,0.997463270570079
12107,2020-05-10,0.017443533774722852,0.9825564662252771
12108,2020-05-10,0.008505763660532684,0.9914942363394673
12110,2020-05-10,0.001961061295616129,0.9980389387043839
12111,2020-05-10,0.006390517029879805,0.9936094829701202
12112,2020-05-10,0.019109758505596264,0.9808902414944037
12113,2020-05-10,0.022070976835045997,0.977929023164954
12114,2020-05-10,0.0446603194442079,0.9553396805557921
12115,2020-05-10,0.09858275954715257,0.9014172404528474
12116,2020-05-10,0.04152766011506526,0.9584723398849347
12117,2020-05-10,0.054319324701198934,0.9456806752988011
12118,2020-05-10,0.012890734825454109,0.9871092651745459
12119,2020-05-10,0.006269886595384522,0.9937301134046155
12120,2020-05-10,0.02438913232180817,0.9756108676781918
12121,2020-05-10,0.0691119932957246,0.9308880067042754
12122,2020-05-10,0.07642066551210935,0.9235793344878906
12123,2020-05-10,0.12541626310325027,0.8745837368967497
12124,2020-05-10,0.028475654642612702,0.9715243453573873
12126,2020-05-10,0.00335832435278538,0.9966416756472146
12127,2020-05-10,0.013890409186062325,0.9861095908139377
12128,2020-05-10,0.03861068485836916,0.9613893151416308
12129,2020-05-10,0.024056821473837364,0.9759431785261626
12130,2020-05-10,0.008992301214061693,0.9910076987859383
12131,2020-05-10,0.015803957653914735,0.9841960423460853
12133,2020-05-10,0.012122585524993568,0.9878774144750064
12134,2020-05-10,0.06848201836756007,0.9315179816324399
12135,2020-05-10,0.007056114401617908,0.9929438855983821
12136,2020-05-10,0.03938376748114247,0.9606162325188575
12138,2020-05-10,0.003108710797203873,0.9968912892027961
12139,2020-05-10,0.015014439298258853,0.9849855607017411
12140,2020-05-10,0.009645521459870743,0.9903544785401293
12141,2020-05-10,0.01437842011276591,0.9856215798872341
12142,2020-05-10,0.36593965528130057,0.6340603447186994
12143,2020-05-10,0.024762076964836677,0.9752379230351633
12144,2020-05-10,0.018994514033014664,0.9810054859669853
12145,2020-05-10,0.12691038536001076,0.8730896146399892
12146,2020-05-10,0.004649050714291114,0.9953509492857089
12147,2020-05-10,0.02460284750298325,0.9753971524970168
12148,2020-05-10,0.06349304313514537,0.9365069568648546
12149,2020-05-10,0.0048598342820308504,0.9951401657179691
12150,2020-05-10,0.042418658359806294,0.9575813416401937
12151,2020-05-10,0.015970519837930852,0.9840294801620691
12152,2020-05-10,0.0008737331441169838,0.999126266855883
12154,2020-05-10,0.010503396886868632,0.9894966031131314
12155,2020-05-10,0.03570277928853094,0.9642972207114691
12158,2020-05-10,0.010101035330111419,0.9898989646698886
12159,2020-05-10,0.012929567407041098,0.9870704325929589
12160,2020-05-10,0.006855156348007596,0.9931448436519924
12161,2020-05-10,0.06358606525071919,0.9364139347492808
12163,2020-05-10,0.012391043271812507,0.9876089567281875
12164,2020-05-10,0.019305810369056764,0.9806941896309432
12166,2020-05-10,0.0019487915834282,0.9980512084165718
12167,2020-05-10,0.0013468295796118523,0.9986531704203881
12168,2020-05-10,0.025466887609097877,0.9745331123909021
12169,2020-05-10,0.008616637546508876,0.9913833624534911
12170,2020-05-10,0.014663547481917782,0.9853364525180822
12171,2020-05-10,0.019670636647252326,0.9803293633527477
12172,2020-05-10,0.0086140170288036,0.9913859829711964
12173,2020-05-10,0.020264916435572933,0.9797350835644271
12174,2020-05-10,0.005571367195962185,0.9944286328040378
12175,2020-05-10,0.01816091521291796,0.981839084787082
12176,2020-05-10,0.01503744822377584,0.9849625517762242
12177,2020-05-10,0.025137122931986333,0.9748628770680137
12178,2020-05-10,0.028166325811651016,0.971833674188349
12179,2020-05-10,0.004257902010689096,0.9957420979893109
12180,2020-05-10,0.014176202363394785,0.9858237976366052
12181,2020-05-10,0.02715755165513356,0.9728424483448664
12184,2020-05-10,0.00849351005497978,0.9915064899450202
12185,2020-05-10,0.012505400101642139,0.9874945998983579
12186,2020-05-10,0.046070195655044,0.953929804344956
12187,2020-05-10,0.008803551506948115,0.9911964484930519
12188,2020-05-10,0.006289522248325574,0.9937104777516744
12189,2020-05-10,0.027441325602429956,0.97255867439757
12190,2020-05-10,0.2159204560937581,0.7840795439062419
12191,2020-05-10,0.017374421973701537,0.9826255780262985
12192,2020-05-10,0.011209518948722463,0.9887904810512775
12193,2020-05-10,0.00600238698997424,0.9939976130100258
12194,2020-05-10,0.014387160531347254,0.9856128394686527
12197,2020-05-10,0.02379454767822209,0.9762054523217779
12198,2020-05-10,0.01801937666968667,0.9819806233303133
12199,2020-05-10,0.014440029847819003,0.985559970152181
12200,2020-05-10,0.01801884902628903,0.981981150973711
12201,2020-05-10,0.009958676983208514,0.9900413230167915
12202,2020-05-10,0.037734628530033176,0.9622653714699668
12203,2020-05-10,0.038736021161817624,0.9612639788381824
12204,2020-05-10,0.003875867402933997,0.996124132597066
12205,2020-05-10,0.025724905699714418,0.9742750943002856
12206,2020-05-10,0.04078257823190978,0.9592174217680902
12208,2020-05-10,0.009882212400294854,0.9901177875997051
12209,2020-05-10,0.003520052402009255,0.9964799475979907
12210,2020-05-10,0.00889592569757347,0.9911040743024265
12211,2020-05-10,0.001996692381220022,0.99800330761878
12214,2020-05-10,0.01429676179463979,0.9857032382053602
12215,2020-05-10,0.00231861672271394,0.9976813832772861
12216,2020-05-10,0.22469519454145026,0.7753048054585497
12217,2020-05-10,0.07657767936991755,0.9234223206300824
12218,2020-05-10,0.07273170043283284,0.9272682995671672
12219,2020-05-10,0.011306801006389922,0.9886931989936101
12220,2020-05-10,0.007788502339465042,0.992211497660535
12221,2020-05-10,0.011214408428312561,0.9887855915716874
12222,2020-05-10,0.028075967362013343,0.9719240326379867
12223,2020-05-10,0.021370989114517958,0.978629010885482
12224,2020-05-10,0.0007707781134490554,0.999229221886551
12225,2020-05-10,0.22038654965416127,0.7796134503458387
12226,2020-05-10,0.001659650388671885,0.9983403496113281
12228,2020-05-10,0.015852849351667087,0.9841471506483329
12229,2020-05-10,0.029153404039198638,0.9708465959608014
12230,2020-05-10,0.007970107761713474,0.9920298922382865
12231,2020-05-10,0.008718223313779916,0.9912817766862201
12232,2020-05-10,0.024152582459476823,0.9758474175405232
12233,2020-05-10,0.004127995755677127,0.9958720042443229
12234,2020-05-10,0.013874985543241958,0.986125014456758
12235,2020-05-10,0.15143591831273884,0.8485640816872612
12236,2020-05-10,0.025801661993890557,0.9741983380061094
12237,2020-05-10,0.02115395074390236,0.9788460492560976
12238,2020-05-10,0.03548912675081117,0.9645108732491888
12239,2020-05-10,0.009334591578786466,0.9906654084212135
12240,2020-05-10,0.07613330566289533,0.9238666943371047
12241,2020-05-10,0.007060352351357935,0.9929396476486421
12243,2020-05-10,0.010582080098434532,0.9894179199015655
12244,2020-05-10,0.014316778478277059,0.9856832215217229
12245,2020-05-10,0.021404590747239216,0.9785954092527608
12246,2020-05-10,0.009161343839873437,0.9908386561601266
12247,2020-05-10,0.01508393479305703,0.984916065206943
12248,2020-05-10,0.03172621847544066,0.9682737815245593
12250,2020-05-10,0.048005115036389046,0.951994884963611
12252,2020-05-10,0.11241663164585913,0.8875833683541409
12254,2020-05-10,0.005031424434812193,0.9949685755651878
12255,2020-05-10,0.0009563180909575308,0.9990436819090425
12256,2020-05-10,0.0280119529459415,0.9719880470540585
12257,2020-05-10,0.024935830202613585,0.9750641697973864
12259,2020-05-10,0.03254196004398502,0.967458039956015
12260,2020-05-10,0.00912046144041978,0.9908795385595802
12261,2020-05-10,0.022088534848111574,0.9779114651518884
12262,2020-05-10,0.014616985252096315,0.9853830147479037
12264,2020-05-10,0.06456441175045424,0.9354355882495458
12265,2020-05-10,0.03839666600306024,0.9616033339969398
12266,2020-05-10,0.022564888792480753,0.9774351112075192
12268,2020-05-10,0.027743227369754653,0.9722567726302453
12269,2020-05-10,0.028628739035091222,0.9713712609649088
12270,2020-05-10,0.010713579379829197,0.9892864206201708
12272,2020-05-10,0.01174790264568315,0.9882520973543168
12275,2020-05-10,0.02373635786583017,0.9762636421341698
12276,2020-05-10,0.012318616986900066,0.9876813830130999
12277,2020-05-10,0.005115223515667733,0.9948847764843323
12278,2020-05-10,0.0100236914142815,0.9899763085857185
12279,2020-05-10,0.016422612779730672,0.9835773872202693
12281,2020-05-10,0.02381901243561646,0.9761809875643835
12282,2020-05-10,0.007632384512164858,0.9923676154878351
12283,2020-05-10,0.04271926056108655,0.9572807394389135
12284,2020-05-10,0.031079744515552843,0.9689202554844472
12285,2020-05-10,0.008104520715888297,0.9918954792841117
12286,2020-05-10,0.014392240498373954,0.985607759501626
12287,2020-05-10,0.026027104655585664,0.9739728953444143
12288,2020-05-10,0.01904346091945497,0.980956539080545
12289,2020-05-10,0.011303436699280134,0.9886965633007199
12290,2020-05-10,0.014418359322631913,0.9855816406773681
12291,2020-05-10,0.10068588324818417,0.8993141167518158
12294,2020-05-10,0.016618349614228145,0.9833816503857719
12296,2020-05-10,0.04798781150980358,0.9520121884901964
12297,2020-05-10,0.02966378135586245,0.9703362186441375
12298,2020-05-10,0.01282644742910588,0.9871735525708941
12299,2020-05-10,0.0290771638631363,0.9709228361368637
12300,2020-05-10,0.022419973292573836,0.9775800267074262
12301,2020-05-10,0.0026501435542866103,0.9973498564457134
12302,2020-05-10,0.010317135712643588,0.9896828642873564
12304,2020-05-10,0.05600733585342621,0.9439926641465738
12305,2020-05-10,0.004800543023311343,0.9951994569766887
12306,2020-05-10,0.03446665341145805,0.965533346588542
12307,2020-05-10,0.04174179401066047,0.9582582059893395
12308,2020-05-10,0.07368809449866853,0.9263119055013315
12309,2020-05-10,0.03581727473054086,0.9641827252694591
12310,2020-05-10,0.16542876315805966,0.8345712368419403
12311,2020-05-10,0.043352459387522635,0.9566475406124774
12312,2020-05-10,0.012617758021270853,0.9873822419787291
12313,2020-05-10,0.016572899232451643,0.9834271007675484
12315,2020-05-10,0.04227064242225542,0.9577293575777446
12316,2020-05-10,0.015621486846201016,0.984378513153799
12317,2020-05-10,0.04266337210867943,0.9573366278913206
12318,2020-05-10,0.08157605992456407,0.9184239400754359
12319,2020-05-10,0.03030148041570757,0.9696985195842924
12321,2020-05-10,0.057608299684782094,0.9423917003152179
12322,2020-05-10,0.012282442467177579,0.9877175575328224
12325,2020-05-10,0.00848376275997098,0.991516237240029
12327,2020-05-10,0.02796847370591604,0.972031526294084
12328,2020-05-10,0.1113670844896546,0.8886329155103454
12330,2020-05-10,0.025443820114975257,0.9745561798850247
12331,2020-05-10,0.013181684384402481,0.9868183156155975
12332,2020-05-10,0.01206757321342189,0.9879324267865781
12333,2020-05-10,0.044817385428970624,0.9551826145710294
12334,2020-05-10,0.009631262468829949,0.99036873753117
12335,2020-05-10,0.03732055531118461,0.9626794446888154
12337,2020-05-10,0.004987806707328901,0.9950121932926711
12338,2020-05-10,0.004633890351375736,0.9953661096486243
12340,2020-05-10,0.011833254490726586,0.9881667455092734
12341,2020-05-10,0.04613637502464407,0.9538636249753559
12342,2020-05-10,0.05304865780739465,0.9469513421926053
12343,2020-05-10,0.04636125390400947,0.9536387460959905
12344,2020-05-10,0.025324126497018762,0.9746758735029812
12346,2020-05-10,0.0017798706465713687,0.9982201293534286
12347,2020-05-10,0.03207031656789705,0.967929683432103
12349,2020-05-10,0.004652892950500975,0.995347107049499
12351,2020-05-10,0.07965162158231065,0.9203483784176894
12353,2020-05-10,0.07707840492669937,0.9229215950733006
12354,2020-05-10,0.010637673920693924,0.9893623260793061
12355,2020-05-10,0.008214053797591214,0.9917859462024088
12356,2020-05-10,0.071342031119774,0.928657968880226
12357,2020-05-10,0.06349332447680733,0.9365066755231927
12358,2020-05-10,0.024112146198062345,0.9758878538019377
12359,2020-05-10,0.03289836339338692,0.9671016366066131
12360,2020-05-10,0.023702893036609884,0.9762971069633901
12361,2020-05-10,0.011360913763616365,0.9886390862363836
12363,2020-05-10,0.017853344356411727,0.9821466556435883
12364,2020-05-10,0.05990540301988179,0.9400945969801182
12365,2020-05-10,0.0064121267673729054,0.9935878732326271
12366,2020-05-10,0.007724747913121721,0.9922752520868783
12367,2020-05-10,0.005947164813959627,0.9940528351860404
12369,2020-05-10,0.02359282738277757,0.9764071726172224
12371,2020-05-10,0.007576627149028736,0.9924233728509713
12372,2020-05-10,0.01702949873003423,0.9829705012699658
12373,2020-05-10,0.0081892184930209,0.9918107815069791
12374,2020-05-10,0.003049865963454468,0.9969501340365455
12375,2020-05-10,0.004394742871655866,0.9956052571283441
12377,2020-05-10,0.021677792443176247,0.9783222075568238
12378,2020-05-10,0.007158672810004818,0.9928413271899952
12379,2020-05-10,0.0038347996907077686,0.9961652003092922
12380,2020-05-10,0.01269437499083026,0.9873056250091697
12382,2020-05-10,0.0056229486250588545,0.9943770513749411
12383,2020-05-10,0.0127258864102201,0.9872741135897799
12384,2020-05-10,0.04385530915666702,0.956144690843333
12385,2020-05-10,0.017958088853247345,0.9820419111467527
12387,2020-05-10,0.018623850217394655,0.9813761497826053
12388,2020-05-10,0.008316037726795233,0.9916839622732048
12391,2020-05-10,0.011510437707126453,0.9884895622928735
12393,2020-05-10,0.09255131867257615,0.9074486813274238
12394,2020-05-10,0.030444562220232063,0.9695554377797679
12395,2020-05-10,0.02109048741522568,0.9789095125847743
12396,2020-05-10,0.02342072476578727,0.9765792752342127
12397,2020-05-10,0.03663049389402695,0.963369506105973
12398,2020-05-10,0.012898272998529081,0.9871017270014709
12399,2020-05-10,0.0053406513367583175,0.9946593486632417
12400,2020-05-10,0.023727175943166534,0.9762728240568335
12401,2020-05-10,0.018450707301030156,0.9815492926989698
12402,2020-05-10,0.018757587316759694,0.9812424126832403
12403,2020-05-10,0.03739015664735912,0.9626098433526409
12405,2020-05-10,0.02939420188835029,0.9706057981116497
12407,2020-05-10,0.013683801866471224,0.9863161981335288
12408,2020-05-10,0.0043583988506579185,0.9956416011493421
12410,2020-05-10,0.030075535884145688,0.9699244641158543
12411,2020-05-10,0.01427259216458654,0.9857274078354135
12412,2020-05-10,0.012799606580388034,0.987200393419612
12415,2020-05-10,0.03720821754964787,0.9627917824503521
12416,2020-05-10,0.006558090937900052,0.9934419090621
12417,2020-05-10,0.05585075065052403,0.944149249349476
12418,2020-05-10,0.023443186854756104,0.9765568131452439
12420,2020-05-10,0.006937090858885608,0.9930629091411144
12422,2020-05-10,0.0031913563656553734,0.9968086436343446
12423,2020-05-10,0.013760673887393549,0.9862393261126065
12424,2020-05-10,0.023904604093047288,0.9760953959069527
12427,2020-05-10,0.021269201838006624,0.9787307981619934
12428,2020-05-10,0.030015096356123205,0.9699849036438768
12429,2020-05-10,0.005439904682631003,0.994560095317369
12430,2020-05-10,0.00916381108076414,0.9908361889192359
12431,2020-05-10,0.012642807910465015,0.987357192089535
12432,2020-05-10,0.018702898901462373,0.9812971010985376
12433,2020-05-10,0.013696639296715385,0.9863033607032846
12434,2020-05-10,0.012554505378979286,0.9874454946210207
12435,2020-05-10,0.08356781717134454,0.9164321828286555
12436,2020-05-10,0.055116526554584655,0.9448834734454153
12437,2020-05-10,0.0033734751950653674,0.9966265248049346
12438,2020-05-10,0.04936060158918676,0.9506393984108132
12439,2020-05-10,0.01882194567405071,0.9811780543259493
12441,2020-05-10,0.049302127490891245,0.9506978725091088
12442,2020-05-10,0.011587681118779058,0.9884123188812209
12443,2020-05-10,0.029085135226647574,0.9709148647733524
12444,2020-05-10,0.011783823148353245,0.9882161768516468
12445,2020-05-10,0.01754548115311083,0.9824545188468892
12446,2020-05-10,0.035104543717933034,0.964895456282067
12447,2020-05-10,0.013170561135702363,0.9868294388642976
12448,2020-05-10,0.027181920383241853,0.9728180796167581
12449,2020-05-10,0.011916143715283378,0.9880838562847166
12450,2020-05-10,0.02529720734838714,0.9747027926516129
12451,2020-05-10,0.01829567119915554,0.9817043288008445
12452,2020-05-10,0.019894890200655824,0.9801051097993442
12453,2020-05-10,0.013934955086021827,0.9860650449139782
12454,2020-05-10,0.060810293216064015,0.939189706783936
12455,2020-05-10,0.07537038371826732,0.9246296162817327
12457,2020-05-10,0.14164094962381724,0.8583590503761828
12458,2020-05-10,0.039403863876494305,0.9605961361235057
12459,2020-05-10,0.07423529542475393,0.9257647045752461
12460,2020-05-10,0.019897861313329268,0.9801021386866707
12462,2020-05-10,0.006082033411155763,0.9939179665888442
12463,2020-05-10,0.1021934111848335,0.8978065888151665
12464,2020-05-10,0.005418846633936547,0.9945811533660635
12465,2020-05-10,0.023558310804563498,0.9764416891954365
12466,2020-05-10,0.014427488094978402,0.9855725119050216
12467,2020-05-10,0.018651551973903446,0.9813484480260966
12468,2020-05-10,0.027466430647747675,0.9725335693522523
12469,2020-05-10,0.01884896843510142,0.9811510315648986
12470,2020-05-10,0.0027743941076100453,0.99722560589239
12472,2020-05-10,0.03360727550324549,0.9663927244967545
12473,2020-05-10,0.029095157614602685,0.9709048423853973
12474,2020-05-10,0.03125486698831448,0.9687451330116855
12476,2020-05-10,0.07562363581910947,0.9243763641808905
12477,2020-05-10,0.01323469654331344,0.9867653034566866
12478,2020-05-10,0.005590346195650575,0.9944096538043494
12479,2020-05-10,0.0009508169094089025,0.9990491830905911
12481,2020-05-10,0.02412007703591279,0.9758799229640872
12482,2020-05-10,0.011912278188376368,0.9880877218116236
12484,2020-05-10,0.053502220751033835,0.9464977792489662
12485,2020-05-10,0.015582455521279792,0.9844175444787202
12486,2020-05-10,0.07167429477985077,0.9283257052201492
12487,2020-05-10,0.11830196665006987,0.8816980333499301
12488,2020-05-10,0.004744018691380303,0.9952559813086197
12489,2020-05-10,0.013631419296531555,0.9863685807034684
12490,2020-05-10,0.034824147974674036,0.965175852025326
12491,2020-05-10,0.09533495009618997,0.90466504990381
12492,2020-05-10,0.045069998365462216,0.9549300016345378
12493,2020-05-10,0.09959923538656734,0.9004007646134327
12494,2020-05-10,0.03492695835567672,0.9650730416443233
12495,2020-05-10,0.008724529009288884,0.9912754709907111
12496,2020-05-10,0.013763559329628805,0.9862364406703712
12497,2020-05-10,0.16387525594338093,0.8361247440566191
12498,2020-05-10,0.01263410228853823,0.9873658977114618
12499,2020-05-10,0.011449121712874488,0.9885508782871255
12500,2020-05-10,0.006148593013889592,0.9938514069861104
12501,2020-05-10,0.012516800726948385,0.9874831992730516
12502,2020-05-10,0.014426888550188588,0.9855731114498114
12505,2020-05-10,0.05277022753251237,0.9472297724674876
12506,2020-05-10,0.001862541631886483,0.9981374583681135
12507,2020-05-10,0.011340492702065386,0.9886595072979346
12508,2020-05-10,0.011561776508572486,0.9884382234914275
12509,2020-05-10,0.009278145769004764,0.9907218542309952
12510,2020-05-10,0.011156618317422762,0.9888433816825772
12511,2020-05-10,0.054072549402962466,0.9459274505970375
12512,2020-05-10,0.04368374090127192,0.9563162590987281
12514,2020-05-10,0.0040961659689962016,0.9959038340310038
12515,2020-05-10,0.031220299665513318,0.9687797003344867
12516,2020-05-10,0.0059599134689558575,0.9940400865310441
12518,2020-05-10,0.04735666798515581,0.9526433320148442
12519,2020-05-10,0.02872971420401471,0.9712702857959853
12520,2020-05-10,0.2001035913025473,0.7998964086974527
12521,2020-05-10,0.0068933721771745615,0.9931066278228254
12522,2020-05-10,0.016351874267487743,0.9836481257325123
12523,2020-05-10,0.01566707801690448,0.9843329219830955
12524,2020-05-10,0.00320846178839862,0.9967915382116014
12525,2020-05-10,0.0072412249591040645,0.9927587750408959
12526,2020-05-10,0.005744026274108083,0.9942559737258919
12528,2020-05-10,0.018985265320967337,0.9810147346790327
12529,2020-05-10,0.007725832968235369,0.9922741670317646
12530,2020-05-10,0.022004253965996257,0.9779957460340037
12531,2020-05-10,0.001790633696010735,0.9982093663039893
12532,2020-05-10,0.011388095709632728,0.9886119042903673
12533,2020-05-10,0.009772799832372447,0.9902272001676276
12534,2020-05-10,0.014467421128068758,0.9855325788719312
12535,2020-05-10,0.1349524616782256,0.8650475383217744
12536,2020-05-10,0.008613451431931596,0.9913865485680684
12537,2020-05-10,0.044868498797933754,0.9551315012020662
12538,2020-05-10,0.005156346897328246,0.9948436531026718
12539,2020-05-10,0.04846446830415785,0.9515355316958422
12540,2020-05-10,0.002310678710245484,0.9976893212897545
12541,2020-05-10,0.021351119661135898,0.9786488803388641
12542,2020-05-10,0.027590456652071382,0.9724095433479286
12543,2020-05-10,0.013006412058450767,0.9869935879415492
12544,2020-05-10,0.007249613461374871,0.9927503865386251
12545,2020-05-10,0.024719975546015016,0.975280024453985
12546,2020-05-10,0.02718313021476193,0.9728168697852381
12547,2020-05-10,0.011395822603826211,0.9886041773961738
12548,2020-05-10,0.0011025271796365477,0.9988974728203635
12550,2020-05-10,0.005029635373981045,0.994970364626019
12551,2020-05-10,0.017498991903188488,0.9825010080968115
12552,2020-05-10,0.16878147854084746,0.8312185214591525
12553,2020-05-10,0.036503321458704274,0.9634966785412957
12554,2020-05-10,0.10113417932793767,0.8988658206720623
12555,2020-05-10,0.028699787702555546,0.9713002122974445
12557,2020-05-10,0.026048631560838476,0.9739513684391615
12558,2020-05-10,0.04871789992742115,0.9512821000725789
12559,2020-05-10,0.004166988221088852,0.9958330117789111
12560,2020-05-10,0.012535622988969597,0.9874643770110304
12561,2020-05-10,0.08042031397059513,0.9195796860294049
12562,2020-05-10,0.041068415079427156,0.9589315849205728
12563,2020-05-10,0.0064590050622920225,0.993540994937708
12564,2020-05-10,0.007607052277357362,0.9923929477226426
12565,2020-05-10,0.004021554584669684,0.9959784454153303
12566,2020-05-10,0.020988872292554084,0.9790111277074459
12567,2020-05-10,0.005134811578869303,0.9948651884211307
12568,2020-05-10,0.02834493416548778,0.9716550658345122
12570,2020-05-10,0.003286694806842516,0.9967133051931575
12571,2020-05-10,0.0828914068491643,0.9171085931508357
12573,2020-05-10,0.009865997333040832,0.9901340026669592
12574,2020-05-10,0.016314251794736112,0.9836857482052639
12575,2020-05-10,0.06109723238613718,0.9389027676138628
12577,2020-05-10,0.044158496019327975,0.955841503980672
12578,2020-05-10,0.022816233811613462,0.9771837661883865
12579,2020-05-10,0.031269995811653684,0.9687300041883463
12581,2020-05-10,0.010190164224621934,0.9898098357753781
12582,2020-05-10,0.0191892079361331,0.9808107920638669
12583,2020-05-10,0.008572827036621655,0.9914271729633783
12584,2020-05-10,0.0017968916339103913,0.9982031083660896
12585,2020-05-10,0.011097932860395177,0.9889020671396048
12586,2020-05-10,0.06155204562346284,0.9384479543765372
12587,2020-05-10,0.0405100505220829,0.9594899494779171
12588,2020-05-10,0.0408284298328615,0.9591715701671385
12589,2020-05-10,0.019615455116518965,0.980384544883481
12591,2020-05-10,0.04167881607517343,0.9583211839248266
12592,2020-05-10,0.01760512023327765,0.9823948797667224
12593,2020-05-10,0.020268242303248418,0.9797317576967516
12594,2020-05-10,0.010251548950779621,0.9897484510492204
12595,2020-05-10,0.005866684837647629,0.9941333151623524
12596,2020-05-10,0.02807837498057819,0.9719216250194218
12597,2020-05-10,0.017305105330964188,0.9826948946690358
12598,2020-05-10,0.0378620246570287,0.9621379753429713
12599,2020-05-10,0.011657937651727623,0.9883420623482724
12600,2020-05-10,0.004296302910072325,0.9957036970899277
12601,2020-05-10,0.012870821578218061,0.9871291784217819
12602,2020-05-10,0.04625819042961998,0.95374180957038
12604,2020-05-10,0.04730512446642354,0.9526948755335765
12605,2020-05-10,0.004089867941947212,0.9959101320580528
12606,2020-05-10,0.057621627316899904,0.9423783726831001
12607,2020-05-10,0.026483863790656148,0.9735161362093439
12608,2020-05-10,0.04748685395331964,0.9525131460466804
12609,2020-05-10,0.04329387280145458,0.9567061271985454
12612,2020-05-10,0.01707536247191699,0.982924637528083
12613,2020-05-10,0.025337005466251727,0.9746629945337483
12614,2020-05-10,0.11275693535811826,0.8872430646418817
12615,2020-05-10,0.007494919257983623,0.9925050807420164
12616,2020-05-10,0.011070338751059783,0.9889296612489402
12618,2020-05-10,0.024005622831569595,0.9759943771684304
12620,2020-05-10,0.005239362240443968,0.994760637759556
12621,2020-05-10,0.033008813006510374,0.9669911869934896
12622,2020-05-10,0.007644780434426179,0.9923552195655738
12623,2020-05-10,0.00288598218901559,0.9971140178109844
12624,2020-05-10,0.013165534514468002,0.986834465485532
12625,2020-05-10,0.04537450904356244,0.9546254909564376
12627,2020-05-10,0.004945303867999851,0.9950546961320001
12629,2020-05-10,0.007003866031289552,0.9929961339687104
12630,2020-05-10,0.07114410546182715,0.9288558945381729
12631,2020-05-10,0.004723348326126531,0.9952766516738735
12632,2020-05-10,0.03314465214630058,0.9668553478536994
12633,2020-05-10,0.004171646616870417,0.9958283533831296
12634,2020-05-10,0.04659418385706238,0.9534058161429376
12635,2020-05-10,0.00633340774288238,0.9936665922571176
12637,2020-05-10,0.020136659357800513,0.9798633406421995
12638,2020-05-10,0.08003644542474508,0.9199635545752549
12639,2020-05-10,0.05937096130395181,0.9406290386960482
12641,2020-05-10,0.017983053498946022,0.982016946501054
12642,2020-05-10,0.012810402085196126,0.9871895979148039
12643,2020-05-10,0.01252603084202808,0.9874739691579719
12644,2020-05-10,0.06528743156069317,0.9347125684393068
12645,2020-05-10,0.005369646739687539,0.9946303532603125
12646,2020-05-10,0.0026469537974225243,0.9973530462025775
12647,2020-05-10,0.010698674733314428,0.9893013252666856
12648,2020-05-10,0.02050772130926859,0.9794922786907314
12649,2020-05-10,0.010477954888133412,0.9895220451118666
12650,2020-05-10,0.14081186195196227,0.8591881380480377
12651,2020-05-10,0.025845449438928858,0.9741545505610711
12652,2020-05-10,0.03328317900374467,0.9667168209962553
12653,2020-05-10,0.028052189847986964,0.971947810152013
12654,2020-05-10,0.024230590041678157,0.9757694099583218
12655,2020-05-10,0.08148178825111674,0.9185182117488833
12656,2020-05-10,0.008097958201628619,0.9919020417983714
12657,2020-05-10,0.07468175150513534,0.9253182484948647
12658,2020-05-10,0.004882112703669894,0.9951178872963301
12660,2020-05-10,0.037423079191972186,0.9625769208080278
12661,2020-05-10,0.0063885731683445135,0.9936114268316555
12662,2020-05-10,0.003112241245530889,0.9968877587544691
12663,2020-05-10,0.004773729046655406,0.9952262709533446
12664,2020-05-10,0.011629014774215296,0.9883709852257847
12666,2020-05-10,0.015892306297480396,0.9841076937025196
12667,2020-05-10,0.07488564646538431,0.9251143535346157
12668,2020-05-10,0.0965143539140767,0.9034856460859233
12669,2020-05-10,0.01000736143800729,0.9899926385619927
12670,2020-05-10,0.006036104648695972,0.993963895351304
12671,2020-05-10,0.019812287022317854,0.9801877129776821
12672,2020-05-10,0.008438139524896582,0.9915618604751034
12673,2020-05-10,0.022857985270369308,0.9771420147296307
12675,2020-05-10,0.020020289883114994,0.979979710116885
12676,2020-05-10,0.02277137448063704,0.977228625519363
12677,2020-05-10,0.01444937204018304,0.985550627959817
12680,2020-05-10,0.014925318272838717,0.9850746817271613
12681,2020-05-10,0.0015975521996195452,0.9984024478003805
12682,2020-05-10,0.017631433783995898,0.9823685662160041
12683,2020-05-10,0.09010472810353687,0.9098952718964631
12686,2020-05-10,0.01419495019524264,0.9858050498047574
12688,2020-05-10,0.02814155050808831,0.9718584494919117
12689,2020-05-10,0.006699830962147768,0.9933001690378522
12690,2020-05-10,0.04779076936157478,0.9522092306384252
12691,2020-05-10,0.058133356021704,0.941866643978296
12692,2020-05-10,0.025471549438782493,0.9745284505612175
12693,2020-05-10,0.005283468996282958,0.994716531003717
12694,2020-05-10,0.1321680034693803,0.8678319965306197
12697,2020-05-10,0.011480889302364461,0.9885191106976355
12698,2020-05-10,0.050379780343818736,0.9496202196561813
12699,2020-05-10,0.05122752583931589,0.9487724741606841
12700,2020-05-10,0.04726376478543626,0.9527362352145637
12701,2020-05-10,0.006451745586583901,0.9935482544134161
12702,2020-05-10,0.1062440099964298,0.8937559900035702
12703,2020-05-10,0.017805806014842718,0.9821941939851573
12704,2020-05-10,0.049452768556992655,0.9505472314430073
12705,2020-05-10,0.060057092631035314,0.9399429073689647
12706,2020-05-10,0.01966169301225018,0.9803383069877498
12707,2020-05-10,0.019293655933262266,0.9807063440667377
12708,2020-05-10,0.03373622413053201,0.966263775869468
12709,2020-05-10,0.028724678072911347,0.9712753219270887
12710,2020-05-10,0.07195363986635361,0.9280463601336464
12711,2020-05-10,0.014778097945606361,0.9852219020543936
12713,2020-05-10,0.023295481630346115,0.9767045183696539
12714,2020-05-10,0.02263153467260004,0.9773684653274
12715,2020-05-10,0.005295520428751588,0.9947044795712484
12716,2020-05-10,0.03809536679650527,0.9619046332034947
12720,2020-05-10,0.048710412459971986,0.951289587540028
12721,2020-05-10,0.0024995692182658846,0.9975004307817341
12722,2020-05-10,0.006593114589723559,0.9934068854102764
12723,2020-05-10,0.010286777184262519,0.9897132228157375
12724,2020-05-10,0.03160833255779938,0.9683916674422006
12725,2020-05-10,0.008705450591683928,0.9912945494083161
12727,2020-05-10,0.014916803699423942,0.9850831963005761
12728,2020-05-10,0.0451808756269112,0.9548191243730888
12729,2020-05-10,0.03881776531727721,0.9611822346827228
12730,2020-05-10,0.022788274380491802,0.9772117256195082
12731,2020-05-10,0.017381588092274636,0.9826184119077254
12732,2020-05-10,0.0072050136182419955,0.992794986381758
12733,2020-05-10,0.0067818126350562835,0.9932181873649437
12734,2020-05-10,0.004194216248998517,0.9958057837510015
12736,2020-05-10,0.02798151896184997,0.97201848103815
12737,2020-05-10,0.02402155907715109,0.9759784409228489
12738,2020-05-10,0.018003090093929863,0.9819969099060701
12739,2020-05-10,0.0081577770210296,0.9918422229789704
12742,2020-05-10,0.05173899472458032,0.9482610052754197
12743,2020-05-10,0.0480567687719623,0.9519432312280377
12744,2020-05-10,0.03424578843308612,0.9657542115669139
12745,2020-05-10,0.01411263164210974,0.9858873683578903
12746,2020-05-10,0.03748002548377416,0.9625199745162258
12747,2020-05-10,0.0313659235729139,0.9686340764270861
12748,2020-05-10,0.007559563574277561,0.9924404364257224
12749,2020-05-10,0.012363361764530012,0.98763663823547
12750,2020-05-10,0.007593312566805621,0.9924066874331944
12752,2020-05-10,0.005783240241621801,0.9942167597583782
12753,2020-05-10,0.015567148907105532,0.9844328510928945
12754,2020-05-10,0.02606199617530569,0.9739380038246943
12755,2020-05-10,0.12119942577949394,0.8788005742205061
12756,2020-05-10,0.004074542172583073,0.9959254578274169
12757,2020-05-10,0.005161955091380732,0.9948380449086193
12758,2020-05-10,0.05038018493517915,0.9496198150648208
12759,2020-05-10,0.003954916856977353,0.9960450831430226
12760,2020-05-10,0.029783350211635917,0.9702166497883641
12761,2020-05-10,0.06752042156834448,0.9324795784316555
12762,2020-05-10,0.0029582177242412078,0.9970417822757588
12763,2020-05-10,0.014774635227310706,0.9852253647726893
12764,2020-05-10,0.022460749050319473,0.9775392509496805
12766,2020-05-10,0.021362108698273374,0.9786378913017266
12767,2020-05-10,0.04009007234503814,0.9599099276549619
12768,2020-05-10,0.0229290289574825,0.9770709710425175
12769,2020-05-10,0.014724322993102001,0.985275677006898
12770,2020-05-10,0.02291803342069243,0.9770819665793076
12772,2020-05-10,0.014610812646535076,0.9853891873534649
12773,2020-05-10,0.018594170482656214,0.9814058295173438
12774,2020-05-10,0.0031877550897834173,0.9968122449102166
12775,2020-05-10,0.0024030505135552716,0.9975969494864447
12776,2020-05-10,0.02331459379377232,0.9766854062062277
12777,2020-05-10,0.03697549089825258,0.9630245091017474
12778,2020-05-10,0.006639331937850268,0.9933606680621497
12779,2020-05-10,0.021380679257293034,0.978619320742707
12780,2020-05-10,0.009873209625984813,0.9901267903740152
12781,2020-05-10,0.013079168587466494,0.9869208314125335
12782,2020-05-10,0.009156208882703187,0.9908437911172968
12784,2020-05-10,0.02619588643000159,0.9738041135699984
12785,2020-05-10,0.0035890486923451093,0.9964109513076549
12786,2020-05-10,0.021675670568397476,0.9783243294316025
12787,2020-05-10,0.03190528350585575,0.9680947164941442
12788,2020-05-10,0.0773599921538558,0.9226400078461442
12789,2020-05-10,0.01240236650085802,0.987597633499142
12790,2020-05-10,0.0337856366505811,0.9662143633494189
12791,2020-05-10,0.030098522932496263,0.9699014770675037
12793,2020-05-10,0.06302650181694014,0.9369734981830599
12795,2020-05-10,0.027294950064751466,0.9727050499352485
12796,2020-05-10,0.033857016896451375,0.9661429831035486
12797,2020-05-10,0.006662879943196254,0.9933371200568037
12799,2020-05-10,0.007988836400218857,0.9920111635997811
12800,2020-05-10,0.14176073995233118,0.8582392600476688
12801,2020-05-10,0.017273209238859666,0.9827267907611403
12803,2020-05-10,0.0180583907035603,0.9819416092964397
12804,2020-05-10,0.024678673962668318,0.9753213260373317
12805,2020-05-10,0.016042213214467083,0.9839577867855329
12807,2020-05-10,0.005424125600591911,0.9945758743994081
12808,2020-05-10,0.005798969227755357,0.9942010307722446
12809,2020-05-10,0.016782979952366328,0.9832170200476337
12811,2020-05-10,0.004993102616523415,0.9950068973834766
12813,2020-05-10,0.0074243644309921475,0.9925756355690079
12814,2020-05-10,0.02157340976963107,0.9784265902303689
12815,2020-05-10,0.04000099580074856,0.9599990041992514
12816,2020-05-10,0.08287373529623965,0.9171262647037604
12817,2020-05-10,0.02129038903967928,0.9787096109603207
12818,2020-05-10,0.0035744113047306847,0.9964255886952693
12819,2020-05-10,0.013155311835817862,0.9868446881641821
12821,2020-05-10,0.039438342519561354,0.9605616574804386
12822,2020-05-10,0.009435590803158367,0.9905644091968416
12823,2020-05-10,0.027741767072408274,0.9722582329275917
12825,2020-05-10,0.01937573062555975,0.9806242693744402
12826,2020-05-10,0.08465648624171151,0.9153435137582885
12827,2020-05-10,0.002059480300104055,0.997940519699896
12828,2020-05-10,0.010660502092079915,0.9893394979079201
12829,2020-05-10,0.02161410474002312,0.9783858952599769
12830,2020-05-10,0.034243216573958124,0.9657567834260419
12832,2020-05-10,0.004949359248413443,0.9950506407515866
12833,2020-05-10,0.11308449737007198,0.886915502629928
12835,2020-05-10,0.009446649340930535,0.9905533506590695
12838,2020-05-10,0.05393365174623421,0.9460663482537658
12839,2020-05-10,0.02964034188739617,0.9703596581126038
12840,2020-05-10,0.028692729238510184,0.9713072707614898
12841,2020-05-10,0.018429719175423798,0.9815702808245762
12842,2020-05-10,0.015050987951100048,0.9849490120489
12844,2020-05-10,0.008136443760417444,0.9918635562395826
12845,2020-05-10,0.02146512499675768,0.9785348750032423
12846,2020-05-10,0.012028563195812914,0.9879714368041871
12847,2020-05-10,0.023436378958769488,0.9765636210412305
12848,2020-05-10,0.0022380614659032183,0.9977619385340968
12849,2020-05-10,0.029237092915181728,0.9707629070848183
12850,2020-05-10,0.016588148188835694,0.9834118518111643
12851,2020-05-10,0.0026107173967956365,0.9973892826032044
12852,2020-05-10,0.009346967814099494,0.9906530321859005
12853,2020-05-10,0.0442102228580844,0.9557897771419156
12854,2020-05-10,0.06257695996469359,0.9374230400353064
12855,2020-05-10,0.004693246780729132,0.9953067532192709
12856,2020-05-10,0.09284139363073796,0.907158606369262
12857,2020-05-10,0.17173973157386568,0.8282602684261343
12859,2020-05-10,0.013684854213532383,0.9863151457864676
12860,2020-05-10,0.013923291226426882,0.9860767087735731
12861,2020-05-10,0.026514617229770998,0.973485382770229
12862,2020-05-10,0.020495101175913355,0.9795048988240866
12863,2020-05-10,0.01678836230944558,0.9832116376905544
12864,2020-05-10,0.039448117684298456,0.9605518823157015
12865,2020-05-10,0.004201444185741421,0.9957985558142586
12866,2020-05-10,0.017167456743165332,0.9828325432568347
12867,2020-05-10,0.05690622893130637,0.9430937710686936
12869,2020-05-10,0.017136017718328067,0.9828639822816719
12870,2020-05-10,0.001959857294253853,0.9980401427057461
12871,2020-05-10,0.03880718659500049,0.9611928134049995
12873,2020-05-10,0.004566028329070382,0.9954339716709296
12874,2020-05-10,0.01924694780284364,0.9807530521971564
12876,2020-05-10,0.05476916921272401,0.945230830787276
12877,2020-05-10,0.17396815812124544,0.8260318418787546
12878,2020-05-10,0.030053887167608595,0.9699461128323914
12879,2020-05-10,0.033059871492645776,0.9669401285073542
12880,2020-05-10,0.010028221891201117,0.9899717781087989
12881,2020-05-10,0.08166150436405106,0.9183384956359489
12882,2020-05-10,0.007493859396508484,0.9925061406034915
12884,2020-05-10,0.04440835137345889,0.9555916486265411
12885,2020-05-10,0.039401577679545885,0.9605984223204541
12886,2020-05-10,0.005093059470972716,0.9949069405290273
12887,2020-05-10,0.0029301429626329423,0.9970698570373671
12888,2020-05-10,0.036014594341488126,0.9639854056585119
12889,2020-05-10,0.022809685230548937,0.9771903147694511
12890,2020-05-10,0.014186734384541433,0.9858132656154586
12891,2020-05-10,0.016482623894219284,0.9835173761057807
12893,2020-05-10,0.014114330891793259,0.9858856691082067
12894,2020-05-10,0.08422819690906058,0.9157718030909394
12895,2020-05-10,0.006390905067433006,0.993609094932567
12896,2020-05-10,0.054785995295584144,0.9452140047044159
12897,2020-05-10,0.015226885121871092,0.9847731148781289
12898,2020-05-10,0.04392922698722668,0.9560707730127733
12899,2020-05-10,0.019137540042442502,0.9808624599575575
12901,2020-05-10,0.02966605619482421,0.9703339438051758
12902,2020-05-10,0.0046997346535087026,0.9953002653464913
12903,2020-05-10,0.0049721104421708295,0.9950278895578292
12904,2020-05-10,0.010900379491945333,0.9890996205080547
12905,2020-05-10,0.07738687552816814,0.9226131244718319
12906,2020-05-10,0.14588287493421537,0.8541171250657846
12907,2020-05-10,0.023438750313674706,0.9765612496863253
12908,2020-05-10,0.009519723615905251,0.9904802763840947
12910,2020-05-10,0.0031666704035159254,0.9968333295964841
12912,2020-05-10,0.001776177009657487,0.9982238229903425
12913,2020-05-10,0.010835204743358418,0.9891647952566416
12914,2020-05-10,0.02397324497745712,0.9760267550225429
12915,2020-05-10,0.005023149929744841,0.9949768500702552
12916,2020-05-10,0.01764642084619239,0.9823535791538076
12917,2020-05-10,0.028540585320959377,0.9714594146790406
12918,2020-05-10,0.014279424035399724,0.9857205759646003
12919,2020-05-10,0.0420343707724975,0.9579656292275025
12920,2020-05-10,0.024746448718942493,0.9752535512810575
12921,2020-05-10,0.020373553245317977,0.979626446754682
12923,2020-05-10,0.03379898673372961,0.9662010132662704
12924,2020-05-10,0.1103861640546554,0.8896138359453446
12925,2020-05-10,0.024016123954769597,0.9759838760452304
12926,2020-05-10,0.009103383183142078,0.9908966168168579
12927,2020-05-10,0.011797625791658772,0.9882023742083412
12929,2020-05-10,0.005646331755632561,0.9943536682443674
12930,2020-05-10,0.015850318597436575,0.9841496814025634
12933,2020-05-10,0.013453012697900668,0.9865469873020993
12934,2020-05-10,0.011162525495143294,0.9888374745048567
12935,2020-05-10,0.015357527102410118,0.9846424728975899
12936,2020-05-10,0.01162864462761648,0.9883713553723835
12937,2020-05-10,0.0282002688251759,0.9717997311748241
12938,2020-05-10,0.018120103808071608,0.9818798961919284
12939,2020-05-10,0.022636466489490248,0.9773635335105098
12940,2020-05-10,0.11572684367579633,0.8842731563242037
12941,2020-05-10,0.03418351522837737,0.9658164847716226
12942,2020-05-10,0.006841757068345222,0.9931582429316548
12943,2020-05-10,0.07183666898827967,0.9281633310117203
12945,2020-05-10,0.01753846274258264,0.9824615372574174
12947,2020-05-10,0.013860287959021167,0.9861397120409788
12948,2020-05-10,0.004435743097716438,0.9955642569022836
12949,2020-05-10,0.005959232955168758,0.9940407670448312
12951,2020-05-10,0.006183490100106992,0.993816509899893
12952,2020-05-10,0.003605376229743773,0.9963946237702562
12953,2020-05-10,0.003946463528587518,0.9960535364714125
12955,2020-05-10,0.0055124234290759855,0.994487576570924
12956,2020-05-10,0.07416773771248497,0.925832262287515
12957,2020-05-10,0.009627772346608943,0.9903722276533911
12958,2020-05-10,0.02823391074420234,0.9717660892557977
12959,2020-05-10,0.002962602889748145,0.9970373971102519
12960,2020-05-10,0.01507182377308014,0.9849281762269199
12963,2020-05-10,0.022333103032995072,0.9776668969670049
12964,2020-05-10,0.01869527754818634,0.9813047224518137
12965,2020-05-10,0.035325867734614214,0.9646741322653858
12968,2020-05-10,0.0030805986928285067,0.9969194013071715
12969,2020-05-10,0.015474875142775013,0.984525124857225
12970,2020-05-10,0.0036937223615511883,0.9963062776384488
12971,2020-05-10,0.010064490741013343,0.9899355092589867
12972,2020-05-10,0.02815523545501697,0.971844764544983
12973,2020-05-10,0.001582324182131667,0.9984176758178683
12974,2020-05-10,0.013838532568761552,0.9861614674312384
12976,2020-05-10,0.00929449814386496,0.990705501856135
12977,2020-05-10,0.008442605368683687,0.9915573946313163
12978,2020-05-10,0.030331734931227317,0.9696682650687727
12979,2020-05-10,0.044576956937391055,0.955423043062609
12980,2020-05-10,0.014717319146994368,0.9852826808530056
12981,2020-05-10,0.008418860673374717,0.9915811393266253
12983,2020-05-10,0.004769902966965334,0.9952300970330347
12984,2020-05-10,0.0036501632841218212,0.9963498367158782
12985,2020-05-10,0.053975216626242606,0.9460247833737574
12986,2020-05-10,0.04965140029296988,0.9503485997070301
12987,2020-05-10,0.014879737070226495,0.9851202629297735
12988,2020-05-10,0.020438286576964226,0.9795617134230358
12989,2020-05-10,0.03026084033597909,0.9697391596640209
12990,2020-05-10,0.01221819588218509,0.9877818041178149
12991,2020-05-10,0.015617006164302283,0.9843829938356977
12992,2020-05-10,0.05628683202041285,0.9437131679795872
12993,2020-05-10,0.023087593029577747,0.9769124069704223
12997,2020-05-10,0.012367802633148517,0.9876321973668515
12998,2020-05-10,0.027357929547907167,0.9726420704520928
12999,2020-05-10,0.0721156426874846,0.9278843573125154
13000,2020-05-10,0.14381584926931235,0.8561841507306877
13001,2020-05-10,0.0446840614656826,0.9553159385343174
13002,2020-05-10,0.03700955540120676,0.9629904445987932
13003,2020-05-10,0.009857102076995305,0.9901428979230047
13004,2020-05-10,0.011735564641540241,0.9882644353584598
13005,2020-05-10,0.01019516907388407,0.9898048309261159
13007,2020-05-10,0.001155230754556702,0.9988447692454433
13008,2020-05-10,0.010794712215590918,0.9892052877844091
13009,2020-05-10,0.009490601197814752,0.9905093988021852
13010,2020-05-10,0.016360791566796595,0.9836392084332034
13011,2020-05-10,0.008397258323999512,0.9916027416760005
13012,2020-05-10,0.045655601498661325,0.9543443985013387
13013,2020-05-10,0.012255550548312177,0.9877444494516878
13014,2020-05-10,0.12949109387066438,0.8705089061293356
13017,2020-05-10,0.006275474254215707,0.9937245257457843
13018,2020-05-10,0.003232960238156224,0.9967670397618438
13020,2020-05-10,0.017841691915589597,0.9821583080844104
13021,2020-05-10,0.01223517820587372,0.9877648217941263
13022,2020-05-10,0.040692690594094305,0.9593073094059057
13024,2020-05-10,0.027768723708541443,0.9722312762914586
13025,2020-05-10,0.01211361465044225,0.9878863853495577
13027,2020-05-10,0.001338588149669584,0.9986614118503304
13028,2020-05-10,0.029161161387021073,0.9708388386129789
13029,2020-05-10,0.0580033776656822,0.9419966223343178
13030,2020-05-10,0.0008234350814710911,0.9991765649185289
13031,2020-05-10,0.009436394369018886,0.9905636056309811
13032,2020-05-10,0.023153948116575118,0.9768460518834249
13033,2020-05-10,0.09116830664089881,0.9088316933591012
13034,2020-05-10,0.02149974133872845,0.9785002586612715
13035,2020-05-10,0.0029446925988558803,0.9970553074011441
13037,2020-05-10,0.009092311095229899,0.9909076889047701
13038,2020-05-10,0.011590568695414638,0.9884094313045854
13039,2020-05-10,0.0034679046393595314,0.9965320953606405
13040,2020-05-10,0.016942555632175504,0.9830574443678245
13041,2020-05-10,0.04153108541784867,0.9584689145821513
13042,2020-05-10,0.024001003343446237,0.9759989966565538
13043,2020-05-10,0.007486326560850909,0.9925136734391491
13044,2020-05-10,0.005979061522873419,0.9940209384771266
13045,2020-05-10,0.013166809568543991,0.986833190431456
13046,2020-05-10,0.01925229202686407,0.9807477079731359
13047,2020-05-10,0.051313008394903936,0.9486869916050961
13050,2020-05-10,0.0430869065574645,0.9569130934425355
13051,2020-05-10,0.0250421233773771,0.9749578766226229
13052,2020-05-10,0.0022343118679103435,0.9977656881320897
13053,2020-05-10,0.03222657322273892,0.9677734267772611
13054,2020-05-10,0.0175672475475398,0.9824327524524602
13057,2020-05-10,0.05554185464993444,0.9444581453500656
13058,2020-05-10,0.004352842303979032,0.995647157696021
13060,2020-05-10,0.02362732461400796,0.976372675385992
13061,2020-05-10,0.007427766195618468,0.9925722338043815
13062,2020-05-10,0.0033571847846460834,0.9966428152153539
13063,2020-05-10,0.01555572259593807,0.9844442774040619
13064,2020-05-10,0.002335234858862778,0.9976647651411372
13065,2020-05-10,0.04850420205756811,0.9514957979424319
13067,2020-05-10,0.0020309617369793642,0.9979690382630206
13069,2020-05-10,0.012376114433031438,0.9876238855669686
13070,2020-05-10,0.00862118010335422,0.9913788198966458
13071,2020-05-10,0.039742866841816826,0.9602571331581832
13072,2020-05-10,0.04653554554754025,0.9534644544524598
13073,2020-05-10,0.004735153100504652,0.9952648468994953
13074,2020-05-10,0.002952703138780377,0.9970472968612196
13075,2020-05-10,0.0352966094438828,0.9647033905561172
13076,2020-05-10,0.02558107371905005,0.97441892628095
13077,2020-05-10,0.021900093993560743,0.9780999060064393
13078,2020-05-10,0.003372162816157376,0.9966278371838426
13079,2020-05-10,0.019029308805994405,0.9809706911940056
13080,2020-05-10,0.007692153765774257,0.9923078462342257
13081,2020-05-10,0.023535903515723988,0.976464096484276
13083,2020-05-10,0.005623677456467635,0.9943763225435324
13084,2020-05-10,0.008168031045524549,0.9918319689544755
13085,2020-05-10,0.15306322032687658,0.8469367796731234
13087,2020-05-10,0.02857710662346591,0.9714228933765341
13088,2020-05-10,0.014114178765072705,0.9858858212349273
13090,2020-05-10,0.07708414954412701,0.922915850455873
13091,2020-05-10,0.05288084960198747,0.9471191503980125
13093,2020-05-10,0.01278514648941087,0.9872148535105891
13094,2020-05-10,0.020526916750655988,0.979473083249344
13095,2020-05-10,0.013746623447201234,0.9862533765527988
13096,2020-05-10,0.021949594727314725,0.9780504052726853
13097,2020-05-10,0.00821563743025977,0.9917843625697402
13099,2020-05-10,0.07958810358967416,0.9204118964103258
13100,2020-05-10,0.07177333203618486,0.9282266679638151
13102,2020-05-10,0.004553496845779881,0.9954465031542201
13103,2020-05-10,0.014770563148695404,0.9852294368513046
13104,2020-05-10,0.04254002273340485,0.9574599772665952
13105,2020-05-10,0.020204202713172692,0.9797957972868273
13106,2020-05-10,0.04461679034581989,0.9553832096541801
13107,2020-05-10,0.11871541970649935,0.8812845802935007
13108,2020-05-10,0.027342448928233898,0.9726575510717661
13109,2020-05-10,0.022600815197978963,0.977399184802021
13110,2020-05-10,0.03132515522457047,0.9686748447754295
13111,2020-05-10,0.011536793191678885,0.9884632068083211
13112,2020-05-10,0.018550586354010745,0.9814494136459893
13113,2020-05-10,0.0027222974080347573,0.9972777025919652
13114,2020-05-10,0.10456849009235603,0.895431509907644
13115,2020-05-10,0.0026034419423132116,0.9973965580576868
13116,2020-05-10,0.02006542479105844,0.9799345752089416
13117,2020-05-10,0.002761490043462267,0.9972385099565377
13118,2020-05-10,0.006347217827370244,0.9936527821726298
13119,2020-05-10,0.0027687189664805656,0.9972312810335194
13121,2020-05-10,0.02307280512040888,0.9769271948795911
13122,2020-05-10,0.028382418680951038,0.971617581319049
13123,2020-05-10,0.02745546873434357,0.9725445312656564
13124,2020-05-10,0.018779726650571482,0.9812202733494285
13125,2020-05-10,0.10941791822460534,0.8905820817753947
13126,2020-05-10,0.022141356159695147,0.9778586438403049
13129,2020-05-10,0.01269003937351576,0.9873099606264842
13130,2020-05-10,0.034636272162273274,0.9653637278377267
13131,2020-05-10,0.024457189356909215,0.9755428106430908
13132,2020-05-10,0.025482431458426658,0.9745175685415733
13133,2020-05-10,0.03801404045672063,0.9619859595432794
13134,2020-05-10,0.010817383347997533,0.9891826166520025
13135,2020-05-10,0.018255443059393528,0.9817445569406065
13136,2020-05-10,0.008835988049855525,0.9911640119501445
13137,2020-05-10,0.015777669521034987,0.984222330478965
13139,2020-05-10,0.038564368103628954,0.961435631896371
13140,2020-05-10,0.017721740276641418,0.9822782597233586
13141,2020-05-10,0.02482664004246804,0.975173359957532
13142,2020-05-10,0.0027800748690096633,0.9972199251309903
13145,2020-05-10,0.11452720510041559,0.8854727948995844
13146,2020-05-10,0.008355956066402603,0.9916440439335974
13147,2020-05-10,0.07437009690069374,0.9256299030993063
13148,2020-05-10,0.055789199099167464,0.9442108009008325
13149,2020-05-10,0.041394099917899,0.958605900082101
13150,2020-05-10,0.02143392886094042,0.9785660711390596
13152,2020-05-10,0.004418683432310999,0.995581316567689
13153,2020-05-10,0.02350845740794072,0.9764915425920593
13154,2020-05-10,0.03512673990672788,0.9648732600932721
13155,2020-05-10,0.03398829505028278,0.9660117049497172
13158,2020-05-10,0.02971047668563087,0.9702895233143691
13159,2020-05-10,0.030907490688575012,0.969092509311425
13160,2020-05-10,0.004506155399019773,0.9954938446009802
13161,2020-05-10,0.03601378643309894,0.9639862135669011
13162,2020-05-10,0.03358496168922254,0.9664150383107775
13164,2020-05-10,0.05690750139818168,0.9430924986018183
13165,2020-05-10,0.009421017969550971,0.990578982030449
13166,2020-05-10,0.009816498107260596,0.9901835018927394
13167,2020-05-10,0.054202505860002526,0.9457974941399975
13168,2020-05-10,0.033080333813908736,0.9669196661860913
13169,2020-05-10,0.07871489994213521,0.9212851000578648
13170,2020-05-10,0.02850834408170022,0.9714916559182998
13171,2020-05-10,0.015028288834817882,0.9849717111651821
13172,2020-05-10,0.0015074853040631941,0.9984925146959368
13173,2020-05-10,0.017132706160162825,0.9828672938398372
13174,2020-05-10,0.03573499602791408,0.9642650039720859
13175,2020-05-10,0.006761469349201188,0.9932385306507988
13177,2020-05-10,0.0015222954116775878,0.9984777045883224
13178,2020-05-10,0.04076477144823054,0.9592352285517695
13180,2020-05-10,0.010471668423659874,0.9895283315763401
13181,2020-05-10,0.013662095108060157,0.9863379048919398
13183,2020-05-10,0.028109050598543406,0.9718909494014566
13184,2020-05-10,0.007608418241120685,0.9923915817588793
13185,2020-05-10,0.012055072314746451,0.9879449276852535
13186,2020-05-10,0.054365428105412006,0.945634571894588
13187,2020-05-10,0.010837965165601093,0.9891620348343989
13188,2020-05-10,0.011517893946601632,0.9884821060533984
13189,2020-05-10,0.024934603123588528,0.9750653968764115
13190,2020-05-10,0.003938051934151643,0.9960619480658484
13191,2020-05-10,0.023820601533191876,0.9761793984668081
13192,2020-05-10,0.04759523472398419,0.9524047652760158
13194,2020-05-10,0.03628700922387862,0.9637129907761214
13195,2020-05-10,0.003773450926574662,0.9962265490734253
13196,2020-05-10,0.004383757223936691,0.9956162427760633
13197,2020-05-10,0.03388103106383522,0.9661189689361648
13198,2020-05-10,0.01276592448047198,0.987234075519528
13199,2020-05-10,0.004537617389380522,0.9954623826106195
13200,2020-05-10,0.006046716046089862,0.9939532839539101
13201,2020-05-10,0.009724401496971069,0.9902755985030289
13202,2020-05-10,0.008868690200487195,0.9911313097995128
13204,2020-05-10,0.01886121482028047,0.9811387851797195
13205,2020-05-10,0.0645321988301375,0.9354678011698625
13206,2020-05-10,0.12626184173282107,0.8737381582671789
13207,2020-05-10,0.08249505520719769,0.9175049447928023
13208,2020-05-10,0.014943825768513719,0.9850561742314863
13209,2020-05-10,0.012180489758180202,0.9878195102418198
13211,2020-05-10,0.002556482800996518,0.9974435171990035
13212,2020-05-10,0.020344419443464434,0.9796555805565356
13213,2020-05-10,0.08532623307635911,0.9146737669236409
13214,2020-05-10,0.007368727602502734,0.9926312723974973
13215,2020-05-10,0.005669074181245071,0.9943309258187549
13217,2020-05-10,0.01096055239175786,0.9890394476082421
13218,2020-05-10,0.05954963044699502,0.940450369553005
13220,2020-05-10,0.01956480232679758,0.9804351976732024
13223,2020-05-10,0.0022295525821672824,0.9977704474178327
13224,2020-05-10,0.009777188788884783,0.9902228112111152
13225,2020-05-10,0.006639847669526078,0.9933601523304739
13226,2020-05-10,0.0026616172129121374,0.9973383827870879
13227,2020-05-10,0.005903996150461666,0.9940960038495383
13230,2020-05-10,0.029880348666688983,0.970119651333311
13231,2020-05-10,0.003039821891340222,0.9969601781086598
13233,2020-05-10,0.12995757324206014,0.8700424267579399
13234,2020-05-10,0.003918945153463693,0.9960810548465363
13235,2020-05-10,0.004676192413298752,0.9953238075867012
13236,2020-05-10,0.04599962264405266,0.9540003773559473
13237,2020-05-10,0.005240445925322024,0.994759554074678
13238,2020-05-10,0.0019247119205985097,0.9980752880794015
13240,2020-05-10,0.006420535596055044,0.993579464403945
13241,2020-05-10,0.037385898424081354,0.9626141015759186
13242,2020-05-10,0.06048867771642141,0.9395113222835786
13243,2020-05-10,0.03998462967287453,0.9600153703271255
13244,2020-05-10,0.025059990582513958,0.974940009417486
13245,2020-05-10,0.008062679486077307,0.9919373205139227
13246,2020-05-10,0.009105418211910132,0.9908945817880899
13247,2020-05-10,0.010182684438815315,0.9898173155611847
13248,2020-05-10,0.001775144199477774,0.9982248558005222
13249,2020-05-10,0.004987094912887402,0.9950129050871126
13251,2020-05-10,0.006256444000376948,0.993743555999623
13252,2020-05-10,0.018452206219708667,0.9815477937802913
13255,2020-05-10,0.02858477402846482,0.9714152259715352
13256,2020-05-10,0.05351572743437594,0.9464842725656241
13257,2020-05-10,0.012116797008302038,0.987883202991698
13258,2020-05-10,0.05013269717984492,0.9498673028201551
13260,2020-05-10,0.01880583070922337,0.9811941692907766
13261,2020-05-10,0.005042998542611032,0.994957001457389
13262,2020-05-10,0.00603135519556719,0.9939686448044328
13265,2020-05-10,0.02941966737298407,0.9705803326270159
13266,2020-05-10,0.006205518549149969,0.99379448145085
13267,2020-05-10,0.0013696851430973211,0.9986303148569027
13268,2020-05-10,0.011273401882445855,0.9887265981175541
13269,2020-05-10,0.002366108679613843,0.9976338913203862
13270,2020-05-10,0.07233196662083907,0.9276680333791609
13272,2020-05-10,0.009003397205657904,0.9909966027943421
13273,2020-05-10,0.007061651860920448,0.9929383481390796
13274,2020-05-10,0.007661120175108893,0.9923388798248911
13280,2020-05-10,0.04008655530489358,0.9599134446951064
13281,2020-05-10,0.03656489738605517,0.9634351026139448
13282,2020-05-10,0.005019598902358813,0.9949804010976412
13283,2020-05-10,0.0020845303433048024,0.9979154696566952
13284,2020-05-10,0.004303822747885766,0.9956961772521142
13285,2020-05-10,0.018268032049627903,0.9817319679503721
13286,2020-05-10,0.05144389710202146,0.9485561028979785
13287,2020-05-10,0.007888385035589196,0.9921116149644108
13288,2020-05-10,0.009321288860550614,0.9906787111394494
13290,2020-05-10,0.0024769705834924993,0.9975230294165075
13291,2020-05-10,0.008689808668837284,0.9913101913311627
13292,2020-05-10,0.0033843628140063364,0.9966156371859937
13293,2020-05-10,0.01619200957569844,0.9838079904243016
13294,2020-05-10,0.03932205655337462,0.9606779434466254
13295,2020-05-10,0.05494341741545594,0.9450565825845441
13296,2020-05-10,0.08188175969595335,0.9181182403040467
13298,2020-05-10,0.039064317656651304,0.9609356823433487
13299,2020-05-10,0.010578401989677744,0.9894215980103223
13300,2020-05-10,0.004682571992323914,0.9953174280076761
13301,2020-05-10,0.024451501049657764,0.9755484989503422
13304,2020-05-10,0.044187875915166486,0.9558121240848335
13305,2020-05-10,0.0033527899723482246,0.9966472100276518
13306,2020-05-10,0.058437949684657764,0.9415620503153422
13307,2020-05-10,0.019716916771173043,0.980283083228827
13308,2020-05-10,0.03608507543025574,0.9639149245697443
13309,2020-05-10,0.004415151863584321,0.9955848481364157
